[35m[1mConsolidate compiler generated dependencies of target sys_status_display_exe[0m
[ 50%] Built target hello_qt_exe
[ 75%] [32mBuilding CXX object CMakeFiles/sys_status_display_exe.dir/src/sys_status_display.cpp.o[0m
[01m[K/home/shenhang/ros_study/chapter3/topic_practice_workspace/src/status_display/src/sys_status_display.cpp:[m[K In member function ‘[01m[KQString SysStatusDisplay::get_qstr_from_msg(status_interfaces::msg::SystemStatus_<std::allocator<void> >::SharedPtr)[m[K’:
[01m[K/home/shenhang/ros_study/chapter3/topic_practice_workspace/src/status_display/src/sys_status_display.cpp:19:34:[m[K [01;31m[Kerror: [m[Kno match for ‘[01m[Koperator<<[m[K’ (operand types are ‘[01m[Kstd::basic_ostream<char>[m[K’ and ‘[01m[Kstatus_interfaces::msg::SystemStatus_<std::allocator<void> >::_stamp_type[m[K’ {aka ‘[01m[Kbuiltin_interfaces::msg::Time_<std::allocator<void> >[m[K’})
   18 |         [32m[Kshow_str << "==================系统状态显示======================\n"[m[K
      |         [32m[K~~~~~~~~~~~~~~~~~~~~~~~~~~~~~~~~~~~~~~~~~~~~~~~~~~~~~~~~~~~~~~~~~~~~[m[K
   19 | [32m[K                 << "数据时间: "[m[K [01;31m[K<<[m[K [34m[Kmsg->stamp[m[K << " s\n"
      |                  [32m[K~~~~~~~~~~~~~~~[m[K [01;31m[K^~[m[K [34m[K~~~~~~~~~~[m[K
      |                  [32m[K|[m[K                       [34m[K|[m[K
      |                  [32m[K|[m[K                       [34m[Kstatus_interfaces::msg::SystemStatus_<std::allocator<void> >::_stamp_type {aka builtin_interfaces::msg::Time_<std::allocator<void> >}[m[K
      |                  [32m[Kstd::basic_ostream<char>[m[K
In file included from [01m[K/usr/include/c++/11/iostream:39[m[K,
                 from [01m[K/opt/ros/humble/include/rclcpp/rclcpp/executor.hpp:22[m[K,
                 from [01m[K/opt/ros/humble/include/rclcpp/rclcpp/executors/multi_threaded_executor.hpp:25[m[K,
                 from [01m[K/opt/ros/humble/include/rclcpp/rclcpp/executors.hpp:21[m[K,
                 from [01m[K/opt/ros/humble/include/rclcpp/rclcpp/rclcpp.hpp:155[m[K,
                 from [01m[K/home/shenhang/ros_study/chapter3/topic_practice_workspace/src/status_display/src/sys_status_display.cpp:4[m[K:
[01m[K/usr/include/c++/11/ostream:108:7:[m[K [01;36m[Knote: [m[Kcandidate: ‘[01m[Kstd::basic_ostream<_CharT, _Traits>::__ostream_type& std::basic_ostream<_CharT, _Traits>::operator<<(std::basic_ostream<_CharT, _Traits>::__ostream_type& (*)(std::basic_ostream<_CharT, _Traits>::__ostream_type&)) [with _CharT = char; _Traits = std::char_traits<char>; std::basic_ostream<_CharT, _Traits>::__ostream_type = std::basic_ostream<char>][m[K’
  108 |       [01;36m[Koperator[m[K<<(__ostream_type& (*__pf)(__ostream_type&))
      |       [01;36m[K^~~~~~~~[m[K
[01m[K/usr/include/c++/11/ostream:108:36:[m[K [01;36m[Knote: [m[K  no known conversion for argument 1 from ‘[01m[Kstatus_interfaces::msg::SystemStatus_<std::allocator<void> >::_stamp_type[m[K’ {aka ‘[01m[Kbuiltin_interfaces::msg::Time_<std::allocator<void> >[m[K’} to ‘[01m[Kstd::basic_ostream<char>::__ostream_type& (*)(std::basic_ostream<char>::__ostream_type&)[m[K’ {aka ‘[01m[Kstd::basic_ostream<char>& (*)(std::basic_ostream<char>&)[m[K’}
  108 |       operator<<([01;36m[K__ostream_type& (*__pf)(__ostream_type&)[m[K)
      |                  [01;36m[K~~~~~~~~~~~~~~~~~~^~~~~~~~~~~~~~~~~~~~~~[m[K
[01m[K/usr/include/c++/11/ostream:117:7:[m[K [01;36m[Knote: [m[Kcandidate: ‘[01m[Kstd::basic_ostream<_CharT, _Traits>::__ostream_type& std::basic_ostream<_CharT, _Traits>::operator<<(std::basic_ostream<_CharT, _Traits>::__ios_type& (*)(std::basic_ostream<_CharT, _Traits>::__ios_type&)) [with _CharT = char; _Traits = std::char_traits<char>; std::basic_ostream<_CharT, _Traits>::__ostream_type = std::basic_ostream<char>; std::basic_ostream<_CharT, _Traits>::__ios_type = std::basic_ios<char>][m[K’
  117 |       [01;36m[Koperator[m[K<<(__ios_type& (*__pf)(__ios_type&))
      |       [01;36m[K^~~~~~~~[m[K
[01m[K/usr/include/c++/11/ostream:117:32:[m[K [01;36m[Knote: [m[K  no known conversion for argument 1 from ‘[01m[Kstatus_interfaces::msg::SystemStatus_<std::allocator<void> >::_stamp_type[m[K’ {aka ‘[01m[Kbuiltin_interfaces::msg::Time_<std::allocator<void> >[m[K’} to ‘[01m[Kstd::basic_ostream<char>::__ios_type& (*)(std::basic_ostream<char>::__ios_type&)[m[K’ {aka ‘[01m[Kstd::basic_ios<char>& (*)(std::basic_ios<char>&)[m[K’}
  117 |       operator<<([01;36m[K__ios_type& (*__pf)(__ios_type&)[m[K)
      |                  [01;36m[K~~~~~~~~~~~~~~^~~~~~~~~~~~~~~~~~[m[K
[01m[K/usr/include/c++/11/ostream:127:7:[m[K [01;36m[Knote: [m[Kcandidate: ‘[01m[Kstd::basic_ostream<_CharT, _Traits>::__ostream_type& std::basic_ostream<_CharT, _Traits>::operator<<(std::ios_base& (*)(std::ios_base&)) [with _CharT = char; _Traits = std::char_traits<char>; std::basic_ostream<_CharT, _Traits>::__ostream_type = std::basic_ostream<char>][m[K’
  127 |       [01;36m[Koperator[m[K<<(ios_base& (*__pf) (ios_base&))
      |       [01;36m[K^~~~~~~~[m[K
[01m[K/usr/include/c++/11/ostream:127:30:[m[K [01;36m[Knote: [m[K  no known conversion for argument 1 from ‘[01m[Kstatus_interfaces::msg::SystemStatus_<std::allocator<void> >::_stamp_type[m[K’ {aka ‘[01m[Kbuiltin_interfaces::msg::Time_<std::allocator<void> >[m[K’} to ‘[01m[Kstd::ios_base& (*)(std::ios_base&)[m[K’
  127 |       operator<<([01;36m[Kios_base& (*__pf) (ios_base&)[m[K)
      |                  [01;36m[K~~~~~~~~~~~~^~~~~~~~~~~~~~~~~[m[K
[01m[K/usr/include/c++/11/ostream:166:7:[m[K [01;36m[Knote: [m[Kcandidate: ‘[01m[Kstd::basic_ostream<_CharT, _Traits>::__ostream_type& std::basic_ostream<_CharT, _Traits>::operator<<(long int) [with _CharT = char; _Traits = std::char_traits<char>; std::basic_ostream<_CharT, _Traits>::__ostream_type = std::basic_ostream<char>][m[K’
  166 |       [01;36m[Koperator[m[K<<(long __n)
      |       [01;36m[K^~~~~~~~[m[K
[01m[K/usr/include/c++/11/ostream:166:23:[m[K [01;36m[Knote: [m[K  no known conversion for argument 1 from ‘[01m[Kstatus_interfaces::msg::SystemStatus_<std::allocator<void> >::_stamp_type[m[K’ {aka ‘[01m[Kbuiltin_interfaces::msg::Time_<std::allocator<void> >[m[K’} to ‘[01m[Klong int[m[K’
  166 |       operator<<([01;36m[Klong __n[m[K)
      |                  [01;36m[K~~~~~^~~[m[K
[01m[K/usr/include/c++/11/ostream:170:7:[m[K [01;36m[Knote: [m[Kcandidate: ‘[01m[Kstd::basic_ostream<_CharT, _Traits>::__ostream_type& std::basic_ostream<_CharT, _Traits>::operator<<(long unsigned int) [with _CharT = char; _Traits = std::char_traits<char>; std::basic_ostream<_CharT, _Traits>::__ostream_type = std::basic_ostream<char>][m[K’
  170 |       [01;36m[Koperator[m[K<<(unsigned long __n)
      |       [01;36m[K^~~~~~~~[m[K
[01m[K/usr/include/c++/11/ostream:170:32:[m[K [01;36m[Knote: [m[K  no known conversion for argument 1 from ‘[01m[Kstatus_interfaces::msg::SystemStatus_<std::allocator<void> >::_stamp_type[m[K’ {aka ‘[01m[Kbuiltin_interfaces::msg::Time_<std::allocator<void> >[m[K’} to ‘[01m[Klong unsigned int[m[K’
  170 |       operator<<([01;36m[Kunsigned long __n[m[K)
      |                  [01;36m[K~~~~~~~~~~~~~~^~~[m[K
[01m[K/usr/include/c++/11/ostream:174:7:[m[K [01;36m[Knote: [m[Kcandidate: ‘[01m[Kstd::basic_ostream<_CharT, _Traits>::__ostream_type& std::basic_ostream<_CharT, _Traits>::operator<<(bool) [with _CharT = char; _Traits = std::char_traits<char>; std::basic_ostream<_CharT, _Traits>::__ostream_type = std::basic_ostream<char>][m[K’
  174 |       [01;36m[Koperator[m[K<<(bool __n)
      |       [01;36m[K^~~~~~~~[m[K
[01m[K/usr/include/c++/11/ostream:174:23:[m[K [01;36m[Knote: [m[K  no known conversion for argument 1 from ‘[01m[Kstatus_interfaces::msg::SystemStatus_<std::allocator<void> >::_stamp_type[m[K’ {aka ‘[01m[Kbuiltin_interfaces::msg::Time_<std::allocator<void> >[m[K’} to ‘[01m[Kbool[m[K’
  174 |       operator<<([01;36m[Kbool __n[m[K)
      |                  [01;36m[K~~~~~^~~[m[K
In file included from [01m[K/usr/include/c++/11/ostream:829[m[K,
                 from [01m[K/usr/include/c++/11/iostream:39[m[K,
                 from [01m[K/opt/ros/humble/include/rclcpp/rclcpp/executor.hpp:22[m[K,
                 from [01m[K/opt/ros/humble/include/rclcpp/rclcpp/executors/multi_threaded_executor.hpp:25[m[K,
                 from [01m[K/opt/ros/humble/include/rclcpp/rclcpp/executors.hpp:21[m[K,
                 from [01m[K/opt/ros/humble/include/rclcpp/rclcpp/rclcpp.hpp:155[m[K,
                 from [01m[K/home/shenhang/ros_study/chapter3/topic_practice_workspace/src/status_display/src/sys_status_display.cpp:4[m[K:
[01m[K/usr/include/c++/11/bits/ostream.tcc:91:5:[m[K [01;36m[Knote: [m[Kcandidate: ‘[01m[Kstd::basic_ostream<_CharT, _Traits>& std::basic_ostream<_CharT, _Traits>::operator<<(short int) [with _CharT = char; _Traits = std::char_traits<char>][m[K’
   91 |     [01;36m[Kbasic_ostream<_CharT, _Traits>[m[K::
      |     [01;36m[K^~~~~~~~~~~~~~~~~~~~~~~~~~~~~~[m[K
[01m[K/usr/include/c++/11/bits/ostream.tcc:92:22:[m[K [01;36m[Knote: [m[K  no known conversion for argument 1 from ‘[01m[Kstatus_interfaces::msg::SystemStatus_<std::allocator<void> >::_stamp_type[m[K’ {aka ‘[01m[Kbuiltin_interfaces::msg::Time_<std::allocator<void> >[m[K’} to ‘[01m[Kshort int[m[K’
   92 |     operator<<([01;36m[Kshort __n[m[K)
      |                [01;36m[K~~~~~~^~~[m[K
In file included from [01m[K/usr/include/c++/11/iostream:39[m[K,
                 from [01m[K/opt/ros/humble/include/rclcpp/rclcpp/executor.hpp:22[m[K,
                 from [01m[K/opt/ros/humble/include/rclcpp/rclcpp/executors/multi_threaded_executor.hpp:25[m[K,
                 from [01m[K/opt/ros/humble/include/rclcpp/rclcpp/executors.hpp:21[m[K,
                 from [01m[K/opt/ros/humble/include/rclcpp/rclcpp/rclcpp.hpp:155[m[K,
                 from [01m[K/home/shenhang/ros_study/chapter3/topic_practice_workspace/src/status_display/src/sys_status_display.cpp:4[m[K:
[01m[K/usr/include/c++/11/ostream:181:7:[m[K [01;36m[Knote: [m[Kcandidate: ‘[01m[Kstd::basic_ostream<_CharT, _Traits>::__ostream_type& std::basic_ostream<_CharT, _Traits>::operator<<(short unsigned int) [with _CharT = char; _Traits = std::char_traits<char>; std::basic_ostream<_CharT, _Traits>::__ostream_type = std::basic_ostream<char>][m[K’
  181 |       [01;36m[Koperator[m[K<<(unsigned short __n)
      |       [01;36m[K^~~~~~~~[m[K
[01m[K/usr/include/c++/11/ostream:181:33:[m[K [01;36m[Knote: [m[K  no known conversion for argument 1 from ‘[01m[Kstatus_interfaces::msg::SystemStatus_<std::allocator<void> >::_stamp_type[m[K’ {aka ‘[01m[Kbuiltin_interfaces::msg::Time_<std::allocator<void> >[m[K’} to ‘[01m[Kshort unsigned int[m[K’
  181 |       operator<<([01;36m[Kunsigned short __n[m[K)
      |                  [01;36m[K~~~~~~~~~~~~~~~^~~[m[K
In file included from [01m[K/usr/include/c++/11/ostream:829[m[K,
                 from [01m[K/usr/include/c++/11/iostream:39[m[K,
                 from [01m[K/opt/ros/humble/include/rclcpp/rclcpp/executor.hpp:22[m[K,
                 from [01m[K/opt/ros/humble/include/rclcpp/rclcpp/executors/multi_threaded_executor.hpp:25[m[K,
                 from [01m[K/opt/ros/humble/include/rclcpp/rclcpp/executors.hpp:21[m[K,
                 from [01m[K/opt/ros/humble/include/rclcpp/rclcpp/rclcpp.hpp:155[m[K,
                 from [01m[K/home/shenhang/ros_study/chapter3/topic_practice_workspace/src/status_display/src/sys_status_display.cpp:4[m[K:
[01m[K/usr/include/c++/11/bits/ostream.tcc:105:5:[m[K [01;36m[Knote: [m[Kcandidate: ‘[01m[Kstd::basic_ostream<_CharT, _Traits>& std::basic_ostream<_CharT, _Traits>::operator<<(int) [with _CharT = char; _Traits = std::char_traits<char>][m[K’
  105 |     [01;36m[Kbasic_ostream<_CharT, _Traits>[m[K::
      |     [01;36m[K^~~~~~~~~~~~~~~~~~~~~~~~~~~~~~[m[K
[01m[K/usr/include/c++/11/bits/ostream.tcc:106:20:[m[K [01;36m[Knote: [m[K  no known conversion for argument 1 from ‘[01m[Kstatus_interfaces::msg::SystemStatus_<std::allocator<void> >::_stamp_type[m[K’ {aka ‘[01m[Kbuiltin_interfaces::msg::Time_<std::allocator<void> >[m[K’} to ‘[01m[Kint[m[K’
  106 |     operator<<([01;36m[Kint __n[m[K)
      |                [01;36m[K~~~~^~~[m[K
In file included from [01m[K/usr/include/c++/11/iostream:39[m[K,
                 from [01m[K/opt/ros/humble/include/rclcpp/rclcpp/executor.hpp:22[m[K,
                 from [01m[K/opt/ros/humble/include/rclcpp/rclcpp/executors/multi_threaded_executor.hpp:25[m[K,
                 from [01m[K/opt/ros/humble/include/rclcpp/rclcpp/executors.hpp:21[m[K,
                 from [01m[K/opt/ros/humble/include/rclcpp/rclcpp/rclcpp.hpp:155[m[K,
                 from [01m[K/home/shenhang/ros_study/chapter3/topic_practice_workspace/src/status_display/src/sys_status_display.cpp:4[m[K:
[01m[K/usr/include/c++/11/ostream:192:7:[m[K [01;36m[Knote: [m[Kcandidate: ‘[01m[Kstd::basic_ostream<_CharT, _Traits>::__ostream_type& std::basic_ostream<_CharT, _Traits>::operator<<(unsigned int) [with _CharT = char; _Traits = std::char_traits<char>; std::basic_ostream<_CharT, _Traits>::__ostream_type = std::basic_ostream<char>][m[K’
  192 |       [01;36m[Koperator[m[K<<(unsigned int __n)
      |       [01;36m[K^~~~~~~~[m[K
[01m[K/usr/include/c++/11/ostream:192:31:[m[K [01;36m[Knote: [m[K  no known conversion for argument 1 from ‘[01m[Kstatus_interfaces::msg::SystemStatus_<std::allocator<void> >::_stamp_type[m[K’ {aka ‘[01m[Kbuiltin_interfaces::msg::Time_<std::allocator<void> >[m[K’} to ‘[01m[Kunsigned int[m[K’
  192 |       operator<<([01;36m[Kunsigned int __n[m[K)
      |                  [01;36m[K~~~~~~~~~~~~~^~~[m[K
[01m[K/usr/include/c++/11/ostream:201:7:[m[K [01;36m[Knote: [m[Kcandidate: ‘[01m[Kstd::basic_ostream<_CharT, _Traits>::__ostream_type& std::basic_ostream<_CharT, _Traits>::operator<<(long long int) [with _CharT = char; _Traits = std::char_traits<char>; std::basic_ostream<_CharT, _Traits>::__ostream_type = std::basic_ostream<char>][m[K’
  201 |       [01;36m[Koperator[m[K<<(long long __n)
      |       [01;36m[K^~~~~~~~[m[K
[01m[K/usr/include/c++/11/ostream:201:28:[m[K [01;36m[Knote: [m[K  no known conversion for argument 1 from ‘[01m[Kstatus_interfaces::msg::SystemStatus_<std::allocator<void> >::_stamp_type[m[K’ {aka ‘[01m[Kbuiltin_interfaces::msg::Time_<std::allocator<void> >[m[K’} to ‘[01m[Klong long int[m[K’
  201 |       operator<<([01;36m[Klong long __n[m[K)
      |                  [01;36m[K~~~~~~~~~~^~~[m[K
[01m[K/usr/include/c++/11/ostream:205:7:[m[K [01;36m[Knote: [m[Kcandidate: ‘[01m[Kstd::basic_ostream<_CharT, _Traits>::__ostream_type& std::basic_ostream<_CharT, _Traits>::operator<<(long long unsigned int) [with _CharT = char; _Traits = std::char_traits<char>; std::basic_ostream<_CharT, _Traits>::__ostream_type = std::basic_ostream<char>][m[K’
  205 |       [01;36m[Koperator[m[K<<(unsigned long long __n)
      |       [01;36m[K^~~~~~~~[m[K
[01m[K/usr/include/c++/11/ostream:205:37:[m[K [01;36m[Knote: [m[K  no known conversion for argument 1 from ‘[01m[Kstatus_interfaces::msg::SystemStatus_<std::allocator<void> >::_stamp_type[m[K’ {aka ‘[01m[Kbuiltin_interfaces::msg::Time_<std::allocator<void> >[m[K’} to ‘[01m[Klong long unsigned int[m[K’
  205 |       operator<<([01;36m[Kunsigned long long __n[m[K)
      |                  [01;36m[K~~~~~~~~~~~~~~~~~~~^~~[m[K
[01m[K/usr/include/c++/11/ostream:220:7:[m[K [01;36m[Knote: [m[Kcandidate: ‘[01m[Kstd::basic_ostream<_CharT, _Traits>::__ostream_type& std::basic_ostream<_CharT, _Traits>::operator<<(double) [with _CharT = char; _Traits = std::char_traits<char>; std::basic_ostream<_CharT, _Traits>::__ostream_type = std::basic_ostream<char>][m[K’
  220 |       [01;36m[Koperator[m[K<<(double __f)
      |       [01;36m[K^~~~~~~~[m[K
[01m[K/usr/include/c++/11/ostream:220:25:[m[K [01;36m[Knote: [m[K  no known conversion for argument 1 from ‘[01m[Kstatus_interfaces::msg::SystemStatus_<std::allocator<void> >::_stamp_type[m[K’ {aka ‘[01m[Kbuiltin_interfaces::msg::Time_<std::allocator<void> >[m[K’} to ‘[01m[Kdouble[m[K’
  220 |       operator<<([01;36m[Kdouble __f[m[K)
      |                  [01;36m[K~~~~~~~^~~[m[K
[01m[K/usr/include/c++/11/ostream:224:7:[m[K [01;36m[Knote: [m[Kcandidate: ‘[01m[Kstd::basic_ostream<_CharT, _Traits>::__ostream_type& std::basic_ostream<_CharT, _Traits>::operator<<(float) [with _CharT = char; _Traits = std::char_traits<char>; std::basic_ostream<_CharT, _Traits>::__ostream_type = std::basic_ostream<char>][m[K’
  224 |       [01;36m[Koperator[m[K<<(float __f)
      |       [01;36m[K^~~~~~~~[m[K
[01m[K/usr/include/c++/11/ostream:224:24:[m[K [01;36m[Knote: [m[K  no known conversion for argument 1 from ‘[01m[Kstatus_interfaces::msg::SystemStatus_<std::allocator<void> >::_stamp_type[m[K’ {aka ‘[01m[Kbuiltin_interfaces::msg::Time_<std::allocator<void> >[m[K’} to ‘[01m[Kfloat[m[K’
  224 |       operator<<([01;36m[Kfloat __f[m[K)
      |                  [01;36m[K~~~~~~^~~[m[K
[01m[K/usr/include/c++/11/ostream:232:7:[m[K [01;36m[Knote: [m[Kcandidate: ‘[01m[Kstd::basic_ostream<_CharT, _Traits>::__ostream_type& std::basic_ostream<_CharT, _Traits>::operator<<(long double) [with _CharT = char; _Traits = std::char_traits<char>; std::basic_ostream<_CharT, _Traits>::__ostream_type = std::basic_ostream<char>][m[K’
  232 |       [01;36m[Koperator[m[K<<(long double __f)
      |       [01;36m[K^~~~~~~~[m[K
[01m[K/usr/include/c++/11/ostream:232:30:[m[K [01;36m[Knote: [m[K  no known conversion for argument 1 from ‘[01m[Kstatus_interfaces::msg::SystemStatus_<std::allocator<void> >::_stamp_type[m[K’ {aka ‘[01m[Kbuiltin_interfaces::msg::Time_<std::allocator<void> >[m[K’} to ‘[01m[Klong double[m[K’
  232 |       operator<<([01;36m[Klong double __f[m[K)
      |                  [01;36m[K~~~~~~~~~~~~^~~[m[K
[01m[K/usr/include/c++/11/ostream:245:7:[m[K [01;36m[Knote: [m[Kcandidate: ‘[01m[Kstd::basic_ostream<_CharT, _Traits>::__ostream_type& std::basic_ostream<_CharT, _Traits>::operator<<(const void*) [with _CharT = char; _Traits = std::char_traits<char>; std::basic_ostream<_CharT, _Traits>::__ostream_type = std::basic_ostream<char>][m[K’
  245 |       [01;36m[Koperator[m[K<<(const void* __p)
      |       [01;36m[K^~~~~~~~[m[K
[01m[K/usr/include/c++/11/ostream:245:30:[m[K [01;36m[Knote: [m[K  no known conversion for argument 1 from ‘[01m[Kstatus_interfaces::msg::SystemStatus_<std::allocator<void> >::_stamp_type[m[K’ {aka ‘[01m[Kbuiltin_interfaces::msg::Time_<std::allocator<void> >[m[K’} to ‘[01m[Kconst void*[m[K’
  245 |       operator<<([01;36m[Kconst void* __p[m[K)
      |                  [01;36m[K~~~~~~~~~~~~^~~[m[K
[01m[K/usr/include/c++/11/ostream:250:7:[m[K [01;36m[Knote: [m[Kcandidate: ‘[01m[Kstd::basic_ostream<_CharT, _Traits>::__ostream_type& std::basic_ostream<_CharT, _Traits>::operator<<(std::nullptr_t) [with _CharT = char; _Traits = std::char_traits<char>; std::basic_ostream<_CharT, _Traits>::__ostream_type = std::basic_ostream<char>; std::nullptr_t = std::nullptr_t][m[K’
  250 |       [01;36m[Koperator[m[K<<(nullptr_t)
      |       [01;36m[K^~~~~~~~[m[K
[01m[K/usr/include/c++/11/ostream:250:18:[m[K [01;36m[Knote: [m[K  no known conversion for argument 1 from ‘[01m[Kstatus_interfaces::msg::SystemStatus_<std::allocator<void> >::_stamp_type[m[K’ {aka ‘[01m[Kbuiltin_interfaces::msg::Time_<std::allocator<void> >[m[K’} to ‘[01m[Kstd::nullptr_t[m[K’
  250 |       operator<<([01;36m[Knullptr_t[m[K)
      |                  [01;36m[K^~~~~~~~~[m[K
In file included from [01m[K/usr/include/c++/11/ostream:829[m[K,
                 from [01m[K/usr/include/c++/11/iostream:39[m[K,
                 from [01m[K/opt/ros/humble/include/rclcpp/rclcpp/executor.hpp:22[m[K,
                 from [01m[K/opt/ros/humble/include/rclcpp/rclcpp/executors/multi_threaded_executor.hpp:25[m[K,
                 from [01m[K/opt/ros/humble/include/rclcpp/rclcpp/executors.hpp:21[m[K,
                 from [01m[K/opt/ros/humble/include/rclcpp/rclcpp/rclcpp.hpp:155[m[K,
                 from [01m[K/home/shenhang/ros_study/chapter3/topic_practice_workspace/src/status_display/src/sys_status_display.cpp:4[m[K:
[01m[K/usr/include/c++/11/bits/ostream.tcc:119:5:[m[K [01;36m[Knote: [m[Kcandidate: ‘[01m[Kstd::basic_ostream<_CharT, _Traits>& std::basic_ostream<_CharT, _Traits>::operator<<(std::basic_ostream<_CharT, _Traits>::__streambuf_type*) [with _CharT = char; _Traits = std::char_traits<char>; std::basic_ostream<_CharT, _Traits>::__streambuf_type = std::basic_streambuf<char>][m[K’
  119 |     [01;36m[Kbasic_ostream<_CharT, _Traits>[m[K::
      |     [01;36m[K^~~~~~~~~~~~~~~~~~~~~~~~~~~~~~[m[K
[01m[K/usr/include/c++/11/bits/ostream.tcc:120:34:[m[K [01;36m[Knote: [m[K  no known conversion for argument 1 from ‘[01m[Kstatus_interfaces::msg::SystemStatus_<std::allocator<void> >::_stamp_type[m[K’ {aka ‘[01m[Kbuiltin_interfaces::msg::Time_<std::allocator<void> >[m[K’} to ‘[01m[Kstd::basic_ostream<char>::__streambuf_type*[m[K’ {aka ‘[01m[Kstd::basic_streambuf<char>*[m[K’}
  120 |     operator<<([01;36m[K__streambuf_type* __sbin[m[K)
      |                [01;36m[K~~~~~~~~~~~~~~~~~~^~~~~~[m[K
In file included from [01m[K/usr/include/x86_64-linux-gnu/qt5/QtGui/qregion.h:49[m[K,
                 from [01m[K/usr/include/x86_64-linux-gnu/qt5/QtGui/qmatrix.h:45[m[K,
                 from [01m[K/usr/include/x86_64-linux-gnu/qt5/QtGui/qbrush.h:49[m[K,
                 from [01m[K/usr/include/x86_64-linux-gnu/qt5/QtGui/qpalette.h:46[m[K,
                 from [01m[K/usr/include/x86_64-linux-gnu/qt5/QtWidgets/qwidget.h:48[m[K,
                 from [01m[K/usr/include/x86_64-linux-gnu/qt5/QtWidgets/qframe.h:44[m[K,
                 from [01m[K/usr/include/x86_64-linux-gnu/qt5/QtWidgets/qlabel.h:44[m[K,
                 from [01m[K/usr/include/x86_64-linux-gnu/qt5/QtWidgets/QLabel:1[m[K,
                 from [01m[K/home/shenhang/ros_study/chapter3/topic_practice_workspace/src/status_display/src/sys_status_display.cpp:2[m[K:
[01m[K/usr/include/x86_64-linux-gnu/qt5/QtCore/qdatastream.h:405:21:[m[K [01;36m[Knote: [m[Kcandidate: ‘[01m[Ktemplate<class E> QDataStream& operator<<(QDataStream&, QFlags<T>)[m[K’
  405 | inline QDataStream &[01;36m[Koperator[m[K<<(QDataStream &s, QFlags<Enum> e)
      |                     [01;36m[K^~~~~~~~[m[K
[01m[K/usr/include/x86_64-linux-gnu/qt5/QtCore/qdatastream.h:405:21:[m[K [01;36m[Knote: [m[K  template argument deduction/substitution failed:
[01m[K/home/shenhang/ros_study/chapter3/topic_practice_workspace/src/status_display/src/sys_status_display.cpp:19:42:[m[K [01;36m[Knote: [m[K  ‘[01m[Kbuiltin_interfaces::msg::Time_<std::allocator<void> >[m[K’ is not derived from ‘[01m[KQFlags<T>[m[K’
   19 |                  << "数据时间: " << msg->[01;36m[Kstamp[m[K << " s\n"
      |                                          [01;36m[K^~~~~[m[K
In file included from [01m[K/usr/include/x86_64-linux-gnu/qt5/QtGui/qregion.h:49[m[K,
                 from [01m[K/usr/include/x86_64-linux-gnu/qt5/QtGui/qmatrix.h:45[m[K,
                 from [01m[K/usr/include/x86_64-linux-gnu/qt5/QtGui/qbrush.h:49[m[K,
                 from [01m[K/usr/include/x86_64-linux-gnu/qt5/QtGui/qpalette.h:46[m[K,
                 from [01m[K/usr/include/x86_64-linux-gnu/qt5/QtWidgets/qwidget.h:48[m[K,
                 from [01m[K/usr/include/x86_64-linux-gnu/qt5/QtWidgets/qframe.h:44[m[K,
                 from [01m[K/usr/include/x86_64-linux-gnu/qt5/QtWidgets/qlabel.h:44[m[K,
                 from [01m[K/usr/include/x86_64-linux-gnu/qt5/QtWidgets/QLabel:1[m[K,
                 from [01m[K/home/shenhang/ros_study/chapter3/topic_practice_workspace/src/status_display/src/sys_status_display.cpp:2[m[K:
[01m[K/usr/include/x86_64-linux-gnu/qt5/QtCore/qdatastream.h:414:1:[m[K [01;36m[Knote: [m[Kcandidate: ‘[01m[Ktemplate<class T> typename std::enable_if<std::is_enum<_Tp>::value, QDataStream&>::type& operator<<(QDataStream&, const T&)[m[K’
  414 | [01;36m[Koperator[m[K<<(QDataStream &s, const T &t)
      | [01;36m[K^~~~~~~~[m[K
[01m[K/usr/include/x86_64-linux-gnu/qt5/QtCore/qdatastream.h:414:1:[m[K [01;36m[Knote: [m[K  template argument deduction/substitution failed:
[01m[K/home/shenhang/ros_study/chapter3/topic_practice_workspace/src/status_display/src/sys_status_display.cpp:19:18:[m[K [01;36m[Knote: [m[K  cannot convert ‘[01m[Kstd::operator<< <std::char_traits<char> >((* & std::operator<< <std::char_traits<char> >(show_str.std::__cxx11::basic_stringstream<char>::<anonymous>.std::basic_iostream<char>::<anonymous>, ((const char*)"==================\37777777747\37777777663\37777777673\37777777747\37777777673\37777777637\37777777747\37777777612\37777777666\37777777746\37777777600\37777777601\37777777746\37777777630\37777777676\37777777747\37777777644\37777777672======================\012"))), ((const char*)"\37777777746\37777777625\37777777660\37777777746\37777777615\37777777656\37777777746\37777777627\37777777666\37777777751\37777777627\37777777664: "))[m[K’ (type ‘[01m[Kstd::basic_ostream<char>[m[K’) to type ‘[01m[KQDataStream&[m[K’
   18 |         [01;36m[Kshow_str << "==================系统状态显示======================\n"[m[K
      |         [01;36m[K~~~~~~~~~~~~~~~~~~~~~~~~~~~~~~~~~~~~~~~~~~~~~~~~~~~~~~~~~~~~~~~~~~~~[m[K
   19 | [01;36m[K                 << "数据时间: "[m[K << msg->stamp << " s\n"
      |                  [01;36m[K^~~~~~~~~~~~~~~[m[K
In file included from [01m[K/usr/include/x86_64-linux-gnu/qt5/QtGui/qregion.h:49[m[K,
                 from [01m[K/usr/include/x86_64-linux-gnu/qt5/QtGui/qmatrix.h:45[m[K,
                 from [01m[K/usr/include/x86_64-linux-gnu/qt5/QtGui/qbrush.h:49[m[K,
                 from [01m[K/usr/include/x86_64-linux-gnu/qt5/QtGui/qpalette.h:46[m[K,
                 from [01m[K/usr/include/x86_64-linux-gnu/qt5/QtWidgets/qwidget.h:48[m[K,
                 from [01m[K/usr/include/x86_64-linux-gnu/qt5/QtWidgets/qframe.h:44[m[K,
                 from [01m[K/usr/include/x86_64-linux-gnu/qt5/QtWidgets/qlabel.h:44[m[K,
                 from [01m[K/usr/include/x86_64-linux-gnu/qt5/QtWidgets/QLabel:1[m[K,
                 from [01m[K/home/shenhang/ros_study/chapter3/topic_practice_workspace/src/status_display/src/sys_status_display.cpp:2[m[K:
[01m[K/usr/include/x86_64-linux-gnu/qt5/QtCore/qdatastream.h:429:21:[m[K [01;36m[Knote: [m[Kcandidate: ‘[01m[Ktemplate<class T> QDataStream& operator<<(QDataStream&, const QList<T>&)[m[K’
  429 | inline QDataStream &[01;36m[Koperator[m[K<<(QDataStream &s, const QList<T> &l)
      |                     [01;36m[K^~~~~~~~[m[K
[01m[K/usr/include/x86_64-linux-gnu/qt5/QtCore/qdatastream.h:429:21:[m[K [01;36m[Knote: [m[K  template argument deduction/substitution failed:
[01m[K/home/shenhang/ros_study/chapter3/topic_practice_workspace/src/status_display/src/sys_status_display.cpp:19:42:[m[K [01;36m[Knote: [m[K  ‘[01m[Kstatus_interfaces::msg::SystemStatus_<std::allocator<void> >::_stamp_type[m[K’ {aka ‘[01m[Kbuiltin_interfaces::msg::Time_<std::allocator<void> >[m[K’} is not derived from ‘[01m[Kconst QList<T>[m[K’
   19 |                  << "数据时间: " << msg->[01;36m[Kstamp[m[K << " s\n"
      |                                          [01;36m[K^~~~~[m[K
In file included from [01m[K/usr/include/x86_64-linux-gnu/qt5/QtGui/qregion.h:49[m[K,
                 from [01m[K/usr/include/x86_64-linux-gnu/qt5/QtGui/qmatrix.h:45[m[K,
                 from [01m[K/usr/include/x86_64-linux-gnu/qt5/QtGui/qbrush.h:49[m[K,
                 from [01m[K/usr/include/x86_64-linux-gnu/qt5/QtGui/qpalette.h:46[m[K,
                 from [01m[K/usr/include/x86_64-linux-gnu/qt5/QtWidgets/qwidget.h:48[m[K,
                 from [01m[K/usr/include/x86_64-linux-gnu/qt5/QtWidgets/qframe.h:44[m[K,
                 from [01m[K/usr/include/x86_64-linux-gnu/qt5/QtWidgets/qlabel.h:44[m[K,
                 from [01m[K/usr/include/x86_64-linux-gnu/qt5/QtWidgets/QLabel:1[m[K,
                 from [01m[K/home/shenhang/ros_study/chapter3/topic_practice_workspace/src/status_display/src/sys_status_display.cpp:2[m[K:
[01m[K/usr/include/x86_64-linux-gnu/qt5/QtCore/qdatastream.h:441:21:[m[K [01;36m[Knote: [m[Kcandidate: ‘[01m[Ktemplate<class T> QDataStream& operator<<(QDataStream&, const QVector<T>&)[m[K’
  441 | inline QDataStream &[01;36m[Koperator[m[K<<(QDataStream &s, const QVector<T> &v)
      |                     [01;36m[K^~~~~~~~[m[K
[01m[K/usr/include/x86_64-linux-gnu/qt5/QtCore/qdatastream.h:441:21:[m[K [01;36m[Knote: [m[K  template argument deduction/substitution failed:
[01m[K/home/shenhang/ros_study/chapter3/topic_practice_workspace/src/status_display/src/sys_status_display.cpp:19:42:[m[K [01;36m[Knote: [m[K  ‘[01m[Kstatus_interfaces::msg::SystemStatus_<std::allocator<void> >::_stamp_type[m[K’ {aka ‘[01m[Kbuiltin_interfaces::msg::Time_<std::allocator<void> >[m[K’} is not derived from ‘[01m[Kconst QVector<T>[m[K’
   19 |                  << "数据时间: " << msg->[01;36m[Kstamp[m[K << " s\n"
      |                                          [01;36m[K^~~~~[m[K
In file included from [01m[K/usr/include/x86_64-linux-gnu/qt5/QtGui/qregion.h:49[m[K,
                 from [01m[K/usr/include/x86_64-linux-gnu/qt5/QtGui/qmatrix.h:45[m[K,
                 from [01m[K/usr/include/x86_64-linux-gnu/qt5/QtGui/qbrush.h:49[m[K,
                 from [01m[K/usr/include/x86_64-linux-gnu/qt5/QtGui/qpalette.h:46[m[K,
                 from [01m[K/usr/include/x86_64-linux-gnu/qt5/QtWidgets/qwidget.h:48[m[K,
                 from [01m[K/usr/include/x86_64-linux-gnu/qt5/QtWidgets/qframe.h:44[m[K,
                 from [01m[K/usr/include/x86_64-linux-gnu/qt5/QtWidgets/qlabel.h:44[m[K,
                 from [01m[K/usr/include/x86_64-linux-gnu/qt5/QtWidgets/QLabel:1[m[K,
                 from [01m[K/home/shenhang/ros_study/chapter3/topic_practice_workspace/src/status_display/src/sys_status_display.cpp:2[m[K:
[01m[K/usr/include/x86_64-linux-gnu/qt5/QtCore/qdatastream.h:453:21:[m[K [01;36m[Knote: [m[Kcandidate: ‘[01m[Ktemplate<class T> QDataStream& operator<<(QDataStream&, const QSet<T>&)[m[K’
  453 | inline QDataStream &[01;36m[Koperator[m[K<<(QDataStream &s, const QSet<T> &set)
      |                     [01;36m[K^~~~~~~~[m[K
[01m[K/usr/include/x86_64-linux-gnu/qt5/QtCore/qdatastream.h:453:21:[m[K [01;36m[Knote: [m[K  template argument deduction/substitution failed:
[01m[K/home/shenhang/ros_study/chapter3/topic_practice_workspace/src/status_display/src/sys_status_display.cpp:19:42:[m[K [01;36m[Knote: [m[K  ‘[01m[Kstatus_interfaces::msg::SystemStatus_<std::allocator<void> >::_stamp_type[m[K’ {aka ‘[01m[Kbuiltin_interfaces::msg::Time_<std::allocator<void> >[m[K’} is not derived from ‘[01m[Kconst QSet<T>[m[K’
   19 |                  << "数据时间: " << msg->[01;36m[Kstamp[m[K << " s\n"
      |                                          [01;36m[K^~~~~[m[K
In file included from [01m[K/usr/include/x86_64-linux-gnu/qt5/QtGui/qregion.h:49[m[K,
                 from [01m[K/usr/include/x86_64-linux-gnu/qt5/QtGui/qmatrix.h:45[m[K,
                 from [01m[K/usr/include/x86_64-linux-gnu/qt5/QtGui/qbrush.h:49[m[K,
                 from [01m[K/usr/include/x86_64-linux-gnu/qt5/QtGui/qpalette.h:46[m[K,
                 from [01m[K/usr/include/x86_64-linux-gnu/qt5/QtWidgets/qwidget.h:48[m[K,
                 from [01m[K/usr/include/x86_64-linux-gnu/qt5/QtWidgets/qframe.h:44[m[K,
                 from [01m[K/usr/include/x86_64-linux-gnu/qt5/QtWidgets/qlabel.h:44[m[K,
                 from [01m[K/usr/include/x86_64-linux-gnu/qt5/QtWidgets/QLabel:1[m[K,
                 from [01m[K/home/shenhang/ros_study/chapter3/topic_practice_workspace/src/status_display/src/sys_status_display.cpp:2[m[K:
[01m[K/usr/include/x86_64-linux-gnu/qt5/QtCore/qdatastream.h:465:21:[m[K [01;36m[Knote: [m[Kcandidate: ‘[01m[Ktemplate<class Key, class T> QDataStream& operator<<(QDataStream&, const QHash<K, V>&)[m[K’
  465 | inline QDataStream &[01;36m[Koperator[m[K<<(QDataStream &s, const QHash<Key, T> &hash)
      |                     [01;36m[K^~~~~~~~[m[K
[01m[K/usr/include/x86_64-linux-gnu/qt5/QtCore/qdatastream.h:465:21:[m[K [01;36m[Knote: [m[K  template argument deduction/substitution failed:
[01m[K/home/shenhang/ros_study/chapter3/topic_practice_workspace/src/status_display/src/sys_status_display.cpp:19:42:[m[K [01;36m[Knote: [m[K  ‘[01m[Kstatus_interfaces::msg::SystemStatus_<std::allocator<void> >::_stamp_type[m[K’ {aka ‘[01m[Kbuiltin_interfaces::msg::Time_<std::allocator<void> >[m[K’} is not derived from ‘[01m[Kconst QHash<K, V>[m[K’
   19 |                  << "数据时间: " << msg->[01;36m[Kstamp[m[K << " s\n"
      |                                          [01;36m[K^~~~~[m[K
In file included from [01m[K/usr/include/x86_64-linux-gnu/qt5/QtGui/qregion.h:49[m[K,
                 from [01m[K/usr/include/x86_64-linux-gnu/qt5/QtGui/qmatrix.h:45[m[K,
                 from [01m[K/usr/include/x86_64-linux-gnu/qt5/QtGui/qbrush.h:49[m[K,
                 from [01m[K/usr/include/x86_64-linux-gnu/qt5/QtGui/qpalette.h:46[m[K,
                 from [01m[K/usr/include/x86_64-linux-gnu/qt5/QtWidgets/qwidget.h:48[m[K,
                 from [01m[K/usr/include/x86_64-linux-gnu/qt5/QtWidgets/qframe.h:44[m[K,
                 from [01m[K/usr/include/x86_64-linux-gnu/qt5/QtWidgets/qlabel.h:44[m[K,
                 from [01m[K/usr/include/x86_64-linux-gnu/qt5/QtWidgets/QLabel:1[m[K,
                 from [01m[K/home/shenhang/ros_study/chapter3/topic_practice_workspace/src/status_display/src/sys_status_display.cpp:2[m[K:
[01m[K/usr/include/x86_64-linux-gnu/qt5/QtCore/qdatastream.h:477:21:[m[K [01;36m[Knote: [m[Kcandidate: ‘[01m[Ktemplate<class Key, class T> QDataStream& operator<<(QDataStream&, const QMap<K, V>&)[m[K’
  477 | inline QDataStream &[01;36m[Koperator[m[K<<(QDataStream &s, const QMap<Key, T> &map)
      |                     [01;36m[K^~~~~~~~[m[K
[01m[K/usr/include/x86_64-linux-gnu/qt5/QtCore/qdatastream.h:477:21:[m[K [01;36m[Knote: [m[K  template argument deduction/substitution failed:
[01m[K/home/shenhang/ros_study/chapter3/topic_practice_workspace/src/status_display/src/sys_status_display.cpp:19:42:[m[K [01;36m[Knote: [m[K  ‘[01m[Kstatus_interfaces::msg::SystemStatus_<std::allocator<void> >::_stamp_type[m[K’ {aka ‘[01m[Kbuiltin_interfaces::msg::Time_<std::allocator<void> >[m[K’} is not derived from ‘[01m[Kconst QMap<K, V>[m[K’
   19 |                  << "数据时间: " << msg->[01;36m[Kstamp[m[K << " s\n"
      |                                          [01;36m[K^~~~~[m[K
In file included from [01m[K/usr/include/x86_64-linux-gnu/qt5/QtGui/qregion.h:49[m[K,
                 from [01m[K/usr/include/x86_64-linux-gnu/qt5/QtGui/qmatrix.h:45[m[K,
                 from [01m[K/usr/include/x86_64-linux-gnu/qt5/QtGui/qbrush.h:49[m[K,
                 from [01m[K/usr/include/x86_64-linux-gnu/qt5/QtGui/qpalette.h:46[m[K,
                 from [01m[K/usr/include/x86_64-linux-gnu/qt5/QtWidgets/qwidget.h:48[m[K,
                 from [01m[K/usr/include/x86_64-linux-gnu/qt5/QtWidgets/qframe.h:44[m[K,
                 from [01m[K/usr/include/x86_64-linux-gnu/qt5/QtWidgets/qlabel.h:44[m[K,
                 from [01m[K/usr/include/x86_64-linux-gnu/qt5/QtWidgets/QLabel:1[m[K,
                 from [01m[K/home/shenhang/ros_study/chapter3/topic_practice_workspace/src/status_display/src/sys_status_display.cpp:2[m[K:
[01m[K/usr/include/x86_64-linux-gnu/qt5/QtCore/qdatastream.h:491:21:[m[K [01;36m[Knote: [m[Kcandidate: ‘[01m[Ktemplate<class T1, class T2> QDataStream& operator<<(QDataStream&, const QPair<T1, T2>&)[m[K’
  491 | inline QDataStream& [01;36m[Koperator[m[K<<(QDataStream& s, const QPair<T1, T2>& p)
      |                     [01;36m[K^~~~~~~~[m[K
[01m[K/usr/include/x86_64-linux-gnu/qt5/QtCore/qdatastream.h:491:21:[m[K [01;36m[Knote: [m[K  template argument deduction/substitution failed:
[01m[K/home/shenhang/ros_study/chapter3/topic_practice_workspace/src/status_display/src/sys_status_display.cpp:19:42:[m[K [01;36m[Knote: [m[K  ‘[01m[Kstatus_interfaces::msg::SystemStatus_<std::allocator<void> >::_stamp_type[m[K’ {aka ‘[01m[Kbuiltin_interfaces::msg::Time_<std::allocator<void> >[m[K’} is not derived from ‘[01m[Kconst QPair<T1, T2>[m[K’
   19 |                  << "数据时间: " << msg->[01;36m[Kstamp[m[K << " s\n"
      |                                          [01;36m[K^~~~~[m[K
In file included from [01m[K/usr/include/x86_64-linux-gnu/qt5/QtCore/qglobal.h:46[m[K,
                 from [01m[K/usr/include/x86_64-linux-gnu/qt5/QtGui/qtguiglobal.h:43[m[K,
                 from [01m[K/usr/include/x86_64-linux-gnu/qt5/QtWidgets/qtwidgetsglobal.h:43[m[K,
                 from [01m[K/usr/include/x86_64-linux-gnu/qt5/QtWidgets/qapplication.h:43[m[K,
                 from [01m[K/usr/include/x86_64-linux-gnu/qt5/QtWidgets/QApplication:1[m[K,
                 from [01m[K/home/shenhang/ros_study/chapter3/topic_practice_workspace/src/status_display/src/sys_status_display.cpp:1[m[K:
[01m[K/usr/include/c++/11/cstddef:126:5:[m[K [01;36m[Knote: [m[Kcandidate: ‘[01m[Ktemplate<class _IntegerType> constexpr std::__byte_op_t<_IntegerType> std::operator<<(std::byte, _IntegerType)[m[K’
  126 |     [01;36m[Koperator[m[K<<(byte __b, _IntegerType __shift) noexcept
      |     [01;36m[K^~~~~~~~[m[K
[01m[K/usr/include/c++/11/cstddef:126:5:[m[K [01;36m[Knote: [m[K  template argument deduction/substitution failed:
[01m[K/home/shenhang/ros_study/chapter3/topic_practice_workspace/src/status_display/src/sys_status_display.cpp:19:18:[m[K [01;36m[Knote: [m[K  cannot convert ‘[01m[Kstd::operator<< <std::char_traits<char> >((* & std::operator<< <std::char_traits<char> >(show_str.std::__cxx11::basic_stringstream<char>::<anonymous>.std::basic_iostream<char>::<anonymous>, ((const char*)"==================\37777777747\37777777663\37777777673\37777777747\37777777673\37777777637\37777777747\37777777612\37777777666\37777777746\37777777600\37777777601\37777777746\37777777630\37777777676\37777777747\37777777644\37777777672======================\012"))), ((const char*)"\37777777746\37777777625\37777777660\37777777746\37777777615\37777777656\37777777746\37777777627\37777777666\37777777751\37777777627\37777777664: "))[m[K’ (type ‘[01m[Kstd::basic_ostream<char>[m[K’) to type ‘[01m[Kstd::byte[m[K’
   18 |         [01;36m[Kshow_str << "==================系统状态显示======================\n"[m[K
      |         [01;36m[K~~~~~~~~~~~~~~~~~~~~~~~~~~~~~~~~~~~~~~~~~~~~~~~~~~~~~~~~~~~~~~~~~~~~[m[K
   19 | [01;36m[K                 << "数据时间: "[m[K << msg->stamp << " s\n"
      |                  [01;36m[K^~~~~~~~~~~~~~~[m[K
In file included from [01m[K/usr/include/c++/11/bits/basic_string.h:48[m[K,
                 from [01m[K/usr/include/c++/11/string:55[m[K,
                 from [01m[K/usr/include/x86_64-linux-gnu/qt5/QtCore/qbytearray.h:52[m[K,
                 from [01m[K/usr/include/x86_64-linux-gnu/qt5/QtCore/qstring.h:50[m[K,
                 from [01m[K/usr/include/x86_64-linux-gnu/qt5/QtCore/qcoreapplication.h:44[m[K,
                 from [01m[K/usr/include/x86_64-linux-gnu/qt5/QtWidgets/qapplication.h:44[m[K,
                 from [01m[K/usr/include/x86_64-linux-gnu/qt5/QtWidgets/QApplication:1[m[K,
                 from [01m[K/home/shenhang/ros_study/chapter3/topic_practice_workspace/src/status_display/src/sys_status_display.cpp:1[m[K:
[01m[K/usr/include/c++/11/string_view:667:5:[m[K [01;36m[Knote: [m[Kcandidate: ‘[01m[Ktemplate<class _CharT, class _Traits> std::basic_ostream<_CharT, _Traits>& std::operator<<(std::basic_ostream<_CharT, _Traits>&, std::basic_string_view<_CharT, _Traits>)[m[K’
  667 |     [01;36m[Koperator[m[K<<(basic_ostream<_CharT, _Traits>& __os,
      |     [01;36m[K^~~~~~~~[m[K
[01m[K/usr/include/c++/11/string_view:667:5:[m[K [01;36m[Knote: [m[K  template argument deduction/substitution failed:
[01m[K/home/shenhang/ros_study/chapter3/topic_practice_workspace/src/status_display/src/sys_status_display.cpp:19:42:[m[K [01;36m[Knote: [m[K  ‘[01m[Kbuiltin_interfaces::msg::Time_<std::allocator<void> >[m[K’ is not derived from ‘[01m[Kstd::basic_string_view<_CharT, _Traits>[m[K’
   19 |                  << "数据时间: " << msg->[01;36m[Kstamp[m[K << " s\n"
      |                                          [01;36m[K^~~~~[m[K
In file included from [01m[K/usr/include/c++/11/string:55[m[K,
                 from [01m[K/usr/include/x86_64-linux-gnu/qt5/QtCore/qbytearray.h:52[m[K,
                 from [01m[K/usr/include/x86_64-linux-gnu/qt5/QtCore/qstring.h:50[m[K,
                 from [01m[K/usr/include/x86_64-linux-gnu/qt5/QtCore/qcoreapplication.h:44[m[K,
                 from [01m[K/usr/include/x86_64-linux-gnu/qt5/QtWidgets/qapplication.h:44[m[K,
                 from [01m[K/usr/include/x86_64-linux-gnu/qt5/QtWidgets/QApplication:1[m[K,
                 from [01m[K/home/shenhang/ros_study/chapter3/topic_practice_workspace/src/status_display/src/sys_status_display.cpp:1[m[K:
[01m[K/usr/include/c++/11/bits/basic_string.h:6531:5:[m[K [01;36m[Knote: [m[Kcandidate: ‘[01m[Ktemplate<class _CharT, class _Traits, class _Alloc> std::basic_ostream<_CharT, _Traits>& std::operator<<(std::basic_ostream<_CharT, _Traits>&, const std::__cxx11::basic_string<_CharT, _Traits, _Allocator>&)[m[K’
 6531 |     [01;36m[Koperator[m[K<<(basic_ostream<_CharT, _Traits>& __os,
      |     [01;36m[K^~~~~~~~[m[K
[01m[K/usr/include/c++/11/bits/basic_string.h:6531:5:[m[K [01;36m[Knote: [m[K  template argument deduction/substitution failed:
[01m[K/home/shenhang/ros_study/chapter3/topic_practice_workspace/src/status_display/src/sys_status_display.cpp:19:42:[m[K [01;36m[Knote: [m[K  ‘[01m[Kstatus_interfaces::msg::SystemStatus_<std::allocator<void> >::_stamp_type[m[K’ {aka ‘[01m[Kbuiltin_interfaces::msg::Time_<std::allocator<void> >[m[K’} is not derived from ‘[01m[Kconst std::__cxx11::basic_string<_CharT, _Traits, _Allocator>[m[K’
   19 |                  << "数据时间: " << msg->[01;36m[Kstamp[m[K << " s\n"
      |                                          [01;36m[K^~~~~[m[K
In file included from [01m[K/usr/include/c++/11/bits/ios_base.h:46[m[K,
                 from [01m[K/usr/include/c++/11/streambuf:41[m[K,
                 from [01m[K/usr/include/c++/11/bits/streambuf_iterator.h:35[m[K,
                 from [01m[K/usr/include/c++/11/iterator:66[m[K,
                 from [01m[K/usr/include/x86_64-linux-gnu/qt5/QtCore/qbytearray.h:53[m[K,
                 from [01m[K/usr/include/x86_64-linux-gnu/qt5/QtCore/qstring.h:50[m[K,
                 from [01m[K/usr/include/x86_64-linux-gnu/qt5/QtCore/qcoreapplication.h:44[m[K,
                 from [01m[K/usr/include/x86_64-linux-gnu/qt5/QtWidgets/qapplication.h:44[m[K,
                 from [01m[K/usr/include/x86_64-linux-gnu/qt5/QtWidgets/QApplication:1[m[K,
                 from [01m[K/home/shenhang/ros_study/chapter3/topic_practice_workspace/src/status_display/src/sys_status_display.cpp:1[m[K:
[01m[K/usr/include/c++/11/system_error:279:5:[m[K [01;36m[Knote: [m[Kcandidate: ‘[01m[Ktemplate<class _CharT, class _Traits> std::basic_ostream<_CharT, _Traits>& std::operator<<(std::basic_ostream<_CharT, _Traits>&, const std::error_code&)[m[K’
  279 |     [01;36m[Koperator[m[K<<(basic_ostream<_CharT, _Traits>& __os, const error_code& __e)
      |     [01;36m[K^~~~~~~~[m[K
[01m[K/usr/include/c++/11/system_error:279:5:[m[K [01;36m[Knote: [m[K  template argument deduction/substitution failed:
[01m[K/home/shenhang/ros_study/chapter3/topic_practice_workspace/src/status_display/src/sys_status_display.cpp:19:42:[m[K [01;36m[Knote: [m[K  cannot convert ‘[01m[K((const std::__shared_ptr_access<status_interfaces::msg::SystemStatus_<std::allocator<void> >, __gnu_cxx::_S_atomic, false, false>*)(& msg))->std::__shared_ptr_access<status_interfaces::msg::SystemStatus_<std::allocator<void> >, __gnu_cxx::_S_atomic, false, false>::operator->()->status_interfaces::msg::SystemStatus_<std::allocator<void> >::stamp[m[K’ (type ‘[01m[Kstatus_interfaces::msg::SystemStatus_<std::allocator<void> >::_stamp_type[m[K’ {aka ‘[01m[Kbuiltin_interfaces::msg::Time_<std::allocator<void> >[m[K’}) to type ‘[01m[Kconst std::error_code&[m[K’
   19 |                  << "数据时间: " << [01;36m[Kmsg->stamp[m[K << " s\n"
      |                                     [01;36m[K~~~~~^~~~~[m[K
In file included from [01m[K/usr/include/c++/11/memory:77[m[K,
                 from [01m[K/usr/include/x86_64-linux-gnu/qt5/QtCore/qsharedpointer_impl.h:71[m[K,
                 from [01m[K/usr/include/x86_64-linux-gnu/qt5/QtCore/qsharedpointer.h:48[m[K,
                 from [01m[K/usr/include/x86_64-linux-gnu/qt5/QtGui/qpixmap.h:48[m[K,
                 from [01m[K/usr/include/x86_64-linux-gnu/qt5/QtGui/qbrush.h:52[m[K,
                 from [01m[K/usr/include/x86_64-linux-gnu/qt5/QtGui/qpalette.h:46[m[K,
                 from [01m[K/usr/include/x86_64-linux-gnu/qt5/QtWidgets/qwidget.h:48[m[K,
                 from [01m[K/usr/include/x86_64-linux-gnu/qt5/QtWidgets/qframe.h:44[m[K,
                 from [01m[K/usr/include/x86_64-linux-gnu/qt5/QtWidgets/qlabel.h:44[m[K,
                 from [01m[K/usr/include/x86_64-linux-gnu/qt5/QtWidgets/QLabel:1[m[K,
                 from [01m[K/home/shenhang/ros_study/chapter3/topic_practice_workspace/src/status_display/src/sys_status_display.cpp:2[m[K:
[01m[K/usr/include/c++/11/bits/shared_ptr.h:70:5:[m[K [01;36m[Knote: [m[Kcandidate: ‘[01m[Ktemplate<class _Ch, class _Tr, class _Tp, __gnu_cxx::_Lock_policy _Lp> std::basic_ostream<_CharT, _Traits>& std::operator<<(std::basic_ostream<_CharT, _Traits>&, const std::__shared_ptr<_Tp, _Lp>&)[m[K’
   70 |     [01;36m[Koperator[m[K<<(std::basic_ostream<_Ch, _Tr>& __os,
      |     [01;36m[K^~~~~~~~[m[K
[01m[K/usr/include/c++/11/bits/shared_ptr.h:70:5:[m[K [01;36m[Knote: [m[K  template argument deduction/substitution failed:
[01m[K/home/shenhang/ros_study/chapter3/topic_practice_workspace/src/status_display/src/sys_status_display.cpp:19:42:[m[K [01;36m[Knote: [m[K  ‘[01m[Kstatus_interfaces::msg::SystemStatus_<std::allocator<void> >::_stamp_type[m[K’ {aka ‘[01m[Kbuiltin_interfaces::msg::Time_<std::allocator<void> >[m[K’} is not derived from ‘[01m[Kconst std::__shared_ptr<_Tp, _Lp>[m[K’
   19 |                  << "数据时间: " << msg->[01;36m[Kstamp[m[K << " s\n"
      |                                          [01;36m[K^~~~~[m[K
In file included from [01m[K/opt/ros/humble/include/rclcpp/rclcpp/executors/multi_threaded_executor.hpp:22[m[K,
                 from [01m[K/opt/ros/humble/include/rclcpp/rclcpp/executors.hpp:21[m[K,
                 from [01m[K/opt/ros/humble/include/rclcpp/rclcpp/rclcpp.hpp:155[m[K,
                 from [01m[K/home/shenhang/ros_study/chapter3/topic_practice_workspace/src/status_display/src/sys_status_display.cpp:4[m[K:
[01m[K/usr/include/c++/11/thread:92:5:[m[K [01;36m[Knote: [m[Kcandidate: ‘[01m[Ktemplate<class _CharT, class _Traits> std::basic_ostream<_CharT, _Traits>& std::operator<<(std::basic_ostream<_CharT, _Traits>&, std::thread::id)[m[K’
   92 |     [01;36m[Koperator[m[K<<(basic_ostream<_CharT, _Traits>& __out, thread::id __id)
      |     [01;36m[K^~~~~~~~[m[K
[01m[K/usr/include/c++/11/thread:92:5:[m[K [01;36m[Knote: [m[K  template argument deduction/substitution failed:
[01m[K/home/shenhang/ros_study/chapter3/topic_practice_workspace/src/status_display/src/sys_status_display.cpp:19:42:[m[K [01;36m[Knote: [m[K  cannot convert ‘[01m[K((const std::__shared_ptr_access<status_interfaces::msg::SystemStatus_<std::allocator<void> >, __gnu_cxx::_S_atomic, false, false>*)(& msg))->std::__shared_ptr_access<status_interfaces::msg::SystemStatus_<std::allocator<void> >, __gnu_cxx::_S_atomic, false, false>::operator->()->status_interfaces::msg::SystemStatus_<std::allocator<void> >::stamp[m[K’ (type ‘[01m[Kstatus_interfaces::msg::SystemStatus_<std::allocator<void> >::_stamp_type[m[K’ {aka ‘[01m[Kbuiltin_interfaces::msg::Time_<std::allocator<void> >[m[K’}) to type ‘[01m[Kstd::thread::id[m[K’
   19 |                  << "数据时间: " << [01;36m[Kmsg->stamp[m[K << " s\n"
      |                                     [01;36m[K~~~~~^~~~~[m[K
In file included from [01m[K/usr/include/c++/11/iostream:39[m[K,
                 from [01m[K/opt/ros/humble/include/rclcpp/rclcpp/executor.hpp:22[m[K,
                 from [01m[K/opt/ros/humble/include/rclcpp/rclcpp/executors/multi_threaded_executor.hpp:25[m[K,
                 from [01m[K/opt/ros/humble/include/rclcpp/rclcpp/executors.hpp:21[m[K,
                 from [01m[K/opt/ros/humble/include/rclcpp/rclcpp/rclcpp.hpp:155[m[K,
                 from [01m[K/home/shenhang/ros_study/chapter3/topic_practice_workspace/src/status_display/src/sys_status_display.cpp:4[m[K:
[01m[K/usr/include/c++/11/ostream:513:5:[m[K [01;36m[Knote: [m[Kcandidate: ‘[01m[Ktemplate<class _CharT, class _Traits> std::basic_ostream<_CharT, _Traits>& std::operator<<(std::basic_ostream<_CharT, _Traits>&, _CharT)[m[K’
  513 |     [01;36m[Koperator[m[K<<(basic_ostream<_CharT, _Traits>& __out, _CharT __c)
      |     [01;36m[K^~~~~~~~[m[K
[01m[K/usr/include/c++/11/ostream:513:5:[m[K [01;36m[Knote: [m[K  template argument deduction/substitution failed:
[01m[K/home/shenhang/ros_study/chapter3/topic_practice_workspace/src/status_display/src/sys_status_display.cpp:19:42:[m[K [01;36m[Knote: [m[K  deduced conflicting types for parameter ‘[01m[K_CharT[m[K’ (‘[01m[Kchar[m[K’ and ‘[01m[Kbuiltin_interfaces::msg::Time_<std::allocator<void> >[m[K’)
   19 |                  << "数据时间: " << msg->[01;36m[Kstamp[m[K << " s\n"
      |                                          [01;36m[K^~~~~[m[K
In file included from [01m[K/usr/include/c++/11/iostream:39[m[K,
                 from [01m[K/opt/ros/humble/include/rclcpp/rclcpp/executor.hpp:22[m[K,
                 from [01m[K/opt/ros/humble/include/rclcpp/rclcpp/executors/multi_threaded_executor.hpp:25[m[K,
                 from [01m[K/opt/ros/humble/include/rclcpp/rclcpp/executors.hpp:21[m[K,
                 from [01m[K/opt/ros/humble/include/rclcpp/rclcpp/rclcpp.hpp:155[m[K,
                 from [01m[K/home/shenhang/ros_study/chapter3/topic_practice_workspace/src/status_display/src/sys_status_display.cpp:4[m[K:
[01m[K/usr/include/c++/11/ostream:518:5:[m[K [01;36m[Knote: [m[Kcandidate: ‘[01m[Ktemplate<class _CharT, class _Traits> std::basic_ostream<_CharT, _Traits>& std::operator<<(std::basic_ostream<_CharT, _Traits>&, char)[m[K’
  518 |     [01;36m[Koperator[m[K<<(basic_ostream<_CharT, _Traits>& __out, char __c)
      |     [01;36m[K^~~~~~~~[m[K
[01m[K/usr/include/c++/11/ostream:518:5:[m[K [01;36m[Knote: [m[K  template argument deduction/substitution failed:
[01m[K/home/shenhang/ros_study/chapter3/topic_practice_workspace/src/status_display/src/sys_status_display.cpp:19:42:[m[K [01;36m[Knote: [m[K  cannot convert ‘[01m[K((const std::__shared_ptr_access<status_interfaces::msg::SystemStatus_<std::allocator<void> >, __gnu_cxx::_S_atomic, false, false>*)(& msg))->std::__shared_ptr_access<status_interfaces::msg::SystemStatus_<std::allocator<void> >, __gnu_cxx::_S_atomic, false, false>::operator->()->status_interfaces::msg::SystemStatus_<std::allocator<void> >::stamp[m[K’ (type ‘[01m[Kstatus_interfaces::msg::SystemStatus_<std::allocator<void> >::_stamp_type[m[K’ {aka ‘[01m[Kbuiltin_interfaces::msg::Time_<std::allocator<void> >[m[K’}) to type ‘[01m[Kchar[m[K’
   19 |                  << "数据时间: " << [01;36m[Kmsg->stamp[m[K << " s\n"
      |                                     [01;36m[K~~~~~^~~~~[m[K
In file included from [01m[K/usr/include/c++/11/iostream:39[m[K,
                 from [01m[K/opt/ros/humble/include/rclcpp/rclcpp/executor.hpp:22[m[K,
                 from [01m[K/opt/ros/humble/include/rclcpp/rclcpp/executors/multi_threaded_executor.hpp:25[m[K,
                 from [01m[K/opt/ros/humble/include/rclcpp/rclcpp/executors.hpp:21[m[K,
                 from [01m[K/opt/ros/humble/include/rclcpp/rclcpp/rclcpp.hpp:155[m[K,
                 from [01m[K/home/shenhang/ros_study/chapter3/topic_practice_workspace/src/status_display/src/sys_status_display.cpp:4[m[K:
[01m[K/usr/include/c++/11/ostream:524:5:[m[K [01;36m[Knote: [m[Kcandidate: ‘[01m[Ktemplate<class _Traits> std::basic_ostream<char, _Traits>& std::operator<<(std::basic_ostream<char, _Traits>&, char)[m[K’
  524 |     [01;36m[Koperator[m[K<<(basic_ostream<char, _Traits>& __out, char __c)
      |     [01;36m[K^~~~~~~~[m[K
[01m[K/usr/include/c++/11/ostream:524:5:[m[K [01;36m[Knote: [m[K  template argument deduction/substitution failed:
[01m[K/home/shenhang/ros_study/chapter3/topic_practice_workspace/src/status_display/src/sys_status_display.cpp:19:42:[m[K [01;36m[Knote: [m[K  cannot convert ‘[01m[K((const std::__shared_ptr_access<status_interfaces::msg::SystemStatus_<std::allocator<void> >, __gnu_cxx::_S_atomic, false, false>*)(& msg))->std::__shared_ptr_access<status_interfaces::msg::SystemStatus_<std::allocator<void> >, __gnu_cxx::_S_atomic, false, false>::operator->()->status_interfaces::msg::SystemStatus_<std::allocator<void> >::stamp[m[K’ (type ‘[01m[Kstatus_interfaces::msg::SystemStatus_<std::allocator<void> >::_stamp_type[m[K’ {aka ‘[01m[Kbuiltin_interfaces::msg::Time_<std::allocator<void> >[m[K’}) to type ‘[01m[Kchar[m[K’
   19 |                  << "数据时间: " << [01;36m[Kmsg->stamp[m[K << " s\n"
      |                                     [01;36m[K~~~~~^~~~~[m[K
In file included from [01m[K/usr/include/c++/11/iostream:39[m[K,
                 from [01m[K/opt/ros/humble/include/rclcpp/rclcpp/executor.hpp:22[m[K,
                 from [01m[K/opt/ros/humble/include/rclcpp/rclcpp/executors/multi_threaded_executor.hpp:25[m[K,
                 from [01m[K/opt/ros/humble/include/rclcpp/rclcpp/executors.hpp:21[m[K,
                 from [01m[K/opt/ros/humble/include/rclcpp/rclcpp/rclcpp.hpp:155[m[K,
                 from [01m[K/home/shenhang/ros_study/chapter3/topic_practice_workspace/src/status_display/src/sys_status_display.cpp:4[m[K:
[01m[K/usr/include/c++/11/ostream:530:5:[m[K [01;36m[Knote: [m[Kcandidate: ‘[01m[Ktemplate<class _Traits> std::basic_ostream<char, _Traits>& std::operator<<(std::basic_ostream<char, _Traits>&, signed char)[m[K’
  530 |     [01;36m[Koperator[m[K<<(basic_ostream<char, _Traits>& __out, signed char __c)
      |     [01;36m[K^~~~~~~~[m[K
[01m[K/usr/include/c++/11/ostream:530:5:[m[K [01;36m[Knote: [m[K  template argument deduction/substitution failed:
[01m[K/home/shenhang/ros_study/chapter3/topic_practice_workspace/src/status_display/src/sys_status_display.cpp:19:42:[m[K [01;36m[Knote: [m[K  cannot convert ‘[01m[K((const std::__shared_ptr_access<status_interfaces::msg::SystemStatus_<std::allocator<void> >, __gnu_cxx::_S_atomic, false, false>*)(& msg))->std::__shared_ptr_access<status_interfaces::msg::SystemStatus_<std::allocator<void> >, __gnu_cxx::_S_atomic, false, false>::operator->()->status_interfaces::msg::SystemStatus_<std::allocator<void> >::stamp[m[K’ (type ‘[01m[Kstatus_interfaces::msg::SystemStatus_<std::allocator<void> >::_stamp_type[m[K’ {aka ‘[01m[Kbuiltin_interfaces::msg::Time_<std::allocator<void> >[m[K’}) to type ‘[01m[Ksigned char[m[K’
   19 |                  << "数据时间: " << [01;36m[Kmsg->stamp[m[K << " s\n"
      |                                     [01;36m[K~~~~~^~~~~[m[K
In file included from [01m[K/usr/include/c++/11/iostream:39[m[K,
                 from [01m[K/opt/ros/humble/include/rclcpp/rclcpp/executor.hpp:22[m[K,
                 from [01m[K/opt/ros/humble/include/rclcpp/rclcpp/executors/multi_threaded_executor.hpp:25[m[K,
                 from [01m[K/opt/ros/humble/include/rclcpp/rclcpp/executors.hpp:21[m[K,
                 from [01m[K/opt/ros/humble/include/rclcpp/rclcpp/rclcpp.hpp:155[m[K,
                 from [01m[K/home/shenhang/ros_study/chapter3/topic_practice_workspace/src/status_display/src/sys_status_display.cpp:4[m[K:
[01m[K/usr/include/c++/11/ostream:535:5:[m[K [01;36m[Knote: [m[Kcandidate: ‘[01m[Ktemplate<class _Traits> std::basic_ostream<char, _Traits>& std::operator<<(std::basic_ostream<char, _Traits>&, unsigned char)[m[K’
  535 |     [01;36m[Koperator[m[K<<(basic_ostream<char, _Traits>& __out, unsigned char __c)
      |     [01;36m[K^~~~~~~~[m[K
[01m[K/usr/include/c++/11/ostream:535:5:[m[K [01;36m[Knote: [m[K  template argument deduction/substitution failed:
[01m[K/home/shenhang/ros_study/chapter3/topic_practice_workspace/src/status_display/src/sys_status_display.cpp:19:42:[m[K [01;36m[Knote: [m[K  cannot convert ‘[01m[K((const std::__shared_ptr_access<status_interfaces::msg::SystemStatus_<std::allocator<void> >, __gnu_cxx::_S_atomic, false, false>*)(& msg))->std::__shared_ptr_access<status_interfaces::msg::SystemStatus_<std::allocator<void> >, __gnu_cxx::_S_atomic, false, false>::operator->()->status_interfaces::msg::SystemStatus_<std::allocator<void> >::stamp[m[K’ (type ‘[01m[Kstatus_interfaces::msg::SystemStatus_<std::allocator<void> >::_stamp_type[m[K’ {aka ‘[01m[Kbuiltin_interfaces::msg::Time_<std::allocator<void> >[m[K’}) to type ‘[01m[Kunsigned char[m[K’
   19 |                  << "数据时间: " << [01;36m[Kmsg->stamp[m[K << " s\n"
      |                                     [01;36m[K~~~~~^~~~~[m[K
In file included from [01m[K/usr/include/c++/11/iostream:39[m[K,
                 from [01m[K/opt/ros/humble/include/rclcpp/rclcpp/executor.hpp:22[m[K,
                 from [01m[K/opt/ros/humble/include/rclcpp/rclcpp/executors/multi_threaded_executor.hpp:25[m[K,
                 from [01m[K/opt/ros/humble/include/rclcpp/rclcpp/executors.hpp:21[m[K,
                 from [01m[K/opt/ros/humble/include/rclcpp/rclcpp/rclcpp.hpp:155[m[K,
                 from [01m[K/home/shenhang/ros_study/chapter3/topic_practice_workspace/src/status_display/src/sys_status_display.cpp:4[m[K:
[01m[K/usr/include/c++/11/ostream:594:5:[m[K [01;36m[Knote: [m[Kcandidate: ‘[01m[Ktemplate<class _CharT, class _Traits> std::basic_ostream<_CharT, _Traits>& std::operator<<(std::basic_ostream<_CharT, _Traits>&, const _CharT*)[m[K’
  594 |     [01;36m[Koperator[m[K<<(basic_ostream<_CharT, _Traits>& __out, const _CharT* __s)
      |     [01;36m[K^~~~~~~~[m[K
[01m[K/usr/include/c++/11/ostream:594:5:[m[K [01;36m[Knote: [m[K  template argument deduction/substitution failed:
[01m[K/home/shenhang/ros_study/chapter3/topic_practice_workspace/src/status_display/src/sys_status_display.cpp:19:42:[m[K [01;36m[Knote: [m[K  mismatched types ‘[01m[Kconst _CharT*[m[K’ and ‘[01m[Kbuiltin_interfaces::msg::Time_<std::allocator<void> >[m[K’
   19 |                  << "数据时间: " << msg->[01;36m[Kstamp[m[K << " s\n"
      |                                          [01;36m[K^~~~~[m[K
In file included from [01m[K/usr/include/c++/11/ostream:829[m[K,
                 from [01m[K/usr/include/c++/11/iostream:39[m[K,
                 from [01m[K/opt/ros/humble/include/rclcpp/rclcpp/executor.hpp:22[m[K,
                 from [01m[K/opt/ros/humble/include/rclcpp/rclcpp/executors/multi_threaded_executor.hpp:25[m[K,
                 from [01m[K/opt/ros/humble/include/rclcpp/rclcpp/executors.hpp:21[m[K,
                 from [01m[K/opt/ros/humble/include/rclcpp/rclcpp/rclcpp.hpp:155[m[K,
                 from [01m[K/home/shenhang/ros_study/chapter3/topic_practice_workspace/src/status_display/src/sys_status_display.cpp:4[m[K:
[01m[K/usr/include/c++/11/bits/ostream.tcc:321:5:[m[K [01;36m[Knote: [m[Kcandidate: ‘[01m[Ktemplate<class _CharT, class _Traits> std::basic_ostream<_CharT, _Traits>& std::operator<<(std::basic_ostream<_CharT, _Traits>&, const char*)[m[K’
  321 |     [01;36m[Koperator[m[K<<(basic_ostream<_CharT, _Traits>& __out, const char* __s)
      |     [01;36m[K^~~~~~~~[m[K
[01m[K/usr/include/c++/11/bits/ostream.tcc:321:5:[m[K [01;36m[Knote: [m[K  template argument deduction/substitution failed:
[01m[K/home/shenhang/ros_study/chapter3/topic_practice_workspace/src/status_display/src/sys_status_display.cpp:19:42:[m[K [01;36m[Knote: [m[K  cannot convert ‘[01m[K((const std::__shared_ptr_access<status_interfaces::msg::SystemStatus_<std::allocator<void> >, __gnu_cxx::_S_atomic, false, false>*)(& msg))->std::__shared_ptr_access<status_interfaces::msg::SystemStatus_<std::allocator<void> >, __gnu_cxx::_S_atomic, false, false>::operator->()->status_interfaces::msg::SystemStatus_<std::allocator<void> >::stamp[m[K’ (type ‘[01m[Kstatus_interfaces::msg::SystemStatus_<std::allocator<void> >::_stamp_type[m[K’ {aka ‘[01m[Kbuiltin_interfaces::msg::Time_<std::allocator<void> >[m[K’}) to type ‘[01m[Kconst char*[m[K’
   19 |                  << "数据时间: " << [01;36m[Kmsg->stamp[m[K << " s\n"
      |                                     [01;36m[K~~~~~^~~~~[m[K
In file included from [01m[K/usr/include/c++/11/iostream:39[m[K,
                 from [01m[K/opt/ros/humble/include/rclcpp/rclcpp/executor.hpp:22[m[K,
                 from [01m[K/opt/ros/humble/include/rclcpp/rclcpp/executors/multi_threaded_executor.hpp:25[m[K,
                 from [01m[K/opt/ros/humble/include/rclcpp/rclcpp/executors.hpp:21[m[K,
                 from [01m[K/opt/ros/humble/include/rclcpp/rclcpp/rclcpp.hpp:155[m[K,
                 from [01m[K/home/shenhang/ros_study/chapter3/topic_practice_workspace/src/status_display/src/sys_status_display.cpp:4[m[K:
[01m[K/usr/include/c++/11/ostream:611:5:[m[K [01;36m[Knote: [m[Kcandidate: ‘[01m[Ktemplate<class _Traits> std::basic_ostream<char, _Traits>& std::operator<<(std::basic_ostream<char, _Traits>&, const char*)[m[K’
  611 |     [01;36m[Koperator[m[K<<(basic_ostream<char, _Traits>& __out, const char* __s)
      |     [01;36m[K^~~~~~~~[m[K
[01m[K/usr/include/c++/11/ostream:611:5:[m[K [01;36m[Knote: [m[K  template argument deduction/substitution failed:
[01m[K/home/shenhang/ros_study/chapter3/topic_practice_workspace/src/status_display/src/sys_status_display.cpp:19:42:[m[K [01;36m[Knote: [m[K  cannot convert ‘[01m[K((const std::__shared_ptr_access<status_interfaces::msg::SystemStatus_<std::allocator<void> >, __gnu_cxx::_S_atomic, false, false>*)(& msg))->std::__shared_ptr_access<status_interfaces::msg::SystemStatus_<std::allocator<void> >, __gnu_cxx::_S_atomic, false, false>::operator->()->status_interfaces::msg::SystemStatus_<std::allocator<void> >::stamp[m[K’ (type ‘[01m[Kstatus_interfaces::msg::SystemStatus_<std::allocator<void> >::_stamp_type[m[K’ {aka ‘[01m[Kbuiltin_interfaces::msg::Time_<std::allocator<void> >[m[K’}) to type ‘[01m[Kconst char*[m[K’
   19 |                  << "数据时间: " << [01;36m[Kmsg->stamp[m[K << " s\n"
      |                                     [01;36m[K~~~~~^~~~~[m[K
In file included from [01m[K/usr/include/c++/11/iostream:39[m[K,
                 from [01m[K/opt/ros/humble/include/rclcpp/rclcpp/executor.hpp:22[m[K,
                 from [01m[K/opt/ros/humble/include/rclcpp/rclcpp/executors/multi_threaded_executor.hpp:25[m[K,
                 from [01m[K/opt/ros/humble/include/rclcpp/rclcpp/executors.hpp:21[m[K,
                 from [01m[K/opt/ros/humble/include/rclcpp/rclcpp/rclcpp.hpp:155[m[K,
                 from [01m[K/home/shenhang/ros_study/chapter3/topic_practice_workspace/src/status_display/src/sys_status_display.cpp:4[m[K:
[01m[K/usr/include/c++/11/ostream:624:5:[m[K [01;36m[Knote: [m[Kcandidate: ‘[01m[Ktemplate<class _Traits> std::basic_ostream<char, _Traits>& std::operator<<(std::basic_ostream<char, _Traits>&, const signed char*)[m[K’
  624 |     [01;36m[Koperator[m[K<<(basic_ostream<char, _Traits>& __out, const signed char* __s)
      |     [01;36m[K^~~~~~~~[m[K
[01m[K/usr/include/c++/11/ostream:624:5:[m[K [01;36m[Knote: [m[K  template argument deduction/substitution failed:
[01m[K/home/shenhang/ros_study/chapter3/topic_practice_workspace/src/status_display/src/sys_status_display.cpp:19:42:[m[K [01;36m[Knote: [m[K  cannot convert ‘[01m[K((const std::__shared_ptr_access<status_interfaces::msg::SystemStatus_<std::allocator<void> >, __gnu_cxx::_S_atomic, false, false>*)(& msg))->std::__shared_ptr_access<status_interfaces::msg::SystemStatus_<std::allocator<void> >, __gnu_cxx::_S_atomic, false, false>::operator->()->status_interfaces::msg::SystemStatus_<std::allocator<void> >::stamp[m[K’ (type ‘[01m[Kstatus_interfaces::msg::SystemStatus_<std::allocator<void> >::_stamp_type[m[K’ {aka ‘[01m[Kbuiltin_interfaces::msg::Time_<std::allocator<void> >[m[K’}) to type ‘[01m[Kconst signed char*[m[K’
   19 |                  << "数据时间: " << [01;36m[Kmsg->stamp[m[K << " s\n"
      |                                     [01;36m[K~~~~~^~~~~[m[K
In file included from [01m[K/usr/include/c++/11/iostream:39[m[K,
                 from [01m[K/opt/ros/humble/include/rclcpp/rclcpp/executor.hpp:22[m[K,
                 from [01m[K/opt/ros/humble/include/rclcpp/rclcpp/executors/multi_threaded_executor.hpp:25[m[K,
                 from [01m[K/opt/ros/humble/include/rclcpp/rclcpp/executors.hpp:21[m[K,
                 from [01m[K/opt/ros/humble/include/rclcpp/rclcpp/rclcpp.hpp:155[m[K,
                 from [01m[K/home/shenhang/ros_study/chapter3/topic_practice_workspace/src/status_display/src/sys_status_display.cpp:4[m[K:
[01m[K/usr/include/c++/11/ostream:629:5:[m[K [01;36m[Knote: [m[Kcandidate: ‘[01m[Ktemplate<class _Traits> std::basic_ostream<char, _Traits>& std::operator<<(std::basic_ostream<char, _Traits>&, const unsigned char*)[m[K’
  629 |     [01;36m[Koperator[m[K<<(basic_ostream<char, _Traits>& __out, const unsigned char* __s)
      |     [01;36m[K^~~~~~~~[m[K
[01m[K/usr/include/c++/11/ostream:629:5:[m[K [01;36m[Knote: [m[K  template argument deduction/substitution failed:
[01m[K/home/shenhang/ros_study/chapter3/topic_practice_workspace/src/status_display/src/sys_status_display.cpp:19:42:[m[K [01;36m[Knote: [m[K  cannot convert ‘[01m[K((const std::__shared_ptr_access<status_interfaces::msg::SystemStatus_<std::allocator<void> >, __gnu_cxx::_S_atomic, false, false>*)(& msg))->std::__shared_ptr_access<status_interfaces::msg::SystemStatus_<std::allocator<void> >, __gnu_cxx::_S_atomic, false, false>::operator->()->status_interfaces::msg::SystemStatus_<std::allocator<void> >::stamp[m[K’ (type ‘[01m[Kstatus_interfaces::msg::SystemStatus_<std::allocator<void> >::_stamp_type[m[K’ {aka ‘[01m[Kbuiltin_interfaces::msg::Time_<std::allocator<void> >[m[K’}) to type ‘[01m[Kconst unsigned char*[m[K’
   19 |                  << "数据时间: " << [01;36m[Kmsg->stamp[m[K << " s\n"
      |                                     [01;36m[K~~~~~^~~~~[m[K
In file included from [01m[K/usr/include/c++/11/iostream:39[m[K,
                 from [01m[K/opt/ros/humble/include/rclcpp/rclcpp/executor.hpp:22[m[K,
                 from [01m[K/opt/ros/humble/include/rclcpp/rclcpp/executors/multi_threaded_executor.hpp:25[m[K,
                 from [01m[K/opt/ros/humble/include/rclcpp/rclcpp/executors.hpp:21[m[K,
                 from [01m[K/opt/ros/humble/include/rclcpp/rclcpp/rclcpp.hpp:155[m[K,
                 from [01m[K/home/shenhang/ros_study/chapter3/topic_practice_workspace/src/status_display/src/sys_status_display.cpp:4[m[K:
[01m[K/usr/include/c++/11/ostream:750:5:[m[K [01;36m[Knote: [m[Kcandidate: ‘[01m[Ktemplate<class _Ostream, class _Tp> _Ostream&& std::operator<<(_Ostream&&, const _Tp&)[m[K’
  750 |     [01;36m[Koperator[m[K<<(_Ostream&& __os, const _Tp& __x)
      |     [01;36m[K^~~~~~~~[m[K
[01m[K/usr/include/c++/11/ostream:750:5:[m[K [01;36m[Knote: [m[K  template argument deduction/substitution failed:
/usr/include/c++/11/ostream: In substitution of ‘[01m[Ktemplate<class _Ostream, class _Tp> _Ostream&& std::operator<<(_Ostream&&, const _Tp&) [with _Ostream = std::basic_ostream<char>&; _Tp = builtin_interfaces::msg::Time_<std::allocator<void> >][m[K’:
[01m[K/home/shenhang/ros_study/chapter3/topic_practice_workspace/src/status_display/src/sys_status_display.cpp:19:46:[m[K   required from here
[01m[K/usr/include/c++/11/ostream:750:5:[m[K [01;31m[Kerror: [m[Kno type named ‘[01m[Ktype[m[K’ in ‘[01m[Kstruct std::enable_if<false, void>[m[K’
In file included from [01m[K/opt/ros/humble/include/rosidl_runtime_cpp/rosidl_runtime_cpp/traits.hpp:19[m[K,
                 from [01m[K/opt/ros/humble/include/builtin_interfaces/builtin_interfaces/msg/detail/duration__traits.hpp:15[m[K,
                 from [01m[K/opt/ros/humble/include/builtin_interfaces/builtin_interfaces/msg/duration.hpp:9[m[K,
                 from [01m[K/opt/ros/humble/include/rclcpp/rclcpp/duration.hpp:20[m[K,
                 from [01m[K/opt/ros/humble/include/rclcpp/rclcpp/qos.hpp:20[m[K,
                 from [01m[K/opt/ros/humble/include/rclcpp/rclcpp/node_interfaces/node_graph_interface.hpp:32[m[K,
                 from [01m[K/opt/ros/humble/include/rclcpp/rclcpp/client.hpp:42[m[K,
                 from [01m[K/opt/ros/humble/include/rclcpp/rclcpp/callback_group.hpp:24[m[K,
                 from [01m[K/opt/ros/humble/include/rclcpp/rclcpp/any_executable.hpp:20[m[K,
                 from [01m[K/opt/ros/humble/include/rclcpp/rclcpp/memory_strategy.hpp:25[m[K,
                 from [01m[K/opt/ros/humble/include/rclcpp/rclcpp/memory_strategies.hpp:18[m[K,
                 from [01m[K/opt/ros/humble/include/rclcpp/rclcpp/executor_options.hpp:20[m[K,
                 from [01m[K/opt/ros/humble/include/rclcpp/rclcpp/executor.hpp:37[m[K,
                 from [01m[K/opt/ros/humble/include/rclcpp/rclcpp/executors/multi_threaded_executor.hpp:25[m[K,
                 from [01m[K/opt/ros/humble/include/rclcpp/rclcpp/executors.hpp:21[m[K,
                 from [01m[K/opt/ros/humble/include/rclcpp/rclcpp/rclcpp.hpp:155[m[K,
                 from [01m[K/home/shenhang/ros_study/chapter3/topic_practice_workspace/src/status_display/src/sys_status_display.cpp:4[m[K:
[01m[K/usr/include/c++/11/iomanip:79:5:[m[K [01;36m[Knote: [m[Kcandidate: ‘[01m[Ktemplate<class _CharT, class _Traits> std::basic_ostream<_CharT, _Traits>& std::operator<<(std::basic_ostream<_CharT, _Traits>&, std::_Resetiosflags)[m[K’
   79 |     [01;36m[Koperator[m[K<<(basic_ostream<_CharT, _Traits>& __os, _Resetiosflags __f)
      |     [01;36m[K^~~~~~~~[m[K
[01m[K/usr/include/c++/11/iomanip:79:5:[m[K [01;36m[Knote: [m[K  template argument deduction/substitution failed:
[01m[K/home/shenhang/ros_study/chapter3/topic_practice_workspace/src/status_display/src/sys_status_display.cpp:19:42:[m[K [01;36m[Knote: [m[K  cannot convert ‘[01m[K((const std::__shared_ptr_access<status_interfaces::msg::SystemStatus_<std::allocator<void> >, __gnu_cxx::_S_atomic, false, false>*)(& msg))->std::__shared_ptr_access<status_interfaces::msg::SystemStatus_<std::allocator<void> >, __gnu_cxx::_S_atomic, false, false>::operator->()->status_interfaces::msg::SystemStatus_<std::allocator<void> >::stamp[m[K’ (type ‘[01m[Kstatus_interfaces::msg::SystemStatus_<std::allocator<void> >::_stamp_type[m[K’ {aka ‘[01m[Kbuiltin_interfaces::msg::Time_<std::allocator<void> >[m[K’}) to type ‘[01m[Kstd::_Resetiosflags[m[K’
   19 |                  << "数据时间: " << [01;36m[Kmsg->stamp[m[K << " s\n"
      |                                     [01;36m[K~~~~~^~~~~[m[K
In file included from [01m[K/opt/ros/humble/include/rosidl_runtime_cpp/rosidl_runtime_cpp/traits.hpp:19[m[K,
                 from [01m[K/opt/ros/humble/include/builtin_interfaces/builtin_interfaces/msg/detail/duration__traits.hpp:15[m[K,
                 from [01m[K/opt/ros/humble/include/builtin_interfaces/builtin_interfaces/msg/duration.hpp:9[m[K,
                 from [01m[K/opt/ros/humble/include/rclcpp/rclcpp/duration.hpp:20[m[K,
                 from [01m[K/opt/ros/humble/include/rclcpp/rclcpp/qos.hpp:20[m[K,
                 from [01m[K/opt/ros/humble/include/rclcpp/rclcpp/node_interfaces/node_graph_interface.hpp:32[m[K,
                 from [01m[K/opt/ros/humble/include/rclcpp/rclcpp/client.hpp:42[m[K,
                 from [01m[K/opt/ros/humble/include/rclcpp/rclcpp/callback_group.hpp:24[m[K,
                 from [01m[K/opt/ros/humble/include/rclcpp/rclcpp/any_executable.hpp:20[m[K,
                 from [01m[K/opt/ros/humble/include/rclcpp/rclcpp/memory_strategy.hpp:25[m[K,
                 from [01m[K/opt/ros/humble/include/rclcpp/rclcpp/memory_strategies.hpp:18[m[K,
                 from [01m[K/opt/ros/humble/include/rclcpp/rclcpp/executor_options.hpp:20[m[K,
                 from [01m[K/opt/ros/humble/include/rclcpp/rclcpp/executor.hpp:37[m[K,
                 from [01m[K/opt/ros/humble/include/rclcpp/rclcpp/executors/multi_threaded_executor.hpp:25[m[K,
                 from [01m[K/opt/ros/humble/include/rclcpp/rclcpp/executors.hpp:21[m[K,
                 from [01m[K/opt/ros/humble/include/rclcpp/rclcpp/rclcpp.hpp:155[m[K,
                 from [01m[K/home/shenhang/ros_study/chapter3/topic_practice_workspace/src/status_display/src/sys_status_display.cpp:4[m[K:
[01m[K/usr/include/c++/11/iomanip:109:5:[m[K [01;36m[Knote: [m[Kcandidate: ‘[01m[Ktemplate<class _CharT, class _Traits> std::basic_ostream<_CharT, _Traits>& std::operator<<(std::basic_ostream<_CharT, _Traits>&, std::_Setiosflags)[m[K’
  109 |     [01;36m[Koperator[m[K<<(basic_ostream<_CharT, _Traits>& __os, _Setiosflags __f)
      |     [01;36m[K^~~~~~~~[m[K
[01m[K/usr/include/c++/11/iomanip:109:5:[m[K [01;36m[Knote: [m[K  template argument deduction/substitution failed:
[01m[K/home/shenhang/ros_study/chapter3/topic_practice_workspace/src/status_display/src/sys_status_display.cpp:19:42:[m[K [01;36m[Knote: [m[K  cannot convert ‘[01m[K((const std::__shared_ptr_access<status_interfaces::msg::SystemStatus_<std::allocator<void> >, __gnu_cxx::_S_atomic, false, false>*)(& msg))->std::__shared_ptr_access<status_interfaces::msg::SystemStatus_<std::allocator<void> >, __gnu_cxx::_S_atomic, false, false>::operator->()->status_interfaces::msg::SystemStatus_<std::allocator<void> >::stamp[m[K’ (type ‘[01m[Kstatus_interfaces::msg::SystemStatus_<std::allocator<void> >::_stamp_type[m[K’ {aka ‘[01m[Kbuiltin_interfaces::msg::Time_<std::allocator<void> >[m[K’}) to type ‘[01m[Kstd::_Setiosflags[m[K’
   19 |                  << "数据时间: " << [01;36m[Kmsg->stamp[m[K << " s\n"
      |                                     [01;36m[K~~~~~^~~~~[m[K
In file included from [01m[K/opt/ros/humble/include/rosidl_runtime_cpp/rosidl_runtime_cpp/traits.hpp:19[m[K,
                 from [01m[K/opt/ros/humble/include/builtin_interfaces/builtin_interfaces/msg/detail/duration__traits.hpp:15[m[K,
                 from [01m[K/opt/ros/humble/include/builtin_interfaces/builtin_interfaces/msg/duration.hpp:9[m[K,
                 from [01m[K/opt/ros/humble/include/rclcpp/rclcpp/duration.hpp:20[m[K,
                 from [01m[K/opt/ros/humble/include/rclcpp/rclcpp/qos.hpp:20[m[K,
                 from [01m[K/opt/ros/humble/include/rclcpp/rclcpp/node_interfaces/node_graph_interface.hpp:32[m[K,
                 from [01m[K/opt/ros/humble/include/rclcpp/rclcpp/client.hpp:42[m[K,
                 from [01m[K/opt/ros/humble/include/rclcpp/rclcpp/callback_group.hpp:24[m[K,
                 from [01m[K/opt/ros/humble/include/rclcpp/rclcpp/any_executable.hpp:20[m[K,
                 from [01m[K/opt/ros/humble/include/rclcpp/rclcpp/memory_strategy.hpp:25[m[K,
                 from [01m[K/opt/ros/humble/include/rclcpp/rclcpp/memory_strategies.hpp:18[m[K,
                 from [01m[K/opt/ros/humble/include/rclcpp/rclcpp/executor_options.hpp:20[m[K,
                 from [01m[K/opt/ros/humble/include/rclcpp/rclcpp/executor.hpp:37[m[K,
                 from [01m[K/opt/ros/humble/include/rclcpp/rclcpp/executors/multi_threaded_executor.hpp:25[m[K,
                 from [01m[K/opt/ros/humble/include/rclcpp/rclcpp/executors.hpp:21[m[K,
                 from [01m[K/opt/ros/humble/include/rclcpp/rclcpp/rclcpp.hpp:155[m[K,
                 from [01m[K/home/shenhang/ros_study/chapter3/topic_practice_workspace/src/status_display/src/sys_status_display.cpp:4[m[K:
[01m[K/usr/include/c++/11/iomanip:143:5:[m[K [01;36m[Knote: [m[Kcandidate: ‘[01m[Ktemplate<class _CharT, class _Traits> std::basic_ostream<_CharT, _Traits>& std::operator<<(std::basic_ostream<_CharT, _Traits>&, std::_Setbase)[m[K’
  143 |     [01;36m[Koperator[m[K<<(basic_ostream<_CharT, _Traits>& __os, _Setbase __f)
      |     [01;36m[K^~~~~~~~[m[K
[01m[K/usr/include/c++/11/iomanip:143:5:[m[K [01;36m[Knote: [m[K  template argument deduction/substitution failed:
[01m[K/home/shenhang/ros_study/chapter3/topic_practice_workspace/src/status_display/src/sys_status_display.cpp:19:42:[m[K [01;36m[Knote: [m[K  cannot convert ‘[01m[K((const std::__shared_ptr_access<status_interfaces::msg::SystemStatus_<std::allocator<void> >, __gnu_cxx::_S_atomic, false, false>*)(& msg))->std::__shared_ptr_access<status_interfaces::msg::SystemStatus_<std::allocator<void> >, __gnu_cxx::_S_atomic, false, false>::operator->()->status_interfaces::msg::SystemStatus_<std::allocator<void> >::stamp[m[K’ (type ‘[01m[Kstatus_interfaces::msg::SystemStatus_<std::allocator<void> >::_stamp_type[m[K’ {aka ‘[01m[Kbuiltin_interfaces::msg::Time_<std::allocator<void> >[m[K’}) to type ‘[01m[Kstd::_Setbase[m[K’
   19 |                  << "数据时间: " << [01;36m[Kmsg->stamp[m[K << " s\n"
      |                                     [01;36m[K~~~~~^~~~~[m[K
In file included from [01m[K/opt/ros/humble/include/rosidl_runtime_cpp/rosidl_runtime_cpp/traits.hpp:19[m[K,
                 from [01m[K/opt/ros/humble/include/builtin_interfaces/builtin_interfaces/msg/detail/duration__traits.hpp:15[m[K,
                 from [01m[K/opt/ros/humble/include/builtin_interfaces/builtin_interfaces/msg/duration.hpp:9[m[K,
                 from [01m[K/opt/ros/humble/include/rclcpp/rclcpp/duration.hpp:20[m[K,
                 from [01m[K/opt/ros/humble/include/rclcpp/rclcpp/qos.hpp:20[m[K,
                 from [01m[K/opt/ros/humble/include/rclcpp/rclcpp/node_interfaces/node_graph_interface.hpp:32[m[K,
                 from [01m[K/opt/ros/humble/include/rclcpp/rclcpp/client.hpp:42[m[K,
                 from [01m[K/opt/ros/humble/include/rclcpp/rclcpp/callback_group.hpp:24[m[K,
                 from [01m[K/opt/ros/humble/include/rclcpp/rclcpp/any_executable.hpp:20[m[K,
                 from [01m[K/opt/ros/humble/include/rclcpp/rclcpp/memory_strategy.hpp:25[m[K,
                 from [01m[K/opt/ros/humble/include/rclcpp/rclcpp/memory_strategies.hpp:18[m[K,
                 from [01m[K/opt/ros/humble/include/rclcpp/rclcpp/executor_options.hpp:20[m[K,
                 from [01m[K/opt/ros/humble/include/rclcpp/rclcpp/executor.hpp:37[m[K,
                 from [01m[K/opt/ros/humble/include/rclcpp/rclcpp/executors/multi_threaded_executor.hpp:25[m[K,
                 from [01m[K/opt/ros/humble/include/rclcpp/rclcpp/executors.hpp:21[m[K,
                 from [01m[K/opt/ros/humble/include/rclcpp/rclcpp/rclcpp.hpp:155[m[K,
                 from [01m[K/home/shenhang/ros_study/chapter3/topic_practice_workspace/src/status_display/src/sys_status_display.cpp:4[m[K:
[01m[K/usr/include/c++/11/iomanip:178:5:[m[K [01;36m[Knote: [m[Kcandidate: ‘[01m[Ktemplate<class _CharT, class _Traits> std::basic_ostream<_CharT, _Traits>& std::operator<<(std::basic_ostream<_CharT, _Traits>&, std::_Setfill<_CharT>)[m[K’
  178 |     [01;36m[Koperator[m[K<<(basic_ostream<_CharT, _Traits>& __os, _Setfill<_CharT> __f)
      |     [01;36m[K^~~~~~~~[m[K
[01m[K/usr/include/c++/11/iomanip:178:5:[m[K [01;36m[Knote: [m[K  template argument deduction/substitution failed:
[01m[K/home/shenhang/ros_study/chapter3/topic_practice_workspace/src/status_display/src/sys_status_display.cpp:19:42:[m[K [01;36m[Knote: [m[K  ‘[01m[Kbuiltin_interfaces::msg::Time_<std::allocator<void> >[m[K’ is not derived from ‘[01m[Kstd::_Setfill<_CharT>[m[K’
   19 |                  << "数据时间: " << msg->[01;36m[Kstamp[m[K << " s\n"
      |                                          [01;36m[K^~~~~[m[K
In file included from [01m[K/opt/ros/humble/include/rosidl_runtime_cpp/rosidl_runtime_cpp/traits.hpp:19[m[K,
                 from [01m[K/opt/ros/humble/include/builtin_interfaces/builtin_interfaces/msg/detail/duration__traits.hpp:15[m[K,
                 from [01m[K/opt/ros/humble/include/builtin_interfaces/builtin_interfaces/msg/duration.hpp:9[m[K,
                 from [01m[K/opt/ros/humble/include/rclcpp/rclcpp/duration.hpp:20[m[K,
                 from [01m[K/opt/ros/humble/include/rclcpp/rclcpp/qos.hpp:20[m[K,
                 from [01m[K/opt/ros/humble/include/rclcpp/rclcpp/node_interfaces/node_graph_interface.hpp:32[m[K,
                 from [01m[K/opt/ros/humble/include/rclcpp/rclcpp/client.hpp:42[m[K,
                 from [01m[K/opt/ros/humble/include/rclcpp/rclcpp/callback_group.hpp:24[m[K,
                 from [01m[K/opt/ros/humble/include/rclcpp/rclcpp/any_executable.hpp:20[m[K,
                 from [01m[K/opt/ros/humble/include/rclcpp/rclcpp/memory_strategy.hpp:25[m[K,
                 from [01m[K/opt/ros/humble/include/rclcpp/rclcpp/memory_strategies.hpp:18[m[K,
                 from [01m[K/opt/ros/humble/include/rclcpp/rclcpp/executor_options.hpp:20[m[K,
                 from [01m[K/opt/ros/humble/include/rclcpp/rclcpp/executor.hpp:37[m[K,
                 from [01m[K/opt/ros/humble/include/rclcpp/rclcpp/executors/multi_threaded_executor.hpp:25[m[K,
                 from [01m[K/opt/ros/humble/include/rclcpp/rclcpp/executors.hpp:21[m[K,
                 from [01m[K/opt/ros/humble/include/rclcpp/rclcpp/rclcpp.hpp:155[m[K,
                 from [01m[K/home/shenhang/ros_study/chapter3/topic_practice_workspace/src/status_display/src/sys_status_display.cpp:4[m[K:
[01m[K/usr/include/c++/11/iomanip:208:5:[m[K [01;36m[Knote: [m[Kcandidate: ‘[01m[Ktemplate<class _CharT, class _Traits> std::basic_ostream<_CharT, _Traits>& std::operator<<(std::basic_ostream<_CharT, _Traits>&, std::_Setprecision)[m[K’
  208 |     [01;36m[Koperator[m[K<<(basic_ostream<_CharT, _Traits>& __os, _Setprecision __f)
      |     [01;36m[K^~~~~~~~[m[K
[01m[K/usr/include/c++/11/iomanip:208:5:[m[K [01;36m[Knote: [m[K  template argument deduction/substitution failed:
[01m[K/home/shenhang/ros_study/chapter3/topic_practice_workspace/src/status_display/src/sys_status_display.cpp:19:42:[m[K [01;36m[Knote: [m[K  cannot convert ‘[01m[K((const std::__shared_ptr_access<status_interfaces::msg::SystemStatus_<std::allocator<void> >, __gnu_cxx::_S_atomic, false, false>*)(& msg))->std::__shared_ptr_access<status_interfaces::msg::SystemStatus_<std::allocator<void> >, __gnu_cxx::_S_atomic, false, false>::operator->()->status_interfaces::msg::SystemStatus_<std::allocator<void> >::stamp[m[K’ (type ‘[01m[Kstatus_interfaces::msg::SystemStatus_<std::allocator<void> >::_stamp_type[m[K’ {aka ‘[01m[Kbuiltin_interfaces::msg::Time_<std::allocator<void> >[m[K’}) to type ‘[01m[Kstd::_Setprecision[m[K’
   19 |                  << "数据时间: " << [01;36m[Kmsg->stamp[m[K << " s\n"
      |                                     [01;36m[K~~~~~^~~~~[m[K
In file included from [01m[K/opt/ros/humble/include/rosidl_runtime_cpp/rosidl_runtime_cpp/traits.hpp:19[m[K,
                 from [01m[K/opt/ros/humble/include/builtin_interfaces/builtin_interfaces/msg/detail/duration__traits.hpp:15[m[K,
                 from [01m[K/opt/ros/humble/include/builtin_interfaces/builtin_interfaces/msg/duration.hpp:9[m[K,
                 from [01m[K/opt/ros/humble/include/rclcpp/rclcpp/duration.hpp:20[m[K,
                 from [01m[K/opt/ros/humble/include/rclcpp/rclcpp/qos.hpp:20[m[K,
                 from [01m[K/opt/ros/humble/include/rclcpp/rclcpp/node_interfaces/node_graph_interface.hpp:32[m[K,
                 from [01m[K/opt/ros/humble/include/rclcpp/rclcpp/client.hpp:42[m[K,
                 from [01m[K/opt/ros/humble/include/rclcpp/rclcpp/callback_group.hpp:24[m[K,
                 from [01m[K/opt/ros/humble/include/rclcpp/rclcpp/any_executable.hpp:20[m[K,
                 from [01m[K/opt/ros/humble/include/rclcpp/rclcpp/memory_strategy.hpp:25[m[K,
                 from [01m[K/opt/ros/humble/include/rclcpp/rclcpp/memory_strategies.hpp:18[m[K,
                 from [01m[K/opt/ros/humble/include/rclcpp/rclcpp/executor_options.hpp:20[m[K,
                 from [01m[K/opt/ros/humble/include/rclcpp/rclcpp/executor.hpp:37[m[K,
                 from [01m[K/opt/ros/humble/include/rclcpp/rclcpp/executors/multi_threaded_executor.hpp:25[m[K,
                 from [01m[K/opt/ros/humble/include/rclcpp/rclcpp/executors.hpp:21[m[K,
                 from [01m[K/opt/ros/humble/include/rclcpp/rclcpp/rclcpp.hpp:155[m[K,
                 from [01m[K/home/shenhang/ros_study/chapter3/topic_practice_workspace/src/status_display/src/sys_status_display.cpp:4[m[K:
[01m[K/usr/include/c++/11/iomanip:238:5:[m[K [01;36m[Knote: [m[Kcandidate: ‘[01m[Ktemplate<class _CharT, class _Traits> std::basic_ostream<_CharT, _Traits>& std::operator<<(std::basic_ostream<_CharT, _Traits>&, std::_Setw)[m[K’
  238 |     [01;36m[Koperator[m[K<<(basic_ostream<_CharT, _Traits>& __os, _Setw __f)
      |     [01;36m[K^~~~~~~~[m[K
[01m[K/usr/include/c++/11/iomanip:238:5:[m[K [01;36m[Knote: [m[K  template argument deduction/substitution failed:
[01m[K/home/shenhang/ros_study/chapter3/topic_practice_workspace/src/status_display/src/sys_status_display.cpp:19:42:[m[K [01;36m[Knote: [m[K  cannot convert ‘[01m[K((const std::__shared_ptr_access<status_interfaces::msg::SystemStatus_<std::allocator<void> >, __gnu_cxx::_S_atomic, false, false>*)(& msg))->std::__shared_ptr_access<status_interfaces::msg::SystemStatus_<std::allocator<void> >, __gnu_cxx::_S_atomic, false, false>::operator->()->status_interfaces::msg::SystemStatus_<std::allocator<void> >::stamp[m[K’ (type ‘[01m[Kstatus_interfaces::msg::SystemStatus_<std::allocator<void> >::_stamp_type[m[K’ {aka ‘[01m[Kbuiltin_interfaces::msg::Time_<std::allocator<void> >[m[K’}) to type ‘[01m[Kstd::_Setw[m[K’
   19 |                  << "数据时间: " << [01;36m[Kmsg->stamp[m[K << " s\n"
      |                                     [01;36m[K~~~~~^~~~~[m[K
In file included from [01m[K/opt/ros/humble/include/rosidl_runtime_cpp/rosidl_runtime_cpp/traits.hpp:19[m[K,
                 from [01m[K/opt/ros/humble/include/builtin_interfaces/builtin_interfaces/msg/detail/duration__traits.hpp:15[m[K,
                 from [01m[K/opt/ros/humble/include/builtin_interfaces/builtin_interfaces/msg/duration.hpp:9[m[K,
                 from [01m[K/opt/ros/humble/include/rclcpp/rclcpp/duration.hpp:20[m[K,
                 from [01m[K/opt/ros/humble/include/rclcpp/rclcpp/qos.hpp:20[m[K,
                 from [01m[K/opt/ros/humble/include/rclcpp/rclcpp/node_interfaces/node_graph_interface.hpp:32[m[K,
                 from [01m[K/opt/ros/humble/include/rclcpp/rclcpp/client.hpp:42[m[K,
                 from [01m[K/opt/ros/humble/include/rclcpp/rclcpp/callback_group.hpp:24[m[K,
                 from [01m[K/opt/ros/humble/include/rclcpp/rclcpp/any_executable.hpp:20[m[K,
                 from [01m[K/opt/ros/humble/include/rclcpp/rclcpp/memory_strategy.hpp:25[m[K,
                 from [01m[K/opt/ros/humble/include/rclcpp/rclcpp/memory_strategies.hpp:18[m[K,
                 from [01m[K/opt/ros/humble/include/rclcpp/rclcpp/executor_options.hpp:20[m[K,
                 from [01m[K/opt/ros/humble/include/rclcpp/rclcpp/executor.hpp:37[m[K,
                 from [01m[K/opt/ros/humble/include/rclcpp/rclcpp/executors/multi_threaded_executor.hpp:25[m[K,
                 from [01m[K/opt/ros/humble/include/rclcpp/rclcpp/executors.hpp:21[m[K,
                 from [01m[K/opt/ros/humble/include/rclcpp/rclcpp/rclcpp.hpp:155[m[K,
                 from [01m[K/home/shenhang/ros_study/chapter3/topic_practice_workspace/src/status_display/src/sys_status_display.cpp:4[m[K:
[01m[K/usr/include/c++/11/iomanip:311:5:[m[K [01;36m[Knote: [m[Kcandidate: ‘[01m[Ktemplate<class _CharT, class _Traits, class _MoneyT> std::basic_ostream<_CharT, _Traits>& std::operator<<(std::basic_ostream<_CharT, _Traits>&, std::_Put_money<_MoneyT>)[m[K’
  311 |     [01;36m[Koperator[m[K<<(basic_ostream<_CharT, _Traits>& __os, _Put_money<_MoneyT> __f)
      |     [01;36m[K^~~~~~~~[m[K
[01m[K/usr/include/c++/11/iomanip:311:5:[m[K [01;36m[Knote: [m[K  template argument deduction/substitution failed:
[01m[K/home/shenhang/ros_study/chapter3/topic_practice_workspace/src/status_display/src/sys_status_display.cpp:19:42:[m[K [01;36m[Knote: [m[K  ‘[01m[Kbuiltin_interfaces::msg::Time_<std::allocator<void> >[m[K’ is not derived from ‘[01m[Kstd::_Put_money<_MoneyT>[m[K’
   19 |                  << "数据时间: " << msg->[01;36m[Kstamp[m[K << " s\n"
      |                                          [01;36m[K^~~~~[m[K
In file included from [01m[K/opt/ros/humble/include/rosidl_runtime_cpp/rosidl_runtime_cpp/traits.hpp:19[m[K,
                 from [01m[K/opt/ros/humble/include/builtin_interfaces/builtin_interfaces/msg/detail/duration__traits.hpp:15[m[K,
                 from [01m[K/opt/ros/humble/include/builtin_interfaces/builtin_interfaces/msg/duration.hpp:9[m[K,
                 from [01m[K/opt/ros/humble/include/rclcpp/rclcpp/duration.hpp:20[m[K,
                 from [01m[K/opt/ros/humble/include/rclcpp/rclcpp/qos.hpp:20[m[K,
                 from [01m[K/opt/ros/humble/include/rclcpp/rclcpp/node_interfaces/node_graph_interface.hpp:32[m[K,
                 from [01m[K/opt/ros/humble/include/rclcpp/rclcpp/client.hpp:42[m[K,
                 from [01m[K/opt/ros/humble/include/rclcpp/rclcpp/callback_group.hpp:24[m[K,
                 from [01m[K/opt/ros/humble/include/rclcpp/rclcpp/any_executable.hpp:20[m[K,
                 from [01m[K/opt/ros/humble/include/rclcpp/rclcpp/memory_strategy.hpp:25[m[K,
                 from [01m[K/opt/ros/humble/include/rclcpp/rclcpp/memory_strategies.hpp:18[m[K,
                 from [01m[K/opt/ros/humble/include/rclcpp/rclcpp/executor_options.hpp:20[m[K,
                 from [01m[K/opt/ros/humble/include/rclcpp/rclcpp/executor.hpp:37[m[K,
                 from [01m[K/opt/ros/humble/include/rclcpp/rclcpp/executors/multi_threaded_executor.hpp:25[m[K,
                 from [01m[K/opt/ros/humble/include/rclcpp/rclcpp/executors.hpp:21[m[K,
                 from [01m[K/opt/ros/humble/include/rclcpp/rclcpp/rclcpp.hpp:155[m[K,
                 from [01m[K/home/shenhang/ros_study/chapter3/topic_practice_workspace/src/status_display/src/sys_status_display.cpp:4[m[K:
[01m[K/usr/include/c++/11/iomanip:363:5:[m[K [01;36m[Knote: [m[Kcandidate: ‘[01m[Ktemplate<class _CharT, class _Traits> std::basic_ostream<_CharT, _Traits>& std::operator<<(std::basic_ostream<_CharT, _Traits>&, std::_Put_time<_CharT>)[m[K’
  363 |     [01;36m[Koperator[m[K<<(basic_ostream<_CharT, _Traits>& __os, _Put_time<_CharT> __f)
      |     [01;36m[K^~~~~~~~[m[K
[01m[K/usr/include/c++/11/iomanip:363:5:[m[K [01;36m[Knote: [m[K  template argument deduction/substitution failed:
[01m[K/home/shenhang/ros_study/chapter3/topic_practice_workspace/src/status_display/src/sys_status_display.cpp:19:42:[m[K [01;36m[Knote: [m[K  ‘[01m[Kbuiltin_interfaces::msg::Time_<std::allocator<void> >[m[K’ is not derived from ‘[01m[Kstd::_Put_time<_CharT>[m[K’
   19 |                  << "数据时间: " << msg->[01;36m[Kstamp[m[K << " s\n"
      |                                          [01;36m[K^~~~~[m[K
In file included from [01m[K/usr/include/x86_64-linux-gnu/qt5/QtCore/qstring.h:49[m[K,
                 from [01m[K/usr/include/x86_64-linux-gnu/qt5/QtCore/qcoreapplication.h:44[m[K,
                 from [01m[K/usr/include/x86_64-linux-gnu/qt5/QtWidgets/qapplication.h:44[m[K,
                 from [01m[K/usr/include/x86_64-linux-gnu/qt5/QtWidgets/QApplication:1[m[K,
                 from [01m[K/home/shenhang/ros_study/chapter3/topic_practice_workspace/src/status_display/src/sys_status_display.cpp:1[m[K:
[01m[K/usr/include/x86_64-linux-gnu/qt5/QtCore/qchar.h:662:28:[m[K [01;36m[Knote: [m[Kcandidate: ‘[01m[KQDataStream& operator<<(QDataStream&, QChar)[m[K’
  662 | Q_CORE_EXPORT QDataStream &[01;36m[Koperator[m[K<<(QDataStream &, QChar);
      |                            [01;36m[K^~~~~~~~[m[K
[01m[K/usr/include/x86_64-linux-gnu/qt5/QtCore/qchar.h:662:39:[m[K [01;36m[Knote: [m[K  no known conversion for argument 1 from ‘[01m[Kstd::basic_ostream<char>[m[K’ to ‘[01m[KQDataStream&[m[K’
  662 | Q_CORE_EXPORT QDataStream &operator<<([01;36m[KQDataStream &[m[K, QChar);
      |                                       [01;36m[K^~~~~~~~~~~~~[m[K
In file included from [01m[K/usr/include/x86_64-linux-gnu/qt5/QtCore/qstring.h:50[m[K,
                 from [01m[K/usr/include/x86_64-linux-gnu/qt5/QtCore/qcoreapplication.h:44[m[K,
                 from [01m[K/usr/include/x86_64-linux-gnu/qt5/QtWidgets/qapplication.h:44[m[K,
                 from [01m[K/usr/include/x86_64-linux-gnu/qt5/QtWidgets/QApplication:1[m[K,
                 from [01m[K/home/shenhang/ros_study/chapter3/topic_practice_workspace/src/status_display/src/sys_status_display.cpp:1[m[K:
[01m[K/usr/include/x86_64-linux-gnu/qt5/QtCore/qbytearray.h:759:28:[m[K [01;36m[Knote: [m[Kcandidate: ‘[01m[KQDataStream& operator<<(QDataStream&, const QByteArray&)[m[K’
  759 | Q_CORE_EXPORT QDataStream &[01;36m[Koperator[m[K<<(QDataStream &, const QByteArray &);
      |                            [01;36m[K^~~~~~~~[m[K
[01m[K/usr/include/x86_64-linux-gnu/qt5/QtCore/qbytearray.h:759:39:[m[K [01;36m[Knote: [m[K  no known conversion for argument 1 from ‘[01m[Kstd::basic_ostream<char>[m[K’ to ‘[01m[KQDataStream&[m[K’
  759 | Q_CORE_EXPORT QDataStream &operator<<([01;36m[KQDataStream &[m[K, const QByteArray &);
      |                                       [01;36m[K^~~~~~~~~~~~~[m[K
In file included from [01m[K/usr/include/x86_64-linux-gnu/qt5/QtCore/qcoreapplication.h:44[m[K,
                 from [01m[K/usr/include/x86_64-linux-gnu/qt5/QtWidgets/qapplication.h:44[m[K,
                 from [01m[K/usr/include/x86_64-linux-gnu/qt5/QtWidgets/QApplication:1[m[K,
                 from [01m[K/home/shenhang/ros_study/chapter3/topic_practice_workspace/src/status_display/src/sys_status_display.cpp:1[m[K:
[01m[K/usr/include/x86_64-linux-gnu/qt5/QtCore/qstring.h:1594:28:[m[K [01;36m[Knote: [m[Kcandidate: ‘[01m[KQDataStream& operator<<(QDataStream&, const QString&)[m[K’
 1594 | Q_CORE_EXPORT QDataStream &[01;36m[Koperator[m[K<<(QDataStream &, const QString &);
      |                            [01;36m[K^~~~~~~~[m[K
[01m[K/usr/include/x86_64-linux-gnu/qt5/QtCore/qstring.h:1594:39:[m[K [01;36m[Knote: [m[K  no known conversion for argument 1 from ‘[01m[Kstd::basic_ostream<char>[m[K’ to ‘[01m[KQDataStream&[m[K’
 1594 | Q_CORE_EXPORT QDataStream &operator<<([01;36m[KQDataStream &[m[K, const QString &);
      |                                       [01;36m[K^~~~~~~~~~~~~[m[K
In file included from [01m[K/usr/include/x86_64-linux-gnu/qt5/QtCore/qstringlist.h:48[m[K,
                 from [01m[K/usr/include/x86_64-linux-gnu/qt5/QtCore/qlist.h:1196[m[K,
                 from [01m[K/usr/include/x86_64-linux-gnu/qt5/QtCore/qobject.h:49[m[K,
                 from [01m[K/usr/include/x86_64-linux-gnu/qt5/QtCore/qcoreapplication.h:46[m[K,
                 from [01m[K/usr/include/x86_64-linux-gnu/qt5/QtWidgets/qapplication.h:44[m[K,
                 from [01m[K/usr/include/x86_64-linux-gnu/qt5/QtWidgets/QApplication:1[m[K,
                 from [01m[K/home/shenhang/ros_study/chapter3/topic_practice_workspace/src/status_display/src/sys_status_display.cpp:1[m[K:
[01m[K/usr/include/x86_64-linux-gnu/qt5/QtCore/qregexp.h:122:28:[m[K [01;36m[Knote: [m[Kcandidate: ‘[01m[KQDataStream& operator<<(QDataStream&, const QRegExp&)[m[K’
  122 | Q_CORE_EXPORT QDataStream &[01;36m[Koperator[m[K<<(QDataStream &out, const QRegExp &regExp);
      |                            [01;36m[K^~~~~~~~[m[K
[01m[K/usr/include/x86_64-linux-gnu/qt5/QtCore/qregexp.h:122:52:[m[K [01;36m[Knote: [m[K  no known conversion for argument 1 from ‘[01m[Kstd::basic_ostream<char>[m[K’ to ‘[01m[KQDataStream&[m[K’
  122 | Q_CORE_EXPORT QDataStream &operator<<([01;36m[KQDataStream &out[m[K, const QRegExp &regExp);
      |                                       [01;36m[K~~~~~~~~~~~~~^~~[m[K
[01m[K/usr/include/x86_64-linux-gnu/qt5/QtCore/qregexp.h:127:22:[m[K [01;36m[Knote: [m[Kcandidate: ‘[01m[KQDebug operator<<(QDebug, const QRegExp&)[m[K’
  127 | Q_CORE_EXPORT QDebug [01;36m[Koperator[m[K<<(QDebug, const QRegExp &);
      |                      [01;36m[K^~~~~~~~[m[K
[01m[K/usr/include/x86_64-linux-gnu/qt5/QtCore/qregexp.h:127:33:[m[K [01;36m[Knote: [m[K  no known conversion for argument 1 from ‘[01m[Kstd::basic_ostream<char>[m[K’ to ‘[01m[KQDebug[m[K’
  127 | Q_CORE_EXPORT QDebug operator<<([01;36m[KQDebug[m[K, const QRegExp &);
      |                                 [01;36m[K^~~~~~[m[K
In file included from [01m[K/usr/include/x86_64-linux-gnu/qt5/QtCore/qcoreapplication.h:46[m[K,
                 from [01m[K/usr/include/x86_64-linux-gnu/qt5/QtWidgets/qapplication.h:44[m[K,
                 from [01m[K/usr/include/x86_64-linux-gnu/qt5/QtWidgets/QApplication:1[m[K,
                 from [01m[K/home/shenhang/ros_study/chapter3/topic_practice_workspace/src/status_display/src/sys_status_display.cpp:1[m[K:
[01m[K/usr/include/x86_64-linux-gnu/qt5/QtCore/qobject.h:554:22:[m[K [01;36m[Knote: [m[Kcandidate: ‘[01m[KQDebug operator<<(QDebug, const QObject*)[m[K’
  554 | Q_CORE_EXPORT QDebug [01;36m[Koperator[m[K<<(QDebug, const QObject *);
      |                      [01;36m[K^~~~~~~~[m[K
[01m[K/usr/include/x86_64-linux-gnu/qt5/QtCore/qobject.h:554:33:[m[K [01;36m[Knote: [m[K  no known conversion for argument 1 from ‘[01m[Kstd::basic_ostream<char>[m[K’ to ‘[01m[KQDebug[m[K’
  554 | Q_CORE_EXPORT QDebug operator<<([01;36m[KQDebug[m[K, const QObject *);
      |                                 [01;36m[K^~~~~~[m[K
In file included from [01m[K/usr/include/x86_64-linux-gnu/qt5/QtWidgets/qapplication.h:46[m[K,
                 from [01m[K/usr/include/x86_64-linux-gnu/qt5/QtWidgets/QApplication:1[m[K,
                 from [01m[K/home/shenhang/ros_study/chapter3/topic_practice_workspace/src/status_display/src/sys_status_display.cpp:1[m[K:
[01m[K/usr/include/x86_64-linux-gnu/qt5/QtCore/qpoint.h:114:28:[m[K [01;36m[Knote: [m[Kcandidate: ‘[01m[KQDataStream& operator<<(QDataStream&, const QPoint&)[m[K’
  114 | Q_CORE_EXPORT QDataStream &[01;36m[Koperator[m[K<<(QDataStream &, const QPoint &);
      |                            [01;36m[K^~~~~~~~[m[K
[01m[K/usr/include/x86_64-linux-gnu/qt5/QtCore/qpoint.h:114:39:[m[K [01;36m[Knote: [m[K  no known conversion for argument 1 from ‘[01m[Kstd::basic_ostream<char>[m[K’ to ‘[01m[KQDataStream&[m[K’
  114 | Q_CORE_EXPORT QDataStream &operator<<([01;36m[KQDataStream &[m[K, const QPoint &);
      |                                       [01;36m[K^~~~~~~~~~~~~[m[K
[01m[K/usr/include/x86_64-linux-gnu/qt5/QtCore/qpoint.h:214:22:[m[K [01;36m[Knote: [m[Kcandidate: ‘[01m[KQDebug operator<<(QDebug, const QPoint&)[m[K’
  214 | Q_CORE_EXPORT QDebug [01;36m[Koperator[m[K<<(QDebug, const QPoint &);
      |                      [01;36m[K^~~~~~~~[m[K
[01m[K/usr/include/x86_64-linux-gnu/qt5/QtCore/qpoint.h:214:33:[m[K [01;36m[Knote: [m[K  no known conversion for argument 1 from ‘[01m[Kstd::basic_ostream<char>[m[K’ to ‘[01m[KQDebug[m[K’
  214 | Q_CORE_EXPORT QDebug operator<<([01;36m[KQDebug[m[K, const QPoint &);
      |                                 [01;36m[K^~~~~~[m[K
[01m[K/usr/include/x86_64-linux-gnu/qt5/QtCore/qpoint.h:281:28:[m[K [01;36m[Knote: [m[Kcandidate: ‘[01m[KQDataStream& operator<<(QDataStream&, const QPointF&)[m[K’
  281 | Q_CORE_EXPORT QDataStream &[01;36m[Koperator[m[K<<(QDataStream &, const QPointF &);
      |                            [01;36m[K^~~~~~~~[m[K
[01m[K/usr/include/x86_64-linux-gnu/qt5/QtCore/qpoint.h:281:39:[m[K [01;36m[Knote: [m[K  no known conversion for argument 1 from ‘[01m[Kstd::basic_ostream<char>[m[K’ to ‘[01m[KQDataStream&[m[K’
  281 | Q_CORE_EXPORT QDataStream &operator<<([01;36m[KQDataStream &[m[K, const QPointF &);
      |                                       [01;36m[K^~~~~~~~~~~~~[m[K
[01m[K/usr/include/x86_64-linux-gnu/qt5/QtCore/qpoint.h:418:22:[m[K [01;36m[Knote: [m[Kcandidate: ‘[01m[KQDebug operator<<(QDebug, const QPointF&)[m[K’
  418 | Q_CORE_EXPORT QDebug [01;36m[Koperator[m[K<<(QDebug d, const QPointF &p);
      |                      [01;36m[K^~~~~~~~[m[K
[01m[K/usr/include/x86_64-linux-gnu/qt5/QtCore/qpoint.h:418:40:[m[K [01;36m[Knote: [m[K  no known conversion for argument 1 from ‘[01m[Kstd::basic_ostream<char>[m[K’ to ‘[01m[KQDebug[m[K’
  418 | Q_CORE_EXPORT QDebug operator<<([01;36m[KQDebug d[m[K, const QPointF &p);
      |                                 [01;36m[K~~~~~~~^[m[K
In file included from [01m[K/usr/include/x86_64-linux-gnu/qt5/QtCore/qsize.h:44[m[K,
                 from [01m[K/usr/include/x86_64-linux-gnu/qt5/QtWidgets/qapplication.h:47[m[K,
                 from [01m[K/usr/include/x86_64-linux-gnu/qt5/QtWidgets/QApplication:1[m[K,
                 from [01m[K/home/shenhang/ros_study/chapter3/topic_practice_workspace/src/status_display/src/sys_status_display.cpp:1[m[K:
[01m[K/usr/include/x86_64-linux-gnu/qt5/QtCore/qmargins.h:94:28:[m[K [01;36m[Knote: [m[Kcandidate: ‘[01m[KQDataStream& operator<<(QDataStream&, const QMargins&)[m[K’
   94 | Q_CORE_EXPORT QDataStream &[01;36m[Koperator[m[K<<(QDataStream &, const QMargins &);
      |                            [01;36m[K^~~~~~~~[m[K
[01m[K/usr/include/x86_64-linux-gnu/qt5/QtCore/qmargins.h:94:39:[m[K [01;36m[Knote: [m[K  no known conversion for argument 1 from ‘[01m[Kstd::basic_ostream<char>[m[K’ to ‘[01m[KQDataStream&[m[K’
   94 | Q_CORE_EXPORT QDataStream &operator<<([01;36m[KQDataStream &[m[K, const QMargins &);
      |                                       [01;36m[K^~~~~~~~~~~~~[m[K
[01m[K/usr/include/x86_64-linux-gnu/qt5/QtCore/qmargins.h:278:22:[m[K [01;36m[Knote: [m[Kcandidate: ‘[01m[KQDebug operator<<(QDebug, const QMargins&)[m[K’
  278 | Q_CORE_EXPORT QDebug [01;36m[Koperator[m[K<<(QDebug, const QMargins &);
      |                      [01;36m[K^~~~~~~~[m[K
[01m[K/usr/include/x86_64-linux-gnu/qt5/QtCore/qmargins.h:278:33:[m[K [01;36m[Knote: [m[K  no known conversion for argument 1 from ‘[01m[Kstd::basic_ostream<char>[m[K’ to ‘[01m[KQDebug[m[K’
  278 | Q_CORE_EXPORT QDebug operator<<([01;36m[KQDebug[m[K, const QMargins &);
      |                                 [01;36m[K^~~~~~[m[K
[01m[K/usr/include/x86_64-linux-gnu/qt5/QtCore/qmargins.h:327:28:[m[K [01;36m[Knote: [m[Kcandidate: ‘[01m[KQDataStream& operator<<(QDataStream&, const QMarginsF&)[m[K’
  327 | Q_CORE_EXPORT QDataStream &[01;36m[Koperator[m[K<<(QDataStream &, const QMarginsF &);
      |                            [01;36m[K^~~~~~~~[m[K
[01m[K/usr/include/x86_64-linux-gnu/qt5/QtCore/qmargins.h:327:39:[m[K [01;36m[Knote: [m[K  no known conversion for argument 1 from ‘[01m[Kstd::basic_ostream<char>[m[K’ to ‘[01m[KQDataStream&[m[K’
  327 | Q_CORE_EXPORT QDataStream &operator<<([01;36m[KQDataStream &[m[K, const QMarginsF &);
      |                                       [01;36m[K^~~~~~~~~~~~~[m[K
[01m[K/usr/include/x86_64-linux-gnu/qt5/QtCore/qmargins.h:487:22:[m[K [01;36m[Knote: [m[Kcandidate: ‘[01m[KQDebug operator<<(QDebug, const QMarginsF&)[m[K’
  487 | Q_CORE_EXPORT QDebug [01;36m[Koperator[m[K<<(QDebug, const QMarginsF &);
      |                      [01;36m[K^~~~~~~~[m[K
[01m[K/usr/include/x86_64-linux-gnu/qt5/QtCore/qmargins.h:487:33:[m[K [01;36m[Knote: [m[K  no known conversion for argument 1 from ‘[01m[Kstd::basic_ostream<char>[m[K’ to ‘[01m[KQDebug[m[K’
  487 | Q_CORE_EXPORT QDebug operator<<([01;36m[KQDebug[m[K, const QMarginsF &);
      |                                 [01;36m[K^~~~~~[m[K
In file included from [01m[K/usr/include/x86_64-linux-gnu/qt5/QtWidgets/qapplication.h:47[m[K,
                 from [01m[K/usr/include/x86_64-linux-gnu/qt5/QtWidgets/QApplication:1[m[K,
                 from [01m[K/home/shenhang/ros_study/chapter3/topic_practice_workspace/src/status_display/src/sys_status_display.cpp:1[m[K:
[01m[K/usr/include/x86_64-linux-gnu/qt5/QtCore/qsize.h:114:28:[m[K [01;36m[Knote: [m[Kcandidate: ‘[01m[KQDataStream& operator<<(QDataStream&, const QSize&)[m[K’
  114 | Q_CORE_EXPORT QDataStream &[01;36m[Koperator[m[K<<(QDataStream &, const QSize &);
      |                            [01;36m[K^~~~~~~~[m[K
[01m[K/usr/include/x86_64-linux-gnu/qt5/QtCore/qsize.h:114:39:[m[K [01;36m[Knote: [m[K  no known conversion for argument 1 from ‘[01m[Kstd::basic_ostream<char>[m[K’ to ‘[01m[KQDataStream&[m[K’
  114 | Q_CORE_EXPORT QDataStream &operator<<([01;36m[KQDataStream &[m[K, const QSize &);
      |                                       [01;36m[K^~~~~~~~~~~~~[m[K
[01m[K/usr/include/x86_64-linux-gnu/qt5/QtCore/qsize.h:217:22:[m[K [01;36m[Knote: [m[Kcandidate: ‘[01m[KQDebug operator<<(QDebug, const QSize&)[m[K’
  217 | Q_CORE_EXPORT QDebug [01;36m[Koperator[m[K<<(QDebug, const QSize &);
      |                      [01;36m[K^~~~~~~~[m[K
[01m[K/usr/include/x86_64-linux-gnu/qt5/QtCore/qsize.h:217:33:[m[K [01;36m[Knote: [m[K  no known conversion for argument 1 from ‘[01m[Kstd::basic_ostream<char>[m[K’ to ‘[01m[KQDebug[m[K’
  217 | Q_CORE_EXPORT QDebug operator<<([01;36m[KQDebug[m[K, const QSize &);
      |                                 [01;36m[K^~~~~~[m[K
[01m[K/usr/include/x86_64-linux-gnu/qt5/QtCore/qsize.h:287:28:[m[K [01;36m[Knote: [m[Kcandidate: ‘[01m[KQDataStream& operator<<(QDataStream&, const QSizeF&)[m[K’
  287 | Q_CORE_EXPORT QDataStream &[01;36m[Koperator[m[K<<(QDataStream &, const QSizeF &);
      |                            [01;36m[K^~~~~~~~[m[K
[01m[K/usr/include/x86_64-linux-gnu/qt5/QtCore/qsize.h:287:39:[m[K [01;36m[Knote: [m[K  no known conversion for argument 1 from ‘[01m[Kstd::basic_ostream<char>[m[K’ to ‘[01m[KQDataStream&[m[K’
  287 | Q_CORE_EXPORT QDataStream &operator<<([01;36m[KQDataStream &[m[K, const QSizeF &);
      |                                       [01;36m[K^~~~~~~~~~~~~[m[K
[01m[K/usr/include/x86_64-linux-gnu/qt5/QtCore/qsize.h:397:22:[m[K [01;36m[Knote: [m[Kcandidate: ‘[01m[KQDebug operator<<(QDebug, const QSizeF&)[m[K’
  397 | Q_CORE_EXPORT QDebug [01;36m[Koperator[m[K<<(QDebug, const QSizeF &);
      |                      [01;36m[K^~~~~~~~[m[K
[01m[K/usr/include/x86_64-linux-gnu/qt5/QtCore/qsize.h:397:33:[m[K [01;36m[Knote: [m[K  no known conversion for argument 1 from ‘[01m[Kstd::basic_ostream<char>[m[K’ to ‘[01m[KQDebug[m[K’
  397 | Q_CORE_EXPORT QDebug operator<<([01;36m[KQDebug[m[K, const QSizeF &);
      |                                 [01;36m[K^~~~~~[m[K
In file included from [01m[K/usr/include/x86_64-linux-gnu/qt5/QtWidgets/qapplication.h:48[m[K,
                 from [01m[K/usr/include/x86_64-linux-gnu/qt5/QtWidgets/QApplication:1[m[K,
                 from [01m[K/home/shenhang/ros_study/chapter3/topic_practice_workspace/src/status_display/src/sys_status_display.cpp:1[m[K:
[01m[K/usr/include/x86_64-linux-gnu/qt5/QtGui/qcursor.h:136:27:[m[K [01;36m[Knote: [m[Kcandidate: ‘[01m[KQDataStream& operator<<(QDataStream&, const QCursor&)[m[K’
  136 | Q_GUI_EXPORT QDataStream &[01;36m[Koperator[m[K<<(QDataStream &outS, const QCursor &cursor);
      |                           [01;36m[K^~~~~~~~[m[K
[01m[K/usr/include/x86_64-linux-gnu/qt5/QtGui/qcursor.h:136:51:[m[K [01;36m[Knote: [m[K  no known conversion for argument 1 from ‘[01m[Kstd::basic_ostream<char>[m[K’ to ‘[01m[KQDataStream&[m[K’
  136 | Q_GUI_EXPORT QDataStream &operator<<([01;36m[KQDataStream &outS[m[K, const QCursor &cursor);
      |                                      [01;36m[K~~~~~~~~~~~~~^~~~[m[K
[01m[K/usr/include/x86_64-linux-gnu/qt5/QtGui/qcursor.h:141:21:[m[K [01;36m[Knote: [m[Kcandidate: ‘[01m[KQDebug operator<<(QDebug, const QCursor&)[m[K’
  141 | Q_GUI_EXPORT QDebug [01;36m[Koperator[m[K<<(QDebug, const QCursor &);
      |                     [01;36m[K^~~~~~~~[m[K
[01m[K/usr/include/x86_64-linux-gnu/qt5/QtGui/qcursor.h:141:32:[m[K [01;36m[Knote: [m[K  no known conversion for argument 1 from ‘[01m[Kstd::basic_ostream<char>[m[K’ to ‘[01m[KQDebug[m[K’
  141 | Q_GUI_EXPORT QDebug operator<<([01;36m[KQDebug[m[K, const QCursor &);
      |                                [01;36m[K^~~~~~[m[K
In file included from [01m[K/usr/include/x86_64-linux-gnu/qt5/QtCore/qlocale.h:43[m[K,
                 from [01m[K/usr/include/x86_64-linux-gnu/qt5/QtGui/qguiapplication.h:47[m[K,
                 from [01m[K/usr/include/x86_64-linux-gnu/qt5/QtWidgets/qapplication.h:52[m[K,
                 from [01m[K/usr/include/x86_64-linux-gnu/qt5/QtWidgets/QApplication:1[m[K,
                 from [01m[K/home/shenhang/ros_study/chapter3/topic_practice_workspace/src/status_display/src/sys_status_display.cpp:1[m[K:
[01m[K/usr/include/x86_64-linux-gnu/qt5/QtCore/qvariant.h:584:28:[m[K [01;36m[Knote: [m[Kcandidate: ‘[01m[KQDataStream& operator<<(QDataStream&, const QVariant&)[m[K’
  584 | Q_CORE_EXPORT QDataStream& [01;36m[Koperator[m[K<< (QDataStream& s, const QVariant& p);
      |                            [01;36m[K^~~~~~~~[m[K
[01m[K/usr/include/x86_64-linux-gnu/qt5/QtCore/qvariant.h:584:53:[m[K [01;36m[Knote: [m[K  no known conversion for argument 1 from ‘[01m[Kstd::basic_ostream<char>[m[K’ to ‘[01m[KQDataStream&[m[K’
  584 | Q_CORE_EXPORT QDataStream& operator<< ([01;36m[KQDataStream& s[m[K, const QVariant& p);
      |                                        [01;36m[K~~~~~~~~~~~~~^[m[K
[01m[K/usr/include/x86_64-linux-gnu/qt5/QtCore/qvariant.h:586:28:[m[K [01;36m[Knote: [m[Kcandidate: ‘[01m[KQDataStream& operator<<(QDataStream&, QVariant::Type)[m[K’
  586 | Q_CORE_EXPORT QDataStream& [01;36m[Koperator[m[K<< (QDataStream& s, const QVariant::Type p);
      |                            [01;36m[K^~~~~~~~[m[K
[01m[K/usr/include/x86_64-linux-gnu/qt5/QtCore/qvariant.h:586:53:[m[K [01;36m[Knote: [m[K  no known conversion for argument 1 from ‘[01m[Kstd::basic_ostream<char>[m[K’ to ‘[01m[KQDataStream&[m[K’
  586 | Q_CORE_EXPORT QDataStream& operator<< ([01;36m[KQDataStream& s[m[K, const QVariant::Type p);
      |                                        [01;36m[K~~~~~~~~~~~~~^[m[K
In file included from [01m[K/usr/include/x86_64-linux-gnu/qt5/QtCore/qlocale.h:43[m[K,
                 from [01m[K/usr/include/x86_64-linux-gnu/qt5/QtGui/qguiapplication.h:47[m[K,
                 from [01m[K/usr/include/x86_64-linux-gnu/qt5/QtWidgets/qapplication.h:52[m[K,
                 from [01m[K/usr/include/x86_64-linux-gnu/qt5/QtWidgets/QApplication:1[m[K,
                 from [01m[K/home/shenhang/ros_study/chapter3/topic_practice_workspace/src/status_display/src/sys_status_display.cpp:1[m[K:
[01m[K/usr/include/x86_64-linux-gnu/qt5/QtCore/qvariant.h:902:22:[m[K [01;36m[Knote: [m[Kcandidate: ‘[01m[KQDebug operator<<(QDebug, const QVariant&)[m[K’
  902 | Q_CORE_EXPORT QDebug [01;36m[Koperator[m[K<<(QDebug, const QVariant &);
      |                      [01;36m[K^~~~~~~~[m[K
In file included from [01m[K/usr/include/x86_64-linux-gnu/qt5/QtCore/qlocale.h:43[m[K,
                 from [01m[K/usr/include/x86_64-linux-gnu/qt5/QtGui/qguiapplication.h:47[m[K,
                 from [01m[K/usr/include/x86_64-linux-gnu/qt5/QtWidgets/qapplication.h:52[m[K,
                 from [01m[K/usr/include/x86_64-linux-gnu/qt5/QtWidgets/QApplication:1[m[K,
                 from [01m[K/home/shenhang/ros_study/chapter3/topic_practice_workspace/src/status_display/src/sys_status_display.cpp:1[m[K:
[01m[K/usr/include/x86_64-linux-gnu/qt5/QtCore/qvariant.h:480:44:[m[K [01;36m[Knote: [m[K  no known conversion for argument 1 from ‘[01m[Kstd::basic_ostream<char>[m[K’ to ‘[01m[KQDebug[m[K’
  480 |     friend Q_CORE_EXPORT QDebug operator<<([01;36m[KQDebug[m[K, const QVariant &);
      |                                            [01;36m[K^~~~~~[m[K
In file included from [01m[K/usr/include/x86_64-linux-gnu/qt5/QtCore/qlocale.h:43[m[K,
                 from [01m[K/usr/include/x86_64-linux-gnu/qt5/QtGui/qguiapplication.h:47[m[K,
                 from [01m[K/usr/include/x86_64-linux-gnu/qt5/QtWidgets/qapplication.h:52[m[K,
                 from [01m[K/usr/include/x86_64-linux-gnu/qt5/QtWidgets/QApplication:1[m[K,
                 from [01m[K/home/shenhang/ros_study/chapter3/topic_practice_workspace/src/status_display/src/sys_status_display.cpp:1[m[K:
[01m[K/usr/include/x86_64-linux-gnu/qt5/QtCore/qvariant.h:903:22:[m[K [01;36m[Knote: [m[Kcandidate: ‘[01m[KQDebug operator<<(QDebug, QVariant::Type)[m[K’
  903 | Q_CORE_EXPORT QDebug [01;36m[Koperator[m[K<<(QDebug, const QVariant::Type);
      |                      [01;36m[K^~~~~~~~[m[K
[01m[K/usr/include/x86_64-linux-gnu/qt5/QtCore/qvariant.h:903:33:[m[K [01;36m[Knote: [m[K  no known conversion for argument 1 from ‘[01m[Kstd::basic_ostream<char>[m[K’ to ‘[01m[KQDebug[m[K’
  903 | Q_CORE_EXPORT QDebug operator<<([01;36m[KQDebug[m[K, const QVariant::Type);
      |                                 [01;36m[K^~~~~~[m[K
In file included from [01m[K/usr/include/x86_64-linux-gnu/qt5/QtGui/qguiapplication.h:47[m[K,
                 from [01m[K/usr/include/x86_64-linux-gnu/qt5/QtWidgets/qapplication.h:52[m[K,
                 from [01m[K/usr/include/x86_64-linux-gnu/qt5/QtWidgets/QApplication:1[m[K,
                 from [01m[K/home/shenhang/ros_study/chapter3/topic_practice_workspace/src/status_display/src/sys_status_display.cpp:1[m[K:
[01m[K/usr/include/x86_64-linux-gnu/qt5/QtCore/qlocale.h:1222:28:[m[K [01;36m[Knote: [m[Kcandidate: ‘[01m[KQDataStream& operator<<(QDataStream&, const QLocale&)[m[K’
 1222 | Q_CORE_EXPORT QDataStream &[01;36m[Koperator[m[K<<(QDataStream &, const QLocale &);
      |                            [01;36m[K^~~~~~~~[m[K
[01m[K/usr/include/x86_64-linux-gnu/qt5/QtCore/qlocale.h:1222:39:[m[K [01;36m[Knote: [m[K  no known conversion for argument 1 from ‘[01m[Kstd::basic_ostream<char>[m[K’ to ‘[01m[KQDataStream&[m[K’
 1222 | Q_CORE_EXPORT QDataStream &operator<<([01;36m[KQDataStream &[m[K, const QLocale &);
      |                                       [01;36m[K^~~~~~~~~~~~~[m[K
[01m[K/usr/include/x86_64-linux-gnu/qt5/QtCore/qlocale.h:1227:22:[m[K [01;36m[Knote: [m[Kcandidate: ‘[01m[KQDebug operator<<(QDebug, const QLocale&)[m[K’
 1227 | Q_CORE_EXPORT QDebug [01;36m[Koperator[m[K<<(QDebug, const QLocale &);
      |                      [01;36m[K^~~~~~~~[m[K
[01m[K/usr/include/x86_64-linux-gnu/qt5/QtCore/qlocale.h:1227:33:[m[K [01;36m[Knote: [m[K  no known conversion for argument 1 from ‘[01m[Kstd::basic_ostream<char>[m[K’ to ‘[01m[KQDebug[m[K’
 1227 | Q_CORE_EXPORT QDebug operator<<([01;36m[KQDebug[m[K, const QLocale &);
      |                                 [01;36m[K^~~~~~[m[K
In file included from [01m[K/usr/include/x86_64-linux-gnu/qt5/QtGui/qpaintdevice.h:45[m[K,
                 from [01m[K/usr/include/x86_64-linux-gnu/qt5/QtWidgets/qwidget.h:47[m[K,
                 from [01m[K/usr/include/x86_64-linux-gnu/qt5/QtWidgets/qframe.h:44[m[K,
                 from [01m[K/usr/include/x86_64-linux-gnu/qt5/QtWidgets/qlabel.h:44[m[K,
                 from [01m[K/usr/include/x86_64-linux-gnu/qt5/QtWidgets/QLabel:1[m[K,
                 from [01m[K/home/shenhang/ros_study/chapter3/topic_practice_workspace/src/status_display/src/sys_status_display.cpp:2[m[K:
[01m[K/usr/include/x86_64-linux-gnu/qt5/QtCore/qrect.h:176:28:[m[K [01;36m[Knote: [m[Kcandidate: ‘[01m[KQDataStream& operator<<(QDataStream&, const QRect&)[m[K’
  176 | Q_CORE_EXPORT QDataStream &[01;36m[Koperator[m[K<<(QDataStream &, const QRect &);
      |                            [01;36m[K^~~~~~~~[m[K
[01m[K/usr/include/x86_64-linux-gnu/qt5/QtCore/qrect.h:176:39:[m[K [01;36m[Knote: [m[K  no known conversion for argument 1 from ‘[01m[Kstd::basic_ostream<char>[m[K’ to ‘[01m[KQDataStream&[m[K’
  176 | Q_CORE_EXPORT QDataStream &operator<<([01;36m[KQDataStream &[m[K, const QRect &);
      |                                       [01;36m[K^~~~~~~~~~~~~[m[K
[01m[K/usr/include/x86_64-linux-gnu/qt5/QtCore/qrect.h:507:22:[m[K [01;36m[Knote: [m[Kcandidate: ‘[01m[KQDebug operator<<(QDebug, const QRect&)[m[K’
  507 | Q_CORE_EXPORT QDebug [01;36m[Koperator[m[K<<(QDebug, const QRect &);
      |                      [01;36m[K^~~~~~~~[m[K
[01m[K/usr/include/x86_64-linux-gnu/qt5/QtCore/qrect.h:507:33:[m[K [01;36m[Knote: [m[K  no known conversion for argument 1 from ‘[01m[Kstd::basic_ostream<char>[m[K’ to ‘[01m[KQDebug[m[K’
  507 | Q_CORE_EXPORT QDebug operator<<([01;36m[KQDebug[m[K, const QRect &);
      |                                 [01;36m[K^~~~~~[m[K
[01m[K/usr/include/x86_64-linux-gnu/qt5/QtCore/qrect.h:636:28:[m[K [01;36m[Knote: [m[Kcandidate: ‘[01m[KQDataStream& operator<<(QDataStream&, const QRectF&)[m[K’
  636 | Q_CORE_EXPORT QDataStream &[01;36m[Koperator[m[K<<(QDataStream &, const QRectF &);
      |                            [01;36m[K^~~~~~~~[m[K
[01m[K/usr/include/x86_64-linux-gnu/qt5/QtCore/qrect.h:636:39:[m[K [01;36m[Knote: [m[K  no known conversion for argument 1 from ‘[01m[Kstd::basic_ostream<char>[m[K’ to ‘[01m[KQDataStream&[m[K’
  636 | Q_CORE_EXPORT QDataStream &operator<<([01;36m[KQDataStream &[m[K, const QRectF &);
      |                                       [01;36m[K^~~~~~~~~~~~~[m[K
[01m[K/usr/include/x86_64-linux-gnu/qt5/QtCore/qrect.h:920:22:[m[K [01;36m[Knote: [m[Kcandidate: ‘[01m[KQDebug operator<<(QDebug, const QRectF&)[m[K’
  920 | Q_CORE_EXPORT QDebug [01;36m[Koperator[m[K<<(QDebug, const QRectF &);
      |                      [01;36m[K^~~~~~~~[m[K
[01m[K/usr/include/x86_64-linux-gnu/qt5/QtCore/qrect.h:920:33:[m[K [01;36m[Knote: [m[K  no known conversion for argument 1 from ‘[01m[Kstd::basic_ostream<char>[m[K’ to ‘[01m[KQDebug[m[K’
  920 | Q_CORE_EXPORT QDebug operator<<([01;36m[KQDebug[m[K, const QRectF &);
      |                                 [01;36m[K^~~~~~[m[K
In file included from [01m[K/usr/include/x86_64-linux-gnu/qt5/QtGui/qpalette.h:45[m[K,
                 from [01m[K/usr/include/x86_64-linux-gnu/qt5/QtWidgets/qwidget.h:48[m[K,
                 from [01m[K/usr/include/x86_64-linux-gnu/qt5/QtWidgets/qframe.h:44[m[K,
                 from [01m[K/usr/include/x86_64-linux-gnu/qt5/QtWidgets/qlabel.h:44[m[K,
                 from [01m[K/usr/include/x86_64-linux-gnu/qt5/QtWidgets/QLabel:1[m[K,
                 from [01m[K/home/shenhang/ros_study/chapter3/topic_practice_workspace/src/status_display/src/sys_status_display.cpp:2[m[K:
[01m[K/usr/include/x86_64-linux-gnu/qt5/QtGui/qcolor.h:57:21:[m[K [01;36m[Knote: [m[Kcandidate: ‘[01m[KQDebug operator<<(QDebug, const QColor&)[m[K’
   57 | Q_GUI_EXPORT QDebug [01;36m[Koperator[m[K<<(QDebug, const QColor &);
      |                     [01;36m[K^~~~~~~~[m[K
[01m[K/usr/include/x86_64-linux-gnu/qt5/QtGui/qcolor.h:57:32:[m[K [01;36m[Knote: [m[K  no known conversion for argument 1 from ‘[01m[Kstd::basic_ostream<char>[m[K’ to ‘[01m[KQDebug[m[K’
   57 | Q_GUI_EXPORT QDebug operator<<([01;36m[KQDebug[m[K, const QColor &);
      |                                [01;36m[K^~~~~~[m[K
[01m[K/usr/include/x86_64-linux-gnu/qt5/QtGui/qcolor.h:309:38:[m[K [01;36m[Knote: [m[Kcandidate: ‘[01m[KQDataStream& operator<<(QDataStream&, const QColor&)[m[K’
  309 |     friend Q_GUI_EXPORT QDataStream &[01;36m[Koperator[m[K<<(QDataStream &, const QColor &);
      |                                      [01;36m[K^~~~~~~~[m[K
[01m[K/usr/include/x86_64-linux-gnu/qt5/QtGui/qcolor.h:60:38:[m[K [01;36m[Knote: [m[K  no known conversion for argument 1 from ‘[01m[Kstd::basic_ostream<char>[m[K’ to ‘[01m[KQDataStream&[m[K’
   60 | Q_GUI_EXPORT QDataStream &operator<<([01;36m[KQDataStream &[m[K, const QColor &);
      |                                      [01;36m[K^~~~~~~~~~~~~[m[K
In file included from [01m[K/usr/include/x86_64-linux-gnu/qt5/QtGui/qmatrix.h:44[m[K,
                 from [01m[K/usr/include/x86_64-linux-gnu/qt5/QtGui/qbrush.h:49[m[K,
                 from [01m[K/usr/include/x86_64-linux-gnu/qt5/QtGui/qpalette.h:46[m[K,
                 from [01m[K/usr/include/x86_64-linux-gnu/qt5/QtWidgets/qwidget.h:48[m[K,
                 from [01m[K/usr/include/x86_64-linux-gnu/qt5/QtWidgets/qframe.h:44[m[K,
                 from [01m[K/usr/include/x86_64-linux-gnu/qt5/QtWidgets/qlabel.h:44[m[K,
                 from [01m[K/usr/include/x86_64-linux-gnu/qt5/QtWidgets/QLabel:1[m[K,
                 from [01m[K/home/shenhang/ros_study/chapter3/topic_practice_workspace/src/status_display/src/sys_status_display.cpp:2[m[K:
[01m[K/usr/include/x86_64-linux-gnu/qt5/QtGui/qpolygon.h:105:21:[m[K [01;36m[Knote: [m[Kcandidate: ‘[01m[KQDebug operator<<(QDebug, const QPolygon&)[m[K’
  105 | Q_GUI_EXPORT QDebug [01;36m[Koperator[m[K<<(QDebug, const QPolygon &);
      |                     [01;36m[K^~~~~~~~[m[K
[01m[K/usr/include/x86_64-linux-gnu/qt5/QtGui/qpolygon.h:105:32:[m[K [01;36m[Knote: [m[K  no known conversion for argument 1 from ‘[01m[Kstd::basic_ostream<char>[m[K’ to ‘[01m[KQDebug[m[K’
  105 | Q_GUI_EXPORT QDebug operator<<([01;36m[KQDebug[m[K, const QPolygon &);
      |                                [01;36m[K^~~~~~[m[K
[01m[K/usr/include/x86_64-linux-gnu/qt5/QtGui/qpolygon.h:112:27:[m[K [01;36m[Knote: [m[Kcandidate: ‘[01m[KQDataStream& operator<<(QDataStream&, const QPolygon&)[m[K’
  112 | Q_GUI_EXPORT QDataStream &[01;36m[Koperator[m[K<<(QDataStream &stream, const QPolygon &polygon);
      |                           [01;36m[K^~~~~~~~[m[K
[01m[K/usr/include/x86_64-linux-gnu/qt5/QtGui/qpolygon.h:112:51:[m[K [01;36m[Knote: [m[K  no known conversion for argument 1 from ‘[01m[Kstd::basic_ostream<char>[m[K’ to ‘[01m[KQDataStream&[m[K’
  112 | Q_GUI_EXPORT QDataStream &operator<<([01;36m[KQDataStream &stream[m[K, const QPolygon &polygon);
      |                                      [01;36m[K~~~~~~~~~~~~~^~~~~~[m[K
[01m[K/usr/include/x86_64-linux-gnu/qt5/QtGui/qpolygon.h:180:21:[m[K [01;36m[Knote: [m[Kcandidate: ‘[01m[KQDebug operator<<(QDebug, const QPolygonF&)[m[K’
  180 | Q_GUI_EXPORT QDebug [01;36m[Koperator[m[K<<(QDebug, const QPolygonF &);
      |                     [01;36m[K^~~~~~~~[m[K
[01m[K/usr/include/x86_64-linux-gnu/qt5/QtGui/qpolygon.h:180:32:[m[K [01;36m[Knote: [m[K  no known conversion for argument 1 from ‘[01m[Kstd::basic_ostream<char>[m[K’ to ‘[01m[KQDebug[m[K’
  180 | Q_GUI_EXPORT QDebug operator<<([01;36m[KQDebug[m[K, const QPolygonF &);
      |                                [01;36m[K^~~~~~[m[K
[01m[K/usr/include/x86_64-linux-gnu/qt5/QtGui/qpolygon.h:187:27:[m[K [01;36m[Knote: [m[Kcandidate: ‘[01m[KQDataStream& operator<<(QDataStream&, const QPolygonF&)[m[K’
  187 | Q_GUI_EXPORT QDataStream &[01;36m[Koperator[m[K<<(QDataStream &stream, const QPolygonF &array);
      |                           [01;36m[K^~~~~~~~[m[K
[01m[K/usr/include/x86_64-linux-gnu/qt5/QtGui/qpolygon.h:187:51:[m[K [01;36m[Knote: [m[K  no known conversion for argument 1 from ‘[01m[Kstd::basic_ostream<char>[m[K’ to ‘[01m[KQDataStream&[m[K’
  187 | Q_GUI_EXPORT QDataStream &operator<<([01;36m[KQDataStream &stream[m[K, const QPolygonF &array);
      |                                      [01;36m[K~~~~~~~~~~~~~^~~~~~[m[K
In file included from [01m[K/usr/include/x86_64-linux-gnu/qt5/QtCore/qdatastream.h:44[m[K,
                 from [01m[K/usr/include/x86_64-linux-gnu/qt5/QtGui/qregion.h:49[m[K,
                 from [01m[K/usr/include/x86_64-linux-gnu/qt5/QtGui/qmatrix.h:45[m[K,
                 from [01m[K/usr/include/x86_64-linux-gnu/qt5/QtGui/qbrush.h:49[m[K,
                 from [01m[K/usr/include/x86_64-linux-gnu/qt5/QtGui/qpalette.h:46[m[K,
                 from [01m[K/usr/include/x86_64-linux-gnu/qt5/QtWidgets/qwidget.h:48[m[K,
                 from [01m[K/usr/include/x86_64-linux-gnu/qt5/QtWidgets/qframe.h:44[m[K,
                 from [01m[K/usr/include/x86_64-linux-gnu/qt5/QtWidgets/qlabel.h:44[m[K,
                 from [01m[K/usr/include/x86_64-linux-gnu/qt5/QtWidgets/QLabel:1[m[K,
                 from [01m[K/home/shenhang/ros_study/chapter3/topic_practice_workspace/src/status_display/src/sys_status_display.cpp:2[m[K:
[01m[K/usr/include/x86_64-linux-gnu/qt5/QtCore/qiodevice.h:189:22:[m[K [01;36m[Knote: [m[Kcandidate: ‘[01m[KQDebug operator<<(QDebug, QIODevice::OpenMode)[m[K’
  189 | Q_CORE_EXPORT QDebug [01;36m[Koperator[m[K<<(QDebug debug, QIODevice::OpenMode modes);
      |                      [01;36m[K^~~~~~~~[m[K
[01m[K/usr/include/x86_64-linux-gnu/qt5/QtCore/qiodevice.h:189:40:[m[K [01;36m[Knote: [m[K  no known conversion for argument 1 from ‘[01m[Kstd::basic_ostream<char>[m[K’ to ‘[01m[KQDebug[m[K’
  189 | Q_CORE_EXPORT QDebug operator<<([01;36m[KQDebug debug[m[K, QIODevice::OpenMode modes);
      |                                 [01;36m[K~~~~~~~^~~~~[m[K
In file included from [01m[K/usr/include/x86_64-linux-gnu/qt5/QtGui/qmatrix.h:45[m[K,
                 from [01m[K/usr/include/x86_64-linux-gnu/qt5/QtGui/qbrush.h:49[m[K,
                 from [01m[K/usr/include/x86_64-linux-gnu/qt5/QtGui/qpalette.h:46[m[K,
                 from [01m[K/usr/include/x86_64-linux-gnu/qt5/QtWidgets/qwidget.h:48[m[K,
                 from [01m[K/usr/include/x86_64-linux-gnu/qt5/QtWidgets/qframe.h:44[m[K,
                 from [01m[K/usr/include/x86_64-linux-gnu/qt5/QtWidgets/qlabel.h:44[m[K,
                 from [01m[K/usr/include/x86_64-linux-gnu/qt5/QtWidgets/QLabel:1[m[K,
                 from [01m[K/home/shenhang/ros_study/chapter3/topic_practice_workspace/src/status_display/src/sys_status_display.cpp:2[m[K:
[01m[K/usr/include/x86_64-linux-gnu/qt5/QtGui/qregion.h:189:27:[m[K [01;36m[Knote: [m[Kcandidate: ‘[01m[KQDataStream& operator<<(QDataStream&, const QRegion&)[m[K’
  189 | Q_GUI_EXPORT QDataStream &[01;36m[Koperator[m[K<<(QDataStream &, const QRegion &);
      |                           [01;36m[K^~~~~~~~[m[K
[01m[K/usr/include/x86_64-linux-gnu/qt5/QtGui/qregion.h:160:49:[m[K [01;36m[Knote: [m[K  no known conversion for argument 1 from ‘[01m[Kstd::basic_ostream<char>[m[K’ to ‘[01m[KQDataStream&[m[K’
  160 |     friend Q_GUI_EXPORT QDataStream &operator<<([01;36m[KQDataStream &[m[K, const QRegion &);
      |                                                 [01;36m[K^~~~~~~~~~~~~[m[K
[01m[K/usr/include/x86_64-linux-gnu/qt5/QtGui/qregion.h:194:21:[m[K [01;36m[Knote: [m[Kcandidate: ‘[01m[KQDebug operator<<(QDebug, const QRegion&)[m[K’
  194 | Q_GUI_EXPORT QDebug [01;36m[Koperator[m[K<<(QDebug, const QRegion &);
      |                     [01;36m[K^~~~~~~~[m[K
[01m[K/usr/include/x86_64-linux-gnu/qt5/QtGui/qregion.h:194:32:[m[K [01;36m[Knote: [m[K  no known conversion for argument 1 from ‘[01m[Kstd::basic_ostream<char>[m[K’ to ‘[01m[KQDebug[m[K’
  194 | Q_GUI_EXPORT QDebug operator<<([01;36m[KQDebug[m[K, const QRegion &);
      |                                [01;36m[K^~~~~~[m[K
In file included from [01m[K/usr/include/x86_64-linux-gnu/qt5/QtGui/qmatrix.h:47[m[K,
                 from [01m[K/usr/include/x86_64-linux-gnu/qt5/QtGui/qbrush.h:49[m[K,
                 from [01m[K/usr/include/x86_64-linux-gnu/qt5/QtGui/qpalette.h:46[m[K,
                 from [01m[K/usr/include/x86_64-linux-gnu/qt5/QtWidgets/qwidget.h:48[m[K,
                 from [01m[K/usr/include/x86_64-linux-gnu/qt5/QtWidgets/qframe.h:44[m[K,
                 from [01m[K/usr/include/x86_64-linux-gnu/qt5/QtWidgets/qlabel.h:44[m[K,
                 from [01m[K/usr/include/x86_64-linux-gnu/qt5/QtWidgets/QLabel:1[m[K,
                 from [01m[K/home/shenhang/ros_study/chapter3/topic_practice_workspace/src/status_display/src/sys_status_display.cpp:2[m[K:
[01m[K/usr/include/x86_64-linux-gnu/qt5/QtCore/qline.h:203:22:[m[K [01;36m[Knote: [m[Kcandidate: ‘[01m[KQDebug operator<<(QDebug, const QLine&)[m[K’
  203 | Q_CORE_EXPORT QDebug [01;36m[Koperator[m[K<<(QDebug d, const QLine &p);
      |                      [01;36m[K^~~~~~~~[m[K
[01m[K/usr/include/x86_64-linux-gnu/qt5/QtCore/qline.h:203:40:[m[K [01;36m[Knote: [m[K  no known conversion for argument 1 from ‘[01m[Kstd::basic_ostream<char>[m[K’ to ‘[01m[KQDebug[m[K’
  203 | Q_CORE_EXPORT QDebug operator<<([01;36m[KQDebug d[m[K, const QLine &p);
      |                                 [01;36m[K~~~~~~~^[m[K
[01m[K/usr/include/x86_64-linux-gnu/qt5/QtCore/qline.h:207:28:[m[K [01;36m[Knote: [m[Kcandidate: ‘[01m[KQDataStream& operator<<(QDataStream&, const QLine&)[m[K’
  207 | Q_CORE_EXPORT QDataStream &[01;36m[Koperator[m[K<<(QDataStream &, const QLine &);
      |                            [01;36m[K^~~~~~~~[m[K
[01m[K/usr/include/x86_64-linux-gnu/qt5/QtCore/qline.h:207:39:[m[K [01;36m[Knote: [m[K  no known conversion for argument 1 from ‘[01m[Kstd::basic_ostream<char>[m[K’ to ‘[01m[KQDataStream&[m[K’
  207 | Q_CORE_EXPORT QDataStream &operator<<([01;36m[KQDataStream &[m[K, const QLine &);
      |                                       [01;36m[K^~~~~~~~~~~~~[m[K
[01m[K/usr/include/x86_64-linux-gnu/qt5/QtCore/qline.h:430:22:[m[K [01;36m[Knote: [m[Kcandidate: ‘[01m[KQDebug operator<<(QDebug, const QLineF&)[m[K’
  430 | Q_CORE_EXPORT QDebug [01;36m[Koperator[m[K<<(QDebug d, const QLineF &p);
      |                      [01;36m[K^~~~~~~~[m[K
[01m[K/usr/include/x86_64-linux-gnu/qt5/QtCore/qline.h:430:40:[m[K [01;36m[Knote: [m[K  no known conversion for argument 1 from ‘[01m[Kstd::basic_ostream<char>[m[K’ to ‘[01m[KQDebug[m[K’
  430 | Q_CORE_EXPORT QDebug operator<<([01;36m[KQDebug d[m[K, const QLineF &p);
      |                                 [01;36m[K~~~~~~~^[m[K
[01m[K/usr/include/x86_64-linux-gnu/qt5/QtCore/qline.h:434:28:[m[K [01;36m[Knote: [m[Kcandidate: ‘[01m[KQDataStream& operator<<(QDataStream&, const QLineF&)[m[K’
  434 | Q_CORE_EXPORT QDataStream &[01;36m[Koperator[m[K<<(QDataStream &, const QLineF &);
      |                            [01;36m[K^~~~~~~~[m[K
[01m[K/usr/include/x86_64-linux-gnu/qt5/QtCore/qline.h:434:39:[m[K [01;36m[Knote: [m[K  no known conversion for argument 1 from ‘[01m[Kstd::basic_ostream<char>[m[K’ to ‘[01m[KQDataStream&[m[K’
  434 | Q_CORE_EXPORT QDataStream &operator<<([01;36m[KQDataStream &[m[K, const QLineF &);
      |                                       [01;36m[K^~~~~~~~~~~~~[m[K
In file included from [01m[K/usr/include/x86_64-linux-gnu/qt5/QtGui/qbrush.h:49[m[K,
                 from [01m[K/usr/include/x86_64-linux-gnu/qt5/QtGui/qpalette.h:46[m[K,
                 from [01m[K/usr/include/x86_64-linux-gnu/qt5/QtWidgets/qwidget.h:48[m[K,
                 from [01m[K/usr/include/x86_64-linux-gnu/qt5/QtWidgets/qframe.h:44[m[K,
                 from [01m[K/usr/include/x86_64-linux-gnu/qt5/QtWidgets/qlabel.h:44[m[K,
                 from [01m[K/usr/include/x86_64-linux-gnu/qt5/QtWidgets/QLabel:1[m[K,
                 from [01m[K/home/shenhang/ros_study/chapter3/topic_practice_workspace/src/status_display/src/sys_status_display.cpp:2[m[K:
[01m[K/usr/include/x86_64-linux-gnu/qt5/QtGui/qmatrix.h:184:27:[m[K [01;36m[Knote: [m[Kcandidate: ‘[01m[KQDataStream& operator<<(QDataStream&, const QMatrix&)[m[K’
  184 | Q_GUI_EXPORT QDataStream &[01;36m[Koperator[m[K<<(QDataStream &, const QMatrix &);
      |                           [01;36m[K^~~~~~~~[m[K
[01m[K/usr/include/x86_64-linux-gnu/qt5/QtGui/qmatrix.h:184:38:[m[K [01;36m[Knote: [m[K  no known conversion for argument 1 from ‘[01m[Kstd::basic_ostream<char>[m[K’ to ‘[01m[KQDataStream&[m[K’
  184 | Q_GUI_EXPORT QDataStream &operator<<([01;36m[KQDataStream &[m[K, const QMatrix &);
      |                                      [01;36m[K^~~~~~~~~~~~~[m[K
[01m[K/usr/include/x86_64-linux-gnu/qt5/QtGui/qmatrix.h:189:21:[m[K [01;36m[Knote: [m[Kcandidate: ‘[01m[KQDebug operator<<(QDebug, const QMatrix&)[m[K’
  189 | Q_GUI_EXPORT QDebug [01;36m[Koperator[m[K<<(QDebug, const QMatrix &);
      |                     [01;36m[K^~~~~~~~[m[K
[01m[K/usr/include/x86_64-linux-gnu/qt5/QtGui/qmatrix.h:189:32:[m[K [01;36m[Knote: [m[K  no known conversion for argument 1 from ‘[01m[Kstd::basic_ostream<char>[m[K’ to ‘[01m[KQDebug[m[K’
  189 | Q_GUI_EXPORT QDebug operator<<([01;36m[KQDebug[m[K, const QMatrix &);
      |                                [01;36m[K^~~~~~[m[K
In file included from [01m[K/usr/include/x86_64-linux-gnu/qt5/QtGui/qbrush.h:50[m[K,
                 from [01m[K/usr/include/x86_64-linux-gnu/qt5/QtGui/qpalette.h:46[m[K,
                 from [01m[K/usr/include/x86_64-linux-gnu/qt5/QtWidgets/qwidget.h:48[m[K,
                 from [01m[K/usr/include/x86_64-linux-gnu/qt5/QtWidgets/qframe.h:44[m[K,
                 from [01m[K/usr/include/x86_64-linux-gnu/qt5/QtWidgets/qlabel.h:44[m[K,
                 from [01m[K/usr/include/x86_64-linux-gnu/qt5/QtWidgets/QLabel:1[m[K,
                 from [01m[K/home/shenhang/ros_study/chapter3/topic_practice_workspace/src/status_display/src/sys_status_display.cpp:2[m[K:
[01m[K/usr/include/x86_64-linux-gnu/qt5/QtGui/qtransform.h:386:27:[m[K [01;36m[Knote: [m[Kcandidate: ‘[01m[KQDataStream& operator<<(QDataStream&, const QTransform&)[m[K’
  386 | Q_GUI_EXPORT QDataStream &[01;36m[Koperator[m[K<<(QDataStream &, const QTransform &);
      |                           [01;36m[K^~~~~~~~[m[K
[01m[K/usr/include/x86_64-linux-gnu/qt5/QtGui/qtransform.h:386:38:[m[K [01;36m[Knote: [m[K  no known conversion for argument 1 from ‘[01m[Kstd::basic_ostream<char>[m[K’ to ‘[01m[KQDataStream&[m[K’
  386 | Q_GUI_EXPORT QDataStream &operator<<([01;36m[KQDataStream &[m[K, const QTransform &);
      |                                      [01;36m[K^~~~~~~~~~~~~[m[K
[01m[K/usr/include/x86_64-linux-gnu/qt5/QtGui/qtransform.h:391:21:[m[K [01;36m[Knote: [m[Kcandidate: ‘[01m[KQDebug operator<<(QDebug, const QTransform&)[m[K’
  391 | Q_GUI_EXPORT QDebug [01;36m[Koperator[m[K<<(QDebug, const QTransform &);
      |                     [01;36m[K^~~~~~~~[m[K
[01m[K/usr/include/x86_64-linux-gnu/qt5/QtGui/qtransform.h:391:32:[m[K [01;36m[Knote: [m[K  no known conversion for argument 1 from ‘[01m[Kstd::basic_ostream<char>[m[K’ to ‘[01m[KQDebug[m[K’
  391 | Q_GUI_EXPORT QDebug operator<<([01;36m[KQDebug[m[K, const QTransform &);
      |                                [01;36m[K^~~~~~[m[K
In file included from [01m[K/usr/include/x86_64-linux-gnu/qt5/QtGui/qbrush.h:51[m[K,
                 from [01m[K/usr/include/x86_64-linux-gnu/qt5/QtGui/qpalette.h:46[m[K,
                 from [01m[K/usr/include/x86_64-linux-gnu/qt5/QtWidgets/qwidget.h:48[m[K,
                 from [01m[K/usr/include/x86_64-linux-gnu/qt5/QtWidgets/qframe.h:44[m[K,
                 from [01m[K/usr/include/x86_64-linux-gnu/qt5/QtWidgets/qlabel.h:44[m[K,
                 from [01m[K/usr/include/x86_64-linux-gnu/qt5/QtWidgets/QLabel:1[m[K,
                 from [01m[K/home/shenhang/ros_study/chapter3/topic_practice_workspace/src/status_display/src/sys_status_display.cpp:2[m[K:
[01m[K/usr/include/x86_64-linux-gnu/qt5/QtGui/qimage.h:502:27:[m[K [01;36m[Knote: [m[Kcandidate: ‘[01m[KQDataStream& operator<<(QDataStream&, const QImage&)[m[K’
  502 | Q_GUI_EXPORT QDataStream &[01;36m[Koperator[m[K<<(QDataStream &, const QImage &);
      |                           [01;36m[K^~~~~~~~[m[K
[01m[K/usr/include/x86_64-linux-gnu/qt5/QtGui/qimage.h:502:38:[m[K [01;36m[Knote: [m[K  no known conversion for argument 1 from ‘[01m[Kstd::basic_ostream<char>[m[K’ to ‘[01m[KQDataStream&[m[K’
  502 | Q_GUI_EXPORT QDataStream &operator<<([01;36m[KQDataStream &[m[K, const QImage &);
      |                                      [01;36m[K^~~~~~~~~~~~~[m[K
[01m[K/usr/include/x86_64-linux-gnu/qt5/QtGui/qimage.h:507:21:[m[K [01;36m[Knote: [m[Kcandidate: ‘[01m[KQDebug operator<<(QDebug, const QImage&)[m[K’
  507 | Q_GUI_EXPORT QDebug [01;36m[Koperator[m[K<<(QDebug, const QImage &);
      |                     [01;36m[K^~~~~~~~[m[K
[01m[K/usr/include/x86_64-linux-gnu/qt5/QtGui/qimage.h:507:32:[m[K [01;36m[Knote: [m[K  no known conversion for argument 1 from ‘[01m[Kstd::basic_ostream<char>[m[K’ to ‘[01m[KQDebug[m[K’
  507 | Q_GUI_EXPORT QDebug operator<<([01;36m[KQDebug[m[K, const QImage &);
      |                                [01;36m[K^~~~~~[m[K
In file included from [01m[K/usr/include/x86_64-linux-gnu/qt5/QtGui/qbrush.h:52[m[K,
                 from [01m[K/usr/include/x86_64-linux-gnu/qt5/QtGui/qpalette.h:46[m[K,
                 from [01m[K/usr/include/x86_64-linux-gnu/qt5/QtWidgets/qwidget.h:48[m[K,
                 from [01m[K/usr/include/x86_64-linux-gnu/qt5/QtWidgets/qframe.h:44[m[K,
                 from [01m[K/usr/include/x86_64-linux-gnu/qt5/QtWidgets/qlabel.h:44[m[K,
                 from [01m[K/usr/include/x86_64-linux-gnu/qt5/QtWidgets/QLabel:1[m[K,
                 from [01m[K/home/shenhang/ros_study/chapter3/topic_practice_workspace/src/status_display/src/sys_status_display.cpp:2[m[K:
[01m[K/usr/include/x86_64-linux-gnu/qt5/QtGui/qpixmap.h:254:27:[m[K [01;36m[Knote: [m[Kcandidate: ‘[01m[KQDataStream& operator<<(QDataStream&, const QPixmap&)[m[K’
  254 | Q_GUI_EXPORT QDataStream &[01;36m[Koperator[m[K<<(QDataStream &, const QPixmap &);
      |                           [01;36m[K^~~~~~~~[m[K
[01m[K/usr/include/x86_64-linux-gnu/qt5/QtGui/qpixmap.h:254:38:[m[K [01;36m[Knote: [m[K  no known conversion for argument 1 from ‘[01m[Kstd::basic_ostream<char>[m[K’ to ‘[01m[KQDataStream&[m[K’
  254 | Q_GUI_EXPORT QDataStream &operator<<([01;36m[KQDataStream &[m[K, const QPixmap &);
      |                                      [01;36m[K^~~~~~~~~~~~~[m[K
[01m[K/usr/include/x86_64-linux-gnu/qt5/QtGui/qpixmap.h:259:21:[m[K [01;36m[Knote: [m[Kcandidate: ‘[01m[KQDebug operator<<(QDebug, const QPixmap&)[m[K’
  259 | Q_GUI_EXPORT QDebug [01;36m[Koperator[m[K<<(QDebug, const QPixmap &);
      |                     [01;36m[K^~~~~~~~[m[K
[01m[K/usr/include/x86_64-linux-gnu/qt5/QtGui/qpixmap.h:259:32:[m[K [01;36m[Knote: [m[K  no known conversion for argument 1 from ‘[01m[Kstd::basic_ostream<char>[m[K’ to ‘[01m[KQDebug[m[K’
  259 | Q_GUI_EXPORT QDebug operator<<([01;36m[KQDebug[m[K, const QPixmap &);
      |                                [01;36m[K^~~~~~[m[K
In file included from [01m[K/usr/include/x86_64-linux-gnu/qt5/QtGui/qpalette.h:46[m[K,
                 from [01m[K/usr/include/x86_64-linux-gnu/qt5/QtWidgets/qwidget.h:48[m[K,
                 from [01m[K/usr/include/x86_64-linux-gnu/qt5/QtWidgets/qframe.h:44[m[K,
                 from [01m[K/usr/include/x86_64-linux-gnu/qt5/QtWidgets/qlabel.h:44[m[K,
                 from [01m[K/usr/include/x86_64-linux-gnu/qt5/QtWidgets/QLabel:1[m[K,
                 from [01m[K/home/shenhang/ros_study/chapter3/topic_practice_workspace/src/status_display/src/sys_status_display.cpp:2[m[K:
[01m[K/usr/include/x86_64-linux-gnu/qt5/QtGui/qbrush.h:144:27:[m[K [01;36m[Knote: [m[Kcandidate: ‘[01m[KQDataStream& operator<<(QDataStream&, const QBrush&)[m[K’
  144 | Q_GUI_EXPORT QDataStream &[01;36m[Koperator[m[K<<(QDataStream &, const QBrush &);
      |                           [01;36m[K^~~~~~~~[m[K
[01m[K/usr/include/x86_64-linux-gnu/qt5/QtGui/qbrush.h:144:38:[m[K [01;36m[Knote: [m[K  no known conversion for argument 1 from ‘[01m[Kstd::basic_ostream<char>[m[K’ to ‘[01m[KQDataStream&[m[K’
  144 | Q_GUI_EXPORT QDataStream &operator<<([01;36m[KQDataStream &[m[K, const QBrush &);
      |                                      [01;36m[K^~~~~~~~~~~~~[m[K
[01m[K/usr/include/x86_64-linux-gnu/qt5/QtGui/qbrush.h:149:21:[m[K [01;36m[Knote: [m[Kcandidate: ‘[01m[KQDebug operator<<(QDebug, const QBrush&)[m[K’
  149 | Q_GUI_EXPORT QDebug [01;36m[Koperator[m[K<<(QDebug, const QBrush &);
      |                     [01;36m[K^~~~~~~~[m[K
[01m[K/usr/include/x86_64-linux-gnu/qt5/QtGui/qbrush.h:149:32:[m[K [01;36m[Knote: [m[K  no known conversion for argument 1 from ‘[01m[Kstd::basic_ostream<char>[m[K’ to ‘[01m[KQDebug[m[K’
  149 | Q_GUI_EXPORT QDebug operator<<([01;36m[KQDebug[m[K, const QBrush &);
      |                                [01;36m[K^~~~~~[m[K
In file included from [01m[K/usr/include/x86_64-linux-gnu/qt5/QtWidgets/qwidget.h:48[m[K,
                 from [01m[K/usr/include/x86_64-linux-gnu/qt5/QtWidgets/qframe.h:44[m[K,
                 from [01m[K/usr/include/x86_64-linux-gnu/qt5/QtWidgets/qlabel.h:44[m[K,
                 from [01m[K/usr/include/x86_64-linux-gnu/qt5/QtWidgets/QLabel:1[m[K,
                 from [01m[K/home/shenhang/ros_study/chapter3/topic_practice_workspace/src/status_display/src/sys_status_display.cpp:2[m[K:
[01m[K/usr/include/x86_64-linux-gnu/qt5/QtGui/qpalette.h:212:27:[m[K [01;36m[Knote: [m[Kcandidate: ‘[01m[KQDataStream& operator<<(QDataStream&, const QPalette&)[m[K’
  212 | Q_GUI_EXPORT QDataStream &[01;36m[Koperator[m[K<<(QDataStream &ds, const QPalette &p);
      |                           [01;36m[K^~~~~~~~[m[K
[01m[K/usr/include/x86_64-linux-gnu/qt5/QtGui/qpalette.h:195:62:[m[K [01;36m[Knote: [m[K  no known conversion for argument 1 from ‘[01m[Kstd::basic_ostream<char>[m[K’ to ‘[01m[KQDataStream&[m[K’
  195 |     friend Q_GUI_EXPORT QDataStream &operator<<([01;36m[KQDataStream &s[m[K, const QPalette &p);
      |                                                 [01;36m[K~~~~~~~~~~~~~^[m[K
[01m[K/usr/include/x86_64-linux-gnu/qt5/QtGui/qpalette.h:217:21:[m[K [01;36m[Knote: [m[Kcandidate: ‘[01m[KQDebug operator<<(QDebug, const QPalette&)[m[K’
  217 | Q_GUI_EXPORT QDebug [01;36m[Koperator[m[K<<(QDebug, const QPalette &);
      |                     [01;36m[K^~~~~~~~[m[K
[01m[K/usr/include/x86_64-linux-gnu/qt5/QtGui/qpalette.h:217:32:[m[K [01;36m[Knote: [m[K  no known conversion for argument 1 from ‘[01m[Kstd::basic_ostream<char>[m[K’ to ‘[01m[KQDebug[m[K’
  217 | Q_GUI_EXPORT QDebug operator<<([01;36m[KQDebug[m[K, const QPalette &);
      |                                [01;36m[K^~~~~~[m[K
In file included from [01m[K/usr/include/x86_64-linux-gnu/qt5/QtWidgets/qwidget.h:49[m[K,
                 from [01m[K/usr/include/x86_64-linux-gnu/qt5/QtWidgets/qframe.h:44[m[K,
                 from [01m[K/usr/include/x86_64-linux-gnu/qt5/QtWidgets/qlabel.h:44[m[K,
                 from [01m[K/usr/include/x86_64-linux-gnu/qt5/QtWidgets/QLabel:1[m[K,
                 from [01m[K/home/shenhang/ros_study/chapter3/topic_practice_workspace/src/status_display/src/sys_status_display.cpp:2[m[K:
[01m[K/usr/include/x86_64-linux-gnu/qt5/QtGui/qfont.h:374:27:[m[K [01;36m[Knote: [m[Kcandidate: ‘[01m[KQDataStream& operator<<(QDataStream&, const QFont&)[m[K’
  374 | Q_GUI_EXPORT QDataStream &[01;36m[Koperator[m[K<<(QDataStream &, const QFont &);
      |                           [01;36m[K^~~~~~~~[m[K
[01m[K/usr/include/x86_64-linux-gnu/qt5/QtGui/qfont.h:336:49:[m[K [01;36m[Knote: [m[K  no known conversion for argument 1 from ‘[01m[Kstd::basic_ostream<char>[m[K’ to ‘[01m[KQDataStream&[m[K’
  336 |     friend Q_GUI_EXPORT QDataStream &operator<<([01;36m[KQDataStream &[m[K, const QFont &);
      |                                                 [01;36m[K^~~~~~~~~~~~~[m[K
[01m[K/usr/include/x86_64-linux-gnu/qt5/QtGui/qfont.h:379:21:[m[K [01;36m[Knote: [m[Kcandidate: ‘[01m[KQDebug operator<<(QDebug, const QFont&)[m[K’
  379 | Q_GUI_EXPORT QDebug [01;36m[Koperator[m[K<<(QDebug, const QFont &);
      |                     [01;36m[K^~~~~~~~[m[K
[01m[K/usr/include/x86_64-linux-gnu/qt5/QtGui/qfont.h:341:43:[m[K [01;36m[Knote: [m[K  no known conversion for argument 1 from ‘[01m[Kstd::basic_ostream<char>[m[K’ to ‘[01m[KQDebug[m[K’
  341 |     friend Q_GUI_EXPORT QDebug operator<<([01;36m[KQDebug[m[K, const QFont &);
      |                                           [01;36m[K^~~~~~[m[K
In file included from [01m[K/usr/include/x86_64-linux-gnu/qt5/QtWidgets/qwidget.h:52[m[K,
                 from [01m[K/usr/include/x86_64-linux-gnu/qt5/QtWidgets/qframe.h:44[m[K,
                 from [01m[K/usr/include/x86_64-linux-gnu/qt5/QtWidgets/qlabel.h:44[m[K,
                 from [01m[K/usr/include/x86_64-linux-gnu/qt5/QtWidgets/QLabel:1[m[K,
                 from [01m[K/home/shenhang/ros_study/chapter3/topic_practice_workspace/src/status_display/src/sys_status_display.cpp:2[m[K:
[01m[K/usr/include/x86_64-linux-gnu/qt5/QtWidgets/qsizepolicy.h:237:31:[m[K [01;36m[Knote: [m[Kcandidate: ‘[01m[KQDataStream& operator<<(QDataStream&, const QSizePolicy&)[m[K’
  237 | Q_WIDGETS_EXPORT QDataStream &[01;36m[Koperator[m[K<<(QDataStream &, const QSizePolicy &);
      |                               [01;36m[K^~~~~~~~[m[K
[01m[K/usr/include/x86_64-linux-gnu/qt5/QtWidgets/qsizepolicy.h:173:53:[m[K [01;36m[Knote: [m[K  no known conversion for argument 1 from ‘[01m[Kstd::basic_ostream<char>[m[K’ to ‘[01m[KQDataStream&[m[K’
  173 |     friend Q_WIDGETS_EXPORT QDataStream &operator<<([01;36m[KQDataStream &[m[K, const QSizePolicy &);
      |                                                     [01;36m[K^~~~~~~~~~~~~[m[K
[01m[K/usr/include/x86_64-linux-gnu/qt5/QtWidgets/qsizepolicy.h:242:25:[m[K [01;36m[Knote: [m[Kcandidate: ‘[01m[KQDebug operator<<(QDebug, const QSizePolicy&)[m[K’
  242 | Q_WIDGETS_EXPORT QDebug [01;36m[Koperator[m[K<<(QDebug dbg, const QSizePolicy &);
      |                         [01;36m[K^~~~~~~~[m[K
[01m[K/usr/include/x86_64-linux-gnu/qt5/QtWidgets/qsizepolicy.h:242:43:[m[K [01;36m[Knote: [m[K  no known conversion for argument 1 from ‘[01m[Kstd::basic_ostream<char>[m[K’ to ‘[01m[KQDebug[m[K’
  242 | Q_WIDGETS_EXPORT QDebug operator<<([01;36m[KQDebug dbg[m[K, const QSizePolicy &);
      |                                    [01;36m[K~~~~~~~^~~[m[K
In file included from [01m[K/usr/include/x86_64-linux-gnu/qt5/QtWidgets/qwidget.h:56[m[K,
                 from [01m[K/usr/include/x86_64-linux-gnu/qt5/QtWidgets/qframe.h:44[m[K,
                 from [01m[K/usr/include/x86_64-linux-gnu/qt5/QtWidgets/qlabel.h:44[m[K,
                 from [01m[K/usr/include/x86_64-linux-gnu/qt5/QtWidgets/QLabel:1[m[K,
                 from [01m[K/home/shenhang/ros_study/chapter3/topic_practice_workspace/src/status_display/src/sys_status_display.cpp:2[m[K:
[01m[K/usr/include/x86_64-linux-gnu/qt5/QtGui/qkeysequence.h:213:38:[m[K [01;36m[Knote: [m[Kcandidate: ‘[01m[KQDataStream& operator<<(QDataStream&, const QKeySequence&)[m[K’
  213 |     friend Q_GUI_EXPORT QDataStream &[01;36m[Koperator[m[K<<(QDataStream &in, const QKeySequence &ks);
      |                                      [01;36m[K^~~~~~~~[m[K
[01m[K/usr/include/x86_64-linux-gnu/qt5/QtGui/qkeysequence.h:58:51:[m[K [01;36m[Knote: [m[K  no known conversion for argument 1 from ‘[01m[Kstd::basic_ostream<char>[m[K’ to ‘[01m[KQDataStream&[m[K’
   58 | Q_GUI_EXPORT QDataStream &operator<<([01;36m[KQDataStream &in[m[K, const QKeySequence &ks);
      |                                      [01;36m[K~~~~~~~~~~~~~^~[m[K
[01m[K/usr/include/x86_64-linux-gnu/qt5/QtGui/qkeysequence.h:227:21:[m[K [01;36m[Knote: [m[Kcandidate: ‘[01m[KQDebug operator<<(QDebug, const QKeySequence&)[m[K’
  227 | Q_GUI_EXPORT QDebug [01;36m[Koperator[m[K<<(QDebug, const QKeySequence &);
      |                     [01;36m[K^~~~~~~~[m[K
[01m[K/usr/include/x86_64-linux-gnu/qt5/QtGui/qkeysequence.h:227:32:[m[K [01;36m[Knote: [m[K  no known conversion for argument 1 from ‘[01m[Kstd::basic_ostream<char>[m[K’ to ‘[01m[KQDebug[m[K’
  227 | Q_GUI_EXPORT QDebug operator<<([01;36m[KQDebug[m[K, const QKeySequence &);
      |                                [01;36m[K^~~~~~[m[K
In file included from [01m[K/usr/include/x86_64-linux-gnu/qt5/QtWidgets/qframe.h:44[m[K,
                 from [01m[K/usr/include/x86_64-linux-gnu/qt5/QtWidgets/qlabel.h:44[m[K,
                 from [01m[K/usr/include/x86_64-linux-gnu/qt5/QtWidgets/QLabel:1[m[K,
                 from [01m[K/home/shenhang/ros_study/chapter3/topic_practice_workspace/src/status_display/src/sys_status_display.cpp:2[m[K:
[01m[K/usr/include/x86_64-linux-gnu/qt5/QtWidgets/qwidget.h:891:25:[m[K [01;36m[Knote: [m[Kcandidate: ‘[01m[KQDebug operator<<(QDebug, const QWidget*)[m[K’
  891 | Q_WIDGETS_EXPORT QDebug [01;36m[Koperator[m[K<<(QDebug, const QWidget *);
      |                         [01;36m[K^~~~~~~~[m[K
[01m[K/usr/include/x86_64-linux-gnu/qt5/QtWidgets/qwidget.h:891:36:[m[K [01;36m[Knote: [m[K  no known conversion for argument 1 from ‘[01m[Kstd::basic_ostream<char>[m[K’ to ‘[01m[KQDebug[m[K’
  891 | Q_WIDGETS_EXPORT QDebug operator<<([01;36m[KQDebug[m[K, const QWidget *);
      |                                    [01;36m[K^~~~~~[m[K
[01m[K/home/shenhang/ros_study/chapter3/topic_practice_workspace/src/status_display/src/sys_status_display.cpp:28:5:[m[K [01;35m[Kwarning: [m[Kno return statement in function returning non-void [[01;35m[K]8;;https://gcc.gnu.org/onlinedocs/gcc/Warning-Options.html#index-Wreturn-type-Wreturn-type]8;;[m[K]
   28 |     [01;35m[K}[m[K
      |     [01;35m[K^[m[K
[01m[K/home/shenhang/ros_study/chapter3/topic_practice_workspace/src/status_display/src/sys_status_display.cpp:[m[K In lambda function:
[01m[K/home/shenhang/ros_study/chapter3/topic_practice_workspace/src/status_display/src/sys_status_display.cpp:35:99:[m[K [01;31m[Kerror: [m[K‘[01m[Kmsg[m[K’ was not declared in this scope
   35 |                                                               { label_->setText(get_qstr_from_msg([01;31m[Kmsg[m[K)); });//订阅sys_status话题
      |                                                                                                   [01;31m[K^~~[m[K
[01m[K/home/shenhang/ros_study/chapter3/topic_practice_workspace/src/status_display/src/sys_status_display.cpp:35:99:[m[K [01;36m[Knote: [m[Ksuggested alternatives:
In file included from [01m[K/opt/ros/humble/include/builtin_interfaces/builtin_interfaces/msg/duration.hpp:7[m[K,
                 from [01m[K/opt/ros/humble/include/rclcpp/rclcpp/duration.hpp:20[m[K,
                 from [01m[K/opt/ros/humble/include/rclcpp/rclcpp/qos.hpp:20[m[K,
                 from [01m[K/opt/ros/humble/include/rclcpp/rclcpp/node_interfaces/node_graph_interface.hpp:32[m[K,
                 from [01m[K/opt/ros/humble/include/rclcpp/rclcpp/client.hpp:42[m[K,
                 from [01m[K/opt/ros/humble/include/rclcpp/rclcpp/callback_group.hpp:24[m[K,
                 from [01m[K/opt/ros/humble/include/rclcpp/rclcpp/any_executable.hpp:20[m[K,
                 from [01m[K/opt/ros/humble/include/rclcpp/rclcpp/memory_strategy.hpp:25[m[K,
                 from [01m[K/opt/ros/humble/include/rclcpp/rclcpp/memory_strategies.hpp:18[m[K,
                 from [01m[K/opt/ros/humble/include/rclcpp/rclcpp/executor_options.hpp:20[m[K,
                 from [01m[K/opt/ros/humble/include/rclcpp/rclcpp/executor.hpp:37[m[K,
                 from [01m[K/opt/ros/humble/include/rclcpp/rclcpp/executors/multi_threaded_executor.hpp:25[m[K,
                 from [01m[K/opt/ros/humble/include/rclcpp/rclcpp/executors.hpp:21[m[K,
                 from [01m[K/opt/ros/humble/include/rclcpp/rclcpp/rclcpp.hpp:155[m[K,
                 from [01m[K/home/shenhang/ros_study/chapter3/topic_practice_workspace/src/status_display/src/sys_status_display.cpp:4[m[K:
[01m[K/opt/ros/humble/include/builtin_interfaces/builtin_interfaces/msg/detail/duration__struct.hpp:27:11:[m[K [01;36m[Knote: [m[K  ‘[01m[Kbuiltin_interfaces::msg[m[K’
   27 | namespace [01;36m[Kmsg[m[K
      |           [01;36m[K^~~[m[K
In file included from [01m[K/opt/ros/humble/include/rcl_interfaces/rcl_interfaces/msg/set_parameters_result.hpp:7[m[K,
                 from [01m[K/opt/ros/humble/include/rclcpp/rclcpp/qos_overriding_options.hpp:28[m[K,
                 from [01m[K/opt/ros/humble/include/rclcpp/rclcpp/subscription_options.hpp:30[m[K,
                 from [01m[K/opt/ros/humble/include/rclcpp/rclcpp/subscription.hpp:45[m[K,
                 from [01m[K/opt/ros/humble/include/rclcpp/rclcpp/any_executable.hpp:25[m[K,
                 from [01m[K/opt/ros/humble/include/rclcpp/rclcpp/memory_strategy.hpp:25[m[K,
                 from [01m[K/opt/ros/humble/include/rclcpp/rclcpp/memory_strategies.hpp:18[m[K,
                 from [01m[K/opt/ros/humble/include/rclcpp/rclcpp/executor_options.hpp:20[m[K,
                 from [01m[K/opt/ros/humble/include/rclcpp/rclcpp/executor.hpp:37[m[K,
                 from [01m[K/opt/ros/humble/include/rclcpp/rclcpp/executors/multi_threaded_executor.hpp:25[m[K,
                 from [01m[K/opt/ros/humble/include/rclcpp/rclcpp/executors.hpp:21[m[K,
                 from [01m[K/opt/ros/humble/include/rclcpp/rclcpp/rclcpp.hpp:155[m[K,
                 from [01m[K/home/shenhang/ros_study/chapter3/topic_practice_workspace/src/status_display/src/sys_status_display.cpp:4[m[K:
[01m[K/opt/ros/humble/include/rcl_interfaces/rcl_interfaces/msg/detail/set_parameters_result__struct.hpp:27:11:[m[K [01;36m[Knote: [m[K  ‘[01m[Krcl_interfaces::msg[m[K’
   27 | namespace [01;36m[Kmsg[m[K
      |           [01;36m[K^~~[m[K
In file included from [01m[K/opt/ros/humble/include/statistics_msgs/statistics_msgs/msg/detail/metrics_message__struct.hpp:23[m[K,
                 from [01m[K/opt/ros/humble/include/statistics_msgs/statistics_msgs/msg/metrics_message.hpp:7[m[K,
                 from [01m[K/opt/ros/humble/include/libstatistics_collector/libstatistics_collector/collector/generate_statistics_message.hpp:21[m[K,
                 from [01m[K/opt/ros/humble/include/rclcpp/rclcpp/topic_statistics/subscription_topic_statistics.hpp:23[m[K,
                 from [01m[K/opt/ros/humble/include/rclcpp/rclcpp/subscription.hpp:50[m[K,
                 from [01m[K/opt/ros/humble/include/rclcpp/rclcpp/any_executable.hpp:25[m[K,
                 from [01m[K/opt/ros/humble/include/rclcpp/rclcpp/memory_strategy.hpp:25[m[K,
                 from [01m[K/opt/ros/humble/include/rclcpp/rclcpp/memory_strategies.hpp:18[m[K,
                 from [01m[K/opt/ros/humble/include/rclcpp/rclcpp/executor_options.hpp:20[m[K,
                 from [01m[K/opt/ros/humble/include/rclcpp/rclcpp/executor.hpp:37[m[K,
                 from [01m[K/opt/ros/humble/include/rclcpp/rclcpp/executors/multi_threaded_executor.hpp:25[m[K,
                 from [01m[K/opt/ros/humble/include/rclcpp/rclcpp/executors.hpp:21[m[K,
                 from [01m[K/opt/ros/humble/include/rclcpp/rclcpp/rclcpp.hpp:155[m[K,
                 from [01m[K/home/shenhang/ros_study/chapter3/topic_practice_workspace/src/status_display/src/sys_status_display.cpp:4[m[K:
[01m[K/opt/ros/humble/include/statistics_msgs/statistics_msgs/msg/detail/statistic_data_point__struct.hpp:27:11:[m[K [01;36m[Knote: [m[K  ‘[01m[Kstatistics_msgs::msg[m[K’
   27 | namespace [01;36m[Kmsg[m[K
      |           [01;36m[K^~~[m[K
In file included from [01m[K/home/shenhang/ros_study/chapter3/topic_practice_workspace/install/status_interfaces/include/status_interfaces/status_interfaces/msg/system_status.hpp:7[m[K,
                 from [01m[K/home/shenhang/ros_study/chapter3/topic_practice_workspace/src/status_display/src/sys_status_display.cpp:5[m[K:
[01m[K/home/shenhang/ros_study/chapter3/topic_practice_workspace/install/status_interfaces/include/status_interfaces/status_interfaces/msg/detail/system_status__struct.hpp:31:11:[m[K [01;36m[Knote: [m[K  ‘[01m[Kstatus_interfaces::msg[m[K’
   31 | namespace [01;36m[Kmsg[m[K
      |           [01;36m[K^~~[m[K
[01m[K/home/shenhang/ros_study/chapter3/topic_practice_workspace/src/status_display/src/sys_status_display.cpp:[m[K In constructor ‘[01m[KSysStatusDisplay::SysStatusDisplay(const string&)[m[K’:
[01m[K/home/shenhang/ros_study/chapter3/topic_practice_workspace/src/status_display/src/sys_status_display.cpp:36:66:[m[K [01;31m[Kerror: [m[Kexpected primary-expression before ‘[01m[K>[m[K’ token
   36 |         label_->setText(get_qstr_from_msg(SystemStatus::SharedPtr[01;31m[K>[m[K());
      |                                                                  [01;31m[K^[m[K
[01m[K/home/shenhang/ros_study/chapter3/topic_practice_workspace/src/status_display/src/sys_status_display.cpp:36:68:[m[K [01;31m[Kerror: [m[Kexpected primary-expression before ‘[01m[K)[m[K’ token
   36 |         label_->setText(get_qstr_from_msg(SystemStatus::SharedPtr>([01;31m[K)[m[K);
      |                                                                    [01;31m[K^[m[K
gmake[2]: *** [CMakeFiles/sys_status_display_exe.dir/build.make:76：CMakeFiles/sys_status_display_exe.dir/src/sys_status_display.cpp.o] 错误 1
gmake[1]: *** [CMakeFiles/Makefile2:165：CMakeFiles/sys_status_display_exe.dir/all] 错误 2
gmake: *** [Makefile:146：all] 错误 2
