[0.000000] (-) TimerEvent: {}
[0.001739] (status_interfaces) JobQueued: {'identifier': 'status_interfaces', 'dependencies': OrderedDict()}
[0.001840] (status_display) JobQueued: {'identifier': 'status_display', 'dependencies': OrderedDict([('status_interfaces', '/home/shenhang/ros_study/chapter3/topic_practice_workspace/install/status_interfaces')])}
[0.001908] (status_publisher) JobQueued: {'identifier': 'status_publisher', 'dependencies': OrderedDict([('status_interfaces', '/home/shenhang/ros_study/chapter3/topic_practice_workspace/install/status_interfaces')])}
[0.001943] (status_interfaces) JobStarted: {'identifier': 'status_interfaces'}
[0.014385] (status_interfaces) JobProgress: {'identifier': 'status_interfaces', 'progress': 'cmake'}
[0.015465] (status_interfaces) JobProgress: {'identifier': 'status_interfaces', 'progress': 'build'}
[0.018076] (status_interfaces) Command: {'cmd': ['/usr/bin/cmake', '--build', '/home/shenhang/ros_study/chapter3/topic_practice_workspace/build/status_interfaces', '--', '-j6', '-l6'], 'cwd': '/home/shenhang/ros_study/chapter3/topic_practice_workspace/build/status_interfaces', 'env': OrderedDict([('GJS_DEBUG_TOPICS', 'JS ERROR;JS LOG'), ('PYTHON_BASIC_REPL', '1'), ('LESSOPEN', '| /usr/bin/lesspipe %s'), ('LANGUAGE', 'zh_CN:zh'), ('USER', 'shenhang'), ('XDG_SESSION_TYPE', 'wayland'), ('GIT_ASKPASS', '/usr/share/code/resources/app/extensions/git/dist/askpass.sh'), ('SHLVL', '1'), ('LD_LIBRARY_PATH', '/home/shenhang/ros_study/chapter3/topic_practice_workspace/install/status_interfaces/lib:/opt/ros/humble/opt/rviz_ogre_vendor/lib:/opt/ros/humble/lib/x86_64-linux-gnu:/opt/ros/humble/lib'), ('HOME', '/home/shenhang'), ('CHROME_DESKTOP', 'code.desktop'), ('OLDPWD', '/home/shenhang/ros_study/chapter3/topic_practice_workspace/src'), ('TERM_PROGRAM_VERSION', '1.108.1'), ('DESKTOP_SESSION', 'ubuntu'), ('GIO_LAUNCHED_DESKTOP_FILE', '/usr/share/applications/code.desktop'), ('ROS_PYTHON_VERSION', '3'), ('GNOME_SHELL_SESSION_MODE', 'ubuntu'), ('GTK_MODULES', 'gail:atk-bridge'), ('VSCODE_GIT_ASKPASS_MAIN', '/usr/share/code/resources/app/extensions/git/dist/askpass-main.js'), ('VSCODE_GIT_ASKPASS_NODE', '/usr/share/code/code'), ('MANAGERPID', '2341'), ('PYDEVD_DISABLE_FILE_VALIDATION', '1'), ('SYSTEMD_EXEC_PID', '2505'), ('BUNDLED_DEBUGPY_PATH', '/home/shenhang/.vscode/extensions/ms-python.debugpy-2025.18.0-linux-x64/bundled/libs/debugpy'), ('IM_CONFIG_CHECK_ENV', '1'), ('VSCODE_PYTHON_AUTOACTIVATE_GUARD', '1'), ('DBUS_SESSION_BUS_ADDRESS', 'unix:path=/run/user/1000/bus'), ('COLORTERM', 'truecolor'), ('GIO_LAUNCHED_DESKTOP_FILE_PID', '9065'), ('IM_CONFIG_PHASE', '1'), ('WAYLAND_DISPLAY', 'wayland-0'), ('COLCON_PREFIX_PATH', '/home/shenhang/ros_study/chapter3/topic_practice_workspace/install'), ('ROS_DISTRO', 'humble'), ('LOGNAME', 'shenhang'), ('JOURNAL_STREAM', '8:12577'), ('_', '/usr/bin/colcon'), ('ROS_VERSION', '2'), ('XDG_SESSION_CLASS', 'user'), ('USERNAME', 'shenhang'), ('TERM', 'xterm-256color'), ('GNOME_DESKTOP_SESSION_ID', 'this-is-deprecated'), ('FC_FONTATIONS', '1'), ('ROS_LOCALHOST_ONLY', '0'), ('PATH', '/home/shenhang/.config/Code/User/globalStorage/github.copilot-chat/debugCommand:/home/shenhang/.config/Code/User/globalStorage/github.copilot-chat/copilotCli:/opt/ros/humble/bin:/usr/local/sbin:/usr/local/bin:/usr/sbin:/usr/bin:/sbin:/bin:/usr/games:/usr/local/games:/snap/bin:/snap/bin:/home/shenhang/.vscode/extensions/ms-python.debugpy-2025.18.0-linux-x64/bundled/scripts/noConfigScripts'), ('SESSION_MANAGER', 'local/shenhang-VirtualBox:@/tmp/.ICE-unix/2480,unix/shenhang-VirtualBox:/tmp/.ICE-unix/2480'), ('INVOCATION_ID', 'c3a81940805940c59e7ff094d6b33cb7'), ('XDG_MENU_PREFIX', 'gnome-'), ('GNOME_SETUP_DISPLAY', ':1'), ('XDG_RUNTIME_DIR', '/run/user/1000'), ('GDK_BACKEND', 'wayland'), ('DISPLAY', ':0'), ('VSCODE_DEBUGPY_ADAPTER_ENDPOINTS', '/home/shenhang/.vscode/extensions/ms-python.debugpy-2025.18.0-linux-x64/.noConfigDebugAdapterEndpoints/endpoint-51b4d5a485752e35.txt'), ('LANG', 'zh_CN.UTF-8'), ('XDG_CURRENT_DESKTOP', 'ubuntu:GNOME'), ('PYTHONSTARTUP', '/home/shenhang/.config/Code/User/workspaceStorage/ef4da6c00f614e73fdf73c604713ffa3/ms-python.python/pythonrc.py'), ('XMODIFIERS', '@im=ibus'), ('XDG_SESSION_DESKTOP', 'ubuntu'), ('XAUTHORITY', '/run/user/1000/.mutter-Xwaylandauth.OS4OJ3'), ('LS_COLORS', 'rs=0:di=01;34:ln=01;36:mh=00:pi=40;33:so=01;35:do=01;35:bd=40;33;01:cd=40;33;01:or=40;31;01:mi=00:su=37;41:sg=30;43:ca=30;41:tw=30;42:ow=34;42:st=37;44:ex=01;32:*.tar=01;31:*.tgz=01;31:*.arc=01;31:*.arj=01;31:*.taz=01;31:*.lha=01;31:*.lz4=01;31:*.lzh=01;31:*.lzma=01;31:*.tlz=01;31:*.txz=01;31:*.tzo=01;31:*.t7z=01;31:*.zip=01;31:*.z=01;31:*.dz=01;31:*.gz=01;31:*.lrz=01;31:*.lz=01;31:*.lzo=01;31:*.xz=01;31:*.zst=01;31:*.tzst=01;31:*.bz2=01;31:*.bz=01;31:*.tbz=01;31:*.tbz2=01;31:*.tz=01;31:*.deb=01;31:*.rpm=01;31:*.jar=01;31:*.war=01;31:*.ear=01;31:*.sar=01;31:*.rar=01;31:*.alz=01;31:*.ace=01;31:*.zoo=01;31:*.cpio=01;31:*.7z=01;31:*.rz=01;31:*.cab=01;31:*.wim=01;31:*.swm=01;31:*.dwm=01;31:*.esd=01;31:*.jpg=01;35:*.jpeg=01;35:*.mjpg=01;35:*.mjpeg=01;35:*.gif=01;35:*.bmp=01;35:*.pbm=01;35:*.pgm=01;35:*.ppm=01;35:*.tga=01;35:*.xbm=01;35:*.xpm=01;35:*.tif=01;35:*.tiff=01;35:*.png=01;35:*.svg=01;35:*.svgz=01;35:*.mng=01;35:*.pcx=01;35:*.mov=01;35:*.mpg=01;35:*.mpeg=01;35:*.m2v=01;35:*.mkv=01;35:*.webm=01;35:*.webp=01;35:*.ogm=01;35:*.mp4=01;35:*.m4v=01;35:*.mp4v=01;35:*.vob=01;35:*.qt=01;35:*.nuv=01;35:*.wmv=01;35:*.asf=01;35:*.rm=01;35:*.rmvb=01;35:*.flc=01;35:*.avi=01;35:*.fli=01;35:*.flv=01;35:*.gl=01;35:*.dl=01;35:*.xcf=01;35:*.xwd=01;35:*.yuv=01;35:*.cgm=01;35:*.emf=01;35:*.ogv=01;35:*.ogx=01;35:*.aac=00;36:*.au=00;36:*.flac=00;36:*.m4a=00;36:*.mid=00;36:*.midi=00;36:*.mka=00;36:*.mp3=00;36:*.mpc=00;36:*.ogg=00;36:*.ra=00;36:*.wav=00;36:*.oga=00;36:*.opus=00;36:*.spx=00;36:*.xspf=00;36:'), ('VSCODE_GIT_IPC_HANDLE', '/run/user/1000/vscode-git-cae9e6a9f3.sock'), ('TERM_PROGRAM', 'vscode'), ('SSH_AGENT_LAUNCHER', 'gnome-keyring'), ('SSH_AUTH_SOCK', '/run/user/1000/keyring/ssh'), ('AMENT_PREFIX_PATH', '/home/shenhang/ros_study/chapter3/topic_practice_workspace/install/status_display:/home/shenhang/ros_study/chapter3/topic_practice_workspace/install/status_publisher:/home/shenhang/ros_study/chapter3/topic_practice_workspace/install/status_interfaces:/opt/ros/humble'), ('SHELL', '/bin/bash'), ('QT_ACCESSIBILITY', '1'), ('GDMSESSION', 'ubuntu'), ('LESSCLOSE', '/usr/bin/lesspipe %s %s'), ('GJS_DEBUG_OUTPUT', 'stderr'), ('VSCODE_GIT_ASKPASS_EXTRA_ARGS', ''), ('QT_IM_MODULE', 'ibus'), ('PWD', '/home/shenhang/ros_study/chapter3/topic_practice_workspace/build/status_interfaces'), ('XDG_CONFIG_DIRS', '/etc/xdg/xdg-ubuntu:/etc/xdg'), ('XDG_DATA_DIRS', '/usr/share/ubuntu:/usr/local/share/:/usr/share/:/var/lib/snapd/desktop'), ('PYTHONPATH', '/home/shenhang/ros_study/chapter3/topic_practice_workspace/install/status_publisher/lib/python3.10/site-packages:/home/shenhang/ros_study/chapter3/topic_practice_workspace/install/status_interfaces/local/lib/python3.10/dist-packages:/opt/ros/humble/lib/python3.10/site-packages:/opt/ros/humble/local/lib/python3.10/dist-packages'), ('COLCON', '1'), ('CMAKE_PREFIX_PATH', '/home/shenhang/ros_study/chapter3/topic_practice_workspace/install/status_display:/home/shenhang/ros_study/chapter3/topic_practice_workspace/install/status_interfaces:/home/shenhang/ros_study/chapter3/topic_practice_workspace/install/status_publisher:/opt/ros/humble')]), 'shell': False}
[0.099304] (-) TimerEvent: {}
[0.125158] (status_interfaces) StdoutLine: {'line': b'[  3%] Built target status_interfaces__cpp\n'}
[0.128664] (status_interfaces) StdoutLine: {'line': b'[ 12%] Built target status_interfaces__rosidl_generator_c\n'}
[0.145024] (status_interfaces) StdoutLine: {'line': b'[ 12%] Built target ament_cmake_python_copy_status_interfaces\n'}
[0.184423] (status_interfaces) StdoutLine: {'line': b'[ 22%] Built target status_interfaces__rosidl_typesupport_cpp\n'}
[0.186421] (status_interfaces) StdoutLine: {'line': b'[ 32%] Built target status_interfaces__rosidl_typesupport_introspection_cpp\n'}
[0.199877] (status_interfaces) StdoutLine: {'line': b'[ 41%] Built target status_interfaces__rosidl_typesupport_fastrtps_cpp\n'}
[0.200261] (-) TimerEvent: {}
[0.206484] (status_interfaces) StdoutLine: {'line': b'[ 51%] Built target status_interfaces__rosidl_typesupport_introspection_c\n'}
[0.206834] (status_interfaces) StdoutLine: {'line': b'[ 61%] Built target status_interfaces__rosidl_typesupport_c\n'}
[0.213871] (status_interfaces) StdoutLine: {'line': b'[ 70%] Built target status_interfaces__rosidl_typesupport_fastrtps_c\n'}
[0.255807] (status_interfaces) StdoutLine: {'line': b'[ 70%] Built target status_interfaces\n'}
[0.301094] (-) TimerEvent: {}
[0.301295] (status_interfaces) StdoutLine: {'line': b'[ 74%] Built target status_interfaces__py\n'}
[0.343726] (status_interfaces) StdoutLine: {'line': b'[ 80%] Built target status_interfaces__rosidl_generator_py\n'}
[0.402802] (-) TimerEvent: {}
[0.410788] (status_interfaces) StdoutLine: {'line': b'[ 87%] Built target status_interfaces__rosidl_typesupport_introspection_c__pyext\n'}
[0.411305] (status_interfaces) StdoutLine: {'line': b'[ 93%] Built target status_interfaces__rosidl_typesupport_c__pyext\n'}
[0.414775] (status_interfaces) StdoutLine: {'line': b'[100%] Built target status_interfaces__rosidl_typesupport_fastrtps_c__pyext\n'}
[0.502928] (-) TimerEvent: {}
[0.603454] (-) TimerEvent: {}
[0.679918] (status_interfaces) StdoutLine: {'line': b'running egg_info\n'}
[0.680958] (status_interfaces) StdoutLine: {'line': b'writing status_interfaces.egg-info/PKG-INFO\n'}
[0.681372] (status_interfaces) StdoutLine: {'line': b'writing dependency_links to status_interfaces.egg-info/dependency_links.txt\n'}
[0.681803] (status_interfaces) StdoutLine: {'line': b'writing top-level names to status_interfaces.egg-info/top_level.txt\n'}
[0.685019] (status_interfaces) StdoutLine: {'line': b"reading manifest file 'status_interfaces.egg-info/SOURCES.txt'\n"}
[0.688868] (status_interfaces) StdoutLine: {'line': b"writing manifest file 'status_interfaces.egg-info/SOURCES.txt'\n"}
[0.703781] (-) TimerEvent: {}
[0.723865] (status_interfaces) StdoutLine: {'line': b'[100%] Built target ament_cmake_python_build_status_interfaces_egg\n'}
[0.745467] (status_interfaces) CommandEnded: {'returncode': 0}
[0.746164] (status_interfaces) JobProgress: {'identifier': 'status_interfaces', 'progress': 'install'}
[0.755903] (status_interfaces) Command: {'cmd': ['/usr/bin/cmake', '--install', '/home/shenhang/ros_study/chapter3/topic_practice_workspace/build/status_interfaces'], 'cwd': '/home/shenhang/ros_study/chapter3/topic_practice_workspace/build/status_interfaces', 'env': OrderedDict([('GJS_DEBUG_TOPICS', 'JS ERROR;JS LOG'), ('PYTHON_BASIC_REPL', '1'), ('LESSOPEN', '| /usr/bin/lesspipe %s'), ('LANGUAGE', 'zh_CN:zh'), ('USER', 'shenhang'), ('XDG_SESSION_TYPE', 'wayland'), ('GIT_ASKPASS', '/usr/share/code/resources/app/extensions/git/dist/askpass.sh'), ('SHLVL', '1'), ('LD_LIBRARY_PATH', '/home/shenhang/ros_study/chapter3/topic_practice_workspace/install/status_interfaces/lib:/opt/ros/humble/opt/rviz_ogre_vendor/lib:/opt/ros/humble/lib/x86_64-linux-gnu:/opt/ros/humble/lib'), ('HOME', '/home/shenhang'), ('CHROME_DESKTOP', 'code.desktop'), ('OLDPWD', '/home/shenhang/ros_study/chapter3/topic_practice_workspace/src'), ('TERM_PROGRAM_VERSION', '1.108.1'), ('DESKTOP_SESSION', 'ubuntu'), ('GIO_LAUNCHED_DESKTOP_FILE', '/usr/share/applications/code.desktop'), ('ROS_PYTHON_VERSION', '3'), ('GNOME_SHELL_SESSION_MODE', 'ubuntu'), ('GTK_MODULES', 'gail:atk-bridge'), ('VSCODE_GIT_ASKPASS_MAIN', '/usr/share/code/resources/app/extensions/git/dist/askpass-main.js'), ('VSCODE_GIT_ASKPASS_NODE', '/usr/share/code/code'), ('MANAGERPID', '2341'), ('PYDEVD_DISABLE_FILE_VALIDATION', '1'), ('SYSTEMD_EXEC_PID', '2505'), ('BUNDLED_DEBUGPY_PATH', '/home/shenhang/.vscode/extensions/ms-python.debugpy-2025.18.0-linux-x64/bundled/libs/debugpy'), ('IM_CONFIG_CHECK_ENV', '1'), ('VSCODE_PYTHON_AUTOACTIVATE_GUARD', '1'), ('DBUS_SESSION_BUS_ADDRESS', 'unix:path=/run/user/1000/bus'), ('COLORTERM', 'truecolor'), ('GIO_LAUNCHED_DESKTOP_FILE_PID', '9065'), ('IM_CONFIG_PHASE', '1'), ('WAYLAND_DISPLAY', 'wayland-0'), ('COLCON_PREFIX_PATH', '/home/shenhang/ros_study/chapter3/topic_practice_workspace/install'), ('ROS_DISTRO', 'humble'), ('LOGNAME', 'shenhang'), ('JOURNAL_STREAM', '8:12577'), ('_', '/usr/bin/colcon'), ('ROS_VERSION', '2'), ('XDG_SESSION_CLASS', 'user'), ('USERNAME', 'shenhang'), ('TERM', 'xterm-256color'), ('GNOME_DESKTOP_SESSION_ID', 'this-is-deprecated'), ('FC_FONTATIONS', '1'), ('ROS_LOCALHOST_ONLY', '0'), ('PATH', '/home/shenhang/.config/Code/User/globalStorage/github.copilot-chat/debugCommand:/home/shenhang/.config/Code/User/globalStorage/github.copilot-chat/copilotCli:/opt/ros/humble/bin:/usr/local/sbin:/usr/local/bin:/usr/sbin:/usr/bin:/sbin:/bin:/usr/games:/usr/local/games:/snap/bin:/snap/bin:/home/shenhang/.vscode/extensions/ms-python.debugpy-2025.18.0-linux-x64/bundled/scripts/noConfigScripts'), ('SESSION_MANAGER', 'local/shenhang-VirtualBox:@/tmp/.ICE-unix/2480,unix/shenhang-VirtualBox:/tmp/.ICE-unix/2480'), ('INVOCATION_ID', 'c3a81940805940c59e7ff094d6b33cb7'), ('XDG_MENU_PREFIX', 'gnome-'), ('GNOME_SETUP_DISPLAY', ':1'), ('XDG_RUNTIME_DIR', '/run/user/1000'), ('GDK_BACKEND', 'wayland'), ('DISPLAY', ':0'), ('VSCODE_DEBUGPY_ADAPTER_ENDPOINTS', '/home/shenhang/.vscode/extensions/ms-python.debugpy-2025.18.0-linux-x64/.noConfigDebugAdapterEndpoints/endpoint-51b4d5a485752e35.txt'), ('LANG', 'zh_CN.UTF-8'), ('XDG_CURRENT_DESKTOP', 'ubuntu:GNOME'), ('PYTHONSTARTUP', '/home/shenhang/.config/Code/User/workspaceStorage/ef4da6c00f614e73fdf73c604713ffa3/ms-python.python/pythonrc.py'), ('XMODIFIERS', '@im=ibus'), ('XDG_SESSION_DESKTOP', 'ubuntu'), ('XAUTHORITY', '/run/user/1000/.mutter-Xwaylandauth.OS4OJ3'), ('LS_COLORS', 'rs=0:di=01;34:ln=01;36:mh=00:pi=40;33:so=01;35:do=01;35:bd=40;33;01:cd=40;33;01:or=40;31;01:mi=00:su=37;41:sg=30;43:ca=30;41:tw=30;42:ow=34;42:st=37;44:ex=01;32:*.tar=01;31:*.tgz=01;31:*.arc=01;31:*.arj=01;31:*.taz=01;31:*.lha=01;31:*.lz4=01;31:*.lzh=01;31:*.lzma=01;31:*.tlz=01;31:*.txz=01;31:*.tzo=01;31:*.t7z=01;31:*.zip=01;31:*.z=01;31:*.dz=01;31:*.gz=01;31:*.lrz=01;31:*.lz=01;31:*.lzo=01;31:*.xz=01;31:*.zst=01;31:*.tzst=01;31:*.bz2=01;31:*.bz=01;31:*.tbz=01;31:*.tbz2=01;31:*.tz=01;31:*.deb=01;31:*.rpm=01;31:*.jar=01;31:*.war=01;31:*.ear=01;31:*.sar=01;31:*.rar=01;31:*.alz=01;31:*.ace=01;31:*.zoo=01;31:*.cpio=01;31:*.7z=01;31:*.rz=01;31:*.cab=01;31:*.wim=01;31:*.swm=01;31:*.dwm=01;31:*.esd=01;31:*.jpg=01;35:*.jpeg=01;35:*.mjpg=01;35:*.mjpeg=01;35:*.gif=01;35:*.bmp=01;35:*.pbm=01;35:*.pgm=01;35:*.ppm=01;35:*.tga=01;35:*.xbm=01;35:*.xpm=01;35:*.tif=01;35:*.tiff=01;35:*.png=01;35:*.svg=01;35:*.svgz=01;35:*.mng=01;35:*.pcx=01;35:*.mov=01;35:*.mpg=01;35:*.mpeg=01;35:*.m2v=01;35:*.mkv=01;35:*.webm=01;35:*.webp=01;35:*.ogm=01;35:*.mp4=01;35:*.m4v=01;35:*.mp4v=01;35:*.vob=01;35:*.qt=01;35:*.nuv=01;35:*.wmv=01;35:*.asf=01;35:*.rm=01;35:*.rmvb=01;35:*.flc=01;35:*.avi=01;35:*.fli=01;35:*.flv=01;35:*.gl=01;35:*.dl=01;35:*.xcf=01;35:*.xwd=01;35:*.yuv=01;35:*.cgm=01;35:*.emf=01;35:*.ogv=01;35:*.ogx=01;35:*.aac=00;36:*.au=00;36:*.flac=00;36:*.m4a=00;36:*.mid=00;36:*.midi=00;36:*.mka=00;36:*.mp3=00;36:*.mpc=00;36:*.ogg=00;36:*.ra=00;36:*.wav=00;36:*.oga=00;36:*.opus=00;36:*.spx=00;36:*.xspf=00;36:'), ('VSCODE_GIT_IPC_HANDLE', '/run/user/1000/vscode-git-cae9e6a9f3.sock'), ('TERM_PROGRAM', 'vscode'), ('SSH_AGENT_LAUNCHER', 'gnome-keyring'), ('SSH_AUTH_SOCK', '/run/user/1000/keyring/ssh'), ('AMENT_PREFIX_PATH', '/home/shenhang/ros_study/chapter3/topic_practice_workspace/install/status_display:/home/shenhang/ros_study/chapter3/topic_practice_workspace/install/status_publisher:/home/shenhang/ros_study/chapter3/topic_practice_workspace/install/status_interfaces:/opt/ros/humble'), ('SHELL', '/bin/bash'), ('QT_ACCESSIBILITY', '1'), ('GDMSESSION', 'ubuntu'), ('LESSCLOSE', '/usr/bin/lesspipe %s %s'), ('GJS_DEBUG_OUTPUT', 'stderr'), ('VSCODE_GIT_ASKPASS_EXTRA_ARGS', ''), ('QT_IM_MODULE', 'ibus'), ('PWD', '/home/shenhang/ros_study/chapter3/topic_practice_workspace/build/status_interfaces'), ('XDG_CONFIG_DIRS', '/etc/xdg/xdg-ubuntu:/etc/xdg'), ('XDG_DATA_DIRS', '/usr/share/ubuntu:/usr/local/share/:/usr/share/:/var/lib/snapd/desktop'), ('PYTHONPATH', '/home/shenhang/ros_study/chapter3/topic_practice_workspace/install/status_publisher/lib/python3.10/site-packages:/home/shenhang/ros_study/chapter3/topic_practice_workspace/install/status_interfaces/local/lib/python3.10/dist-packages:/opt/ros/humble/lib/python3.10/site-packages:/opt/ros/humble/local/lib/python3.10/dist-packages'), ('COLCON', '1'), ('CMAKE_PREFIX_PATH', '/home/shenhang/ros_study/chapter3/topic_practice_workspace/install/status_display:/home/shenhang/ros_study/chapter3/topic_practice_workspace/install/status_interfaces:/home/shenhang/ros_study/chapter3/topic_practice_workspace/install/status_publisher:/opt/ros/humble')]), 'shell': False}
[0.771737] (status_interfaces) StdoutLine: {'line': b'-- Install configuration: ""\n'}
[0.772181] (status_interfaces) StdoutLine: {'line': b'-- Up-to-date: /home/shenhang/ros_study/chapter3/topic_practice_workspace/install/status_interfaces/share/ament_index/resource_index/rosidl_interfaces/status_interfaces\n'}
[0.772518] (status_interfaces) StdoutLine: {'line': b'-- Up-to-date: /home/shenhang/ros_study/chapter3/topic_practice_workspace/install/status_interfaces/include/status_interfaces/status_interfaces\n'}
[0.772694] (status_interfaces) StdoutLine: {'line': b'-- Up-to-date: /home/shenhang/ros_study/chapter3/topic_practice_workspace/install/status_interfaces/include/status_interfaces/status_interfaces/msg\n'}
[0.772793] (status_interfaces) StdoutLine: {'line': b'-- Up-to-date: /home/shenhang/ros_study/chapter3/topic_practice_workspace/install/status_interfaces/include/status_interfaces/status_interfaces/msg/rosidl_generator_c__visibility_control.h\n'}
[0.772883] (status_interfaces) StdoutLine: {'line': b'-- Up-to-date: /home/shenhang/ros_study/chapter3/topic_practice_workspace/install/status_interfaces/include/status_interfaces/status_interfaces/msg/system_status.h\n'}
[0.772970] (status_interfaces) StdoutLine: {'line': b'-- Up-to-date: /home/shenhang/ros_study/chapter3/topic_practice_workspace/install/status_interfaces/include/status_interfaces/status_interfaces/msg/detail\n'}
[0.773057] (status_interfaces) StdoutLine: {'line': b'-- Up-to-date: /home/shenhang/ros_study/chapter3/topic_practice_workspace/install/status_interfaces/include/status_interfaces/status_interfaces/msg/detail/system_status__struct.h\n'}
[0.774469] (status_interfaces) StdoutLine: {'line': b'-- Up-to-date: /home/shenhang/ros_study/chapter3/topic_practice_workspace/install/status_interfaces/include/status_interfaces/status_interfaces/msg/detail/system_status__functions.c\n'}
[0.774681] (status_interfaces) StdoutLine: {'line': b'-- Up-to-date: /home/shenhang/ros_study/chapter3/topic_practice_workspace/install/status_interfaces/include/status_interfaces/status_interfaces/msg/detail/system_status__type_support.h\n'}
[0.774790] (status_interfaces) StdoutLine: {'line': b'-- Up-to-date: /home/shenhang/ros_study/chapter3/topic_practice_workspace/install/status_interfaces/include/status_interfaces/status_interfaces/msg/detail/system_status__functions.h\n'}
[0.774928] (status_interfaces) StdoutLine: {'line': b'-- Up-to-date: /home/shenhang/ros_study/chapter3/topic_practice_workspace/install/status_interfaces/share/status_interfaces/environment/library_path.sh\n'}
[0.775021] (status_interfaces) StdoutLine: {'line': b'-- Up-to-date: /home/shenhang/ros_study/chapter3/topic_practice_workspace/install/status_interfaces/share/status_interfaces/environment/library_path.dsv\n'}
[0.775108] (status_interfaces) StdoutLine: {'line': b'-- Up-to-date: /home/shenhang/ros_study/chapter3/topic_practice_workspace/install/status_interfaces/lib/libstatus_interfaces__rosidl_generator_c.so\n'}
[0.775368] (status_interfaces) StdoutLine: {'line': b'-- Up-to-date: /home/shenhang/ros_study/chapter3/topic_practice_workspace/install/status_interfaces/include/status_interfaces/status_interfaces\n'}
[0.775524] (status_interfaces) StdoutLine: {'line': b'-- Up-to-date: /home/shenhang/ros_study/chapter3/topic_practice_workspace/install/status_interfaces/include/status_interfaces/status_interfaces/msg\n'}
[0.775699] (status_interfaces) StdoutLine: {'line': b'-- Up-to-date: /home/shenhang/ros_study/chapter3/topic_practice_workspace/install/status_interfaces/include/status_interfaces/status_interfaces/msg/rosidl_typesupport_fastrtps_c__visibility_control.h\n'}
[0.775806] (status_interfaces) StdoutLine: {'line': b'-- Up-to-date: /home/shenhang/ros_study/chapter3/topic_practice_workspace/install/status_interfaces/include/status_interfaces/status_interfaces/msg/detail\n'}
[0.776070] (status_interfaces) StdoutLine: {'line': b'-- Up-to-date: /home/shenhang/ros_study/chapter3/topic_practice_workspace/install/status_interfaces/include/status_interfaces/status_interfaces/msg/detail/system_status__rosidl_typesupport_fastrtps_c.h\n'}
[0.776476] (status_interfaces) StdoutLine: {'line': b'-- Up-to-date: /home/shenhang/ros_study/chapter3/topic_practice_workspace/install/status_interfaces/lib/libstatus_interfaces__rosidl_typesupport_fastrtps_c.so\n'}
[0.776568] (status_interfaces) StdoutLine: {'line': b'-- Up-to-date: /home/shenhang/ros_study/chapter3/topic_practice_workspace/install/status_interfaces/include/status_interfaces/status_interfaces\n'}
[0.776711] (status_interfaces) StdoutLine: {'line': b'-- Up-to-date: /home/shenhang/ros_study/chapter3/topic_practice_workspace/install/status_interfaces/include/status_interfaces/status_interfaces/msg\n'}
[0.776800] (status_interfaces) StdoutLine: {'line': b'-- Up-to-date: /home/shenhang/ros_study/chapter3/topic_practice_workspace/install/status_interfaces/include/status_interfaces/status_interfaces/msg/rosidl_generator_cpp__visibility_control.hpp\n'}
[0.776886] (status_interfaces) StdoutLine: {'line': b'-- Up-to-date: /home/shenhang/ros_study/chapter3/topic_practice_workspace/install/status_interfaces/include/status_interfaces/status_interfaces/msg/detail\n'}
[0.776972] (status_interfaces) StdoutLine: {'line': b'-- Up-to-date: /home/shenhang/ros_study/chapter3/topic_practice_workspace/install/status_interfaces/include/status_interfaces/status_interfaces/msg/detail/system_status__struct.hpp\n'}
[0.777058] (status_interfaces) StdoutLine: {'line': b'-- Up-to-date: /home/shenhang/ros_study/chapter3/topic_practice_workspace/install/status_interfaces/include/status_interfaces/status_interfaces/msg/detail/system_status__builder.hpp\n'}
[0.777169] (status_interfaces) StdoutLine: {'line': b'-- Up-to-date: /home/shenhang/ros_study/chapter3/topic_practice_workspace/install/status_interfaces/include/status_interfaces/status_interfaces/msg/detail/system_status__type_support.hpp\n'}
[0.777257] (status_interfaces) StdoutLine: {'line': b'-- Up-to-date: /home/shenhang/ros_study/chapter3/topic_practice_workspace/install/status_interfaces/include/status_interfaces/status_interfaces/msg/detail/system_status__traits.hpp\n'}
[0.777343] (status_interfaces) StdoutLine: {'line': b'-- Up-to-date: /home/shenhang/ros_study/chapter3/topic_practice_workspace/install/status_interfaces/include/status_interfaces/status_interfaces/msg/system_status.hpp\n'}
[0.777428] (status_interfaces) StdoutLine: {'line': b'-- Up-to-date: /home/shenhang/ros_study/chapter3/topic_practice_workspace/install/status_interfaces/include/status_interfaces/status_interfaces\n'}
[0.777513] (status_interfaces) StdoutLine: {'line': b'-- Up-to-date: /home/shenhang/ros_study/chapter3/topic_practice_workspace/install/status_interfaces/include/status_interfaces/status_interfaces/msg\n'}
[0.777601] (status_interfaces) StdoutLine: {'line': b'-- Up-to-date: /home/shenhang/ros_study/chapter3/topic_practice_workspace/install/status_interfaces/include/status_interfaces/status_interfaces/msg/rosidl_typesupport_fastrtps_cpp__visibility_control.h\n'}
[0.778051] (status_interfaces) StdoutLine: {'line': b'-- Up-to-date: /home/shenhang/ros_study/chapter3/topic_practice_workspace/install/status_interfaces/include/status_interfaces/status_interfaces/msg/detail\n'}
[0.778349] (status_interfaces) StdoutLine: {'line': b'-- Up-to-date: /home/shenhang/ros_study/chapter3/topic_practice_workspace/install/status_interfaces/include/status_interfaces/status_interfaces/msg/detail/dds_fastrtps\n'}
[0.778477] (status_interfaces) StdoutLine: {'line': b'-- Up-to-date: /home/shenhang/ros_study/chapter3/topic_practice_workspace/install/status_interfaces/include/status_interfaces/status_interfaces/msg/detail/system_status__rosidl_typesupport_fastrtps_cpp.hpp\n'}
[0.778626] (status_interfaces) StdoutLine: {'line': b'-- Up-to-date: /home/shenhang/ros_study/chapter3/topic_practice_workspace/install/status_interfaces/lib/libstatus_interfaces__rosidl_typesupport_fastrtps_cpp.so\n'}
[0.778783] (status_interfaces) StdoutLine: {'line': b'-- Up-to-date: /home/shenhang/ros_study/chapter3/topic_practice_workspace/install/status_interfaces/include/status_interfaces/status_interfaces\n'}
[0.778873] (status_interfaces) StdoutLine: {'line': b'-- Up-to-date: /home/shenhang/ros_study/chapter3/topic_practice_workspace/install/status_interfaces/include/status_interfaces/status_interfaces/msg\n'}
[0.778960] (status_interfaces) StdoutLine: {'line': b'-- Up-to-date: /home/shenhang/ros_study/chapter3/topic_practice_workspace/install/status_interfaces/include/status_interfaces/status_interfaces/msg/rosidl_typesupport_introspection_c__visibility_control.h\n'}
[0.779047] (status_interfaces) StdoutLine: {'line': b'-- Up-to-date: /home/shenhang/ros_study/chapter3/topic_practice_workspace/install/status_interfaces/include/status_interfaces/status_interfaces/msg/detail\n'}
[0.779161] (status_interfaces) StdoutLine: {'line': b'-- Up-to-date: /home/shenhang/ros_study/chapter3/topic_practice_workspace/install/status_interfaces/include/status_interfaces/status_interfaces/msg/detail/system_status__type_support.c\n'}
[0.779314] (status_interfaces) StdoutLine: {'line': b'-- Up-to-date: /home/shenhang/ros_study/chapter3/topic_practice_workspace/install/status_interfaces/include/status_interfaces/status_interfaces/msg/detail/system_status__rosidl_typesupport_introspection_c.h\n'}
[0.779415] (status_interfaces) StdoutLine: {'line': b'-- Up-to-date: /home/shenhang/ros_study/chapter3/topic_practice_workspace/install/status_interfaces/lib/libstatus_interfaces__rosidl_typesupport_introspection_c.so\n'}
[0.779502] (status_interfaces) StdoutLine: {'line': b'-- Up-to-date: /home/shenhang/ros_study/chapter3/topic_practice_workspace/install/status_interfaces/lib/libstatus_interfaces__rosidl_typesupport_c.so\n'}
[0.779807] (status_interfaces) StdoutLine: {'line': b'-- Up-to-date: /home/shenhang/ros_study/chapter3/topic_practice_workspace/install/status_interfaces/include/status_interfaces/status_interfaces\n'}
[0.779905] (status_interfaces) StdoutLine: {'line': b'-- Up-to-date: /home/shenhang/ros_study/chapter3/topic_practice_workspace/install/status_interfaces/include/status_interfaces/status_interfaces/msg\n'}
[0.780071] (status_interfaces) StdoutLine: {'line': b'-- Up-to-date: /home/shenhang/ros_study/chapter3/topic_practice_workspace/install/status_interfaces/include/status_interfaces/status_interfaces/msg/detail\n'}
[0.780221] (status_interfaces) StdoutLine: {'line': b'-- Up-to-date: /home/shenhang/ros_study/chapter3/topic_practice_workspace/install/status_interfaces/include/status_interfaces/status_interfaces/msg/detail/system_status__rosidl_typesupport_introspection_cpp.hpp\n'}
[0.780371] (status_interfaces) StdoutLine: {'line': b'-- Up-to-date: /home/shenhang/ros_study/chapter3/topic_practice_workspace/install/status_interfaces/include/status_interfaces/status_interfaces/msg/detail/system_status__type_support.cpp\n'}
[0.780465] (status_interfaces) StdoutLine: {'line': b'-- Up-to-date: /home/shenhang/ros_study/chapter3/topic_practice_workspace/install/status_interfaces/lib/libstatus_interfaces__rosidl_typesupport_introspection_cpp.so\n'}
[0.780852] (status_interfaces) StdoutLine: {'line': b'-- Up-to-date: /home/shenhang/ros_study/chapter3/topic_practice_workspace/install/status_interfaces/lib/libstatus_interfaces__rosidl_typesupport_cpp.so\n'}
[0.781076] (status_interfaces) StdoutLine: {'line': b'-- Up-to-date: /home/shenhang/ros_study/chapter3/topic_practice_workspace/install/status_interfaces/share/status_interfaces/environment/pythonpath.sh\n'}
[0.781174] (status_interfaces) StdoutLine: {'line': b'-- Up-to-date: /home/shenhang/ros_study/chapter3/topic_practice_workspace/install/status_interfaces/share/status_interfaces/environment/pythonpath.dsv\n'}
[0.781269] (status_interfaces) StdoutLine: {'line': b'-- Up-to-date: /home/shenhang/ros_study/chapter3/topic_practice_workspace/install/status_interfaces/local/lib/python3.10/dist-packages/status_interfaces-0.0.0-py3.10.egg-info\n'}
[0.781356] (status_interfaces) StdoutLine: {'line': b'-- Installing: /home/shenhang/ros_study/chapter3/topic_practice_workspace/install/status_interfaces/local/lib/python3.10/dist-packages/status_interfaces-0.0.0-py3.10.egg-info/top_level.txt\n'}
[0.781444] (status_interfaces) StdoutLine: {'line': b'-- Installing: /home/shenhang/ros_study/chapter3/topic_practice_workspace/install/status_interfaces/local/lib/python3.10/dist-packages/status_interfaces-0.0.0-py3.10.egg-info/SOURCES.txt\n'}
[0.781534] (status_interfaces) StdoutLine: {'line': b'-- Installing: /home/shenhang/ros_study/chapter3/topic_practice_workspace/install/status_interfaces/local/lib/python3.10/dist-packages/status_interfaces-0.0.0-py3.10.egg-info/dependency_links.txt\n'}
[0.781688] (status_interfaces) StdoutLine: {'line': b'-- Installing: /home/shenhang/ros_study/chapter3/topic_practice_workspace/install/status_interfaces/local/lib/python3.10/dist-packages/status_interfaces-0.0.0-py3.10.egg-info/PKG-INFO\n'}
[0.781781] (status_interfaces) StdoutLine: {'line': b'-- Up-to-date: /home/shenhang/ros_study/chapter3/topic_practice_workspace/install/status_interfaces/local/lib/python3.10/dist-packages/status_interfaces\n'}
[0.781868] (status_interfaces) StdoutLine: {'line': b'-- Up-to-date: /home/shenhang/ros_study/chapter3/topic_practice_workspace/install/status_interfaces/local/lib/python3.10/dist-packages/status_interfaces/msg\n'}
[0.781955] (status_interfaces) StdoutLine: {'line': b'-- Up-to-date: /home/shenhang/ros_study/chapter3/topic_practice_workspace/install/status_interfaces/local/lib/python3.10/dist-packages/status_interfaces/msg/_system_status.py\n'}
[0.782120] (status_interfaces) StdoutLine: {'line': b'-- Up-to-date: /home/shenhang/ros_study/chapter3/topic_practice_workspace/install/status_interfaces/local/lib/python3.10/dist-packages/status_interfaces/msg/__init__.py\n'}
[0.782213] (status_interfaces) StdoutLine: {'line': b'-- Up-to-date: /home/shenhang/ros_study/chapter3/topic_practice_workspace/install/status_interfaces/local/lib/python3.10/dist-packages/status_interfaces/msg/_system_status_s.c\n'}
[0.782298] (status_interfaces) StdoutLine: {'line': b'-- Up-to-date: /home/shenhang/ros_study/chapter3/topic_practice_workspace/install/status_interfaces/local/lib/python3.10/dist-packages/status_interfaces/__init__.py\n'}
[0.782384] (status_interfaces) StdoutLine: {'line': b'-- Up-to-date: /home/shenhang/ros_study/chapter3/topic_practice_workspace/install/status_interfaces/local/lib/python3.10/dist-packages/status_interfaces/_status_interfaces_s.ep.rosidl_typesupport_fastrtps_c.c\n'}
[0.782471] (status_interfaces) StdoutLine: {'line': b'-- Up-to-date: /home/shenhang/ros_study/chapter3/topic_practice_workspace/install/status_interfaces/local/lib/python3.10/dist-packages/status_interfaces/status_interfaces_s__rosidl_typesupport_c.cpython-310-x86_64-linux-gnu.so\n'}
[0.782567] (status_interfaces) StdoutLine: {'line': b'-- Up-to-date: /home/shenhang/ros_study/chapter3/topic_practice_workspace/install/status_interfaces/local/lib/python3.10/dist-packages/status_interfaces/libstatus_interfaces__rosidl_generator_py.so\n'}
[0.782728] (status_interfaces) StdoutLine: {'line': b'-- Up-to-date: /home/shenhang/ros_study/chapter3/topic_practice_workspace/install/status_interfaces/local/lib/python3.10/dist-packages/status_interfaces/_status_interfaces_s.ep.rosidl_typesupport_c.c\n'}
[0.782818] (status_interfaces) StdoutLine: {'line': b'-- Up-to-date: /home/shenhang/ros_study/chapter3/topic_practice_workspace/install/status_interfaces/local/lib/python3.10/dist-packages/status_interfaces/_status_interfaces_s.ep.rosidl_typesupport_introspection_c.c\n'}
[0.782905] (status_interfaces) StdoutLine: {'line': b'-- Up-to-date: /home/shenhang/ros_study/chapter3/topic_practice_workspace/install/status_interfaces/local/lib/python3.10/dist-packages/status_interfaces/status_interfaces_s__rosidl_typesupport_fastrtps_c.cpython-310-x86_64-linux-gnu.so\n'}
[0.783026] (status_interfaces) StdoutLine: {'line': b'-- Up-to-date: /home/shenhang/ros_study/chapter3/topic_practice_workspace/install/status_interfaces/local/lib/python3.10/dist-packages/status_interfaces/status_interfaces_s__rosidl_typesupport_introspection_c.cpython-310-x86_64-linux-gnu.so\n'}
[0.803899] (-) TimerEvent: {}
[0.833513] (status_interfaces) StdoutLine: {'line': b"Listing '/home/shenhang/ros_study/chapter3/topic_practice_workspace/install/status_interfaces/local/lib/python3.10/dist-packages/status_interfaces'...\n"}
[0.833787] (status_interfaces) StdoutLine: {'line': b"Listing '/home/shenhang/ros_study/chapter3/topic_practice_workspace/install/status_interfaces/local/lib/python3.10/dist-packages/status_interfaces/msg'...\n"}
[0.838835] (status_interfaces) StdoutLine: {'line': b'-- Up-to-date: /home/shenhang/ros_study/chapter3/topic_practice_workspace/install/status_interfaces/local/lib/python3.10/dist-packages/status_interfaces/status_interfaces_s__rosidl_typesupport_fastrtps_c.cpython-310-x86_64-linux-gnu.so\n'}
[0.839931] (status_interfaces) StdoutLine: {'line': b'-- Up-to-date: /home/shenhang/ros_study/chapter3/topic_practice_workspace/install/status_interfaces/local/lib/python3.10/dist-packages/status_interfaces/status_interfaces_s__rosidl_typesupport_introspection_c.cpython-310-x86_64-linux-gnu.so\n'}
[0.840287] (status_interfaces) StdoutLine: {'line': b'-- Up-to-date: /home/shenhang/ros_study/chapter3/topic_practice_workspace/install/status_interfaces/local/lib/python3.10/dist-packages/status_interfaces/status_interfaces_s__rosidl_typesupport_c.cpython-310-x86_64-linux-gnu.so\n'}
[0.841451] (status_interfaces) StdoutLine: {'line': b'-- Up-to-date: /home/shenhang/ros_study/chapter3/topic_practice_workspace/install/status_interfaces/lib/libstatus_interfaces__rosidl_generator_py.so\n'}
[0.841604] (status_interfaces) StdoutLine: {'line': b'-- Up-to-date: /home/shenhang/ros_study/chapter3/topic_practice_workspace/install/status_interfaces/share/status_interfaces/msg/SystemStatus.idl\n'}
[0.841759] (status_interfaces) StdoutLine: {'line': b'-- Up-to-date: /home/shenhang/ros_study/chapter3/topic_practice_workspace/install/status_interfaces/share/status_interfaces/msg/SystemStatus.msg\n'}
[0.841936] (status_interfaces) StdoutLine: {'line': b'-- Up-to-date: /home/shenhang/ros_study/chapter3/topic_practice_workspace/install/status_interfaces/share/ament_index/resource_index/package_run_dependencies/status_interfaces\n'}
[0.842090] (status_interfaces) StdoutLine: {'line': b'-- Up-to-date: /home/shenhang/ros_study/chapter3/topic_practice_workspace/install/status_interfaces/share/ament_index/resource_index/parent_prefix_path/status_interfaces\n'}
[0.842241] (status_interfaces) StdoutLine: {'line': b'-- Up-to-date: /home/shenhang/ros_study/chapter3/topic_practice_workspace/install/status_interfaces/share/status_interfaces/environment/ament_prefix_path.sh\n'}
[0.842396] (status_interfaces) StdoutLine: {'line': b'-- Up-to-date: /home/shenhang/ros_study/chapter3/topic_practice_workspace/install/status_interfaces/share/status_interfaces/environment/ament_prefix_path.dsv\n'}
[0.844380] (status_interfaces) StdoutLine: {'line': b'-- Up-to-date: /home/shenhang/ros_study/chapter3/topic_practice_workspace/install/status_interfaces/share/status_interfaces/environment/path.sh\n'}
[0.844737] (status_interfaces) StdoutLine: {'line': b'-- Up-to-date: /home/shenhang/ros_study/chapter3/topic_practice_workspace/install/status_interfaces/share/status_interfaces/environment/path.dsv\n'}
[0.844970] (status_interfaces) StdoutLine: {'line': b'-- Up-to-date: /home/shenhang/ros_study/chapter3/topic_practice_workspace/install/status_interfaces/share/status_interfaces/local_setup.bash\n'}
[0.845406] (status_interfaces) StdoutLine: {'line': b'-- Up-to-date: /home/shenhang/ros_study/chapter3/topic_practice_workspace/install/status_interfaces/share/status_interfaces/local_setup.sh\n'}
[0.845854] (status_interfaces) StdoutLine: {'line': b'-- Up-to-date: /home/shenhang/ros_study/chapter3/topic_practice_workspace/install/status_interfaces/share/status_interfaces/local_setup.zsh\n'}
[0.846284] (status_interfaces) StdoutLine: {'line': b'-- Up-to-date: /home/shenhang/ros_study/chapter3/topic_practice_workspace/install/status_interfaces/share/status_interfaces/local_setup.dsv\n'}
[0.846815] (status_interfaces) StdoutLine: {'line': b'-- Installing: /home/shenhang/ros_study/chapter3/topic_practice_workspace/install/status_interfaces/share/status_interfaces/package.dsv\n'}
[0.847201] (status_interfaces) StdoutLine: {'line': b'-- Up-to-date: /home/shenhang/ros_study/chapter3/topic_practice_workspace/install/status_interfaces/share/ament_index/resource_index/packages/status_interfaces\n'}
[0.847547] (status_interfaces) StdoutLine: {'line': b'-- Up-to-date: /home/shenhang/ros_study/chapter3/topic_practice_workspace/install/status_interfaces/share/status_interfaces/cmake/export_status_interfaces__rosidl_generator_cExport.cmake\n'}
[0.847855] (status_interfaces) StdoutLine: {'line': b'-- Up-to-date: /home/shenhang/ros_study/chapter3/topic_practice_workspace/install/status_interfaces/share/status_interfaces/cmake/export_status_interfaces__rosidl_generator_cExport-noconfig.cmake\n'}
[0.847947] (status_interfaces) StdoutLine: {'line': b'-- Up-to-date: /home/shenhang/ros_study/chapter3/topic_practice_workspace/install/status_interfaces/share/status_interfaces/cmake/export_status_interfaces__rosidl_typesupport_fastrtps_cExport.cmake\n'}
[0.848035] (status_interfaces) StdoutLine: {'line': b'-- Up-to-date: /home/shenhang/ros_study/chapter3/topic_practice_workspace/install/status_interfaces/share/status_interfaces/cmake/export_status_interfaces__rosidl_typesupport_fastrtps_cExport-noconfig.cmake\n'}
[0.848150] (status_interfaces) StdoutLine: {'line': b'-- Up-to-date: /home/shenhang/ros_study/chapter3/topic_practice_workspace/install/status_interfaces/share/status_interfaces/cmake/export_status_interfaces__rosidl_generator_cppExport.cmake\n'}
[0.848243] (status_interfaces) StdoutLine: {'line': b'-- Up-to-date: /home/shenhang/ros_study/chapter3/topic_practice_workspace/install/status_interfaces/share/status_interfaces/cmake/export_status_interfaces__rosidl_typesupport_fastrtps_cppExport.cmake\n'}
[0.848329] (status_interfaces) StdoutLine: {'line': b'-- Up-to-date: /home/shenhang/ros_study/chapter3/topic_practice_workspace/install/status_interfaces/share/status_interfaces/cmake/export_status_interfaces__rosidl_typesupport_fastrtps_cppExport-noconfig.cmake\n'}
[0.848455] (status_interfaces) StdoutLine: {'line': b'-- Up-to-date: /home/shenhang/ros_study/chapter3/topic_practice_workspace/install/status_interfaces/share/status_interfaces/cmake/status_interfaces__rosidl_typesupport_introspection_cExport.cmake\n'}
[0.848550] (status_interfaces) StdoutLine: {'line': b'-- Up-to-date: /home/shenhang/ros_study/chapter3/topic_practice_workspace/install/status_interfaces/share/status_interfaces/cmake/status_interfaces__rosidl_typesupport_introspection_cExport-noconfig.cmake\n'}
[0.848921] (status_interfaces) StdoutLine: {'line': b'-- Up-to-date: /home/shenhang/ros_study/chapter3/topic_practice_workspace/install/status_interfaces/share/status_interfaces/cmake/status_interfaces__rosidl_typesupport_cExport.cmake\n'}
[0.849014] (status_interfaces) StdoutLine: {'line': b'-- Up-to-date: /home/shenhang/ros_study/chapter3/topic_practice_workspace/install/status_interfaces/share/status_interfaces/cmake/status_interfaces__rosidl_typesupport_cExport-noconfig.cmake\n'}
[0.849103] (status_interfaces) StdoutLine: {'line': b'-- Up-to-date: /home/shenhang/ros_study/chapter3/topic_practice_workspace/install/status_interfaces/share/status_interfaces/cmake/status_interfaces__rosidl_typesupport_introspection_cppExport.cmake\n'}
[0.849190] (status_interfaces) StdoutLine: {'line': b'-- Up-to-date: /home/shenhang/ros_study/chapter3/topic_practice_workspace/install/status_interfaces/share/status_interfaces/cmake/status_interfaces__rosidl_typesupport_introspection_cppExport-noconfig.cmake\n'}
[0.849284] (status_interfaces) StdoutLine: {'line': b'-- Up-to-date: /home/shenhang/ros_study/chapter3/topic_practice_workspace/install/status_interfaces/share/status_interfaces/cmake/status_interfaces__rosidl_typesupport_cppExport.cmake\n'}
[0.849401] (status_interfaces) StdoutLine: {'line': b'-- Up-to-date: /home/shenhang/ros_study/chapter3/topic_practice_workspace/install/status_interfaces/share/status_interfaces/cmake/status_interfaces__rosidl_typesupport_cppExport-noconfig.cmake\n'}
[0.849490] (status_interfaces) StdoutLine: {'line': b'-- Up-to-date: /home/shenhang/ros_study/chapter3/topic_practice_workspace/install/status_interfaces/share/status_interfaces/cmake/export_status_interfaces__rosidl_generator_pyExport.cmake\n'}
[0.849576] (status_interfaces) StdoutLine: {'line': b'-- Up-to-date: /home/shenhang/ros_study/chapter3/topic_practice_workspace/install/status_interfaces/share/status_interfaces/cmake/export_status_interfaces__rosidl_generator_pyExport-noconfig.cmake\n'}
[0.849732] (status_interfaces) StdoutLine: {'line': b'-- Up-to-date: /home/shenhang/ros_study/chapter3/topic_practice_workspace/install/status_interfaces/share/status_interfaces/cmake/rosidl_cmake-extras.cmake\n'}
[0.849821] (status_interfaces) StdoutLine: {'line': b'-- Up-to-date: /home/shenhang/ros_study/chapter3/topic_practice_workspace/install/status_interfaces/share/status_interfaces/cmake/ament_cmake_export_dependencies-extras.cmake\n'}
[0.849920] (status_interfaces) StdoutLine: {'line': b'-- Up-to-date: /home/shenhang/ros_study/chapter3/topic_practice_workspace/install/status_interfaces/share/status_interfaces/cmake/ament_cmake_export_include_directories-extras.cmake\n'}
[0.850043] (status_interfaces) StdoutLine: {'line': b'-- Up-to-date: /home/shenhang/ros_study/chapter3/topic_practice_workspace/install/status_interfaces/share/status_interfaces/cmake/ament_cmake_export_libraries-extras.cmake\n'}
[0.850252] (status_interfaces) StdoutLine: {'line': b'-- Up-to-date: /home/shenhang/ros_study/chapter3/topic_practice_workspace/install/status_interfaces/share/status_interfaces/cmake/ament_cmake_export_targets-extras.cmake\n'}
[0.850379] (status_interfaces) StdoutLine: {'line': b'-- Up-to-date: /home/shenhang/ros_study/chapter3/topic_practice_workspace/install/status_interfaces/share/status_interfaces/cmake/rosidl_cmake_export_typesupport_targets-extras.cmake\n'}
[0.850478] (status_interfaces) StdoutLine: {'line': b'-- Up-to-date: /home/shenhang/ros_study/chapter3/topic_practice_workspace/install/status_interfaces/share/status_interfaces/cmake/rosidl_cmake_export_typesupport_libraries-extras.cmake\n'}
[0.850567] (status_interfaces) StdoutLine: {'line': b'-- Up-to-date: /home/shenhang/ros_study/chapter3/topic_practice_workspace/install/status_interfaces/share/status_interfaces/cmake/status_interfacesConfig.cmake\n'}
[0.850729] (status_interfaces) StdoutLine: {'line': b'-- Up-to-date: /home/shenhang/ros_study/chapter3/topic_practice_workspace/install/status_interfaces/share/status_interfaces/cmake/status_interfacesConfig-version.cmake\n'}
[0.850820] (status_interfaces) StdoutLine: {'line': b'-- Up-to-date: /home/shenhang/ros_study/chapter3/topic_practice_workspace/install/status_interfaces/share/status_interfaces/package.xml\n'}
[0.853740] (status_interfaces) CommandEnded: {'returncode': 0}
[0.887813] (status_interfaces) JobEnded: {'identifier': 'status_interfaces', 'rc': 0}
[0.888508] (status_display) JobStarted: {'identifier': 'status_display'}
[0.894442] (status_publisher) JobStarted: {'identifier': 'status_publisher'}
[0.904541] (-) TimerEvent: {}
[0.916134] (status_display) JobProgress: {'identifier': 'status_display', 'progress': 'cmake'}
[0.916402] (status_display) JobProgress: {'identifier': 'status_display', 'progress': 'build'}
[0.916939] (status_display) Command: {'cmd': ['/usr/bin/cmake', '--build', '/home/shenhang/ros_study/chapter3/topic_practice_workspace/build/status_display', '--', '-j6', '-l6'], 'cwd': '/home/shenhang/ros_study/chapter3/topic_practice_workspace/build/status_display', 'env': OrderedDict([('GJS_DEBUG_TOPICS', 'JS ERROR;JS LOG'), ('PYTHON_BASIC_REPL', '1'), ('LESSOPEN', '| /usr/bin/lesspipe %s'), ('LANGUAGE', 'zh_CN:zh'), ('USER', 'shenhang'), ('XDG_SESSION_TYPE', 'wayland'), ('GIT_ASKPASS', '/usr/share/code/resources/app/extensions/git/dist/askpass.sh'), ('SHLVL', '1'), ('LD_LIBRARY_PATH', '/home/shenhang/ros_study/chapter3/topic_practice_workspace/install/status_interfaces/lib:/opt/ros/humble/opt/rviz_ogre_vendor/lib:/opt/ros/humble/lib/x86_64-linux-gnu:/opt/ros/humble/lib'), ('HOME', '/home/shenhang'), ('CHROME_DESKTOP', 'code.desktop'), ('OLDPWD', '/home/shenhang/ros_study/chapter3/topic_practice_workspace/src'), ('TERM_PROGRAM_VERSION', '1.108.1'), ('DESKTOP_SESSION', 'ubuntu'), ('GIO_LAUNCHED_DESKTOP_FILE', '/usr/share/applications/code.desktop'), ('ROS_PYTHON_VERSION', '3'), ('GNOME_SHELL_SESSION_MODE', 'ubuntu'), ('GTK_MODULES', 'gail:atk-bridge'), ('VSCODE_GIT_ASKPASS_MAIN', '/usr/share/code/resources/app/extensions/git/dist/askpass-main.js'), ('VSCODE_GIT_ASKPASS_NODE', '/usr/share/code/code'), ('MANAGERPID', '2341'), ('PYDEVD_DISABLE_FILE_VALIDATION', '1'), ('SYSTEMD_EXEC_PID', '2505'), ('BUNDLED_DEBUGPY_PATH', '/home/shenhang/.vscode/extensions/ms-python.debugpy-2025.18.0-linux-x64/bundled/libs/debugpy'), ('IM_CONFIG_CHECK_ENV', '1'), ('VSCODE_PYTHON_AUTOACTIVATE_GUARD', '1'), ('DBUS_SESSION_BUS_ADDRESS', 'unix:path=/run/user/1000/bus'), ('COLORTERM', 'truecolor'), ('GIO_LAUNCHED_DESKTOP_FILE_PID', '9065'), ('IM_CONFIG_PHASE', '1'), ('WAYLAND_DISPLAY', 'wayland-0'), ('COLCON_PREFIX_PATH', '/home/shenhang/ros_study/chapter3/topic_practice_workspace/install'), ('ROS_DISTRO', 'humble'), ('LOGNAME', 'shenhang'), ('JOURNAL_STREAM', '8:12577'), ('_', '/usr/bin/colcon'), ('ROS_VERSION', '2'), ('XDG_SESSION_CLASS', 'user'), ('USERNAME', 'shenhang'), ('TERM', 'xterm-256color'), ('GNOME_DESKTOP_SESSION_ID', 'this-is-deprecated'), ('FC_FONTATIONS', '1'), ('ROS_LOCALHOST_ONLY', '0'), ('PATH', '/home/shenhang/.config/Code/User/globalStorage/github.copilot-chat/debugCommand:/home/shenhang/.config/Code/User/globalStorage/github.copilot-chat/copilotCli:/opt/ros/humble/bin:/usr/local/sbin:/usr/local/bin:/usr/sbin:/usr/bin:/sbin:/bin:/usr/games:/usr/local/games:/snap/bin:/snap/bin:/home/shenhang/.vscode/extensions/ms-python.debugpy-2025.18.0-linux-x64/bundled/scripts/noConfigScripts'), ('SESSION_MANAGER', 'local/shenhang-VirtualBox:@/tmp/.ICE-unix/2480,unix/shenhang-VirtualBox:/tmp/.ICE-unix/2480'), ('INVOCATION_ID', 'c3a81940805940c59e7ff094d6b33cb7'), ('XDG_MENU_PREFIX', 'gnome-'), ('GNOME_SETUP_DISPLAY', ':1'), ('XDG_RUNTIME_DIR', '/run/user/1000'), ('GDK_BACKEND', 'wayland'), ('DISPLAY', ':0'), ('VSCODE_DEBUGPY_ADAPTER_ENDPOINTS', '/home/shenhang/.vscode/extensions/ms-python.debugpy-2025.18.0-linux-x64/.noConfigDebugAdapterEndpoints/endpoint-51b4d5a485752e35.txt'), ('LANG', 'zh_CN.UTF-8'), ('XDG_CURRENT_DESKTOP', 'ubuntu:GNOME'), ('PYTHONSTARTUP', '/home/shenhang/.config/Code/User/workspaceStorage/ef4da6c00f614e73fdf73c604713ffa3/ms-python.python/pythonrc.py'), ('XMODIFIERS', '@im=ibus'), ('XDG_SESSION_DESKTOP', 'ubuntu'), ('XAUTHORITY', '/run/user/1000/.mutter-Xwaylandauth.OS4OJ3'), ('LS_COLORS', 'rs=0:di=01;34:ln=01;36:mh=00:pi=40;33:so=01;35:do=01;35:bd=40;33;01:cd=40;33;01:or=40;31;01:mi=00:su=37;41:sg=30;43:ca=30;41:tw=30;42:ow=34;42:st=37;44:ex=01;32:*.tar=01;31:*.tgz=01;31:*.arc=01;31:*.arj=01;31:*.taz=01;31:*.lha=01;31:*.lz4=01;31:*.lzh=01;31:*.lzma=01;31:*.tlz=01;31:*.txz=01;31:*.tzo=01;31:*.t7z=01;31:*.zip=01;31:*.z=01;31:*.dz=01;31:*.gz=01;31:*.lrz=01;31:*.lz=01;31:*.lzo=01;31:*.xz=01;31:*.zst=01;31:*.tzst=01;31:*.bz2=01;31:*.bz=01;31:*.tbz=01;31:*.tbz2=01;31:*.tz=01;31:*.deb=01;31:*.rpm=01;31:*.jar=01;31:*.war=01;31:*.ear=01;31:*.sar=01;31:*.rar=01;31:*.alz=01;31:*.ace=01;31:*.zoo=01;31:*.cpio=01;31:*.7z=01;31:*.rz=01;31:*.cab=01;31:*.wim=01;31:*.swm=01;31:*.dwm=01;31:*.esd=01;31:*.jpg=01;35:*.jpeg=01;35:*.mjpg=01;35:*.mjpeg=01;35:*.gif=01;35:*.bmp=01;35:*.pbm=01;35:*.pgm=01;35:*.ppm=01;35:*.tga=01;35:*.xbm=01;35:*.xpm=01;35:*.tif=01;35:*.tiff=01;35:*.png=01;35:*.svg=01;35:*.svgz=01;35:*.mng=01;35:*.pcx=01;35:*.mov=01;35:*.mpg=01;35:*.mpeg=01;35:*.m2v=01;35:*.mkv=01;35:*.webm=01;35:*.webp=01;35:*.ogm=01;35:*.mp4=01;35:*.m4v=01;35:*.mp4v=01;35:*.vob=01;35:*.qt=01;35:*.nuv=01;35:*.wmv=01;35:*.asf=01;35:*.rm=01;35:*.rmvb=01;35:*.flc=01;35:*.avi=01;35:*.fli=01;35:*.flv=01;35:*.gl=01;35:*.dl=01;35:*.xcf=01;35:*.xwd=01;35:*.yuv=01;35:*.cgm=01;35:*.emf=01;35:*.ogv=01;35:*.ogx=01;35:*.aac=00;36:*.au=00;36:*.flac=00;36:*.m4a=00;36:*.mid=00;36:*.midi=00;36:*.mka=00;36:*.mp3=00;36:*.mpc=00;36:*.ogg=00;36:*.ra=00;36:*.wav=00;36:*.oga=00;36:*.opus=00;36:*.spx=00;36:*.xspf=00;36:'), ('VSCODE_GIT_IPC_HANDLE', '/run/user/1000/vscode-git-cae9e6a9f3.sock'), ('TERM_PROGRAM', 'vscode'), ('SSH_AGENT_LAUNCHER', 'gnome-keyring'), ('SSH_AUTH_SOCK', '/run/user/1000/keyring/ssh'), ('AMENT_PREFIX_PATH', '/home/shenhang/ros_study/chapter3/topic_practice_workspace/install/status_display:/home/shenhang/ros_study/chapter3/topic_practice_workspace/install/status_publisher:/home/shenhang/ros_study/chapter3/topic_practice_workspace/install/status_interfaces:/opt/ros/humble'), ('SHELL', '/bin/bash'), ('QT_ACCESSIBILITY', '1'), ('GDMSESSION', 'ubuntu'), ('LESSCLOSE', '/usr/bin/lesspipe %s %s'), ('GJS_DEBUG_OUTPUT', 'stderr'), ('VSCODE_GIT_ASKPASS_EXTRA_ARGS', ''), ('QT_IM_MODULE', 'ibus'), ('PWD', '/home/shenhang/ros_study/chapter3/topic_practice_workspace/build/status_display'), ('XDG_CONFIG_DIRS', '/etc/xdg/xdg-ubuntu:/etc/xdg'), ('XDG_DATA_DIRS', '/usr/share/ubuntu:/usr/local/share/:/usr/share/:/var/lib/snapd/desktop'), ('PYTHONPATH', '/home/shenhang/ros_study/chapter3/topic_practice_workspace/install/status_publisher/lib/python3.10/site-packages:/home/shenhang/ros_study/chapter3/topic_practice_workspace/install/status_interfaces/local/lib/python3.10/dist-packages:/opt/ros/humble/lib/python3.10/site-packages:/opt/ros/humble/local/lib/python3.10/dist-packages'), ('COLCON', '1'), ('CMAKE_PREFIX_PATH', '/home/shenhang/ros_study/chapter3/topic_practice_workspace/install/status_interfaces:/home/shenhang/ros_study/chapter3/topic_practice_workspace/install/status_display:/home/shenhang/ros_study/chapter3/topic_practice_workspace/install/status_publisher:/opt/ros/humble')]), 'shell': False}
[1.001942] (status_display) StdoutLine: {'line': b'\x1b[35m\x1b[1mConsolidate compiler generated dependencies of target sys_status_display_exe\x1b[0m\n'}
[1.006791] (-) TimerEvent: {}
[1.027319] (status_display) StdoutLine: {'line': b'[ 50%] Built target hello_qt_exe\n'}
[1.040556] (status_display) StdoutLine: {'line': b'[ 75%] \x1b[32mBuilding CXX object CMakeFiles/sys_status_display_exe.dir/src/sys_status_display.cpp.o\x1b[0m\n'}
[1.106968] (-) TimerEvent: {}
[1.210469] (-) TimerEvent: {}
[1.311017] (-) TimerEvent: {}
[1.411891] (-) TimerEvent: {}
[1.513669] (-) TimerEvent: {}
[1.614245] (-) TimerEvent: {}
[1.715628] (-) TimerEvent: {}
[1.816307] (-) TimerEvent: {}
[1.917031] (-) TimerEvent: {}
[1.956770] (status_publisher) Command: {'cmd': ['/usr/bin/python3', '-W', 'ignore:setup.py install is deprecated', '-W', 'ignore:easy_install command is deprecated', 'setup.py', 'egg_info', '--egg-base', '../../build/status_publisher', 'build', '--build-base', '/home/shenhang/ros_study/chapter3/topic_practice_workspace/build/status_publisher/build', 'install', '--record', '/home/shenhang/ros_study/chapter3/topic_practice_workspace/build/status_publisher/install.log', '--single-version-externally-managed', 'install_data'], 'cwd': '/home/shenhang/ros_study/chapter3/topic_practice_workspace/src/status_publisher', 'env': {'GJS_DEBUG_TOPICS': 'JS ERROR;JS LOG', 'PYTHON_BASIC_REPL': '1', 'LESSOPEN': '| /usr/bin/lesspipe %s', 'LANGUAGE': 'zh_CN:zh', 'USER': 'shenhang', 'XDG_SESSION_TYPE': 'wayland', 'GIT_ASKPASS': '/usr/share/code/resources/app/extensions/git/dist/askpass.sh', 'SHLVL': '1', 'LD_LIBRARY_PATH': '/home/shenhang/ros_study/chapter3/topic_practice_workspace/install/status_interfaces/lib:/opt/ros/humble/opt/rviz_ogre_vendor/lib:/opt/ros/humble/lib/x86_64-linux-gnu:/opt/ros/humble/lib', 'HOME': '/home/shenhang', 'CHROME_DESKTOP': 'code.desktop', 'OLDPWD': '/home/shenhang/ros_study/chapter3/topic_practice_workspace/src', 'TERM_PROGRAM_VERSION': '1.108.1', 'DESKTOP_SESSION': 'ubuntu', 'GIO_LAUNCHED_DESKTOP_FILE': '/usr/share/applications/code.desktop', 'ROS_PYTHON_VERSION': '3', 'GNOME_SHELL_SESSION_MODE': 'ubuntu', 'GTK_MODULES': 'gail:atk-bridge', 'VSCODE_GIT_ASKPASS_MAIN': '/usr/share/code/resources/app/extensions/git/dist/askpass-main.js', 'VSCODE_GIT_ASKPASS_NODE': '/usr/share/code/code', 'MANAGERPID': '2341', 'PYDEVD_DISABLE_FILE_VALIDATION': '1', 'SYSTEMD_EXEC_PID': '2505', 'BUNDLED_DEBUGPY_PATH': '/home/shenhang/.vscode/extensions/ms-python.debugpy-2025.18.0-linux-x64/bundled/libs/debugpy', 'IM_CONFIG_CHECK_ENV': '1', 'VSCODE_PYTHON_AUTOACTIVATE_GUARD': '1', 'DBUS_SESSION_BUS_ADDRESS': 'unix:path=/run/user/1000/bus', 'COLORTERM': 'truecolor', 'GIO_LAUNCHED_DESKTOP_FILE_PID': '9065', 'IM_CONFIG_PHASE': '1', 'WAYLAND_DISPLAY': 'wayland-0', 'COLCON_PREFIX_PATH': '/home/shenhang/ros_study/chapter3/topic_practice_workspace/install', 'ROS_DISTRO': 'humble', 'LOGNAME': 'shenhang', 'JOURNAL_STREAM': '8:12577', '_': '/usr/bin/colcon', 'ROS_VERSION': '2', 'XDG_SESSION_CLASS': 'user', 'USERNAME': 'shenhang', 'TERM': 'xterm-256color', 'GNOME_DESKTOP_SESSION_ID': 'this-is-deprecated', 'FC_FONTATIONS': '1', 'ROS_LOCALHOST_ONLY': '0', 'PATH': '/home/shenhang/.config/Code/User/globalStorage/github.copilot-chat/debugCommand:/home/shenhang/.config/Code/User/globalStorage/github.copilot-chat/copilotCli:/opt/ros/humble/bin:/usr/local/sbin:/usr/local/bin:/usr/sbin:/usr/bin:/sbin:/bin:/usr/games:/usr/local/games:/snap/bin:/snap/bin:/home/shenhang/.vscode/extensions/ms-python.debugpy-2025.18.0-linux-x64/bundled/scripts/noConfigScripts', 'SESSION_MANAGER': 'local/shenhang-VirtualBox:@/tmp/.ICE-unix/2480,unix/shenhang-VirtualBox:/tmp/.ICE-unix/2480', 'INVOCATION_ID': 'c3a81940805940c59e7ff094d6b33cb7', 'XDG_MENU_PREFIX': 'gnome-', 'GNOME_SETUP_DISPLAY': ':1', 'XDG_RUNTIME_DIR': '/run/user/1000', 'GDK_BACKEND': 'wayland', 'DISPLAY': ':0', 'VSCODE_DEBUGPY_ADAPTER_ENDPOINTS': '/home/shenhang/.vscode/extensions/ms-python.debugpy-2025.18.0-linux-x64/.noConfigDebugAdapterEndpoints/endpoint-51b4d5a485752e35.txt', 'LANG': 'zh_CN.UTF-8', 'XDG_CURRENT_DESKTOP': 'ubuntu:GNOME', 'PYTHONSTARTUP': '/home/shenhang/.config/Code/User/workspaceStorage/ef4da6c00f614e73fdf73c604713ffa3/ms-python.python/pythonrc.py', 'XMODIFIERS': '@im=ibus', 'XDG_SESSION_DESKTOP': 'ubuntu', 'XAUTHORITY': '/run/user/1000/.mutter-Xwaylandauth.OS4OJ3', 'LS_COLORS': 'rs=0:di=01;34:ln=01;36:mh=00:pi=40;33:so=01;35:do=01;35:bd=40;33;01:cd=40;33;01:or=40;31;01:mi=00:su=37;41:sg=30;43:ca=30;41:tw=30;42:ow=34;42:st=37;44:ex=01;32:*.tar=01;31:*.tgz=01;31:*.arc=01;31:*.arj=01;31:*.taz=01;31:*.lha=01;31:*.lz4=01;31:*.lzh=01;31:*.lzma=01;31:*.tlz=01;31:*.txz=01;31:*.tzo=01;31:*.t7z=01;31:*.zip=01;31:*.z=01;31:*.dz=01;31:*.gz=01;31:*.lrz=01;31:*.lz=01;31:*.lzo=01;31:*.xz=01;31:*.zst=01;31:*.tzst=01;31:*.bz2=01;31:*.bz=01;31:*.tbz=01;31:*.tbz2=01;31:*.tz=01;31:*.deb=01;31:*.rpm=01;31:*.jar=01;31:*.war=01;31:*.ear=01;31:*.sar=01;31:*.rar=01;31:*.alz=01;31:*.ace=01;31:*.zoo=01;31:*.cpio=01;31:*.7z=01;31:*.rz=01;31:*.cab=01;31:*.wim=01;31:*.swm=01;31:*.dwm=01;31:*.esd=01;31:*.jpg=01;35:*.jpeg=01;35:*.mjpg=01;35:*.mjpeg=01;35:*.gif=01;35:*.bmp=01;35:*.pbm=01;35:*.pgm=01;35:*.ppm=01;35:*.tga=01;35:*.xbm=01;35:*.xpm=01;35:*.tif=01;35:*.tiff=01;35:*.png=01;35:*.svg=01;35:*.svgz=01;35:*.mng=01;35:*.pcx=01;35:*.mov=01;35:*.mpg=01;35:*.mpeg=01;35:*.m2v=01;35:*.mkv=01;35:*.webm=01;35:*.webp=01;35:*.ogm=01;35:*.mp4=01;35:*.m4v=01;35:*.mp4v=01;35:*.vob=01;35:*.qt=01;35:*.nuv=01;35:*.wmv=01;35:*.asf=01;35:*.rm=01;35:*.rmvb=01;35:*.flc=01;35:*.avi=01;35:*.fli=01;35:*.flv=01;35:*.gl=01;35:*.dl=01;35:*.xcf=01;35:*.xwd=01;35:*.yuv=01;35:*.cgm=01;35:*.emf=01;35:*.ogv=01;35:*.ogx=01;35:*.aac=00;36:*.au=00;36:*.flac=00;36:*.m4a=00;36:*.mid=00;36:*.midi=00;36:*.mka=00;36:*.mp3=00;36:*.mpc=00;36:*.ogg=00;36:*.ra=00;36:*.wav=00;36:*.oga=00;36:*.opus=00;36:*.spx=00;36:*.xspf=00;36:', 'VSCODE_GIT_IPC_HANDLE': '/run/user/1000/vscode-git-cae9e6a9f3.sock', 'TERM_PROGRAM': 'vscode', 'SSH_AGENT_LAUNCHER': 'gnome-keyring', 'SSH_AUTH_SOCK': '/run/user/1000/keyring/ssh', 'AMENT_PREFIX_PATH': '/home/shenhang/ros_study/chapter3/topic_practice_workspace/install/status_display:/home/shenhang/ros_study/chapter3/topic_practice_workspace/install/status_publisher:/home/shenhang/ros_study/chapter3/topic_practice_workspace/install/status_interfaces:/opt/ros/humble', 'SHELL': '/bin/bash', 'QT_ACCESSIBILITY': '1', 'GDMSESSION': 'ubuntu', 'LESSCLOSE': '/usr/bin/lesspipe %s %s', 'GJS_DEBUG_OUTPUT': 'stderr', 'VSCODE_GIT_ASKPASS_EXTRA_ARGS': '', 'QT_IM_MODULE': 'ibus', 'PWD': '/home/shenhang/ros_study/chapter3/topic_practice_workspace/build/status_publisher', 'XDG_CONFIG_DIRS': '/etc/xdg/xdg-ubuntu:/etc/xdg', 'XDG_DATA_DIRS': '/usr/share/ubuntu:/usr/local/share/:/usr/share/:/var/lib/snapd/desktop', 'PYTHONPATH': '/home/shenhang/ros_study/chapter3/topic_practice_workspace/build/status_publisher/prefix_override:/usr/lib/python3/dist-packages/colcon_core/task/python/colcon_distutils_commands:/home/shenhang/ros_study/chapter3/topic_practice_workspace/install/status_publisher/lib/python3.10/site-packages:/home/shenhang/ros_study/chapter3/topic_practice_workspace/install/status_publisher/lib/python3.10/site-packages:/home/shenhang/ros_study/chapter3/topic_practice_workspace/install/status_interfaces/local/lib/python3.10/dist-packages:/opt/ros/humble/lib/python3.10/site-packages:/opt/ros/humble/local/lib/python3.10/dist-packages', 'COLCON': '1', 'CMAKE_PREFIX_PATH': '/home/shenhang/ros_study/chapter3/topic_practice_workspace/install/status_interfaces:/home/shenhang/ros_study/chapter3/topic_practice_workspace/install/status_display'}, 'shell': False}
[2.017324] (-) TimerEvent: {}
[2.118841] (-) TimerEvent: {}
[2.220479] (-) TimerEvent: {}
[2.321653] (-) TimerEvent: {}
[2.368200] (status_publisher) StdoutLine: {'line': b'running egg_info\n'}
[2.371785] (status_publisher) StdoutLine: {'line': b'writing ../../build/status_publisher/status_publisher.egg-info/PKG-INFO\n'}
[2.371979] (status_publisher) StdoutLine: {'line': b'writing dependency_links to ../../build/status_publisher/status_publisher.egg-info/dependency_links.txt\n'}
[2.372076] (status_publisher) StdoutLine: {'line': b'writing entry points to ../../build/status_publisher/status_publisher.egg-info/entry_points.txt\n'}
[2.372167] (status_publisher) StdoutLine: {'line': b'writing requirements to ../../build/status_publisher/status_publisher.egg-info/requires.txt\n'}
[2.372255] (status_publisher) StdoutLine: {'line': b'writing top-level names to ../../build/status_publisher/status_publisher.egg-info/top_level.txt\n'}
[2.373815] (status_publisher) StdoutLine: {'line': b"reading manifest file '../../build/status_publisher/status_publisher.egg-info/SOURCES.txt'\n"}
[2.373964] (status_publisher) StdoutLine: {'line': b"adding license file 'LICENSE'\n"}
[2.375260] (status_publisher) StdoutLine: {'line': b"writing manifest file '../../build/status_publisher/status_publisher.egg-info/SOURCES.txt'\n"}
[2.375427] (status_publisher) StdoutLine: {'line': b'running build\n'}
[2.376024] (status_publisher) StdoutLine: {'line': b'running build_py\n'}
[2.376131] (status_publisher) StdoutLine: {'line': b'running install\n'}
[2.376219] (status_publisher) StdoutLine: {'line': b'running install_lib\n'}
[2.377947] (status_publisher) StdoutLine: {'line': b'running install_data\n'}
[2.378073] (status_publisher) StdoutLine: {'line': b'running install_egg_info\n'}
[2.380898] (status_publisher) StdoutLine: {'line': b"removing '/home/shenhang/ros_study/chapter3/topic_practice_workspace/install/status_publisher/lib/python3.10/site-packages/status_publisher-0.0.0-py3.10.egg-info' (and everything under it)\n"}
[2.385758] (status_publisher) StdoutLine: {'line': b'Copying ../../build/status_publisher/status_publisher.egg-info to /home/shenhang/ros_study/chapter3/topic_practice_workspace/install/status_publisher/lib/python3.10/site-packages/status_publisher-0.0.0-py3.10.egg-info\n'}
[2.385927] (status_publisher) StdoutLine: {'line': b'running install_scripts\n'}
[2.415183] (status_publisher) StdoutLine: {'line': b'Installing sys_status_pub_exe script to /home/shenhang/ros_study/chapter3/topic_practice_workspace/install/status_publisher/lib/status_publisher\n'}
[2.415922] (status_publisher) StdoutLine: {'line': b"writing list of installed files to '/home/shenhang/ros_study/chapter3/topic_practice_workspace/build/status_publisher/install.log'\n"}
[2.421921] (-) TimerEvent: {}
[2.472134] (status_publisher) CommandEnded: {'returncode': 0}
[2.492294] (status_publisher) JobEnded: {'identifier': 'status_publisher', 'rc': 0}
[2.522042] (-) TimerEvent: {}
[2.622685] (-) TimerEvent: {}
[2.725262] (-) TimerEvent: {}
[2.828545] (-) TimerEvent: {}
[2.929372] (-) TimerEvent: {}
[3.031118] (-) TimerEvent: {}
[3.132926] (-) TimerEvent: {}
[3.235337] (-) TimerEvent: {}
[3.335873] (-) TimerEvent: {}
[3.436379] (-) TimerEvent: {}
[3.539713] (-) TimerEvent: {}
[3.640308] (-) TimerEvent: {}
[3.741268] (-) TimerEvent: {}
[3.842663] (-) TimerEvent: {}
[3.943125] (-) TimerEvent: {}
[4.044841] (-) TimerEvent: {}
[4.145753] (-) TimerEvent: {}
[4.246459] (-) TimerEvent: {}
[4.348678] (-) TimerEvent: {}
[4.448997] (-) TimerEvent: {}
[4.550447] (-) TimerEvent: {}
[4.650976] (-) TimerEvent: {}
[4.752287] (-) TimerEvent: {}
[4.853168] (-) TimerEvent: {}
[4.953747] (-) TimerEvent: {}
[5.057168] (-) TimerEvent: {}
[5.157785] (-) TimerEvent: {}
[5.258554] (-) TimerEvent: {}
[5.359358] (-) TimerEvent: {}
[5.460181] (-) TimerEvent: {}
[5.565166] (-) TimerEvent: {}
[5.573359] (status_display) StderrLine: {'line': b'\x1b[01m\x1b[K/home/shenhang/ros_study/chapter3/topic_practice_workspace/src/status_display/src/sys_status_display.cpp:\x1b[m\x1b[K In member function \xe2\x80\x98\x1b[01m\x1b[KQString SysStatusDisplay::get_qstr_from_msg(status_interfaces::msg::SystemStatus_<std::allocator<void> >::SharedPtr)\x1b[m\x1b[K\xe2\x80\x99:\n'}
[5.574270] (status_display) StderrLine: {'line': b'\x1b[01m\x1b[K/home/shenhang/ros_study/chapter3/topic_practice_workspace/src/status_display/src/sys_status_display.cpp:19:34:\x1b[m\x1b[K \x1b[01;31m\x1b[Kerror: \x1b[m\x1b[Kno match for \xe2\x80\x98\x1b[01m\x1b[Koperator<<\x1b[m\x1b[K\xe2\x80\x99 (operand types are \xe2\x80\x98\x1b[01m\x1b[Kstd::basic_ostream<char>\x1b[m\x1b[K\xe2\x80\x99 and \xe2\x80\x98\x1b[01m\x1b[Kstatus_interfaces::msg::SystemStatus_<std::allocator<void> >::_stamp_type\x1b[m\x1b[K\xe2\x80\x99 {aka \xe2\x80\x98\x1b[01m\x1b[Kbuiltin_interfaces::msg::Time_<std::allocator<void> >\x1b[m\x1b[K\xe2\x80\x99})\n'}
[5.574370] (status_display) StderrLine: {'line': b'   18 |         \x1b[32m\x1b[Kshow_str << "==================\xe7\xb3\xbb\xe7\xbb\x9f\xe7\x8a\xb6\xe6\x80\x81\xe6\x98\xbe\xe7\xa4\xba======================\\n"\x1b[m\x1b[K\n'}
[5.574443] (status_display) StderrLine: {'line': b'      |         \x1b[32m\x1b[K~~~~~~~~~~~~~~~~~~~~~~~~~~~~~~~~~~~~~~~~~~~~~~~~~~~~~~~~~~~~~~~~~~~~\x1b[m\x1b[K\n'}
[5.575083] (status_display) StderrLine: {'line': b'   19 | \x1b[32m\x1b[K                 << "\xe6\x95\xb0\xe6\x8d\xae\xe6\x97\xb6\xe9\x97\xb4: "\x1b[m\x1b[K \x1b[01;31m\x1b[K<<\x1b[m\x1b[K \x1b[34m\x1b[Kmsg->stamp\x1b[m\x1b[K << " s\\n"\n'}
[5.575161] (status_display) StderrLine: {'line': b'      |                  \x1b[32m\x1b[K~~~~~~~~~~~~~~~\x1b[m\x1b[K \x1b[01;31m\x1b[K^~\x1b[m\x1b[K \x1b[34m\x1b[K~~~~~~~~~~\x1b[m\x1b[K\n'}
[5.575219] (status_display) StderrLine: {'line': b'      |                  \x1b[32m\x1b[K|\x1b[m\x1b[K                       \x1b[34m\x1b[K|\x1b[m\x1b[K\n'}
[5.575272] (status_display) StderrLine: {'line': b'      |                  \x1b[32m\x1b[K|\x1b[m\x1b[K                       \x1b[34m\x1b[Kstatus_interfaces::msg::SystemStatus_<std::allocator<void> >::_stamp_type {aka builtin_interfaces::msg::Time_<std::allocator<void> >}\x1b[m\x1b[K\n'}
[5.575326] (status_display) StderrLine: {'line': b'      |                  \x1b[32m\x1b[Kstd::basic_ostream<char>\x1b[m\x1b[K\n'}
[5.575376] (status_display) StderrLine: {'line': b'In file included from \x1b[01m\x1b[K/usr/include/c++/11/iostream:39\x1b[m\x1b[K,\n'}
[5.575426] (status_display) StderrLine: {'line': b'                 from \x1b[01m\x1b[K/opt/ros/humble/include/rclcpp/rclcpp/executor.hpp:22\x1b[m\x1b[K,\n'}
[5.575482] (status_display) StderrLine: {'line': b'                 from \x1b[01m\x1b[K/opt/ros/humble/include/rclcpp/rclcpp/executors/multi_threaded_executor.hpp:25\x1b[m\x1b[K,\n'}
[5.575531] (status_display) StderrLine: {'line': b'                 from \x1b[01m\x1b[K/opt/ros/humble/include/rclcpp/rclcpp/executors.hpp:21\x1b[m\x1b[K,\n'}
[5.575579] (status_display) StderrLine: {'line': b'                 from \x1b[01m\x1b[K/opt/ros/humble/include/rclcpp/rclcpp/rclcpp.hpp:155\x1b[m\x1b[K,\n'}
[5.576090] (status_display) StderrLine: {'line': b'                 from \x1b[01m\x1b[K/home/shenhang/ros_study/chapter3/topic_practice_workspace/src/status_display/src/sys_status_display.cpp:4\x1b[m\x1b[K:\n'}
[5.576171] (status_display) StderrLine: {'line': b'\x1b[01m\x1b[K/usr/include/c++/11/ostream:108:7:\x1b[m\x1b[K \x1b[01;36m\x1b[Knote: \x1b[m\x1b[Kcandidate: \xe2\x80\x98\x1b[01m\x1b[Kstd::basic_ostream<_CharT, _Traits>::__ostream_type& std::basic_ostream<_CharT, _Traits>::operator<<(std::basic_ostream<_CharT, _Traits>::__ostream_type& (*)(std::basic_ostream<_CharT, _Traits>::__ostream_type&)) [with _CharT = char; _Traits = std::char_traits<char>; std::basic_ostream<_CharT, _Traits>::__ostream_type = std::basic_ostream<char>]\x1b[m\x1b[K\xe2\x80\x99\n'}
[5.576244] (status_display) StderrLine: {'line': b'  108 |       \x1b[01;36m\x1b[Koperator\x1b[m\x1b[K<<(__ostream_type& (*__pf)(__ostream_type&))\n'}
[5.576310] (status_display) StderrLine: {'line': b'      |       \x1b[01;36m\x1b[K^~~~~~~~\x1b[m\x1b[K\n'}
[5.576372] (status_display) StderrLine: {'line': b'\x1b[01m\x1b[K/usr/include/c++/11/ostream:108:36:\x1b[m\x1b[K \x1b[01;36m\x1b[Knote: \x1b[m\x1b[K  no known conversion for argument 1 from \xe2\x80\x98\x1b[01m\x1b[Kstatus_interfaces::msg::SystemStatus_<std::allocator<void> >::_stamp_type\x1b[m\x1b[K\xe2\x80\x99 {aka \xe2\x80\x98\x1b[01m\x1b[Kbuiltin_interfaces::msg::Time_<std::allocator<void> >\x1b[m\x1b[K\xe2\x80\x99} to \xe2\x80\x98\x1b[01m\x1b[Kstd::basic_ostream<char>::__ostream_type& (*)(std::basic_ostream<char>::__ostream_type&)\x1b[m\x1b[K\xe2\x80\x99 {aka \xe2\x80\x98\x1b[01m\x1b[Kstd::basic_ostream<char>& (*)(std::basic_ostream<char>&)\x1b[m\x1b[K\xe2\x80\x99}\n'}
[5.577172] (status_display) StderrLine: {'line': b'  108 |       operator<<(\x1b[01;36m\x1b[K__ostream_type& (*__pf)(__ostream_type&)\x1b[m\x1b[K)\n'}
[5.577333] (status_display) StderrLine: {'line': b'      |                  \x1b[01;36m\x1b[K~~~~~~~~~~~~~~~~~~^~~~~~~~~~~~~~~~~~~~~~\x1b[m\x1b[K\n'}
[5.577677] (status_display) StderrLine: {'line': b'\x1b[01m\x1b[K/usr/include/c++/11/ostream:117:7:\x1b[m\x1b[K \x1b[01;36m\x1b[Knote: \x1b[m\x1b[Kcandidate: \xe2\x80\x98\x1b[01m\x1b[Kstd::basic_ostream<_CharT, _Traits>::__ostream_type& std::basic_ostream<_CharT, _Traits>::operator<<(std::basic_ostream<_CharT, _Traits>::__ios_type& (*)(std::basic_ostream<_CharT, _Traits>::__ios_type&)) [with _CharT = char; _Traits = std::char_traits<char>; std::basic_ostream<_CharT, _Traits>::__ostream_type = std::basic_ostream<char>; std::basic_ostream<_CharT, _Traits>::__ios_type = std::basic_ios<char>]\x1b[m\x1b[K\xe2\x80\x99\n'}
[5.577981] (status_display) StderrLine: {'line': b'  117 |       \x1b[01;36m\x1b[Koperator\x1b[m\x1b[K<<(__ios_type& (*__pf)(__ios_type&))\n'}
[5.578364] (status_display) StderrLine: {'line': b'      |       \x1b[01;36m\x1b[K^~~~~~~~\x1b[m\x1b[K\n'}
[5.578683] (status_display) StderrLine: {'line': b'\x1b[01m\x1b[K/usr/include/c++/11/ostream:117:32:\x1b[m\x1b[K \x1b[01;36m\x1b[Knote: \x1b[m\x1b[K  no known conversion for argument 1 from \xe2\x80\x98\x1b[01m\x1b[Kstatus_interfaces::msg::SystemStatus_<std::allocator<void> >::_stamp_type\x1b[m\x1b[K\xe2\x80\x99 {aka \xe2\x80\x98\x1b[01m\x1b[Kbuiltin_interfaces::msg::Time_<std::allocator<void> >\x1b[m\x1b[K\xe2\x80\x99} to \xe2\x80\x98\x1b[01m\x1b[Kstd::basic_ostream<char>::__ios_type& (*)(std::basic_ostream<char>::__ios_type&)\x1b[m\x1b[K\xe2\x80\x99 {aka \xe2\x80\x98\x1b[01m\x1b[Kstd::basic_ios<char>& (*)(std::basic_ios<char>&)\x1b[m\x1b[K\xe2\x80\x99}\n'}
[5.578996] (status_display) StderrLine: {'line': b'  117 |       operator<<(\x1b[01;36m\x1b[K__ios_type& (*__pf)(__ios_type&)\x1b[m\x1b[K)\n'}
[5.579118] (status_display) StderrLine: {'line': b'      |                  \x1b[01;36m\x1b[K~~~~~~~~~~~~~~^~~~~~~~~~~~~~~~~~\x1b[m\x1b[K\n'}
[5.579187] (status_display) StderrLine: {'line': b'\x1b[01m\x1b[K/usr/include/c++/11/ostream:127:7:\x1b[m\x1b[K \x1b[01;36m\x1b[Knote: \x1b[m\x1b[Kcandidate: \xe2\x80\x98\x1b[01m\x1b[Kstd::basic_ostream<_CharT, _Traits>::__ostream_type& std::basic_ostream<_CharT, _Traits>::operator<<(std::ios_base& (*)(std::ios_base&)) [with _CharT = char; _Traits = std::char_traits<char>; std::basic_ostream<_CharT, _Traits>::__ostream_type = std::basic_ostream<char>]\x1b[m\x1b[K\xe2\x80\x99\n'}
[5.579437] (status_display) StderrLine: {'line': b'  127 |       \x1b[01;36m\x1b[Koperator\x1b[m\x1b[K<<(ios_base& (*__pf) (ios_base&))\n'}
[5.580306] (status_display) StderrLine: {'line': b'      |       \x1b[01;36m\x1b[K^~~~~~~~\x1b[m\x1b[K\n'}
[5.580381] (status_display) StderrLine: {'line': b'\x1b[01m\x1b[K/usr/include/c++/11/ostream:127:30:\x1b[m\x1b[K \x1b[01;36m\x1b[Knote: \x1b[m\x1b[K  no known conversion for argument 1 from \xe2\x80\x98\x1b[01m\x1b[Kstatus_interfaces::msg::SystemStatus_<std::allocator<void> >::_stamp_type\x1b[m\x1b[K\xe2\x80\x99 {aka \xe2\x80\x98\x1b[01m\x1b[Kbuiltin_interfaces::msg::Time_<std::allocator<void> >\x1b[m\x1b[K\xe2\x80\x99} to \xe2\x80\x98\x1b[01m\x1b[Kstd::ios_base& (*)(std::ios_base&)\x1b[m\x1b[K\xe2\x80\x99\n'}
[5.580440] (status_display) StderrLine: {'line': b'  127 |       operator<<(\x1b[01;36m\x1b[Kios_base& (*__pf) (ios_base&)\x1b[m\x1b[K)\n'}
[5.580962] (status_display) StderrLine: {'line': b'      |                  \x1b[01;36m\x1b[K~~~~~~~~~~~~^~~~~~~~~~~~~~~~~\x1b[m\x1b[K\n'}
[5.581119] (status_display) StderrLine: {'line': b'\x1b[01m\x1b[K/usr/include/c++/11/ostream:166:7:\x1b[m\x1b[K \x1b[01;36m\x1b[Knote: \x1b[m\x1b[Kcandidate: \xe2\x80\x98\x1b[01m\x1b[Kstd::basic_ostream<_CharT, _Traits>::__ostream_type& std::basic_ostream<_CharT, _Traits>::operator<<(long int) [with _CharT = char; _Traits = std::char_traits<char>; std::basic_ostream<_CharT, _Traits>::__ostream_type = std::basic_ostream<char>]\x1b[m\x1b[K\xe2\x80\x99\n'}
[5.581281] (status_display) StderrLine: {'line': b'  166 |       \x1b[01;36m\x1b[Koperator\x1b[m\x1b[K<<(long __n)\n'}
[5.581427] (status_display) StderrLine: {'line': b'      |       \x1b[01;36m\x1b[K^~~~~~~~\x1b[m\x1b[K\n'}
[5.581689] (status_display) StderrLine: {'line': b'\x1b[01m\x1b[K/usr/include/c++/11/ostream:166:23:\x1b[m\x1b[K \x1b[01;36m\x1b[Knote: \x1b[m\x1b[K  no known conversion for argument 1 from \xe2\x80\x98\x1b[01m\x1b[Kstatus_interfaces::msg::SystemStatus_<std::allocator<void> >::_stamp_type\x1b[m\x1b[K\xe2\x80\x99 {aka \xe2\x80\x98\x1b[01m\x1b[Kbuiltin_interfaces::msg::Time_<std::allocator<void> >\x1b[m\x1b[K\xe2\x80\x99} to \xe2\x80\x98\x1b[01m\x1b[Klong int\x1b[m\x1b[K\xe2\x80\x99\n'}
[5.581991] (status_display) StderrLine: {'line': b'  166 |       operator<<(\x1b[01;36m\x1b[Klong __n\x1b[m\x1b[K)\n'}
[5.582099] (status_display) StderrLine: {'line': b'      |                  \x1b[01;36m\x1b[K~~~~~^~~\x1b[m\x1b[K\n'}
[5.582166] (status_display) StderrLine: {'line': b'\x1b[01m\x1b[K/usr/include/c++/11/ostream:170:7:\x1b[m\x1b[K \x1b[01;36m\x1b[Knote: \x1b[m\x1b[Kcandidate: \xe2\x80\x98\x1b[01m\x1b[Kstd::basic_ostream<_CharT, _Traits>::__ostream_type& std::basic_ostream<_CharT, _Traits>::operator<<(long unsigned int) [with _CharT = char; _Traits = std::char_traits<char>; std::basic_ostream<_CharT, _Traits>::__ostream_type = std::basic_ostream<char>]\x1b[m\x1b[K\xe2\x80\x99\n'}
[5.582465] (status_display) StderrLine: {'line': b'  170 |       \x1b[01;36m\x1b[Koperator\x1b[m\x1b[K<<(unsigned long __n)\n'}
[5.582825] (status_display) StderrLine: {'line': b'      |       \x1b[01;36m\x1b[K^~~~~~~~\x1b[m\x1b[K\n'}
[5.583110] (status_display) StderrLine: {'line': b'\x1b[01m\x1b[K/usr/include/c++/11/ostream:170:32:\x1b[m\x1b[K \x1b[01;36m\x1b[Knote: \x1b[m\x1b[K  no known conversion for argument 1 from \xe2\x80\x98\x1b[01m\x1b[Kstatus_interfaces::msg::SystemStatus_<std::allocator<void> >::_stamp_type\x1b[m\x1b[K\xe2\x80\x99 {aka \xe2\x80\x98\x1b[01m\x1b[Kbuiltin_interfaces::msg::Time_<std::allocator<void> >\x1b[m\x1b[K\xe2\x80\x99} to \xe2\x80\x98\x1b[01m\x1b[Klong unsigned int\x1b[m\x1b[K\xe2\x80\x99\n'}
[5.583443] (status_display) StderrLine: {'line': b'  170 |       operator<<(\x1b[01;36m\x1b[Kunsigned long __n\x1b[m\x1b[K)\n'}
[5.583530] (status_display) StderrLine: {'line': b'      |                  \x1b[01;36m\x1b[K~~~~~~~~~~~~~~^~~\x1b[m\x1b[K\n'}
[5.583686] (status_display) StderrLine: {'line': b'\x1b[01m\x1b[K/usr/include/c++/11/ostream:174:7:\x1b[m\x1b[K \x1b[01;36m\x1b[Knote: \x1b[m\x1b[Kcandidate: \xe2\x80\x98\x1b[01m\x1b[Kstd::basic_ostream<_CharT, _Traits>::__ostream_type& std::basic_ostream<_CharT, _Traits>::operator<<(bool) [with _CharT = char; _Traits = std::char_traits<char>; std::basic_ostream<_CharT, _Traits>::__ostream_type = std::basic_ostream<char>]\x1b[m\x1b[K\xe2\x80\x99\n'}
[5.583781] (status_display) StderrLine: {'line': b'  174 |       \x1b[01;36m\x1b[Koperator\x1b[m\x1b[K<<(bool __n)\n'}
[5.583865] (status_display) StderrLine: {'line': b'      |       \x1b[01;36m\x1b[K^~~~~~~~\x1b[m\x1b[K\n'}
[5.583949] (status_display) StderrLine: {'line': b'\x1b[01m\x1b[K/usr/include/c++/11/ostream:174:23:\x1b[m\x1b[K \x1b[01;36m\x1b[Knote: \x1b[m\x1b[K  no known conversion for argument 1 from \xe2\x80\x98\x1b[01m\x1b[Kstatus_interfaces::msg::SystemStatus_<std::allocator<void> >::_stamp_type\x1b[m\x1b[K\xe2\x80\x99 {aka \xe2\x80\x98\x1b[01m\x1b[Kbuiltin_interfaces::msg::Time_<std::allocator<void> >\x1b[m\x1b[K\xe2\x80\x99} to \xe2\x80\x98\x1b[01m\x1b[Kbool\x1b[m\x1b[K\xe2\x80\x99\n'}
[5.584049] (status_display) StderrLine: {'line': b'  174 |       operator<<(\x1b[01;36m\x1b[Kbool __n\x1b[m\x1b[K)\n'}
[5.584151] (status_display) StderrLine: {'line': b'      |                  \x1b[01;36m\x1b[K~~~~~^~~\x1b[m\x1b[K\n'}
[5.584251] (status_display) StderrLine: {'line': b'In file included from \x1b[01m\x1b[K/usr/include/c++/11/ostream:829\x1b[m\x1b[K,\n'}
[5.585104] (status_display) StderrLine: {'line': b'                 from \x1b[01m\x1b[K/usr/include/c++/11/iostream:39\x1b[m\x1b[K,\n'}
[5.585187] (status_display) StderrLine: {'line': b'                 from \x1b[01m\x1b[K/opt/ros/humble/include/rclcpp/rclcpp/executor.hpp:22\x1b[m\x1b[K,\n'}
[5.585246] (status_display) StderrLine: {'line': b'                 from \x1b[01m\x1b[K/opt/ros/humble/include/rclcpp/rclcpp/executors/multi_threaded_executor.hpp:25\x1b[m\x1b[K,\n'}
[5.585301] (status_display) StderrLine: {'line': b'                 from \x1b[01m\x1b[K/opt/ros/humble/include/rclcpp/rclcpp/executors.hpp:21\x1b[m\x1b[K,\n'}
[5.585351] (status_display) StderrLine: {'line': b'                 from \x1b[01m\x1b[K/opt/ros/humble/include/rclcpp/rclcpp/rclcpp.hpp:155\x1b[m\x1b[K,\n'}
[5.585400] (status_display) StderrLine: {'line': b'                 from \x1b[01m\x1b[K/home/shenhang/ros_study/chapter3/topic_practice_workspace/src/status_display/src/sys_status_display.cpp:4\x1b[m\x1b[K:\n'}
[5.585487] (status_display) StderrLine: {'line': b'\x1b[01m\x1b[K/usr/include/c++/11/bits/ostream.tcc:91:5:\x1b[m\x1b[K \x1b[01;36m\x1b[Knote: \x1b[m\x1b[Kcandidate: \xe2\x80\x98\x1b[01m\x1b[Kstd::basic_ostream<_CharT, _Traits>& std::basic_ostream<_CharT, _Traits>::operator<<(short int) [with _CharT = char; _Traits = std::char_traits<char>]\x1b[m\x1b[K\xe2\x80\x99\n'}
[5.585581] (status_display) StderrLine: {'line': b'   91 |     \x1b[01;36m\x1b[Kbasic_ostream<_CharT, _Traits>\x1b[m\x1b[K::\n'}
[5.586032] (status_display) StderrLine: {'line': b'      |     \x1b[01;36m\x1b[K^~~~~~~~~~~~~~~~~~~~~~~~~~~~~~\x1b[m\x1b[K\n'}
[5.586132] (status_display) StderrLine: {'line': b'\x1b[01m\x1b[K/usr/include/c++/11/bits/ostream.tcc:92:22:\x1b[m\x1b[K \x1b[01;36m\x1b[Knote: \x1b[m\x1b[K  no known conversion for argument 1 from \xe2\x80\x98\x1b[01m\x1b[Kstatus_interfaces::msg::SystemStatus_<std::allocator<void> >::_stamp_type\x1b[m\x1b[K\xe2\x80\x99 {aka \xe2\x80\x98\x1b[01m\x1b[Kbuiltin_interfaces::msg::Time_<std::allocator<void> >\x1b[m\x1b[K\xe2\x80\x99} to \xe2\x80\x98\x1b[01m\x1b[Kshort int\x1b[m\x1b[K\xe2\x80\x99\n'}
[5.586234] (status_display) StderrLine: {'line': b'   92 |     operator<<(\x1b[01;36m\x1b[Kshort __n\x1b[m\x1b[K)\n'}
[5.586320] (status_display) StderrLine: {'line': b'      |                \x1b[01;36m\x1b[K~~~~~~^~~\x1b[m\x1b[K\n'}
[5.586405] (status_display) StderrLine: {'line': b'In file included from \x1b[01m\x1b[K/usr/include/c++/11/iostream:39\x1b[m\x1b[K,\n'}
[5.586518] (status_display) StderrLine: {'line': b'                 from \x1b[01m\x1b[K/opt/ros/humble/include/rclcpp/rclcpp/executor.hpp:22\x1b[m\x1b[K,\n'}
[5.586662] (status_display) StderrLine: {'line': b'                 from \x1b[01m\x1b[K/opt/ros/humble/include/rclcpp/rclcpp/executors/multi_threaded_executor.hpp:25\x1b[m\x1b[K,\n'}
[5.586760] (status_display) StderrLine: {'line': b'                 from \x1b[01m\x1b[K/opt/ros/humble/include/rclcpp/rclcpp/executors.hpp:21\x1b[m\x1b[K,\n'}
[5.586845] (status_display) StderrLine: {'line': b'                 from \x1b[01m\x1b[K/opt/ros/humble/include/rclcpp/rclcpp/rclcpp.hpp:155\x1b[m\x1b[K,\n'}
[5.586930] (status_display) StderrLine: {'line': b'                 from \x1b[01m\x1b[K/home/shenhang/ros_study/chapter3/topic_practice_workspace/src/status_display/src/sys_status_display.cpp:4\x1b[m\x1b[K:\n'}
[5.587014] (status_display) StderrLine: {'line': b'\x1b[01m\x1b[K/usr/include/c++/11/ostream:181:7:\x1b[m\x1b[K \x1b[01;36m\x1b[Knote: \x1b[m\x1b[Kcandidate: \xe2\x80\x98\x1b[01m\x1b[Kstd::basic_ostream<_CharT, _Traits>::__ostream_type& std::basic_ostream<_CharT, _Traits>::operator<<(short unsigned int) [with _CharT = char; _Traits = std::char_traits<char>; std::basic_ostream<_CharT, _Traits>::__ostream_type = std::basic_ostream<char>]\x1b[m\x1b[K\xe2\x80\x99\n'}
[5.587101] (status_display) StderrLine: {'line': b'  181 |       \x1b[01;36m\x1b[Koperator\x1b[m\x1b[K<<(unsigned short __n)\n'}
[5.587185] (status_display) StderrLine: {'line': b'      |       \x1b[01;36m\x1b[K^~~~~~~~\x1b[m\x1b[K\n'}
[5.587269] (status_display) StderrLine: {'line': b'\x1b[01m\x1b[K/usr/include/c++/11/ostream:181:33:\x1b[m\x1b[K \x1b[01;36m\x1b[Knote: \x1b[m\x1b[K  no known conversion for argument 1 from \xe2\x80\x98\x1b[01m\x1b[Kstatus_interfaces::msg::SystemStatus_<std::allocator<void> >::_stamp_type\x1b[m\x1b[K\xe2\x80\x99 {aka \xe2\x80\x98\x1b[01m\x1b[Kbuiltin_interfaces::msg::Time_<std::allocator<void> >\x1b[m\x1b[K\xe2\x80\x99} to \xe2\x80\x98\x1b[01m\x1b[Kshort unsigned int\x1b[m\x1b[K\xe2\x80\x99\n'}
[5.587548] (status_display) StderrLine: {'line': b'  181 |       operator<<(\x1b[01;36m\x1b[Kunsigned short __n\x1b[m\x1b[K)\n'}
[5.587762] (status_display) StderrLine: {'line': b'      |                  \x1b[01;36m\x1b[K~~~~~~~~~~~~~~~^~~\x1b[m\x1b[K\n'}
[5.587922] (status_display) StderrLine: {'line': b'In file included from \x1b[01m\x1b[K/usr/include/c++/11/ostream:829\x1b[m\x1b[K,\n'}
[5.588011] (status_display) StderrLine: {'line': b'                 from \x1b[01m\x1b[K/usr/include/c++/11/iostream:39\x1b[m\x1b[K,\n'}
[5.588095] (status_display) StderrLine: {'line': b'                 from \x1b[01m\x1b[K/opt/ros/humble/include/rclcpp/rclcpp/executor.hpp:22\x1b[m\x1b[K,\n'}
[5.588179] (status_display) StderrLine: {'line': b'                 from \x1b[01m\x1b[K/opt/ros/humble/include/rclcpp/rclcpp/executors/multi_threaded_executor.hpp:25\x1b[m\x1b[K,\n'}
[5.588264] (status_display) StderrLine: {'line': b'                 from \x1b[01m\x1b[K/opt/ros/humble/include/rclcpp/rclcpp/executors.hpp:21\x1b[m\x1b[K,\n'}
[5.588347] (status_display) StderrLine: {'line': b'                 from \x1b[01m\x1b[K/opt/ros/humble/include/rclcpp/rclcpp/rclcpp.hpp:155\x1b[m\x1b[K,\n'}
[5.588479] (status_display) StderrLine: {'line': b'                 from \x1b[01m\x1b[K/home/shenhang/ros_study/chapter3/topic_practice_workspace/src/status_display/src/sys_status_display.cpp:4\x1b[m\x1b[K:\n'}
[5.588581] (status_display) StderrLine: {'line': b'\x1b[01m\x1b[K/usr/include/c++/11/bits/ostream.tcc:105:5:\x1b[m\x1b[K \x1b[01;36m\x1b[Knote: \x1b[m\x1b[Kcandidate: \xe2\x80\x98\x1b[01m\x1b[Kstd::basic_ostream<_CharT, _Traits>& std::basic_ostream<_CharT, _Traits>::operator<<(int) [with _CharT = char; _Traits = std::char_traits<char>]\x1b[m\x1b[K\xe2\x80\x99\n'}
[5.588735] (status_display) StderrLine: {'line': b'  105 |     \x1b[01;36m\x1b[Kbasic_ostream<_CharT, _Traits>\x1b[m\x1b[K::\n'}
[5.588836] (status_display) StderrLine: {'line': b'      |     \x1b[01;36m\x1b[K^~~~~~~~~~~~~~~~~~~~~~~~~~~~~~\x1b[m\x1b[K\n'}
[5.588924] (status_display) StderrLine: {'line': b'\x1b[01m\x1b[K/usr/include/c++/11/bits/ostream.tcc:106:20:\x1b[m\x1b[K \x1b[01;36m\x1b[Knote: \x1b[m\x1b[K  no known conversion for argument 1 from \xe2\x80\x98\x1b[01m\x1b[Kstatus_interfaces::msg::SystemStatus_<std::allocator<void> >::_stamp_type\x1b[m\x1b[K\xe2\x80\x99 {aka \xe2\x80\x98\x1b[01m\x1b[Kbuiltin_interfaces::msg::Time_<std::allocator<void> >\x1b[m\x1b[K\xe2\x80\x99} to \xe2\x80\x98\x1b[01m\x1b[Kint\x1b[m\x1b[K\xe2\x80\x99\n'}
[5.589021] (status_display) StderrLine: {'line': b'  106 |     operator<<(\x1b[01;36m\x1b[Kint __n\x1b[m\x1b[K)\n'}
[5.589105] (status_display) StderrLine: {'line': b'      |                \x1b[01;36m\x1b[K~~~~^~~\x1b[m\x1b[K\n'}
[5.589190] (status_display) StderrLine: {'line': b'In file included from \x1b[01m\x1b[K/usr/include/c++/11/iostream:39\x1b[m\x1b[K,\n'}
[5.589274] (status_display) StderrLine: {'line': b'                 from \x1b[01m\x1b[K/opt/ros/humble/include/rclcpp/rclcpp/executor.hpp:22\x1b[m\x1b[K,\n'}
[5.589379] (status_display) StderrLine: {'line': b'                 from \x1b[01m\x1b[K/opt/ros/humble/include/rclcpp/rclcpp/executors/multi_threaded_executor.hpp:25\x1b[m\x1b[K,\n'}
[5.589476] (status_display) StderrLine: {'line': b'                 from \x1b[01m\x1b[K/opt/ros/humble/include/rclcpp/rclcpp/executors.hpp:21\x1b[m\x1b[K,\n'}
[5.589560] (status_display) StderrLine: {'line': b'                 from \x1b[01m\x1b[K/opt/ros/humble/include/rclcpp/rclcpp/rclcpp.hpp:155\x1b[m\x1b[K,\n'}
[5.589716] (status_display) StderrLine: {'line': b'                 from \x1b[01m\x1b[K/home/shenhang/ros_study/chapter3/topic_practice_workspace/src/status_display/src/sys_status_display.cpp:4\x1b[m\x1b[K:\n'}
[5.589806] (status_display) StderrLine: {'line': b'\x1b[01m\x1b[K/usr/include/c++/11/ostream:192:7:\x1b[m\x1b[K \x1b[01;36m\x1b[Knote: \x1b[m\x1b[Kcandidate: \xe2\x80\x98\x1b[01m\x1b[Kstd::basic_ostream<_CharT, _Traits>::__ostream_type& std::basic_ostream<_CharT, _Traits>::operator<<(unsigned int) [with _CharT = char; _Traits = std::char_traits<char>; std::basic_ostream<_CharT, _Traits>::__ostream_type = std::basic_ostream<char>]\x1b[m\x1b[K\xe2\x80\x99\n'}
[5.589895] (status_display) StderrLine: {'line': b'  192 |       \x1b[01;36m\x1b[Koperator\x1b[m\x1b[K<<(unsigned int __n)\n'}
[5.589979] (status_display) StderrLine: {'line': b'      |       \x1b[01;36m\x1b[K^~~~~~~~\x1b[m\x1b[K\n'}
[5.590063] (status_display) StderrLine: {'line': b'\x1b[01m\x1b[K/usr/include/c++/11/ostream:192:31:\x1b[m\x1b[K \x1b[01;36m\x1b[Knote: \x1b[m\x1b[K  no known conversion for argument 1 from \xe2\x80\x98\x1b[01m\x1b[Kstatus_interfaces::msg::SystemStatus_<std::allocator<void> >::_stamp_type\x1b[m\x1b[K\xe2\x80\x99 {aka \xe2\x80\x98\x1b[01m\x1b[Kbuiltin_interfaces::msg::Time_<std::allocator<void> >\x1b[m\x1b[K\xe2\x80\x99} to \xe2\x80\x98\x1b[01m\x1b[Kunsigned int\x1b[m\x1b[K\xe2\x80\x99\n'}
[5.590150] (status_display) StderrLine: {'line': b'  192 |       operator<<(\x1b[01;36m\x1b[Kunsigned int __n\x1b[m\x1b[K)\n'}
[5.590234] (status_display) StderrLine: {'line': b'      |                  \x1b[01;36m\x1b[K~~~~~~~~~~~~~^~~\x1b[m\x1b[K\n'}
[5.590332] (status_display) StderrLine: {'line': b'\x1b[01m\x1b[K/usr/include/c++/11/ostream:201:7:\x1b[m\x1b[K \x1b[01;36m\x1b[Knote: \x1b[m\x1b[Kcandidate: \xe2\x80\x98\x1b[01m\x1b[Kstd::basic_ostream<_CharT, _Traits>::__ostream_type& std::basic_ostream<_CharT, _Traits>::operator<<(long long int) [with _CharT = char; _Traits = std::char_traits<char>; std::basic_ostream<_CharT, _Traits>::__ostream_type = std::basic_ostream<char>]\x1b[m\x1b[K\xe2\x80\x99\n'}
[5.590438] (status_display) StderrLine: {'line': b'  201 |       \x1b[01;36m\x1b[Koperator\x1b[m\x1b[K<<(long long __n)\n'}
[5.590523] (status_display) StderrLine: {'line': b'      |       \x1b[01;36m\x1b[K^~~~~~~~\x1b[m\x1b[K\n'}
[5.590668] (status_display) StderrLine: {'line': b'\x1b[01m\x1b[K/usr/include/c++/11/ostream:201:28:\x1b[m\x1b[K \x1b[01;36m\x1b[Knote: \x1b[m\x1b[K  no known conversion for argument 1 from \xe2\x80\x98\x1b[01m\x1b[Kstatus_interfaces::msg::SystemStatus_<std::allocator<void> >::_stamp_type\x1b[m\x1b[K\xe2\x80\x99 {aka \xe2\x80\x98\x1b[01m\x1b[Kbuiltin_interfaces::msg::Time_<std::allocator<void> >\x1b[m\x1b[K\xe2\x80\x99} to \xe2\x80\x98\x1b[01m\x1b[Klong long int\x1b[m\x1b[K\xe2\x80\x99\n'}
[5.590772] (status_display) StderrLine: {'line': b'  201 |       operator<<(\x1b[01;36m\x1b[Klong long __n\x1b[m\x1b[K)\n'}
[5.590857] (status_display) StderrLine: {'line': b'      |                  \x1b[01;36m\x1b[K~~~~~~~~~~^~~\x1b[m\x1b[K\n'}
[5.590942] (status_display) StderrLine: {'line': b'\x1b[01m\x1b[K/usr/include/c++/11/ostream:205:7:\x1b[m\x1b[K \x1b[01;36m\x1b[Knote: \x1b[m\x1b[Kcandidate: \xe2\x80\x98\x1b[01m\x1b[Kstd::basic_ostream<_CharT, _Traits>::__ostream_type& std::basic_ostream<_CharT, _Traits>::operator<<(long long unsigned int) [with _CharT = char; _Traits = std::char_traits<char>; std::basic_ostream<_CharT, _Traits>::__ostream_type = std::basic_ostream<char>]\x1b[m\x1b[K\xe2\x80\x99\n'}
[5.591029] (status_display) StderrLine: {'line': b'  205 |       \x1b[01;36m\x1b[Koperator\x1b[m\x1b[K<<(unsigned long long __n)\n'}
[5.591114] (status_display) StderrLine: {'line': b'      |       \x1b[01;36m\x1b[K^~~~~~~~\x1b[m\x1b[K\n'}
[5.591198] (status_display) StderrLine: {'line': b'\x1b[01m\x1b[K/usr/include/c++/11/ostream:205:37:\x1b[m\x1b[K \x1b[01;36m\x1b[Knote: \x1b[m\x1b[K  no known conversion for argument 1 from \xe2\x80\x98\x1b[01m\x1b[Kstatus_interfaces::msg::SystemStatus_<std::allocator<void> >::_stamp_type\x1b[m\x1b[K\xe2\x80\x99 {aka \xe2\x80\x98\x1b[01m\x1b[Kbuiltin_interfaces::msg::Time_<std::allocator<void> >\x1b[m\x1b[K\xe2\x80\x99} to \xe2\x80\x98\x1b[01m\x1b[Klong long unsigned int\x1b[m\x1b[K\xe2\x80\x99\n'}
[5.591285] (status_display) StderrLine: {'line': b'  205 |       operator<<(\x1b[01;36m\x1b[Kunsigned long long __n\x1b[m\x1b[K)\n'}
[5.591395] (status_display) StderrLine: {'line': b'      |                  \x1b[01;36m\x1b[K~~~~~~~~~~~~~~~~~~~^~~\x1b[m\x1b[K\n'}
[5.591498] (status_display) StderrLine: {'line': b'\x1b[01m\x1b[K/usr/include/c++/11/ostream:220:7:\x1b[m\x1b[K \x1b[01;36m\x1b[Knote: \x1b[m\x1b[Kcandidate: \xe2\x80\x98\x1b[01m\x1b[Kstd::basic_ostream<_CharT, _Traits>::__ostream_type& std::basic_ostream<_CharT, _Traits>::operator<<(double) [with _CharT = char; _Traits = std::char_traits<char>; std::basic_ostream<_CharT, _Traits>::__ostream_type = std::basic_ostream<char>]\x1b[m\x1b[K\xe2\x80\x99\n'}
[5.591744] (status_display) StderrLine: {'line': b'  220 |       \x1b[01;36m\x1b[Koperator\x1b[m\x1b[K<<(double __f)\n'}
[5.591849] (status_display) StderrLine: {'line': b'      |       \x1b[01;36m\x1b[K^~~~~~~~\x1b[m\x1b[K\n'}
[5.591942] (status_display) StderrLine: {'line': b'\x1b[01m\x1b[K/usr/include/c++/11/ostream:220:25:\x1b[m\x1b[K \x1b[01;36m\x1b[Knote: \x1b[m\x1b[K  no known conversion for argument 1 from \xe2\x80\x98\x1b[01m\x1b[Kstatus_interfaces::msg::SystemStatus_<std::allocator<void> >::_stamp_type\x1b[m\x1b[K\xe2\x80\x99 {aka \xe2\x80\x98\x1b[01m\x1b[Kbuiltin_interfaces::msg::Time_<std::allocator<void> >\x1b[m\x1b[K\xe2\x80\x99} to \xe2\x80\x98\x1b[01m\x1b[Kdouble\x1b[m\x1b[K\xe2\x80\x99\n'}
[5.592030] (status_display) StderrLine: {'line': b'  220 |       operator<<(\x1b[01;36m\x1b[Kdouble __f\x1b[m\x1b[K)\n'}
[5.592115] (status_display) StderrLine: {'line': b'      |                  \x1b[01;36m\x1b[K~~~~~~~^~~\x1b[m\x1b[K\n'}
[5.592199] (status_display) StderrLine: {'line': b'\x1b[01m\x1b[K/usr/include/c++/11/ostream:224:7:\x1b[m\x1b[K \x1b[01;36m\x1b[Knote: \x1b[m\x1b[Kcandidate: \xe2\x80\x98\x1b[01m\x1b[Kstd::basic_ostream<_CharT, _Traits>::__ostream_type& std::basic_ostream<_CharT, _Traits>::operator<<(float) [with _CharT = char; _Traits = std::char_traits<char>; std::basic_ostream<_CharT, _Traits>::__ostream_type = std::basic_ostream<char>]\x1b[m\x1b[K\xe2\x80\x99\n'}
[5.592291] (status_display) StderrLine: {'line': b'  224 |       \x1b[01;36m\x1b[Koperator\x1b[m\x1b[K<<(float __f)\n'}
[5.592401] (status_display) StderrLine: {'line': b'      |       \x1b[01;36m\x1b[K^~~~~~~~\x1b[m\x1b[K\n'}
[5.592487] (status_display) StderrLine: {'line': b'\x1b[01m\x1b[K/usr/include/c++/11/ostream:224:24:\x1b[m\x1b[K \x1b[01;36m\x1b[Knote: \x1b[m\x1b[K  no known conversion for argument 1 from \xe2\x80\x98\x1b[01m\x1b[Kstatus_interfaces::msg::SystemStatus_<std::allocator<void> >::_stamp_type\x1b[m\x1b[K\xe2\x80\x99 {aka \xe2\x80\x98\x1b[01m\x1b[Kbuiltin_interfaces::msg::Time_<std::allocator<void> >\x1b[m\x1b[K\xe2\x80\x99} to \xe2\x80\x98\x1b[01m\x1b[Kfloat\x1b[m\x1b[K\xe2\x80\x99\n'}
[5.592582] (status_display) StderrLine: {'line': b'  224 |       operator<<(\x1b[01;36m\x1b[Kfloat __f\x1b[m\x1b[K)\n'}
[5.592728] (status_display) StderrLine: {'line': b'      |                  \x1b[01;36m\x1b[K~~~~~~^~~\x1b[m\x1b[K\n'}
[5.592818] (status_display) StderrLine: {'line': b'\x1b[01m\x1b[K/usr/include/c++/11/ostream:232:7:\x1b[m\x1b[K \x1b[01;36m\x1b[Knote: \x1b[m\x1b[Kcandidate: \xe2\x80\x98\x1b[01m\x1b[Kstd::basic_ostream<_CharT, _Traits>::__ostream_type& std::basic_ostream<_CharT, _Traits>::operator<<(long double) [with _CharT = char; _Traits = std::char_traits<char>; std::basic_ostream<_CharT, _Traits>::__ostream_type = std::basic_ostream<char>]\x1b[m\x1b[K\xe2\x80\x99\n'}
[5.592905] (status_display) StderrLine: {'line': b'  232 |       \x1b[01;36m\x1b[Koperator\x1b[m\x1b[K<<(long double __f)\n'}
[5.592989] (status_display) StderrLine: {'line': b'      |       \x1b[01;36m\x1b[K^~~~~~~~\x1b[m\x1b[K\n'}
[5.593073] (status_display) StderrLine: {'line': b'\x1b[01m\x1b[K/usr/include/c++/11/ostream:232:30:\x1b[m\x1b[K \x1b[01;36m\x1b[Knote: \x1b[m\x1b[K  no known conversion for argument 1 from \xe2\x80\x98\x1b[01m\x1b[Kstatus_interfaces::msg::SystemStatus_<std::allocator<void> >::_stamp_type\x1b[m\x1b[K\xe2\x80\x99 {aka \xe2\x80\x98\x1b[01m\x1b[Kbuiltin_interfaces::msg::Time_<std::allocator<void> >\x1b[m\x1b[K\xe2\x80\x99} to \xe2\x80\x98\x1b[01m\x1b[Klong double\x1b[m\x1b[K\xe2\x80\x99\n'}
[5.593161] (status_display) StderrLine: {'line': b'  232 |       operator<<(\x1b[01;36m\x1b[Klong double __f\x1b[m\x1b[K)\n'}
[5.593245] (status_display) StderrLine: {'line': b'      |                  \x1b[01;36m\x1b[K~~~~~~~~~~~~^~~\x1b[m\x1b[K\n'}
[5.593358] (status_display) StderrLine: {'line': b'\x1b[01m\x1b[K/usr/include/c++/11/ostream:245:7:\x1b[m\x1b[K \x1b[01;36m\x1b[Knote: \x1b[m\x1b[Kcandidate: \xe2\x80\x98\x1b[01m\x1b[Kstd::basic_ostream<_CharT, _Traits>::__ostream_type& std::basic_ostream<_CharT, _Traits>::operator<<(const void*) [with _CharT = char; _Traits = std::char_traits<char>; std::basic_ostream<_CharT, _Traits>::__ostream_type = std::basic_ostream<char>]\x1b[m\x1b[K\xe2\x80\x99\n'}
[5.593449] (status_display) StderrLine: {'line': b'  245 |       \x1b[01;36m\x1b[Koperator\x1b[m\x1b[K<<(const void* __p)\n'}
[5.593533] (status_display) StderrLine: {'line': b'      |       \x1b[01;36m\x1b[K^~~~~~~~\x1b[m\x1b[K\n'}
[5.593661] (status_display) StderrLine: {'line': b'\x1b[01m\x1b[K/usr/include/c++/11/ostream:245:30:\x1b[m\x1b[K \x1b[01;36m\x1b[Knote: \x1b[m\x1b[K  no known conversion for argument 1 from \xe2\x80\x98\x1b[01m\x1b[Kstatus_interfaces::msg::SystemStatus_<std::allocator<void> >::_stamp_type\x1b[m\x1b[K\xe2\x80\x99 {aka \xe2\x80\x98\x1b[01m\x1b[Kbuiltin_interfaces::msg::Time_<std::allocator<void> >\x1b[m\x1b[K\xe2\x80\x99} to \xe2\x80\x98\x1b[01m\x1b[Kconst void*\x1b[m\x1b[K\xe2\x80\x99\n'}
[5.593768] (status_display) StderrLine: {'line': b'  245 |       operator<<(\x1b[01;36m\x1b[Kconst void* __p\x1b[m\x1b[K)\n'}
[5.593861] (status_display) StderrLine: {'line': b'      |                  \x1b[01;36m\x1b[K~~~~~~~~~~~~^~~\x1b[m\x1b[K\n'}
[5.593946] (status_display) StderrLine: {'line': b'\x1b[01m\x1b[K/usr/include/c++/11/ostream:250:7:\x1b[m\x1b[K \x1b[01;36m\x1b[Knote: \x1b[m\x1b[Kcandidate: \xe2\x80\x98\x1b[01m\x1b[Kstd::basic_ostream<_CharT, _Traits>::__ostream_type& std::basic_ostream<_CharT, _Traits>::operator<<(std::nullptr_t) [with _CharT = char; _Traits = std::char_traits<char>; std::basic_ostream<_CharT, _Traits>::__ostream_type = std::basic_ostream<char>; std::nullptr_t = std::nullptr_t]\x1b[m\x1b[K\xe2\x80\x99\n'}
[5.594032] (status_display) StderrLine: {'line': b'  250 |       \x1b[01;36m\x1b[Koperator\x1b[m\x1b[K<<(nullptr_t)\n'}
[5.594116] (status_display) StderrLine: {'line': b'      |       \x1b[01;36m\x1b[K^~~~~~~~\x1b[m\x1b[K\n'}
[5.594199] (status_display) StderrLine: {'line': b'\x1b[01m\x1b[K/usr/include/c++/11/ostream:250:18:\x1b[m\x1b[K \x1b[01;36m\x1b[Knote: \x1b[m\x1b[K  no known conversion for argument 1 from \xe2\x80\x98\x1b[01m\x1b[Kstatus_interfaces::msg::SystemStatus_<std::allocator<void> >::_stamp_type\x1b[m\x1b[K\xe2\x80\x99 {aka \xe2\x80\x98\x1b[01m\x1b[Kbuiltin_interfaces::msg::Time_<std::allocator<void> >\x1b[m\x1b[K\xe2\x80\x99} to \xe2\x80\x98\x1b[01m\x1b[Kstd::nullptr_t\x1b[m\x1b[K\xe2\x80\x99\n'}
[5.594312] (status_display) StderrLine: {'line': b'  250 |       operator<<(\x1b[01;36m\x1b[Knullptr_t\x1b[m\x1b[K)\n'}
[5.594402] (status_display) StderrLine: {'line': b'      |                  \x1b[01;36m\x1b[K^~~~~~~~~\x1b[m\x1b[K\n'}
[5.594486] (status_display) StderrLine: {'line': b'In file included from \x1b[01m\x1b[K/usr/include/c++/11/ostream:829\x1b[m\x1b[K,\n'}
[5.594570] (status_display) StderrLine: {'line': b'                 from \x1b[01m\x1b[K/usr/include/c++/11/iostream:39\x1b[m\x1b[K,\n'}
[5.594721] (status_display) StderrLine: {'line': b'                 from \x1b[01m\x1b[K/opt/ros/humble/include/rclcpp/rclcpp/executor.hpp:22\x1b[m\x1b[K,\n'}
[5.594813] (status_display) StderrLine: {'line': b'                 from \x1b[01m\x1b[K/opt/ros/humble/include/rclcpp/rclcpp/executors/multi_threaded_executor.hpp:25\x1b[m\x1b[K,\n'}
[5.594900] (status_display) StderrLine: {'line': b'                 from \x1b[01m\x1b[K/opt/ros/humble/include/rclcpp/rclcpp/executors.hpp:21\x1b[m\x1b[K,\n'}
[5.594985] (status_display) StderrLine: {'line': b'                 from \x1b[01m\x1b[K/opt/ros/humble/include/rclcpp/rclcpp/rclcpp.hpp:155\x1b[m\x1b[K,\n'}
[5.598672] (status_display) StderrLine: {'line': b'                 from \x1b[01m\x1b[K/home/shenhang/ros_study/chapter3/topic_practice_workspace/src/status_display/src/sys_status_display.cpp:4\x1b[m\x1b[K:\n'}
[5.598895] (status_display) StderrLine: {'line': b'\x1b[01m\x1b[K/usr/include/c++/11/bits/ostream.tcc:119:5:\x1b[m\x1b[K \x1b[01;36m\x1b[Knote: \x1b[m\x1b[Kcandidate: \xe2\x80\x98\x1b[01m\x1b[Kstd::basic_ostream<_CharT, _Traits>& std::basic_ostream<_CharT, _Traits>::operator<<(std::basic_ostream<_CharT, _Traits>::__streambuf_type*) [with _CharT = char; _Traits = std::char_traits<char>; std::basic_ostream<_CharT, _Traits>::__streambuf_type = std::basic_streambuf<char>]\x1b[m\x1b[K\xe2\x80\x99\n'}
[5.599046] (status_display) StderrLine: {'line': b'  119 |     \x1b[01;36m\x1b[Kbasic_ostream<_CharT, _Traits>\x1b[m\x1b[K::\n'}
[5.599193] (status_display) StderrLine: {'line': b'      |     \x1b[01;36m\x1b[K^~~~~~~~~~~~~~~~~~~~~~~~~~~~~~\x1b[m\x1b[K\n'}
[5.599307] (status_display) StderrLine: {'line': b'\x1b[01m\x1b[K/usr/include/c++/11/bits/ostream.tcc:120:34:\x1b[m\x1b[K \x1b[01;36m\x1b[Knote: \x1b[m\x1b[K  no known conversion for argument 1 from \xe2\x80\x98\x1b[01m\x1b[Kstatus_interfaces::msg::SystemStatus_<std::allocator<void> >::_stamp_type\x1b[m\x1b[K\xe2\x80\x99 {aka \xe2\x80\x98\x1b[01m\x1b[Kbuiltin_interfaces::msg::Time_<std::allocator<void> >\x1b[m\x1b[K\xe2\x80\x99} to \xe2\x80\x98\x1b[01m\x1b[Kstd::basic_ostream<char>::__streambuf_type*\x1b[m\x1b[K\xe2\x80\x99 {aka \xe2\x80\x98\x1b[01m\x1b[Kstd::basic_streambuf<char>*\x1b[m\x1b[K\xe2\x80\x99}\n'}
[5.601838] (status_display) StderrLine: {'line': b'  120 |     operator<<(\x1b[01;36m\x1b[K__streambuf_type* __sbin\x1b[m\x1b[K)\n'}
[5.602027] (status_display) StderrLine: {'line': b'      |                \x1b[01;36m\x1b[K~~~~~~~~~~~~~~~~~~^~~~~~\x1b[m\x1b[K\n'}
[5.602191] (status_display) StderrLine: {'line': b'In file included from \x1b[01m\x1b[K/usr/include/x86_64-linux-gnu/qt5/QtGui/qregion.h:49\x1b[m\x1b[K,\n'}
[5.602341] (status_display) StderrLine: {'line': b'                 from \x1b[01m\x1b[K/usr/include/x86_64-linux-gnu/qt5/QtGui/qmatrix.h:45\x1b[m\x1b[K,\n'}
[5.602502] (status_display) StderrLine: {'line': b'                 from \x1b[01m\x1b[K/usr/include/x86_64-linux-gnu/qt5/QtGui/qbrush.h:49\x1b[m\x1b[K,\n'}
[5.602848] (status_display) StderrLine: {'line': b'                 from \x1b[01m\x1b[K/usr/include/x86_64-linux-gnu/qt5/QtGui/qpalette.h:46\x1b[m\x1b[K,\n'}
[5.602981] (status_display) StderrLine: {'line': b'                 from \x1b[01m\x1b[K/usr/include/x86_64-linux-gnu/qt5/QtWidgets/qwidget.h:48\x1b[m\x1b[K,\n'}
[5.603134] (status_display) StderrLine: {'line': b'                 from \x1b[01m\x1b[K/usr/include/x86_64-linux-gnu/qt5/QtWidgets/qframe.h:44\x1b[m\x1b[K,\n'}
[5.603253] (status_display) StderrLine: {'line': b'                 from \x1b[01m\x1b[K/usr/include/x86_64-linux-gnu/qt5/QtWidgets/qlabel.h:44\x1b[m\x1b[K,\n'}
[5.603368] (status_display) StderrLine: {'line': b'                 from \x1b[01m\x1b[K/usr/include/x86_64-linux-gnu/qt5/QtWidgets/QLabel:1\x1b[m\x1b[K,\n'}
[5.603481] (status_display) StderrLine: {'line': b'                 from \x1b[01m\x1b[K/home/shenhang/ros_study/chapter3/topic_practice_workspace/src/status_display/src/sys_status_display.cpp:2\x1b[m\x1b[K:\n'}
[5.603608] (status_display) StderrLine: {'line': b'\x1b[01m\x1b[K/usr/include/x86_64-linux-gnu/qt5/QtCore/qdatastream.h:405:21:\x1b[m\x1b[K \x1b[01;36m\x1b[Knote: \x1b[m\x1b[Kcandidate: \xe2\x80\x98\x1b[01m\x1b[Ktemplate<class E> QDataStream& operator<<(QDataStream&, QFlags<T>)\x1b[m\x1b[K\xe2\x80\x99\n'}
[5.603858] (status_display) StderrLine: {'line': b'  405 | inline QDataStream &\x1b[01;36m\x1b[Koperator\x1b[m\x1b[K<<(QDataStream &s, QFlags<Enum> e)\n'}
[5.603981] (status_display) StderrLine: {'line': b'      |                     \x1b[01;36m\x1b[K^~~~~~~~\x1b[m\x1b[K\n'}
[5.604132] (status_display) StderrLine: {'line': b'\x1b[01m\x1b[K/usr/include/x86_64-linux-gnu/qt5/QtCore/qdatastream.h:405:21:\x1b[m\x1b[K \x1b[01;36m\x1b[Knote: \x1b[m\x1b[K  template argument deduction/substitution failed:\n'}
[5.604264] (status_display) StderrLine: {'line': b'\x1b[01m\x1b[K/home/shenhang/ros_study/chapter3/topic_practice_workspace/src/status_display/src/sys_status_display.cpp:19:42:\x1b[m\x1b[K \x1b[01;36m\x1b[Knote: \x1b[m\x1b[K  \xe2\x80\x98\x1b[01m\x1b[Kbuiltin_interfaces::msg::Time_<std::allocator<void> >\x1b[m\x1b[K\xe2\x80\x99 is not derived from \xe2\x80\x98\x1b[01m\x1b[KQFlags<T>\x1b[m\x1b[K\xe2\x80\x99\n'}
[5.604390] (status_display) StderrLine: {'line': b'   19 |                  << "\xe6\x95\xb0\xe6\x8d\xae\xe6\x97\xb6\xe9\x97\xb4: " << msg->\x1b[01;36m\x1b[Kstamp\x1b[m\x1b[K << " s\\n"\n'}
[5.604513] (status_display) StderrLine: {'line': b'      |                                          \x1b[01;36m\x1b[K^~~~~\x1b[m\x1b[K\n'}
[5.604759] (status_display) StderrLine: {'line': b'In file included from \x1b[01m\x1b[K/usr/include/x86_64-linux-gnu/qt5/QtGui/qregion.h:49\x1b[m\x1b[K,\n'}
[5.604899] (status_display) StderrLine: {'line': b'                 from \x1b[01m\x1b[K/usr/include/x86_64-linux-gnu/qt5/QtGui/qmatrix.h:45\x1b[m\x1b[K,\n'}
[5.605055] (status_display) StderrLine: {'line': b'                 from \x1b[01m\x1b[K/usr/include/x86_64-linux-gnu/qt5/QtGui/qbrush.h:49\x1b[m\x1b[K,\n'}
[5.605201] (status_display) StderrLine: {'line': b'                 from \x1b[01m\x1b[K/usr/include/x86_64-linux-gnu/qt5/QtGui/qpalette.h:46\x1b[m\x1b[K,\n'}
[5.605333] (status_display) StderrLine: {'line': b'                 from \x1b[01m\x1b[K/usr/include/x86_64-linux-gnu/qt5/QtWidgets/qwidget.h:48\x1b[m\x1b[K,\n'}
[5.605471] (status_display) StderrLine: {'line': b'                 from \x1b[01m\x1b[K/usr/include/x86_64-linux-gnu/qt5/QtWidgets/qframe.h:44\x1b[m\x1b[K,\n'}
[5.607796] (status_display) StderrLine: {'line': b'                 from \x1b[01m\x1b[K/usr/include/x86_64-linux-gnu/qt5/QtWidgets/qlabel.h:44\x1b[m\x1b[K,\n'}
[5.608043] (status_display) StderrLine: {'line': b'                 from \x1b[01m\x1b[K/usr/include/x86_64-linux-gnu/qt5/QtWidgets/QLabel:1\x1b[m\x1b[K,\n'}
[5.608199] (status_display) StderrLine: {'line': b'                 from \x1b[01m\x1b[K/home/shenhang/ros_study/chapter3/topic_practice_workspace/src/status_display/src/sys_status_display.cpp:2\x1b[m\x1b[K:\n'}
[5.608328] (status_display) StderrLine: {'line': b'\x1b[01m\x1b[K/usr/include/x86_64-linux-gnu/qt5/QtCore/qdatastream.h:414:1:\x1b[m\x1b[K \x1b[01;36m\x1b[Knote: \x1b[m\x1b[Kcandidate: \xe2\x80\x98\x1b[01m\x1b[Ktemplate<class T> typename std::enable_if<std::is_enum<_Tp>::value, QDataStream&>::type& operator<<(QDataStream&, const T&)\x1b[m\x1b[K\xe2\x80\x99\n'}
[5.608451] (status_display) StderrLine: {'line': b'  414 | \x1b[01;36m\x1b[Koperator\x1b[m\x1b[K<<(QDataStream &s, const T &t)\n'}
[5.608569] (status_display) StderrLine: {'line': b'      | \x1b[01;36m\x1b[K^~~~~~~~\x1b[m\x1b[K\n'}
[5.608766] (status_display) StderrLine: {'line': b'\x1b[01m\x1b[K/usr/include/x86_64-linux-gnu/qt5/QtCore/qdatastream.h:414:1:\x1b[m\x1b[K \x1b[01;36m\x1b[Knote: \x1b[m\x1b[K  template argument deduction/substitution failed:\n'}
[5.608905] (status_display) StderrLine: {'line': b'\x1b[01m\x1b[K/home/shenhang/ros_study/chapter3/topic_practice_workspace/src/status_display/src/sys_status_display.cpp:19:18:\x1b[m\x1b[K \x1b[01;36m\x1b[Knote: \x1b[m\x1b[K  cannot convert \xe2\x80\x98\x1b[01m\x1b[Kstd::operator<< <std::char_traits<char> >((* & std::operator<< <std::char_traits<char> >(show_str.std::__cxx11::basic_stringstream<char>::<anonymous>.std::basic_iostream<char>::<anonymous>, ((const char*)"==================\\37777777747\\37777777663\\37777777673\\37777777747\\37777777673\\37777777637\\37777777747\\37777777612\\37777777666\\37777777746\\37777777600\\37777777601\\37777777746\\37777777630\\37777777676\\37777777747\\37777777644\\37777777672======================\\012"))), ((const char*)"\\37777777746\\37777777625\\37777777660\\37777777746\\37777777615\\37777777656\\37777777746\\37777777627\\37777777666\\37777777751\\37777777627\\37777777664: "))\x1b[m\x1b[K\xe2\x80\x99 (type \xe2\x80\x98\x1b[01m\x1b[Kstd::basic_ostream<char>\x1b[m\x1b[K\xe2\x80\x99) to type \xe2\x80\x98\x1b[01m\x1b[KQDataStream&\x1b[m\x1b[K\xe2\x80\x99\n'}
[5.609038] (status_display) StderrLine: {'line': b'   18 |         \x1b[01;36m\x1b[Kshow_str << "==================\xe7\xb3\xbb\xe7\xbb\x9f\xe7\x8a\xb6\xe6\x80\x81\xe6\x98\xbe\xe7\xa4\xba======================\\n"\x1b[m\x1b[K\n'}
[5.609164] (status_display) StderrLine: {'line': b'      |         \x1b[01;36m\x1b[K~~~~~~~~~~~~~~~~~~~~~~~~~~~~~~~~~~~~~~~~~~~~~~~~~~~~~~~~~~~~~~~~~~~~\x1b[m\x1b[K\n'}
[5.609281] (status_display) StderrLine: {'line': b'   19 | \x1b[01;36m\x1b[K                 << "\xe6\x95\xb0\xe6\x8d\xae\xe6\x97\xb6\xe9\x97\xb4: "\x1b[m\x1b[K << msg->stamp << " s\\n"\n'}
[5.609396] (status_display) StderrLine: {'line': b'      |                  \x1b[01;36m\x1b[K^~~~~~~~~~~~~~~\x1b[m\x1b[K\n'}
[5.609511] (status_display) StderrLine: {'line': b'In file included from \x1b[01m\x1b[K/usr/include/x86_64-linux-gnu/qt5/QtGui/qregion.h:49\x1b[m\x1b[K,\n'}
[5.609731] (status_display) StderrLine: {'line': b'                 from \x1b[01m\x1b[K/usr/include/x86_64-linux-gnu/qt5/QtGui/qmatrix.h:45\x1b[m\x1b[K,\n'}
[5.609866] (status_display) StderrLine: {'line': b'                 from \x1b[01m\x1b[K/usr/include/x86_64-linux-gnu/qt5/QtGui/qbrush.h:49\x1b[m\x1b[K,\n'}
[5.609986] (status_display) StderrLine: {'line': b'                 from \x1b[01m\x1b[K/usr/include/x86_64-linux-gnu/qt5/QtGui/qpalette.h:46\x1b[m\x1b[K,\n'}
[5.610129] (status_display) StderrLine: {'line': b'                 from \x1b[01m\x1b[K/usr/include/x86_64-linux-gnu/qt5/QtWidgets/qwidget.h:48\x1b[m\x1b[K,\n'}
[5.610257] (status_display) StderrLine: {'line': b'                 from \x1b[01m\x1b[K/usr/include/x86_64-linux-gnu/qt5/QtWidgets/qframe.h:44\x1b[m\x1b[K,\n'}
[5.610374] (status_display) StderrLine: {'line': b'                 from \x1b[01m\x1b[K/usr/include/x86_64-linux-gnu/qt5/QtWidgets/qlabel.h:44\x1b[m\x1b[K,\n'}
[5.610489] (status_display) StderrLine: {'line': b'                 from \x1b[01m\x1b[K/usr/include/x86_64-linux-gnu/qt5/QtWidgets/QLabel:1\x1b[m\x1b[K,\n'}
[5.612393] (status_display) StderrLine: {'line': b'                 from \x1b[01m\x1b[K/home/shenhang/ros_study/chapter3/topic_practice_workspace/src/status_display/src/sys_status_display.cpp:2\x1b[m\x1b[K:\n'}
[5.612719] (status_display) StderrLine: {'line': b'\x1b[01m\x1b[K/usr/include/x86_64-linux-gnu/qt5/QtCore/qdatastream.h:429:21:\x1b[m\x1b[K \x1b[01;36m\x1b[Knote: \x1b[m\x1b[Kcandidate: \xe2\x80\x98\x1b[01m\x1b[Ktemplate<class T> QDataStream& operator<<(QDataStream&, const QList<T>&)\x1b[m\x1b[K\xe2\x80\x99\n'}
[5.612900] (status_display) StderrLine: {'line': b'  429 | inline QDataStream &\x1b[01;36m\x1b[Koperator\x1b[m\x1b[K<<(QDataStream &s, const QList<T> &l)\n'}
[5.613029] (status_display) StderrLine: {'line': b'      |                     \x1b[01;36m\x1b[K^~~~~~~~\x1b[m\x1b[K\n'}
[5.613146] (status_display) StderrLine: {'line': b'\x1b[01m\x1b[K/usr/include/x86_64-linux-gnu/qt5/QtCore/qdatastream.h:429:21:\x1b[m\x1b[K \x1b[01;36m\x1b[Knote: \x1b[m\x1b[K  template argument deduction/substitution failed:\n'}
[5.613265] (status_display) StderrLine: {'line': b'\x1b[01m\x1b[K/home/shenhang/ros_study/chapter3/topic_practice_workspace/src/status_display/src/sys_status_display.cpp:19:42:\x1b[m\x1b[K \x1b[01;36m\x1b[Knote: \x1b[m\x1b[K  \xe2\x80\x98\x1b[01m\x1b[Kstatus_interfaces::msg::SystemStatus_<std::allocator<void> >::_stamp_type\x1b[m\x1b[K\xe2\x80\x99 {aka \xe2\x80\x98\x1b[01m\x1b[Kbuiltin_interfaces::msg::Time_<std::allocator<void> >\x1b[m\x1b[K\xe2\x80\x99} is not derived from \xe2\x80\x98\x1b[01m\x1b[Kconst QList<T>\x1b[m\x1b[K\xe2\x80\x99\n'}
[5.613386] (status_display) StderrLine: {'line': b'   19 |                  << "\xe6\x95\xb0\xe6\x8d\xae\xe6\x97\xb6\xe9\x97\xb4: " << msg->\x1b[01;36m\x1b[Kstamp\x1b[m\x1b[K << " s\\n"\n'}
[5.613502] (status_display) StderrLine: {'line': b'      |                                          \x1b[01;36m\x1b[K^~~~~\x1b[m\x1b[K\n'}
[5.613705] (status_display) StderrLine: {'line': b'In file included from \x1b[01m\x1b[K/usr/include/x86_64-linux-gnu/qt5/QtGui/qregion.h:49\x1b[m\x1b[K,\n'}
[5.613870] (status_display) StderrLine: {'line': b'                 from \x1b[01m\x1b[K/usr/include/x86_64-linux-gnu/qt5/QtGui/qmatrix.h:45\x1b[m\x1b[K,\n'}
[5.613987] (status_display) StderrLine: {'line': b'                 from \x1b[01m\x1b[K/usr/include/x86_64-linux-gnu/qt5/QtGui/qbrush.h:49\x1b[m\x1b[K,\n'}
[5.614139] (status_display) StderrLine: {'line': b'                 from \x1b[01m\x1b[K/usr/include/x86_64-linux-gnu/qt5/QtGui/qpalette.h:46\x1b[m\x1b[K,\n'}
[5.614253] (status_display) StderrLine: {'line': b'                 from \x1b[01m\x1b[K/usr/include/x86_64-linux-gnu/qt5/QtWidgets/qwidget.h:48\x1b[m\x1b[K,\n'}
[5.614366] (status_display) StderrLine: {'line': b'                 from \x1b[01m\x1b[K/usr/include/x86_64-linux-gnu/qt5/QtWidgets/qframe.h:44\x1b[m\x1b[K,\n'}
[5.614479] (status_display) StderrLine: {'line': b'                 from \x1b[01m\x1b[K/usr/include/x86_64-linux-gnu/qt5/QtWidgets/qlabel.h:44\x1b[m\x1b[K,\n'}
[5.615939] (status_display) StderrLine: {'line': b'                 from \x1b[01m\x1b[K/usr/include/x86_64-linux-gnu/qt5/QtWidgets/QLabel:1\x1b[m\x1b[K,\n'}
[5.616174] (status_display) StderrLine: {'line': b'                 from \x1b[01m\x1b[K/home/shenhang/ros_study/chapter3/topic_practice_workspace/src/status_display/src/sys_status_display.cpp:2\x1b[m\x1b[K:\n'}
[5.616301] (status_display) StderrLine: {'line': b'\x1b[01m\x1b[K/usr/include/x86_64-linux-gnu/qt5/QtCore/qdatastream.h:441:21:\x1b[m\x1b[K \x1b[01;36m\x1b[Knote: \x1b[m\x1b[Kcandidate: \xe2\x80\x98\x1b[01m\x1b[Ktemplate<class T> QDataStream& operator<<(QDataStream&, const QVector<T>&)\x1b[m\x1b[K\xe2\x80\x99\n'}
[5.616436] (status_display) StderrLine: {'line': b'  441 | inline QDataStream &\x1b[01;36m\x1b[Koperator\x1b[m\x1b[K<<(QDataStream &s, const QVector<T> &v)\n'}
[5.616564] (status_display) StderrLine: {'line': b'      |                     \x1b[01;36m\x1b[K^~~~~~~~\x1b[m\x1b[K\n'}
[5.616790] (status_display) StderrLine: {'line': b'\x1b[01m\x1b[K/usr/include/x86_64-linux-gnu/qt5/QtCore/qdatastream.h:441:21:\x1b[m\x1b[K \x1b[01;36m\x1b[Knote: \x1b[m\x1b[K  template argument deduction/substitution failed:\n'}
[5.616920] (status_display) StderrLine: {'line': b'\x1b[01m\x1b[K/home/shenhang/ros_study/chapter3/topic_practice_workspace/src/status_display/src/sys_status_display.cpp:19:42:\x1b[m\x1b[K \x1b[01;36m\x1b[Knote: \x1b[m\x1b[K  \xe2\x80\x98\x1b[01m\x1b[Kstatus_interfaces::msg::SystemStatus_<std::allocator<void> >::_stamp_type\x1b[m\x1b[K\xe2\x80\x99 {aka \xe2\x80\x98\x1b[01m\x1b[Kbuiltin_interfaces::msg::Time_<std::allocator<void> >\x1b[m\x1b[K\xe2\x80\x99} is not derived from \xe2\x80\x98\x1b[01m\x1b[Kconst QVector<T>\x1b[m\x1b[K\xe2\x80\x99\n'}
[5.617055] (status_display) StderrLine: {'line': b'   19 |                  << "\xe6\x95\xb0\xe6\x8d\xae\xe6\x97\xb6\xe9\x97\xb4: " << msg->\x1b[01;36m\x1b[Kstamp\x1b[m\x1b[K << " s\\n"\n'}
[5.617179] (status_display) StderrLine: {'line': b'      |                                          \x1b[01;36m\x1b[K^~~~~\x1b[m\x1b[K\n'}
[5.617300] (status_display) StderrLine: {'line': b'In file included from \x1b[01m\x1b[K/usr/include/x86_64-linux-gnu/qt5/QtGui/qregion.h:49\x1b[m\x1b[K,\n'}
[5.617422] (status_display) StderrLine: {'line': b'                 from \x1b[01m\x1b[K/usr/include/x86_64-linux-gnu/qt5/QtGui/qmatrix.h:45\x1b[m\x1b[K,\n'}
[5.617542] (status_display) StderrLine: {'line': b'                 from \x1b[01m\x1b[K/usr/include/x86_64-linux-gnu/qt5/QtGui/qbrush.h:49\x1b[m\x1b[K,\n'}
[5.617757] (status_display) StderrLine: {'line': b'                 from \x1b[01m\x1b[K/usr/include/x86_64-linux-gnu/qt5/QtGui/qpalette.h:46\x1b[m\x1b[K,\n'}
[5.617886] (status_display) StderrLine: {'line': b'                 from \x1b[01m\x1b[K/usr/include/x86_64-linux-gnu/qt5/QtWidgets/qwidget.h:48\x1b[m\x1b[K,\n'}
[5.618008] (status_display) StderrLine: {'line': b'                 from \x1b[01m\x1b[K/usr/include/x86_64-linux-gnu/qt5/QtWidgets/qframe.h:44\x1b[m\x1b[K,\n'}
[5.618141] (status_display) StderrLine: {'line': b'                 from \x1b[01m\x1b[K/usr/include/x86_64-linux-gnu/qt5/QtWidgets/qlabel.h:44\x1b[m\x1b[K,\n'}
[5.618262] (status_display) StderrLine: {'line': b'                 from \x1b[01m\x1b[K/usr/include/x86_64-linux-gnu/qt5/QtWidgets/QLabel:1\x1b[m\x1b[K,\n'}
[5.618349] (status_display) StderrLine: {'line': b'                 from \x1b[01m\x1b[K/home/shenhang/ros_study/chapter3/topic_practice_workspace/src/status_display/src/sys_status_display.cpp:2\x1b[m\x1b[K:\n'}
[5.618435] (status_display) StderrLine: {'line': b'\x1b[01m\x1b[K/usr/include/x86_64-linux-gnu/qt5/QtCore/qdatastream.h:453:21:\x1b[m\x1b[K \x1b[01;36m\x1b[Knote: \x1b[m\x1b[Kcandidate: \xe2\x80\x98\x1b[01m\x1b[Ktemplate<class T> QDataStream& operator<<(QDataStream&, const QSet<T>&)\x1b[m\x1b[K\xe2\x80\x99\n'}
[5.618548] (status_display) StderrLine: {'line': b'  453 | inline QDataStream &\x1b[01;36m\x1b[Koperator\x1b[m\x1b[K<<(QDataStream &s, const QSet<T> &set)\n'}
[5.618789] (status_display) StderrLine: {'line': b'      |                     \x1b[01;36m\x1b[K^~~~~~~~\x1b[m\x1b[K\n'}
[5.618927] (status_display) StderrLine: {'line': b'\x1b[01m\x1b[K/usr/include/x86_64-linux-gnu/qt5/QtCore/qdatastream.h:453:21:\x1b[m\x1b[K \x1b[01;36m\x1b[Knote: \x1b[m\x1b[K  template argument deduction/substitution failed:\n'}
[5.619078] (status_display) StderrLine: {'line': b'\x1b[01m\x1b[K/home/shenhang/ros_study/chapter3/topic_practice_workspace/src/status_display/src/sys_status_display.cpp:19:42:\x1b[m\x1b[K \x1b[01;36m\x1b[Knote: \x1b[m\x1b[K  \xe2\x80\x98\x1b[01m\x1b[Kstatus_interfaces::msg::SystemStatus_<std::allocator<void> >::_stamp_type\x1b[m\x1b[K\xe2\x80\x99 {aka \xe2\x80\x98\x1b[01m\x1b[Kbuiltin_interfaces::msg::Time_<std::allocator<void> >\x1b[m\x1b[K\xe2\x80\x99} is not derived from \xe2\x80\x98\x1b[01m\x1b[Kconst QSet<T>\x1b[m\x1b[K\xe2\x80\x99\n'}
[5.619226] (status_display) StderrLine: {'line': b'   19 |                  << "\xe6\x95\xb0\xe6\x8d\xae\xe6\x97\xb6\xe9\x97\xb4: " << msg->\x1b[01;36m\x1b[Kstamp\x1b[m\x1b[K << " s\\n"\n'}
[5.619414] (status_display) StderrLine: {'line': b'      |                                          \x1b[01;36m\x1b[K^~~~~\x1b[m\x1b[K\n'}
[5.619583] (status_display) StderrLine: {'line': b'In file included from \x1b[01m\x1b[K/usr/include/x86_64-linux-gnu/qt5/QtGui/qregion.h:49\x1b[m\x1b[K,\n'}
[5.621082] (status_display) StderrLine: {'line': b'                 from \x1b[01m\x1b[K/usr/include/x86_64-linux-gnu/qt5/QtGui/qmatrix.h:45\x1b[m\x1b[K,\n'}
[5.621175] (status_display) StderrLine: {'line': b'                 from \x1b[01m\x1b[K/usr/include/x86_64-linux-gnu/qt5/QtGui/qbrush.h:49\x1b[m\x1b[K,\n'}
[5.621271] (status_display) StderrLine: {'line': b'                 from \x1b[01m\x1b[K/usr/include/x86_64-linux-gnu/qt5/QtGui/qpalette.h:46\x1b[m\x1b[K,\n'}
[5.621357] (status_display) StderrLine: {'line': b'                 from \x1b[01m\x1b[K/usr/include/x86_64-linux-gnu/qt5/QtWidgets/qwidget.h:48\x1b[m\x1b[K,\n'}
[5.621448] (status_display) StderrLine: {'line': b'                 from \x1b[01m\x1b[K/usr/include/x86_64-linux-gnu/qt5/QtWidgets/qframe.h:44\x1b[m\x1b[K,\n'}
[5.621534] (status_display) StderrLine: {'line': b'                 from \x1b[01m\x1b[K/usr/include/x86_64-linux-gnu/qt5/QtWidgets/qlabel.h:44\x1b[m\x1b[K,\n'}
[5.621702] (status_display) StderrLine: {'line': b'                 from \x1b[01m\x1b[K/usr/include/x86_64-linux-gnu/qt5/QtWidgets/QLabel:1\x1b[m\x1b[K,\n'}
[5.621871] (status_display) StderrLine: {'line': b'                 from \x1b[01m\x1b[K/home/shenhang/ros_study/chapter3/topic_practice_workspace/src/status_display/src/sys_status_display.cpp:2\x1b[m\x1b[K:\n'}
[5.623127] (status_display) StderrLine: {'line': b'\x1b[01m\x1b[K/usr/include/x86_64-linux-gnu/qt5/QtCore/qdatastream.h:465:21:\x1b[m\x1b[K \x1b[01;36m\x1b[Knote: \x1b[m\x1b[Kcandidate: \xe2\x80\x98\x1b[01m\x1b[Ktemplate<class Key, class T> QDataStream& operator<<(QDataStream&, const QHash<K, V>&)\x1b[m\x1b[K\xe2\x80\x99\n'}
[5.623241] (status_display) StderrLine: {'line': b'  465 | inline QDataStream &\x1b[01;36m\x1b[Koperator\x1b[m\x1b[K<<(QDataStream &s, const QHash<Key, T> &hash)\n'}
[5.623331] (status_display) StderrLine: {'line': b'      |                     \x1b[01;36m\x1b[K^~~~~~~~\x1b[m\x1b[K\n'}
[5.623423] (status_display) StderrLine: {'line': b'\x1b[01m\x1b[K/usr/include/x86_64-linux-gnu/qt5/QtCore/qdatastream.h:465:21:\x1b[m\x1b[K \x1b[01;36m\x1b[Knote: \x1b[m\x1b[K  template argument deduction/substitution failed:\n'}
[5.623531] (status_display) StderrLine: {'line': b'\x1b[01m\x1b[K/home/shenhang/ros_study/chapter3/topic_practice_workspace/src/status_display/src/sys_status_display.cpp:19:42:\x1b[m\x1b[K \x1b[01;36m\x1b[Knote: \x1b[m\x1b[K  \xe2\x80\x98\x1b[01m\x1b[Kstatus_interfaces::msg::SystemStatus_<std::allocator<void> >::_stamp_type\x1b[m\x1b[K\xe2\x80\x99 {aka \xe2\x80\x98\x1b[01m\x1b[Kbuiltin_interfaces::msg::Time_<std::allocator<void> >\x1b[m\x1b[K\xe2\x80\x99} is not derived from \xe2\x80\x98\x1b[01m\x1b[Kconst QHash<K, V>\x1b[m\x1b[K\xe2\x80\x99\n'}
[5.623716] (status_display) StderrLine: {'line': b'   19 |                  << "\xe6\x95\xb0\xe6\x8d\xae\xe6\x97\xb6\xe9\x97\xb4: " << msg->\x1b[01;36m\x1b[Kstamp\x1b[m\x1b[K << " s\\n"\n'}
[5.623808] (status_display) StderrLine: {'line': b'      |                                          \x1b[01;36m\x1b[K^~~~~\x1b[m\x1b[K\n'}
[5.623893] (status_display) StderrLine: {'line': b'In file included from \x1b[01m\x1b[K/usr/include/x86_64-linux-gnu/qt5/QtGui/qregion.h:49\x1b[m\x1b[K,\n'}
[5.624000] (status_display) StderrLine: {'line': b'                 from \x1b[01m\x1b[K/usr/include/x86_64-linux-gnu/qt5/QtGui/qmatrix.h:45\x1b[m\x1b[K,\n'}
[5.624148] (status_display) StderrLine: {'line': b'                 from \x1b[01m\x1b[K/usr/include/x86_64-linux-gnu/qt5/QtGui/qbrush.h:49\x1b[m\x1b[K,\n'}
[5.624278] (status_display) StderrLine: {'line': b'                 from \x1b[01m\x1b[K/usr/include/x86_64-linux-gnu/qt5/QtGui/qpalette.h:46\x1b[m\x1b[K,\n'}
[5.624406] (status_display) StderrLine: {'line': b'                 from \x1b[01m\x1b[K/usr/include/x86_64-linux-gnu/qt5/QtWidgets/qwidget.h:48\x1b[m\x1b[K,\n'}
[5.624572] (status_display) StderrLine: {'line': b'                 from \x1b[01m\x1b[K/usr/include/x86_64-linux-gnu/qt5/QtWidgets/qframe.h:44\x1b[m\x1b[K,\n'}
[5.624799] (status_display) StderrLine: {'line': b'                 from \x1b[01m\x1b[K/usr/include/x86_64-linux-gnu/qt5/QtWidgets/qlabel.h:44\x1b[m\x1b[K,\n'}
[5.624933] (status_display) StderrLine: {'line': b'                 from \x1b[01m\x1b[K/usr/include/x86_64-linux-gnu/qt5/QtWidgets/QLabel:1\x1b[m\x1b[K,\n'}
[5.625056] (status_display) StderrLine: {'line': b'                 from \x1b[01m\x1b[K/home/shenhang/ros_study/chapter3/topic_practice_workspace/src/status_display/src/sys_status_display.cpp:2\x1b[m\x1b[K:\n'}
[5.625180] (status_display) StderrLine: {'line': b'\x1b[01m\x1b[K/usr/include/x86_64-linux-gnu/qt5/QtCore/qdatastream.h:477:21:\x1b[m\x1b[K \x1b[01;36m\x1b[Knote: \x1b[m\x1b[Kcandidate: \xe2\x80\x98\x1b[01m\x1b[Ktemplate<class Key, class T> QDataStream& operator<<(QDataStream&, const QMap<K, V>&)\x1b[m\x1b[K\xe2\x80\x99\n'}
[5.625306] (status_display) StderrLine: {'line': b'  477 | inline QDataStream &\x1b[01;36m\x1b[Koperator\x1b[m\x1b[K<<(QDataStream &s, const QMap<Key, T> &map)\n'}
[5.625429] (status_display) StderrLine: {'line': b'      |                     \x1b[01;36m\x1b[K^~~~~~~~\x1b[m\x1b[K\n'}
[5.625842] (status_display) StderrLine: {'line': b'\x1b[01m\x1b[K/usr/include/x86_64-linux-gnu/qt5/QtCore/qdatastream.h:477:21:\x1b[m\x1b[K \x1b[01;36m\x1b[Knote: \x1b[m\x1b[K  template argument deduction/substitution failed:\n'}
[5.625980] (status_display) StderrLine: {'line': b'\x1b[01m\x1b[K/home/shenhang/ros_study/chapter3/topic_practice_workspace/src/status_display/src/sys_status_display.cpp:19:42:\x1b[m\x1b[K \x1b[01;36m\x1b[Knote: \x1b[m\x1b[K  \xe2\x80\x98\x1b[01m\x1b[Kstatus_interfaces::msg::SystemStatus_<std::allocator<void> >::_stamp_type\x1b[m\x1b[K\xe2\x80\x99 {aka \xe2\x80\x98\x1b[01m\x1b[Kbuiltin_interfaces::msg::Time_<std::allocator<void> >\x1b[m\x1b[K\xe2\x80\x99} is not derived from \xe2\x80\x98\x1b[01m\x1b[Kconst QMap<K, V>\x1b[m\x1b[K\xe2\x80\x99\n'}
[5.626115] (status_display) StderrLine: {'line': b'   19 |                  << "\xe6\x95\xb0\xe6\x8d\xae\xe6\x97\xb6\xe9\x97\xb4: " << msg->\x1b[01;36m\x1b[Kstamp\x1b[m\x1b[K << " s\\n"\n'}
[5.626254] (status_display) StderrLine: {'line': b'      |                                          \x1b[01;36m\x1b[K^~~~~\x1b[m\x1b[K\n'}
[5.626372] (status_display) StderrLine: {'line': b'In file included from \x1b[01m\x1b[K/usr/include/x86_64-linux-gnu/qt5/QtGui/qregion.h:49\x1b[m\x1b[K,\n'}
[5.626516] (status_display) StderrLine: {'line': b'                 from \x1b[01m\x1b[K/usr/include/x86_64-linux-gnu/qt5/QtGui/qmatrix.h:45\x1b[m\x1b[K,\n'}
[5.629754] (status_display) StderrLine: {'line': b'                 from \x1b[01m\x1b[K/usr/include/x86_64-linux-gnu/qt5/QtGui/qbrush.h:49\x1b[m\x1b[K,\n'}
[5.629863] (status_display) StderrLine: {'line': b'                 from \x1b[01m\x1b[K/usr/include/x86_64-linux-gnu/qt5/QtGui/qpalette.h:46\x1b[m\x1b[K,\n'}
[5.629951] (status_display) StderrLine: {'line': b'                 from \x1b[01m\x1b[K/usr/include/x86_64-linux-gnu/qt5/QtWidgets/qwidget.h:48\x1b[m\x1b[K,\n'}
[5.630062] (status_display) StderrLine: {'line': b'                 from \x1b[01m\x1b[K/usr/include/x86_64-linux-gnu/qt5/QtWidgets/qframe.h:44\x1b[m\x1b[K,\n'}
[5.630227] (status_display) StderrLine: {'line': b'                 from \x1b[01m\x1b[K/usr/include/x86_64-linux-gnu/qt5/QtWidgets/qlabel.h:44\x1b[m\x1b[K,\n'}
[5.630381] (status_display) StderrLine: {'line': b'                 from \x1b[01m\x1b[K/usr/include/x86_64-linux-gnu/qt5/QtWidgets/QLabel:1\x1b[m\x1b[K,\n'}
[5.630521] (status_display) StderrLine: {'line': b'                 from \x1b[01m\x1b[K/home/shenhang/ros_study/chapter3/topic_practice_workspace/src/status_display/src/sys_status_display.cpp:2\x1b[m\x1b[K:\n'}
[5.630712] (status_display) StderrLine: {'line': b'\x1b[01m\x1b[K/usr/include/x86_64-linux-gnu/qt5/QtCore/qdatastream.h:491:21:\x1b[m\x1b[K \x1b[01;36m\x1b[Knote: \x1b[m\x1b[Kcandidate: \xe2\x80\x98\x1b[01m\x1b[Ktemplate<class T1, class T2> QDataStream& operator<<(QDataStream&, const QPair<T1, T2>&)\x1b[m\x1b[K\xe2\x80\x99\n'}
[5.630810] (status_display) StderrLine: {'line': b'  491 | inline QDataStream& \x1b[01;36m\x1b[Koperator\x1b[m\x1b[K<<(QDataStream& s, const QPair<T1, T2>& p)\n'}
[5.630899] (status_display) StderrLine: {'line': b'      |                     \x1b[01;36m\x1b[K^~~~~~~~\x1b[m\x1b[K\n'}
[5.631020] (status_display) StderrLine: {'line': b'\x1b[01m\x1b[K/usr/include/x86_64-linux-gnu/qt5/QtCore/qdatastream.h:491:21:\x1b[m\x1b[K \x1b[01;36m\x1b[Knote: \x1b[m\x1b[K  template argument deduction/substitution failed:\n'}
[5.631121] (status_display) StderrLine: {'line': b'\x1b[01m\x1b[K/home/shenhang/ros_study/chapter3/topic_practice_workspace/src/status_display/src/sys_status_display.cpp:19:42:\x1b[m\x1b[K \x1b[01;36m\x1b[Knote: \x1b[m\x1b[K  \xe2\x80\x98\x1b[01m\x1b[Kstatus_interfaces::msg::SystemStatus_<std::allocator<void> >::_stamp_type\x1b[m\x1b[K\xe2\x80\x99 {aka \xe2\x80\x98\x1b[01m\x1b[Kbuiltin_interfaces::msg::Time_<std::allocator<void> >\x1b[m\x1b[K\xe2\x80\x99} is not derived from \xe2\x80\x98\x1b[01m\x1b[Kconst QPair<T1, T2>\x1b[m\x1b[K\xe2\x80\x99\n'}
[5.631255] (status_display) StderrLine: {'line': b'   19 |                  << "\xe6\x95\xb0\xe6\x8d\xae\xe6\x97\xb6\xe9\x97\xb4: " << msg->\x1b[01;36m\x1b[Kstamp\x1b[m\x1b[K << " s\\n"\n'}
[5.631374] (status_display) StderrLine: {'line': b'      |                                          \x1b[01;36m\x1b[K^~~~~\x1b[m\x1b[K\n'}
[5.631463] (status_display) StderrLine: {'line': b'In file included from \x1b[01m\x1b[K/usr/include/x86_64-linux-gnu/qt5/QtCore/qglobal.h:46\x1b[m\x1b[K,\n'}
[5.631661] (status_display) StderrLine: {'line': b'                 from \x1b[01m\x1b[K/usr/include/x86_64-linux-gnu/qt5/QtGui/qtguiglobal.h:43\x1b[m\x1b[K,\n'}
[5.631800] (status_display) StderrLine: {'line': b'                 from \x1b[01m\x1b[K/usr/include/x86_64-linux-gnu/qt5/QtWidgets/qtwidgetsglobal.h:43\x1b[m\x1b[K,\n'}
[5.631916] (status_display) StderrLine: {'line': b'                 from \x1b[01m\x1b[K/usr/include/x86_64-linux-gnu/qt5/QtWidgets/qapplication.h:43\x1b[m\x1b[K,\n'}
[5.632036] (status_display) StderrLine: {'line': b'                 from \x1b[01m\x1b[K/usr/include/x86_64-linux-gnu/qt5/QtWidgets/QApplication:1\x1b[m\x1b[K,\n'}
[5.632212] (status_display) StderrLine: {'line': b'                 from \x1b[01m\x1b[K/home/shenhang/ros_study/chapter3/topic_practice_workspace/src/status_display/src/sys_status_display.cpp:1\x1b[m\x1b[K:\n'}
[5.632368] (status_display) StderrLine: {'line': b'\x1b[01m\x1b[K/usr/include/c++/11/cstddef:126:5:\x1b[m\x1b[K \x1b[01;36m\x1b[Knote: \x1b[m\x1b[Kcandidate: \xe2\x80\x98\x1b[01m\x1b[Ktemplate<class _IntegerType> constexpr std::__byte_op_t<_IntegerType> std::operator<<(std::byte, _IntegerType)\x1b[m\x1b[K\xe2\x80\x99\n'}
[5.632467] (status_display) StderrLine: {'line': b'  126 |     \x1b[01;36m\x1b[Koperator\x1b[m\x1b[K<<(byte __b, _IntegerType __shift) noexcept\n'}
[5.632553] (status_display) StderrLine: {'line': b'      |     \x1b[01;36m\x1b[K^~~~~~~~\x1b[m\x1b[K\n'}
[5.632726] (status_display) StderrLine: {'line': b'\x1b[01m\x1b[K/usr/include/c++/11/cstddef:126:5:\x1b[m\x1b[K \x1b[01;36m\x1b[Knote: \x1b[m\x1b[K  template argument deduction/substitution failed:\n'}
[5.632819] (status_display) StderrLine: {'line': b'\x1b[01m\x1b[K/home/shenhang/ros_study/chapter3/topic_practice_workspace/src/status_display/src/sys_status_display.cpp:19:18:\x1b[m\x1b[K \x1b[01;36m\x1b[Knote: \x1b[m\x1b[K  cannot convert \xe2\x80\x98\x1b[01m\x1b[Kstd::operator<< <std::char_traits<char> >((* & std::operator<< <std::char_traits<char> >(show_str.std::__cxx11::basic_stringstream<char>::<anonymous>.std::basic_iostream<char>::<anonymous>, ((const char*)"==================\\37777777747\\37777777663\\37777777673\\37777777747\\37777777673\\37777777637\\37777777747\\37777777612\\37777777666\\37777777746\\37777777600\\37777777601\\37777777746\\37777777630\\37777777676\\37777777747\\37777777644\\37777777672======================\\012"))), ((const char*)"\\37777777746\\37777777625\\37777777660\\37777777746\\37777777615\\37777777656\\37777777746\\37777777627\\37777777666\\37777777751\\37777777627\\37777777664: "))\x1b[m\x1b[K\xe2\x80\x99 (type \xe2\x80\x98\x1b[01m\x1b[Kstd::basic_ostream<char>\x1b[m\x1b[K\xe2\x80\x99) to type \xe2\x80\x98\x1b[01m\x1b[Kstd::byte\x1b[m\x1b[K\xe2\x80\x99\n'}
[5.632944] (status_display) StderrLine: {'line': b'   18 |         \x1b[01;36m\x1b[Kshow_str << "==================\xe7\xb3\xbb\xe7\xbb\x9f\xe7\x8a\xb6\xe6\x80\x81\xe6\x98\xbe\xe7\xa4\xba======================\\n"\x1b[m\x1b[K\n'}
[5.633086] (status_display) StderrLine: {'line': b'      |         \x1b[01;36m\x1b[K~~~~~~~~~~~~~~~~~~~~~~~~~~~~~~~~~~~~~~~~~~~~~~~~~~~~~~~~~~~~~~~~~~~~\x1b[m\x1b[K\n'}
[5.633215] (status_display) StderrLine: {'line': b'   19 | \x1b[01;36m\x1b[K                 << "\xe6\x95\xb0\xe6\x8d\xae\xe6\x97\xb6\xe9\x97\xb4: "\x1b[m\x1b[K << msg->stamp << " s\\n"\n'}
[5.633371] (status_display) StderrLine: {'line': b'      |                  \x1b[01;36m\x1b[K^~~~~~~~~~~~~~~\x1b[m\x1b[K\n'}
[5.633464] (status_display) StderrLine: {'line': b'In file included from \x1b[01m\x1b[K/usr/include/c++/11/bits/basic_string.h:48\x1b[m\x1b[K,\n'}
[5.633549] (status_display) StderrLine: {'line': b'                 from \x1b[01m\x1b[K/usr/include/c++/11/string:55\x1b[m\x1b[K,\n'}
[5.633707] (status_display) StderrLine: {'line': b'                 from \x1b[01m\x1b[K/usr/include/x86_64-linux-gnu/qt5/QtCore/qbytearray.h:52\x1b[m\x1b[K,\n'}
[5.633797] (status_display) StderrLine: {'line': b'                 from \x1b[01m\x1b[K/usr/include/x86_64-linux-gnu/qt5/QtCore/qstring.h:50\x1b[m\x1b[K,\n'}
[5.633889] (status_display) StderrLine: {'line': b'                 from \x1b[01m\x1b[K/usr/include/x86_64-linux-gnu/qt5/QtCore/qcoreapplication.h:44\x1b[m\x1b[K,\n'}
[5.633974] (status_display) StderrLine: {'line': b'                 from \x1b[01m\x1b[K/usr/include/x86_64-linux-gnu/qt5/QtWidgets/qapplication.h:44\x1b[m\x1b[K,\n'}
[5.634063] (status_display) StderrLine: {'line': b'                 from \x1b[01m\x1b[K/usr/include/x86_64-linux-gnu/qt5/QtWidgets/QApplication:1\x1b[m\x1b[K,\n'}
[5.634147] (status_display) StderrLine: {'line': b'                 from \x1b[01m\x1b[K/home/shenhang/ros_study/chapter3/topic_practice_workspace/src/status_display/src/sys_status_display.cpp:1\x1b[m\x1b[K:\n'}
[5.634233] (status_display) StderrLine: {'line': b'\x1b[01m\x1b[K/usr/include/c++/11/string_view:667:5:\x1b[m\x1b[K \x1b[01;36m\x1b[Knote: \x1b[m\x1b[Kcandidate: \xe2\x80\x98\x1b[01m\x1b[Ktemplate<class _CharT, class _Traits> std::basic_ostream<_CharT, _Traits>& std::operator<<(std::basic_ostream<_CharT, _Traits>&, std::basic_string_view<_CharT, _Traits>)\x1b[m\x1b[K\xe2\x80\x99\n'}
[5.634353] (status_display) StderrLine: {'line': b'  667 |     \x1b[01;36m\x1b[Koperator\x1b[m\x1b[K<<(basic_ostream<_CharT, _Traits>& __os,\n'}
[5.634440] (status_display) StderrLine: {'line': b'      |     \x1b[01;36m\x1b[K^~~~~~~~\x1b[m\x1b[K\n'}
[5.634524] (status_display) StderrLine: {'line': b'\x1b[01m\x1b[K/usr/include/c++/11/string_view:667:5:\x1b[m\x1b[K \x1b[01;36m\x1b[Knote: \x1b[m\x1b[K  template argument deduction/substitution failed:\n'}
[5.634612] (status_display) StderrLine: {'line': b'\x1b[01m\x1b[K/home/shenhang/ros_study/chapter3/topic_practice_workspace/src/status_display/src/sys_status_display.cpp:19:42:\x1b[m\x1b[K \x1b[01;36m\x1b[Knote: \x1b[m\x1b[K  \xe2\x80\x98\x1b[01m\x1b[Kbuiltin_interfaces::msg::Time_<std::allocator<void> >\x1b[m\x1b[K\xe2\x80\x99 is not derived from \xe2\x80\x98\x1b[01m\x1b[Kstd::basic_string_view<_CharT, _Traits>\x1b[m\x1b[K\xe2\x80\x99\n'}
[5.638337] (status_display) StderrLine: {'line': b'   19 |                  << "\xe6\x95\xb0\xe6\x8d\xae\xe6\x97\xb6\xe9\x97\xb4: " << msg->\x1b[01;36m\x1b[Kstamp\x1b[m\x1b[K << " s\\n"\n'}
[5.638499] (status_display) StderrLine: {'line': b'      |                                          \x1b[01;36m\x1b[K^~~~~\x1b[m\x1b[K\n'}
[5.638647] (status_display) StderrLine: {'line': b'In file included from \x1b[01m\x1b[K/usr/include/c++/11/string:55\x1b[m\x1b[K,\n'}
[5.638762] (status_display) StderrLine: {'line': b'                 from \x1b[01m\x1b[K/usr/include/x86_64-linux-gnu/qt5/QtCore/qbytearray.h:52\x1b[m\x1b[K,\n'}
[5.638850] (status_display) StderrLine: {'line': b'                 from \x1b[01m\x1b[K/usr/include/x86_64-linux-gnu/qt5/QtCore/qstring.h:50\x1b[m\x1b[K,\n'}
[5.638936] (status_display) StderrLine: {'line': b'                 from \x1b[01m\x1b[K/usr/include/x86_64-linux-gnu/qt5/QtCore/qcoreapplication.h:44\x1b[m\x1b[K,\n'}
[5.639025] (status_display) StderrLine: {'line': b'                 from \x1b[01m\x1b[K/usr/include/x86_64-linux-gnu/qt5/QtWidgets/qapplication.h:44\x1b[m\x1b[K,\n'}
[5.639110] (status_display) StderrLine: {'line': b'                 from \x1b[01m\x1b[K/usr/include/x86_64-linux-gnu/qt5/QtWidgets/QApplication:1\x1b[m\x1b[K,\n'}
[5.639226] (status_display) StderrLine: {'line': b'                 from \x1b[01m\x1b[K/home/shenhang/ros_study/chapter3/topic_practice_workspace/src/status_display/src/sys_status_display.cpp:1\x1b[m\x1b[K:\n'}
[5.639317] (status_display) StderrLine: {'line': b'\x1b[01m\x1b[K/usr/include/c++/11/bits/basic_string.h:6531:5:\x1b[m\x1b[K \x1b[01;36m\x1b[Knote: \x1b[m\x1b[Kcandidate: \xe2\x80\x98\x1b[01m\x1b[Ktemplate<class _CharT, class _Traits, class _Alloc> std::basic_ostream<_CharT, _Traits>& std::operator<<(std::basic_ostream<_CharT, _Traits>&, const std::__cxx11::basic_string<_CharT, _Traits, _Allocator>&)\x1b[m\x1b[K\xe2\x80\x99\n'}
[5.639408] (status_display) StderrLine: {'line': b' 6531 |     \x1b[01;36m\x1b[Koperator\x1b[m\x1b[K<<(basic_ostream<_CharT, _Traits>& __os,\n'}
[5.639494] (status_display) StderrLine: {'line': b'      |     \x1b[01;36m\x1b[K^~~~~~~~\x1b[m\x1b[K\n'}
[5.639578] (status_display) StderrLine: {'line': b'\x1b[01m\x1b[K/usr/include/c++/11/bits/basic_string.h:6531:5:\x1b[m\x1b[K \x1b[01;36m\x1b[Knote: \x1b[m\x1b[K  template argument deduction/substitution failed:\n'}
[5.639745] (status_display) StderrLine: {'line': b'\x1b[01m\x1b[K/home/shenhang/ros_study/chapter3/topic_practice_workspace/src/status_display/src/sys_status_display.cpp:19:42:\x1b[m\x1b[K \x1b[01;36m\x1b[Knote: \x1b[m\x1b[K  \xe2\x80\x98\x1b[01m\x1b[Kstatus_interfaces::msg::SystemStatus_<std::allocator<void> >::_stamp_type\x1b[m\x1b[K\xe2\x80\x99 {aka \xe2\x80\x98\x1b[01m\x1b[Kbuiltin_interfaces::msg::Time_<std::allocator<void> >\x1b[m\x1b[K\xe2\x80\x99} is not derived from \xe2\x80\x98\x1b[01m\x1b[Kconst std::__cxx11::basic_string<_CharT, _Traits, _Allocator>\x1b[m\x1b[K\xe2\x80\x99\n'}
[5.639846] (status_display) StderrLine: {'line': b'   19 |                  << "\xe6\x95\xb0\xe6\x8d\xae\xe6\x97\xb6\xe9\x97\xb4: " << msg->\x1b[01;36m\x1b[Kstamp\x1b[m\x1b[K << " s\\n"\n'}
[5.639932] (status_display) StderrLine: {'line': b'      |                                          \x1b[01;36m\x1b[K^~~~~\x1b[m\x1b[K\n'}
[5.640023] (status_display) StderrLine: {'line': b'In file included from \x1b[01m\x1b[K/usr/include/c++/11/bits/ios_base.h:46\x1b[m\x1b[K,\n'}
[5.640128] (status_display) StderrLine: {'line': b'                 from \x1b[01m\x1b[K/usr/include/c++/11/streambuf:41\x1b[m\x1b[K,\n'}
[5.640223] (status_display) StderrLine: {'line': b'                 from \x1b[01m\x1b[K/usr/include/c++/11/bits/streambuf_iterator.h:35\x1b[m\x1b[K,\n'}
[5.640308] (status_display) StderrLine: {'line': b'                 from \x1b[01m\x1b[K/usr/include/c++/11/iterator:66\x1b[m\x1b[K,\n'}
[5.640392] (status_display) StderrLine: {'line': b'                 from \x1b[01m\x1b[K/usr/include/x86_64-linux-gnu/qt5/QtCore/qbytearray.h:53\x1b[m\x1b[K,\n'}
[5.640477] (status_display) StderrLine: {'line': b'                 from \x1b[01m\x1b[K/usr/include/x86_64-linux-gnu/qt5/QtCore/qstring.h:50\x1b[m\x1b[K,\n'}
[5.640576] (status_display) StderrLine: {'line': b'                 from \x1b[01m\x1b[K/usr/include/x86_64-linux-gnu/qt5/QtCore/qcoreapplication.h:44\x1b[m\x1b[K,\n'}
[5.640731] (status_display) StderrLine: {'line': b'                 from \x1b[01m\x1b[K/usr/include/x86_64-linux-gnu/qt5/QtWidgets/qapplication.h:44\x1b[m\x1b[K,\n'}
[5.640817] (status_display) StderrLine: {'line': b'                 from \x1b[01m\x1b[K/usr/include/x86_64-linux-gnu/qt5/QtWidgets/QApplication:1\x1b[m\x1b[K,\n'}
[5.640909] (status_display) StderrLine: {'line': b'                 from \x1b[01m\x1b[K/home/shenhang/ros_study/chapter3/topic_practice_workspace/src/status_display/src/sys_status_display.cpp:1\x1b[m\x1b[K:\n'}
[5.641034] (status_display) StderrLine: {'line': b'\x1b[01m\x1b[K/usr/include/c++/11/system_error:279:5:\x1b[m\x1b[K \x1b[01;36m\x1b[Knote: \x1b[m\x1b[Kcandidate: \xe2\x80\x98\x1b[01m\x1b[Ktemplate<class _CharT, class _Traits> std::basic_ostream<_CharT, _Traits>& std::operator<<(std::basic_ostream<_CharT, _Traits>&, const std::error_code&)\x1b[m\x1b[K\xe2\x80\x99\n'}
[5.641158] (status_display) StderrLine: {'line': b'  279 |     \x1b[01;36m\x1b[Koperator\x1b[m\x1b[K<<(basic_ostream<_CharT, _Traits>& __os, const error_code& __e)\n'}
[5.641249] (status_display) StderrLine: {'line': b'      |     \x1b[01;36m\x1b[K^~~~~~~~\x1b[m\x1b[K\n'}
[5.641334] (status_display) StderrLine: {'line': b'\x1b[01m\x1b[K/usr/include/c++/11/system_error:279:5:\x1b[m\x1b[K \x1b[01;36m\x1b[Knote: \x1b[m\x1b[K  template argument deduction/substitution failed:\n'}
[5.641420] (status_display) StderrLine: {'line': b'\x1b[01m\x1b[K/home/shenhang/ros_study/chapter3/topic_practice_workspace/src/status_display/src/sys_status_display.cpp:19:42:\x1b[m\x1b[K \x1b[01;36m\x1b[Knote: \x1b[m\x1b[K  cannot convert \xe2\x80\x98\x1b[01m\x1b[K((const std::__shared_ptr_access<status_interfaces::msg::SystemStatus_<std::allocator<void> >, __gnu_cxx::_S_atomic, false, false>*)(& msg))->std::__shared_ptr_access<status_interfaces::msg::SystemStatus_<std::allocator<void> >, __gnu_cxx::_S_atomic, false, false>::operator->()->status_interfaces::msg::SystemStatus_<std::allocator<void> >::stamp\x1b[m\x1b[K\xe2\x80\x99 (type \xe2\x80\x98\x1b[01m\x1b[Kstatus_interfaces::msg::SystemStatus_<std::allocator<void> >::_stamp_type\x1b[m\x1b[K\xe2\x80\x99 {aka \xe2\x80\x98\x1b[01m\x1b[Kbuiltin_interfaces::msg::Time_<std::allocator<void> >\x1b[m\x1b[K\xe2\x80\x99}) to type \xe2\x80\x98\x1b[01m\x1b[Kconst std::error_code&\x1b[m\x1b[K\xe2\x80\x99\n'}
[5.641522] (status_display) StderrLine: {'line': b'   19 |                  << "\xe6\x95\xb0\xe6\x8d\xae\xe6\x97\xb6\xe9\x97\xb4: " << \x1b[01;36m\x1b[Kmsg->stamp\x1b[m\x1b[K << " s\\n"\n'}
[5.641682] (status_display) StderrLine: {'line': b'      |                                     \x1b[01;36m\x1b[K~~~~~^~~~~\x1b[m\x1b[K\n'}
[5.641774] (status_display) StderrLine: {'line': b'In file included from \x1b[01m\x1b[K/usr/include/c++/11/memory:77\x1b[m\x1b[K,\n'}
[5.641859] (status_display) StderrLine: {'line': b'                 from \x1b[01m\x1b[K/usr/include/x86_64-linux-gnu/qt5/QtCore/qsharedpointer_impl.h:71\x1b[m\x1b[K,\n'}
[5.641943] (status_display) StderrLine: {'line': b'                 from \x1b[01m\x1b[K/usr/include/x86_64-linux-gnu/qt5/QtCore/qsharedpointer.h:48\x1b[m\x1b[K,\n'}
[5.642027] (status_display) StderrLine: {'line': b'                 from \x1b[01m\x1b[K/usr/include/x86_64-linux-gnu/qt5/QtGui/qpixmap.h:48\x1b[m\x1b[K,\n'}
[5.642135] (status_display) StderrLine: {'line': b'                 from \x1b[01m\x1b[K/usr/include/x86_64-linux-gnu/qt5/QtGui/qbrush.h:52\x1b[m\x1b[K,\n'}
[5.642221] (status_display) StderrLine: {'line': b'                 from \x1b[01m\x1b[K/usr/include/x86_64-linux-gnu/qt5/QtGui/qpalette.h:46\x1b[m\x1b[K,\n'}
[5.642306] (status_display) StderrLine: {'line': b'                 from \x1b[01m\x1b[K/usr/include/x86_64-linux-gnu/qt5/QtWidgets/qwidget.h:48\x1b[m\x1b[K,\n'}
[5.642389] (status_display) StderrLine: {'line': b'                 from \x1b[01m\x1b[K/usr/include/x86_64-linux-gnu/qt5/QtWidgets/qframe.h:44\x1b[m\x1b[K,\n'}
[5.642479] (status_display) StderrLine: {'line': b'                 from \x1b[01m\x1b[K/usr/include/x86_64-linux-gnu/qt5/QtWidgets/qlabel.h:44\x1b[m\x1b[K,\n'}
[5.642562] (status_display) StderrLine: {'line': b'                 from \x1b[01m\x1b[K/usr/include/x86_64-linux-gnu/qt5/QtWidgets/QLabel:1\x1b[m\x1b[K,\n'}
[5.642709] (status_display) StderrLine: {'line': b'                 from \x1b[01m\x1b[K/home/shenhang/ros_study/chapter3/topic_practice_workspace/src/status_display/src/sys_status_display.cpp:2\x1b[m\x1b[K:\n'}
[5.642802] (status_display) StderrLine: {'line': b'\x1b[01m\x1b[K/usr/include/c++/11/bits/shared_ptr.h:70:5:\x1b[m\x1b[K \x1b[01;36m\x1b[Knote: \x1b[m\x1b[Kcandidate: \xe2\x80\x98\x1b[01m\x1b[Ktemplate<class _Ch, class _Tr, class _Tp, __gnu_cxx::_Lock_policy _Lp> std::basic_ostream<_CharT, _Traits>& std::operator<<(std::basic_ostream<_CharT, _Traits>&, const std::__shared_ptr<_Tp, _Lp>&)\x1b[m\x1b[K\xe2\x80\x99\n'}
[5.642890] (status_display) StderrLine: {'line': b'   70 |     \x1b[01;36m\x1b[Koperator\x1b[m\x1b[K<<(std::basic_ostream<_Ch, _Tr>& __os,\n'}
[5.642974] (status_display) StderrLine: {'line': b'      |     \x1b[01;36m\x1b[K^~~~~~~~\x1b[m\x1b[K\n'}
[5.643082] (status_display) StderrLine: {'line': b'\x1b[01m\x1b[K/usr/include/c++/11/bits/shared_ptr.h:70:5:\x1b[m\x1b[K \x1b[01;36m\x1b[Knote: \x1b[m\x1b[K  template argument deduction/substitution failed:\n'}
[5.643172] (status_display) StderrLine: {'line': b'\x1b[01m\x1b[K/home/shenhang/ros_study/chapter3/topic_practice_workspace/src/status_display/src/sys_status_display.cpp:19:42:\x1b[m\x1b[K \x1b[01;36m\x1b[Knote: \x1b[m\x1b[K  \xe2\x80\x98\x1b[01m\x1b[Kstatus_interfaces::msg::SystemStatus_<std::allocator<void> >::_stamp_type\x1b[m\x1b[K\xe2\x80\x99 {aka \xe2\x80\x98\x1b[01m\x1b[Kbuiltin_interfaces::msg::Time_<std::allocator<void> >\x1b[m\x1b[K\xe2\x80\x99} is not derived from \xe2\x80\x98\x1b[01m\x1b[Kconst std::__shared_ptr<_Tp, _Lp>\x1b[m\x1b[K\xe2\x80\x99\n'}
[5.643260] (status_display) StderrLine: {'line': b'   19 |                  << "\xe6\x95\xb0\xe6\x8d\xae\xe6\x97\xb6\xe9\x97\xb4: " << msg->\x1b[01;36m\x1b[Kstamp\x1b[m\x1b[K << " s\\n"\n'}
[5.643343] (status_display) StderrLine: {'line': b'      |                                          \x1b[01;36m\x1b[K^~~~~\x1b[m\x1b[K\n'}
[5.643427] (status_display) StderrLine: {'line': b'In file included from \x1b[01m\x1b[K/opt/ros/humble/include/rclcpp/rclcpp/executors/multi_threaded_executor.hpp:22\x1b[m\x1b[K,\n'}
[5.643510] (status_display) StderrLine: {'line': b'                 from \x1b[01m\x1b[K/opt/ros/humble/include/rclcpp/rclcpp/executors.hpp:21\x1b[m\x1b[K,\n'}
[5.643596] (status_display) StderrLine: {'line': b'                 from \x1b[01m\x1b[K/opt/ros/humble/include/rclcpp/rclcpp/rclcpp.hpp:155\x1b[m\x1b[K,\n'}
[5.643743] (status_display) StderrLine: {'line': b'                 from \x1b[01m\x1b[K/home/shenhang/ros_study/chapter3/topic_practice_workspace/src/status_display/src/sys_status_display.cpp:4\x1b[m\x1b[K:\n'}
[5.643838] (status_display) StderrLine: {'line': b'\x1b[01m\x1b[K/usr/include/c++/11/thread:92:5:\x1b[m\x1b[K \x1b[01;36m\x1b[Knote: \x1b[m\x1b[Kcandidate: \xe2\x80\x98\x1b[01m\x1b[Ktemplate<class _CharT, class _Traits> std::basic_ostream<_CharT, _Traits>& std::operator<<(std::basic_ostream<_CharT, _Traits>&, std::thread::id)\x1b[m\x1b[K\xe2\x80\x99\n'}
[5.643933] (status_display) StderrLine: {'line': b'   92 |     \x1b[01;36m\x1b[Koperator\x1b[m\x1b[K<<(basic_ostream<_CharT, _Traits>& __out, thread::id __id)\n'}
[5.644039] (status_display) StderrLine: {'line': b'      |     \x1b[01;36m\x1b[K^~~~~~~~\x1b[m\x1b[K\n'}
[5.644128] (status_display) StderrLine: {'line': b'\x1b[01m\x1b[K/usr/include/c++/11/thread:92:5:\x1b[m\x1b[K \x1b[01;36m\x1b[Knote: \x1b[m\x1b[K  template argument deduction/substitution failed:\n'}
[5.644213] (status_display) StderrLine: {'line': b'\x1b[01m\x1b[K/home/shenhang/ros_study/chapter3/topic_practice_workspace/src/status_display/src/sys_status_display.cpp:19:42:\x1b[m\x1b[K \x1b[01;36m\x1b[Knote: \x1b[m\x1b[K  cannot convert \xe2\x80\x98\x1b[01m\x1b[K((const std::__shared_ptr_access<status_interfaces::msg::SystemStatus_<std::allocator<void> >, __gnu_cxx::_S_atomic, false, false>*)(& msg))->std::__shared_ptr_access<status_interfaces::msg::SystemStatus_<std::allocator<void> >, __gnu_cxx::_S_atomic, false, false>::operator->()->status_interfaces::msg::SystemStatus_<std::allocator<void> >::stamp\x1b[m\x1b[K\xe2\x80\x99 (type \xe2\x80\x98\x1b[01m\x1b[Kstatus_interfaces::msg::SystemStatus_<std::allocator<void> >::_stamp_type\x1b[m\x1b[K\xe2\x80\x99 {aka \xe2\x80\x98\x1b[01m\x1b[Kbuiltin_interfaces::msg::Time_<std::allocator<void> >\x1b[m\x1b[K\xe2\x80\x99}) to type \xe2\x80\x98\x1b[01m\x1b[Kstd::thread::id\x1b[m\x1b[K\xe2\x80\x99\n'}
[5.644308] (status_display) StderrLine: {'line': b'   19 |                  << "\xe6\x95\xb0\xe6\x8d\xae\xe6\x97\xb6\xe9\x97\xb4: " << \x1b[01;36m\x1b[Kmsg->stamp\x1b[m\x1b[K << " s\\n"\n'}
[5.644391] (status_display) StderrLine: {'line': b'      |                                     \x1b[01;36m\x1b[K~~~~~^~~~~\x1b[m\x1b[K\n'}
[5.644475] (status_display) StderrLine: {'line': b'In file included from \x1b[01m\x1b[K/usr/include/c++/11/iostream:39\x1b[m\x1b[K,\n'}
[5.644558] (status_display) StderrLine: {'line': b'                 from \x1b[01m\x1b[K/opt/ros/humble/include/rclcpp/rclcpp/executor.hpp:22\x1b[m\x1b[K,\n'}
[5.644700] (status_display) StderrLine: {'line': b'                 from \x1b[01m\x1b[K/opt/ros/humble/include/rclcpp/rclcpp/executors/multi_threaded_executor.hpp:25\x1b[m\x1b[K,\n'}
[5.644792] (status_display) StderrLine: {'line': b'                 from \x1b[01m\x1b[K/opt/ros/humble/include/rclcpp/rclcpp/executors.hpp:21\x1b[m\x1b[K,\n'}
[5.644876] (status_display) StderrLine: {'line': b'                 from \x1b[01m\x1b[K/opt/ros/humble/include/rclcpp/rclcpp/rclcpp.hpp:155\x1b[m\x1b[K,\n'}
[5.644960] (status_display) StderrLine: {'line': b'                 from \x1b[01m\x1b[K/home/shenhang/ros_study/chapter3/topic_practice_workspace/src/status_display/src/sys_status_display.cpp:4\x1b[m\x1b[K:\n'}
[5.645068] (status_display) StderrLine: {'line': b'\x1b[01m\x1b[K/usr/include/c++/11/ostream:513:5:\x1b[m\x1b[K \x1b[01;36m\x1b[Knote: \x1b[m\x1b[Kcandidate: \xe2\x80\x98\x1b[01m\x1b[Ktemplate<class _CharT, class _Traits> std::basic_ostream<_CharT, _Traits>& std::operator<<(std::basic_ostream<_CharT, _Traits>&, _CharT)\x1b[m\x1b[K\xe2\x80\x99\n'}
[5.645156] (status_display) StderrLine: {'line': b'  513 |     \x1b[01;36m\x1b[Koperator\x1b[m\x1b[K<<(basic_ostream<_CharT, _Traits>& __out, _CharT __c)\n'}
[5.645240] (status_display) StderrLine: {'line': b'      |     \x1b[01;36m\x1b[K^~~~~~~~\x1b[m\x1b[K\n'}
[5.645323] (status_display) StderrLine: {'line': b'\x1b[01m\x1b[K/usr/include/c++/11/ostream:513:5:\x1b[m\x1b[K \x1b[01;36m\x1b[Knote: \x1b[m\x1b[K  template argument deduction/substitution failed:\n'}
[5.645408] (status_display) StderrLine: {'line': b'\x1b[01m\x1b[K/home/shenhang/ros_study/chapter3/topic_practice_workspace/src/status_display/src/sys_status_display.cpp:19:42:\x1b[m\x1b[K \x1b[01;36m\x1b[Knote: \x1b[m\x1b[K  deduced conflicting types for parameter \xe2\x80\x98\x1b[01m\x1b[K_CharT\x1b[m\x1b[K\xe2\x80\x99 (\xe2\x80\x98\x1b[01m\x1b[Kchar\x1b[m\x1b[K\xe2\x80\x99 and \xe2\x80\x98\x1b[01m\x1b[Kbuiltin_interfaces::msg::Time_<std::allocator<void> >\x1b[m\x1b[K\xe2\x80\x99)\n'}
[5.645495] (status_display) StderrLine: {'line': b'   19 |                  << "\xe6\x95\xb0\xe6\x8d\xae\xe6\x97\xb6\xe9\x97\xb4: " << msg->\x1b[01;36m\x1b[Kstamp\x1b[m\x1b[K << " s\\n"\n'}
[5.645579] (status_display) StderrLine: {'line': b'      |                                          \x1b[01;36m\x1b[K^~~~~\x1b[m\x1b[K\n'}
[5.645725] (status_display) StderrLine: {'line': b'In file included from \x1b[01m\x1b[K/usr/include/c++/11/iostream:39\x1b[m\x1b[K,\n'}
[5.645814] (status_display) StderrLine: {'line': b'                 from \x1b[01m\x1b[K/opt/ros/humble/include/rclcpp/rclcpp/executor.hpp:22\x1b[m\x1b[K,\n'}
[5.645904] (status_display) StderrLine: {'line': b'                 from \x1b[01m\x1b[K/opt/ros/humble/include/rclcpp/rclcpp/executors/multi_threaded_executor.hpp:25\x1b[m\x1b[K,\n'}
[5.646012] (status_display) StderrLine: {'line': b'                 from \x1b[01m\x1b[K/opt/ros/humble/include/rclcpp/rclcpp/executors.hpp:21\x1b[m\x1b[K,\n'}
[5.646098] (status_display) StderrLine: {'line': b'                 from \x1b[01m\x1b[K/opt/ros/humble/include/rclcpp/rclcpp/rclcpp.hpp:155\x1b[m\x1b[K,\n'}
[5.646184] (status_display) StderrLine: {'line': b'                 from \x1b[01m\x1b[K/home/shenhang/ros_study/chapter3/topic_practice_workspace/src/status_display/src/sys_status_display.cpp:4\x1b[m\x1b[K:\n'}
[5.646268] (status_display) StderrLine: {'line': b'\x1b[01m\x1b[K/usr/include/c++/11/ostream:518:5:\x1b[m\x1b[K \x1b[01;36m\x1b[Knote: \x1b[m\x1b[Kcandidate: \xe2\x80\x98\x1b[01m\x1b[Ktemplate<class _CharT, class _Traits> std::basic_ostream<_CharT, _Traits>& std::operator<<(std::basic_ostream<_CharT, _Traits>&, char)\x1b[m\x1b[K\xe2\x80\x99\n'}
[5.646353] (status_display) StderrLine: {'line': b'  518 |     \x1b[01;36m\x1b[Koperator\x1b[m\x1b[K<<(basic_ostream<_CharT, _Traits>& __out, char __c)\n'}
[5.646436] (status_display) StderrLine: {'line': b'      |     \x1b[01;36m\x1b[K^~~~~~~~\x1b[m\x1b[K\n'}
[5.646527] (status_display) StderrLine: {'line': b'\x1b[01m\x1b[K/usr/include/c++/11/ostream:518:5:\x1b[m\x1b[K \x1b[01;36m\x1b[Knote: \x1b[m\x1b[K  template argument deduction/substitution failed:\n'}
[5.649678] (status_display) StderrLine: {'line': b'\x1b[01m\x1b[K/home/shenhang/ros_study/chapter3/topic_practice_workspace/src/status_display/src/sys_status_display.cpp:19:42:\x1b[m\x1b[K \x1b[01;36m\x1b[Knote: \x1b[m\x1b[K  cannot convert \xe2\x80\x98\x1b[01m\x1b[K((const std::__shared_ptr_access<status_interfaces::msg::SystemStatus_<std::allocator<void> >, __gnu_cxx::_S_atomic, false, false>*)(& msg))->std::__shared_ptr_access<status_interfaces::msg::SystemStatus_<std::allocator<void> >, __gnu_cxx::_S_atomic, false, false>::operator->()->status_interfaces::msg::SystemStatus_<std::allocator<void> >::stamp\x1b[m\x1b[K\xe2\x80\x99 (type \xe2\x80\x98\x1b[01m\x1b[Kstatus_interfaces::msg::SystemStatus_<std::allocator<void> >::_stamp_type\x1b[m\x1b[K\xe2\x80\x99 {aka \xe2\x80\x98\x1b[01m\x1b[Kbuiltin_interfaces::msg::Time_<std::allocator<void> >\x1b[m\x1b[K\xe2\x80\x99}) to type \xe2\x80\x98\x1b[01m\x1b[Kchar\x1b[m\x1b[K\xe2\x80\x99\n'}
[5.649994] (status_display) StderrLine: {'line': b'   19 |                  << "\xe6\x95\xb0\xe6\x8d\xae\xe6\x97\xb6\xe9\x97\xb4: " << \x1b[01;36m\x1b[Kmsg->stamp\x1b[m\x1b[K << " s\\n"\n'}
[5.650119] (status_display) StderrLine: {'line': b'      |                                     \x1b[01;36m\x1b[K~~~~~^~~~~\x1b[m\x1b[K\n'}
[5.650232] (status_display) StderrLine: {'line': b'In file included from \x1b[01m\x1b[K/usr/include/c++/11/iostream:39\x1b[m\x1b[K,\n'}
[5.650341] (status_display) StderrLine: {'line': b'                 from \x1b[01m\x1b[K/opt/ros/humble/include/rclcpp/rclcpp/executor.hpp:22\x1b[m\x1b[K,\n'}
[5.650450] (status_display) StderrLine: {'line': b'                 from \x1b[01m\x1b[K/opt/ros/humble/include/rclcpp/rclcpp/executors/multi_threaded_executor.hpp:25\x1b[m\x1b[K,\n'}
[5.650558] (status_display) StderrLine: {'line': b'                 from \x1b[01m\x1b[K/opt/ros/humble/include/rclcpp/rclcpp/executors.hpp:21\x1b[m\x1b[K,\n'}
[5.650740] (status_display) StderrLine: {'line': b'                 from \x1b[01m\x1b[K/opt/ros/humble/include/rclcpp/rclcpp/rclcpp.hpp:155\x1b[m\x1b[K,\n'}
[5.650873] (status_display) StderrLine: {'line': b'                 from \x1b[01m\x1b[K/home/shenhang/ros_study/chapter3/topic_practice_workspace/src/status_display/src/sys_status_display.cpp:4\x1b[m\x1b[K:\n'}
[5.650995] (status_display) StderrLine: {'line': b'\x1b[01m\x1b[K/usr/include/c++/11/ostream:524:5:\x1b[m\x1b[K \x1b[01;36m\x1b[Knote: \x1b[m\x1b[Kcandidate: \xe2\x80\x98\x1b[01m\x1b[Ktemplate<class _Traits> std::basic_ostream<char, _Traits>& std::operator<<(std::basic_ostream<char, _Traits>&, char)\x1b[m\x1b[K\xe2\x80\x99\n'}
[5.651115] (status_display) StderrLine: {'line': b'  524 |     \x1b[01;36m\x1b[Koperator\x1b[m\x1b[K<<(basic_ostream<char, _Traits>& __out, char __c)\n'}
[5.651239] (status_display) StderrLine: {'line': b'      |     \x1b[01;36m\x1b[K^~~~~~~~\x1b[m\x1b[K\n'}
[5.651323] (status_display) StderrLine: {'line': b'\x1b[01m\x1b[K/usr/include/c++/11/ostream:524:5:\x1b[m\x1b[K \x1b[01;36m\x1b[Knote: \x1b[m\x1b[K  template argument deduction/substitution failed:\n'}
[5.651407] (status_display) StderrLine: {'line': b'\x1b[01m\x1b[K/home/shenhang/ros_study/chapter3/topic_practice_workspace/src/status_display/src/sys_status_display.cpp:19:42:\x1b[m\x1b[K \x1b[01;36m\x1b[Knote: \x1b[m\x1b[K  cannot convert \xe2\x80\x98\x1b[01m\x1b[K((const std::__shared_ptr_access<status_interfaces::msg::SystemStatus_<std::allocator<void> >, __gnu_cxx::_S_atomic, false, false>*)(& msg))->std::__shared_ptr_access<status_interfaces::msg::SystemStatus_<std::allocator<void> >, __gnu_cxx::_S_atomic, false, false>::operator->()->status_interfaces::msg::SystemStatus_<std::allocator<void> >::stamp\x1b[m\x1b[K\xe2\x80\x99 (type \xe2\x80\x98\x1b[01m\x1b[Kstatus_interfaces::msg::SystemStatus_<std::allocator<void> >::_stamp_type\x1b[m\x1b[K\xe2\x80\x99 {aka \xe2\x80\x98\x1b[01m\x1b[Kbuiltin_interfaces::msg::Time_<std::allocator<void> >\x1b[m\x1b[K\xe2\x80\x99}) to type \xe2\x80\x98\x1b[01m\x1b[Kchar\x1b[m\x1b[K\xe2\x80\x99\n'}
[5.651496] (status_display) StderrLine: {'line': b'   19 |                  << "\xe6\x95\xb0\xe6\x8d\xae\xe6\x97\xb6\xe9\x97\xb4: " << \x1b[01;36m\x1b[Kmsg->stamp\x1b[m\x1b[K << " s\\n"\n'}
[5.651580] (status_display) StderrLine: {'line': b'      |                                     \x1b[01;36m\x1b[K~~~~~^~~~~\x1b[m\x1b[K\n'}
[5.651723] (status_display) StderrLine: {'line': b'In file included from \x1b[01m\x1b[K/usr/include/c++/11/iostream:39\x1b[m\x1b[K,\n'}
[5.651826] (status_display) StderrLine: {'line': b'                 from \x1b[01m\x1b[K/opt/ros/humble/include/rclcpp/rclcpp/executor.hpp:22\x1b[m\x1b[K,\n'}
[5.651921] (status_display) StderrLine: {'line': b'                 from \x1b[01m\x1b[K/opt/ros/humble/include/rclcpp/rclcpp/executors/multi_threaded_executor.hpp:25\x1b[m\x1b[K,\n'}
[5.652005] (status_display) StderrLine: {'line': b'                 from \x1b[01m\x1b[K/opt/ros/humble/include/rclcpp/rclcpp/executors.hpp:21\x1b[m\x1b[K,\n'}
[5.652089] (status_display) StderrLine: {'line': b'                 from \x1b[01m\x1b[K/opt/ros/humble/include/rclcpp/rclcpp/rclcpp.hpp:155\x1b[m\x1b[K,\n'}
[5.652202] (status_display) StderrLine: {'line': b'                 from \x1b[01m\x1b[K/home/shenhang/ros_study/chapter3/topic_practice_workspace/src/status_display/src/sys_status_display.cpp:4\x1b[m\x1b[K:\n'}
[5.652290] (status_display) StderrLine: {'line': b'\x1b[01m\x1b[K/usr/include/c++/11/ostream:530:5:\x1b[m\x1b[K \x1b[01;36m\x1b[Knote: \x1b[m\x1b[Kcandidate: \xe2\x80\x98\x1b[01m\x1b[Ktemplate<class _Traits> std::basic_ostream<char, _Traits>& std::operator<<(std::basic_ostream<char, _Traits>&, signed char)\x1b[m\x1b[K\xe2\x80\x99\n'}
[5.652376] (status_display) StderrLine: {'line': b'  530 |     \x1b[01;36m\x1b[Koperator\x1b[m\x1b[K<<(basic_ostream<char, _Traits>& __out, signed char __c)\n'}
[5.652465] (status_display) StderrLine: {'line': b'      |     \x1b[01;36m\x1b[K^~~~~~~~\x1b[m\x1b[K\n'}
[5.652549] (status_display) StderrLine: {'line': b'\x1b[01m\x1b[K/usr/include/c++/11/ostream:530:5:\x1b[m\x1b[K \x1b[01;36m\x1b[Knote: \x1b[m\x1b[K  template argument deduction/substitution failed:\n'}
[5.652677] (status_display) StderrLine: {'line': b'\x1b[01m\x1b[K/home/shenhang/ros_study/chapter3/topic_practice_workspace/src/status_display/src/sys_status_display.cpp:19:42:\x1b[m\x1b[K \x1b[01;36m\x1b[Knote: \x1b[m\x1b[K  cannot convert \xe2\x80\x98\x1b[01m\x1b[K((const std::__shared_ptr_access<status_interfaces::msg::SystemStatus_<std::allocator<void> >, __gnu_cxx::_S_atomic, false, false>*)(& msg))->std::__shared_ptr_access<status_interfaces::msg::SystemStatus_<std::allocator<void> >, __gnu_cxx::_S_atomic, false, false>::operator->()->status_interfaces::msg::SystemStatus_<std::allocator<void> >::stamp\x1b[m\x1b[K\xe2\x80\x99 (type \xe2\x80\x98\x1b[01m\x1b[Kstatus_interfaces::msg::SystemStatus_<std::allocator<void> >::_stamp_type\x1b[m\x1b[K\xe2\x80\x99 {aka \xe2\x80\x98\x1b[01m\x1b[Kbuiltin_interfaces::msg::Time_<std::allocator<void> >\x1b[m\x1b[K\xe2\x80\x99}) to type \xe2\x80\x98\x1b[01m\x1b[Ksigned char\x1b[m\x1b[K\xe2\x80\x99\n'}
[5.652814] (status_display) StderrLine: {'line': b'   19 |                  << "\xe6\x95\xb0\xe6\x8d\xae\xe6\x97\xb6\xe9\x97\xb4: " << \x1b[01;36m\x1b[Kmsg->stamp\x1b[m\x1b[K << " s\\n"\n'}
[5.652908] (status_display) StderrLine: {'line': b'      |                                     \x1b[01;36m\x1b[K~~~~~^~~~~\x1b[m\x1b[K\n'}
[5.652992] (status_display) StderrLine: {'line': b'In file included from \x1b[01m\x1b[K/usr/include/c++/11/iostream:39\x1b[m\x1b[K,\n'}
[5.653076] (status_display) StderrLine: {'line': b'                 from \x1b[01m\x1b[K/opt/ros/humble/include/rclcpp/rclcpp/executor.hpp:22\x1b[m\x1b[K,\n'}
[5.653159] (status_display) StderrLine: {'line': b'                 from \x1b[01m\x1b[K/opt/ros/humble/include/rclcpp/rclcpp/executors/multi_threaded_executor.hpp:25\x1b[m\x1b[K,\n'}
[5.653242] (status_display) StderrLine: {'line': b'                 from \x1b[01m\x1b[K/opt/ros/humble/include/rclcpp/rclcpp/executors.hpp:21\x1b[m\x1b[K,\n'}
[5.653326] (status_display) StderrLine: {'line': b'                 from \x1b[01m\x1b[K/opt/ros/humble/include/rclcpp/rclcpp/rclcpp.hpp:155\x1b[m\x1b[K,\n'}
[5.653409] (status_display) StderrLine: {'line': b'                 from \x1b[01m\x1b[K/home/shenhang/ros_study/chapter3/topic_practice_workspace/src/status_display/src/sys_status_display.cpp:4\x1b[m\x1b[K:\n'}
[5.653492] (status_display) StderrLine: {'line': b'\x1b[01m\x1b[K/usr/include/c++/11/ostream:535:5:\x1b[m\x1b[K \x1b[01;36m\x1b[Knote: \x1b[m\x1b[Kcandidate: \xe2\x80\x98\x1b[01m\x1b[Ktemplate<class _Traits> std::basic_ostream<char, _Traits>& std::operator<<(std::basic_ostream<char, _Traits>&, unsigned char)\x1b[m\x1b[K\xe2\x80\x99\n'}
[5.653578] (status_display) StderrLine: {'line': b'  535 |     \x1b[01;36m\x1b[Koperator\x1b[m\x1b[K<<(basic_ostream<char, _Traits>& __out, unsigned char __c)\n'}
[5.653715] (status_display) StderrLine: {'line': b'      |     \x1b[01;36m\x1b[K^~~~~~~~\x1b[m\x1b[K\n'}
[5.653825] (status_display) StderrLine: {'line': b'\x1b[01m\x1b[K/usr/include/c++/11/ostream:535:5:\x1b[m\x1b[K \x1b[01;36m\x1b[Knote: \x1b[m\x1b[K  template argument deduction/substitution failed:\n'}
[5.653912] (status_display) StderrLine: {'line': b'\x1b[01m\x1b[K/home/shenhang/ros_study/chapter3/topic_practice_workspace/src/status_display/src/sys_status_display.cpp:19:42:\x1b[m\x1b[K \x1b[01;36m\x1b[Knote: \x1b[m\x1b[K  cannot convert \xe2\x80\x98\x1b[01m\x1b[K((const std::__shared_ptr_access<status_interfaces::msg::SystemStatus_<std::allocator<void> >, __gnu_cxx::_S_atomic, false, false>*)(& msg))->std::__shared_ptr_access<status_interfaces::msg::SystemStatus_<std::allocator<void> >, __gnu_cxx::_S_atomic, false, false>::operator->()->status_interfaces::msg::SystemStatus_<std::allocator<void> >::stamp\x1b[m\x1b[K\xe2\x80\x99 (type \xe2\x80\x98\x1b[01m\x1b[Kstatus_interfaces::msg::SystemStatus_<std::allocator<void> >::_stamp_type\x1b[m\x1b[K\xe2\x80\x99 {aka \xe2\x80\x98\x1b[01m\x1b[Kbuiltin_interfaces::msg::Time_<std::allocator<void> >\x1b[m\x1b[K\xe2\x80\x99}) to type \xe2\x80\x98\x1b[01m\x1b[Kunsigned char\x1b[m\x1b[K\xe2\x80\x99\n'}
[5.654006] (status_display) StderrLine: {'line': b'   19 |                  << "\xe6\x95\xb0\xe6\x8d\xae\xe6\x97\xb6\xe9\x97\xb4: " << \x1b[01;36m\x1b[Kmsg->stamp\x1b[m\x1b[K << " s\\n"\n'}
[5.654091] (status_display) StderrLine: {'line': b'      |                                     \x1b[01;36m\x1b[K~~~~~^~~~~\x1b[m\x1b[K\n'}
[5.654175] (status_display) StderrLine: {'line': b'In file included from \x1b[01m\x1b[K/usr/include/c++/11/iostream:39\x1b[m\x1b[K,\n'}
[5.654262] (status_display) StderrLine: {'line': b'                 from \x1b[01m\x1b[K/opt/ros/humble/include/rclcpp/rclcpp/executor.hpp:22\x1b[m\x1b[K,\n'}
[5.654351] (status_display) StderrLine: {'line': b'                 from \x1b[01m\x1b[K/opt/ros/humble/include/rclcpp/rclcpp/executors/multi_threaded_executor.hpp:25\x1b[m\x1b[K,\n'}
[5.654435] (status_display) StderrLine: {'line': b'                 from \x1b[01m\x1b[K/opt/ros/humble/include/rclcpp/rclcpp/executors.hpp:21\x1b[m\x1b[K,\n'}
[5.654518] (status_display) StderrLine: {'line': b'                 from \x1b[01m\x1b[K/opt/ros/humble/include/rclcpp/rclcpp/rclcpp.hpp:155\x1b[m\x1b[K,\n'}
[5.654604] (status_display) StderrLine: {'line': b'                 from \x1b[01m\x1b[K/home/shenhang/ros_study/chapter3/topic_practice_workspace/src/status_display/src/sys_status_display.cpp:4\x1b[m\x1b[K:\n'}
[5.654759] (status_display) StderrLine: {'line': b'\x1b[01m\x1b[K/usr/include/c++/11/ostream:594:5:\x1b[m\x1b[K \x1b[01;36m\x1b[Knote: \x1b[m\x1b[Kcandidate: \xe2\x80\x98\x1b[01m\x1b[Ktemplate<class _CharT, class _Traits> std::basic_ostream<_CharT, _Traits>& std::operator<<(std::basic_ostream<_CharT, _Traits>&, const _CharT*)\x1b[m\x1b[K\xe2\x80\x99\n'}
[5.654863] (status_display) StderrLine: {'line': b'  594 |     \x1b[01;36m\x1b[Koperator\x1b[m\x1b[K<<(basic_ostream<_CharT, _Traits>& __out, const _CharT* __s)\n'}
[5.654949] (status_display) StderrLine: {'line': b'      |     \x1b[01;36m\x1b[K^~~~~~~~\x1b[m\x1b[K\n'}
[5.655033] (status_display) StderrLine: {'line': b'\x1b[01m\x1b[K/usr/include/c++/11/ostream:594:5:\x1b[m\x1b[K \x1b[01;36m\x1b[Knote: \x1b[m\x1b[K  template argument deduction/substitution failed:\n'}
[5.655117] (status_display) StderrLine: {'line': b'\x1b[01m\x1b[K/home/shenhang/ros_study/chapter3/topic_practice_workspace/src/status_display/src/sys_status_display.cpp:19:42:\x1b[m\x1b[K \x1b[01;36m\x1b[Knote: \x1b[m\x1b[K  mismatched types \xe2\x80\x98\x1b[01m\x1b[Kconst _CharT*\x1b[m\x1b[K\xe2\x80\x99 and \xe2\x80\x98\x1b[01m\x1b[Kbuiltin_interfaces::msg::Time_<std::allocator<void> >\x1b[m\x1b[K\xe2\x80\x99\n'}
[5.655207] (status_display) StderrLine: {'line': b'   19 |                  << "\xe6\x95\xb0\xe6\x8d\xae\xe6\x97\xb6\xe9\x97\xb4: " << msg->\x1b[01;36m\x1b[Kstamp\x1b[m\x1b[K << " s\\n"\n'}
[5.655296] (status_display) StderrLine: {'line': b'      |                                          \x1b[01;36m\x1b[K^~~~~\x1b[m\x1b[K\n'}
[5.655380] (status_display) StderrLine: {'line': b'In file included from \x1b[01m\x1b[K/usr/include/c++/11/ostream:829\x1b[m\x1b[K,\n'}
[5.655464] (status_display) StderrLine: {'line': b'                 from \x1b[01m\x1b[K/usr/include/c++/11/iostream:39\x1b[m\x1b[K,\n'}
[5.655548] (status_display) StderrLine: {'line': b'                 from \x1b[01m\x1b[K/opt/ros/humble/include/rclcpp/rclcpp/executor.hpp:22\x1b[m\x1b[K,\n'}
[5.655756] (status_display) StderrLine: {'line': b'                 from \x1b[01m\x1b[K/opt/ros/humble/include/rclcpp/rclcpp/executors/multi_threaded_executor.hpp:25\x1b[m\x1b[K,\n'}
[5.655857] (status_display) StderrLine: {'line': b'                 from \x1b[01m\x1b[K/opt/ros/humble/include/rclcpp/rclcpp/executors.hpp:21\x1b[m\x1b[K,\n'}
[5.655942] (status_display) StderrLine: {'line': b'                 from \x1b[01m\x1b[K/opt/ros/humble/include/rclcpp/rclcpp/rclcpp.hpp:155\x1b[m\x1b[K,\n'}
[5.656026] (status_display) StderrLine: {'line': b'                 from \x1b[01m\x1b[K/home/shenhang/ros_study/chapter3/topic_practice_workspace/src/status_display/src/sys_status_display.cpp:4\x1b[m\x1b[K:\n'}
[5.656111] (status_display) StderrLine: {'line': b'\x1b[01m\x1b[K/usr/include/c++/11/bits/ostream.tcc:321:5:\x1b[m\x1b[K \x1b[01;36m\x1b[Knote: \x1b[m\x1b[Kcandidate: \xe2\x80\x98\x1b[01m\x1b[Ktemplate<class _CharT, class _Traits> std::basic_ostream<_CharT, _Traits>& std::operator<<(std::basic_ostream<_CharT, _Traits>&, const char*)\x1b[m\x1b[K\xe2\x80\x99\n'}
[5.656199] (status_display) StderrLine: {'line': b'  321 |     \x1b[01;36m\x1b[Koperator\x1b[m\x1b[K<<(basic_ostream<_CharT, _Traits>& __out, const char* __s)\n'}
[5.656284] (status_display) StderrLine: {'line': b'      |     \x1b[01;36m\x1b[K^~~~~~~~\x1b[m\x1b[K\n'}
[5.656374] (status_display) StderrLine: {'line': b'\x1b[01m\x1b[K/usr/include/c++/11/bits/ostream.tcc:321:5:\x1b[m\x1b[K \x1b[01;36m\x1b[Knote: \x1b[m\x1b[K  template argument deduction/substitution failed:\n'}
[5.656459] (status_display) StderrLine: {'line': b'\x1b[01m\x1b[K/home/shenhang/ros_study/chapter3/topic_practice_workspace/src/status_display/src/sys_status_display.cpp:19:42:\x1b[m\x1b[K \x1b[01;36m\x1b[Knote: \x1b[m\x1b[K  cannot convert \xe2\x80\x98\x1b[01m\x1b[K((const std::__shared_ptr_access<status_interfaces::msg::SystemStatus_<std::allocator<void> >, __gnu_cxx::_S_atomic, false, false>*)(& msg))->std::__shared_ptr_access<status_interfaces::msg::SystemStatus_<std::allocator<void> >, __gnu_cxx::_S_atomic, false, false>::operator->()->status_interfaces::msg::SystemStatus_<std::allocator<void> >::stamp\x1b[m\x1b[K\xe2\x80\x99 (type \xe2\x80\x98\x1b[01m\x1b[Kstatus_interfaces::msg::SystemStatus_<std::allocator<void> >::_stamp_type\x1b[m\x1b[K\xe2\x80\x99 {aka \xe2\x80\x98\x1b[01m\x1b[Kbuiltin_interfaces::msg::Time_<std::allocator<void> >\x1b[m\x1b[K\xe2\x80\x99}) to type \xe2\x80\x98\x1b[01m\x1b[Kconst char*\x1b[m\x1b[K\xe2\x80\x99\n'}
[5.656549] (status_display) StderrLine: {'line': b'   19 |                  << "\xe6\x95\xb0\xe6\x8d\xae\xe6\x97\xb6\xe9\x97\xb4: " << \x1b[01;36m\x1b[Kmsg->stamp\x1b[m\x1b[K << " s\\n"\n'}
[5.656757] (status_display) StderrLine: {'line': b'      |                                     \x1b[01;36m\x1b[K~~~~~^~~~~\x1b[m\x1b[K\n'}
[5.656846] (status_display) StderrLine: {'line': b'In file included from \x1b[01m\x1b[K/usr/include/c++/11/iostream:39\x1b[m\x1b[K,\n'}
[5.656930] (status_display) StderrLine: {'line': b'                 from \x1b[01m\x1b[K/opt/ros/humble/include/rclcpp/rclcpp/executor.hpp:22\x1b[m\x1b[K,\n'}
[5.657014] (status_display) StderrLine: {'line': b'                 from \x1b[01m\x1b[K/opt/ros/humble/include/rclcpp/rclcpp/executors/multi_threaded_executor.hpp:25\x1b[m\x1b[K,\n'}
[5.657098] (status_display) StderrLine: {'line': b'                 from \x1b[01m\x1b[K/opt/ros/humble/include/rclcpp/rclcpp/executors.hpp:21\x1b[m\x1b[K,\n'}
[5.657182] (status_display) StderrLine: {'line': b'                 from \x1b[01m\x1b[K/opt/ros/humble/include/rclcpp/rclcpp/rclcpp.hpp:155\x1b[m\x1b[K,\n'}
[5.657266] (status_display) StderrLine: {'line': b'                 from \x1b[01m\x1b[K/home/shenhang/ros_study/chapter3/topic_practice_workspace/src/status_display/src/sys_status_display.cpp:4\x1b[m\x1b[K:\n'}
[5.657355] (status_display) StderrLine: {'line': b'\x1b[01m\x1b[K/usr/include/c++/11/ostream:611:5:\x1b[m\x1b[K \x1b[01;36m\x1b[Knote: \x1b[m\x1b[Kcandidate: \xe2\x80\x98\x1b[01m\x1b[Ktemplate<class _Traits> std::basic_ostream<char, _Traits>& std::operator<<(std::basic_ostream<char, _Traits>&, const char*)\x1b[m\x1b[K\xe2\x80\x99\n'}
[5.657441] (status_display) StderrLine: {'line': b'  611 |     \x1b[01;36m\x1b[Koperator\x1b[m\x1b[K<<(basic_ostream<char, _Traits>& __out, const char* __s)\n'}
[5.657642] (status_display) StderrLine: {'line': b'      |     \x1b[01;36m\x1b[K^~~~~~~~\x1b[m\x1b[K\n'}
[5.661305] (status_display) StderrLine: {'line': b'\x1b[01m\x1b[K/usr/include/c++/11/ostream:611:5:\x1b[m\x1b[K \x1b[01;36m\x1b[Knote: \x1b[m\x1b[K  template argument deduction/substitution failed:\n'}
[5.661478] (status_display) StderrLine: {'line': b'\x1b[01m\x1b[K/home/shenhang/ros_study/chapter3/topic_practice_workspace/src/status_display/src/sys_status_display.cpp:19:42:\x1b[m\x1b[K \x1b[01;36m\x1b[Knote: \x1b[m\x1b[K  cannot convert \xe2\x80\x98\x1b[01m\x1b[K((const std::__shared_ptr_access<status_interfaces::msg::SystemStatus_<std::allocator<void> >, __gnu_cxx::_S_atomic, false, false>*)(& msg))->std::__shared_ptr_access<status_interfaces::msg::SystemStatus_<std::allocator<void> >, __gnu_cxx::_S_atomic, false, false>::operator->()->status_interfaces::msg::SystemStatus_<std::allocator<void> >::stamp\x1b[m\x1b[K\xe2\x80\x99 (type \xe2\x80\x98\x1b[01m\x1b[Kstatus_interfaces::msg::SystemStatus_<std::allocator<void> >::_stamp_type\x1b[m\x1b[K\xe2\x80\x99 {aka \xe2\x80\x98\x1b[01m\x1b[Kbuiltin_interfaces::msg::Time_<std::allocator<void> >\x1b[m\x1b[K\xe2\x80\x99}) to type \xe2\x80\x98\x1b[01m\x1b[Kconst char*\x1b[m\x1b[K\xe2\x80\x99\n'}
[5.661725] (status_display) StderrLine: {'line': b'   19 |                  << "\xe6\x95\xb0\xe6\x8d\xae\xe6\x97\xb6\xe9\x97\xb4: " << \x1b[01;36m\x1b[Kmsg->stamp\x1b[m\x1b[K << " s\\n"\n'}
[5.661861] (status_display) StderrLine: {'line': b'      |                                     \x1b[01;36m\x1b[K~~~~~^~~~~\x1b[m\x1b[K\n'}
[5.661976] (status_display) StderrLine: {'line': b'In file included from \x1b[01m\x1b[K/usr/include/c++/11/iostream:39\x1b[m\x1b[K,\n'}
[5.662065] (status_display) StderrLine: {'line': b'                 from \x1b[01m\x1b[K/opt/ros/humble/include/rclcpp/rclcpp/executor.hpp:22\x1b[m\x1b[K,\n'}
[5.662150] (status_display) StderrLine: {'line': b'                 from \x1b[01m\x1b[K/opt/ros/humble/include/rclcpp/rclcpp/executors/multi_threaded_executor.hpp:25\x1b[m\x1b[K,\n'}
[5.662234] (status_display) StderrLine: {'line': b'                 from \x1b[01m\x1b[K/opt/ros/humble/include/rclcpp/rclcpp/executors.hpp:21\x1b[m\x1b[K,\n'}
[5.662318] (status_display) StderrLine: {'line': b'                 from \x1b[01m\x1b[K/opt/ros/humble/include/rclcpp/rclcpp/rclcpp.hpp:155\x1b[m\x1b[K,\n'}
[5.662401] (status_display) StderrLine: {'line': b'                 from \x1b[01m\x1b[K/home/shenhang/ros_study/chapter3/topic_practice_workspace/src/status_display/src/sys_status_display.cpp:4\x1b[m\x1b[K:\n'}
[5.662485] (status_display) StderrLine: {'line': b'\x1b[01m\x1b[K/usr/include/c++/11/ostream:624:5:\x1b[m\x1b[K \x1b[01;36m\x1b[Knote: \x1b[m\x1b[Kcandidate: \xe2\x80\x98\x1b[01m\x1b[Ktemplate<class _Traits> std::basic_ostream<char, _Traits>& std::operator<<(std::basic_ostream<char, _Traits>&, const signed char*)\x1b[m\x1b[K\xe2\x80\x99\n'}
[5.662644] (status_display) StderrLine: {'line': b'  624 |     \x1b[01;36m\x1b[Koperator\x1b[m\x1b[K<<(basic_ostream<char, _Traits>& __out, const signed char* __s)\n'}
[5.662740] (status_display) StderrLine: {'line': b'      |     \x1b[01;36m\x1b[K^~~~~~~~\x1b[m\x1b[K\n'}
[5.662829] (status_display) StderrLine: {'line': b'\x1b[01m\x1b[K/usr/include/c++/11/ostream:624:5:\x1b[m\x1b[K \x1b[01;36m\x1b[Knote: \x1b[m\x1b[K  template argument deduction/substitution failed:\n'}
[5.662913] (status_display) StderrLine: {'line': b'\x1b[01m\x1b[K/home/shenhang/ros_study/chapter3/topic_practice_workspace/src/status_display/src/sys_status_display.cpp:19:42:\x1b[m\x1b[K \x1b[01;36m\x1b[Knote: \x1b[m\x1b[K  cannot convert \xe2\x80\x98\x1b[01m\x1b[K((const std::__shared_ptr_access<status_interfaces::msg::SystemStatus_<std::allocator<void> >, __gnu_cxx::_S_atomic, false, false>*)(& msg))->std::__shared_ptr_access<status_interfaces::msg::SystemStatus_<std::allocator<void> >, __gnu_cxx::_S_atomic, false, false>::operator->()->status_interfaces::msg::SystemStatus_<std::allocator<void> >::stamp\x1b[m\x1b[K\xe2\x80\x99 (type \xe2\x80\x98\x1b[01m\x1b[Kstatus_interfaces::msg::SystemStatus_<std::allocator<void> >::_stamp_type\x1b[m\x1b[K\xe2\x80\x99 {aka \xe2\x80\x98\x1b[01m\x1b[Kbuiltin_interfaces::msg::Time_<std::allocator<void> >\x1b[m\x1b[K\xe2\x80\x99}) to type \xe2\x80\x98\x1b[01m\x1b[Kconst signed char*\x1b[m\x1b[K\xe2\x80\x99\n'}
[5.663010] (status_display) StderrLine: {'line': b'   19 |                  << "\xe6\x95\xb0\xe6\x8d\xae\xe6\x97\xb6\xe9\x97\xb4: " << \x1b[01;36m\x1b[Kmsg->stamp\x1b[m\x1b[K << " s\\n"\n'}
[5.663094] (status_display) StderrLine: {'line': b'      |                                     \x1b[01;36m\x1b[K~~~~~^~~~~\x1b[m\x1b[K\n'}
[5.663178] (status_display) StderrLine: {'line': b'In file included from \x1b[01m\x1b[K/usr/include/c++/11/iostream:39\x1b[m\x1b[K,\n'}
[5.663262] (status_display) StderrLine: {'line': b'                 from \x1b[01m\x1b[K/opt/ros/humble/include/rclcpp/rclcpp/executor.hpp:22\x1b[m\x1b[K,\n'}
[5.663378] (status_display) StderrLine: {'line': b'                 from \x1b[01m\x1b[K/opt/ros/humble/include/rclcpp/rclcpp/executors/multi_threaded_executor.hpp:25\x1b[m\x1b[K,\n'}
[5.663472] (status_display) StderrLine: {'line': b'                 from \x1b[01m\x1b[K/opt/ros/humble/include/rclcpp/rclcpp/executors.hpp:21\x1b[m\x1b[K,\n'}
[5.663579] (status_display) StderrLine: {'line': b'                 from \x1b[01m\x1b[K/opt/ros/humble/include/rclcpp/rclcpp/rclcpp.hpp:155\x1b[m\x1b[K,\n'}
[5.663725] (status_display) StderrLine: {'line': b'                 from \x1b[01m\x1b[K/home/shenhang/ros_study/chapter3/topic_practice_workspace/src/status_display/src/sys_status_display.cpp:4\x1b[m\x1b[K:\n'}
[5.663815] (status_display) StderrLine: {'line': b'\x1b[01m\x1b[K/usr/include/c++/11/ostream:629:5:\x1b[m\x1b[K \x1b[01;36m\x1b[Knote: \x1b[m\x1b[Kcandidate: \xe2\x80\x98\x1b[01m\x1b[Ktemplate<class _Traits> std::basic_ostream<char, _Traits>& std::operator<<(std::basic_ostream<char, _Traits>&, const unsigned char*)\x1b[m\x1b[K\xe2\x80\x99\n'}
[5.663906] (status_display) StderrLine: {'line': b'  629 |     \x1b[01;36m\x1b[Koperator\x1b[m\x1b[K<<(basic_ostream<char, _Traits>& __out, const unsigned char* __s)\n'}
[5.663991] (status_display) StderrLine: {'line': b'      |     \x1b[01;36m\x1b[K^~~~~~~~\x1b[m\x1b[K\n'}
[5.664074] (status_display) StderrLine: {'line': b'\x1b[01m\x1b[K/usr/include/c++/11/ostream:629:5:\x1b[m\x1b[K \x1b[01;36m\x1b[Knote: \x1b[m\x1b[K  template argument deduction/substitution failed:\n'}
[5.664158] (status_display) StderrLine: {'line': b'\x1b[01m\x1b[K/home/shenhang/ros_study/chapter3/topic_practice_workspace/src/status_display/src/sys_status_display.cpp:19:42:\x1b[m\x1b[K \x1b[01;36m\x1b[Knote: \x1b[m\x1b[K  cannot convert \xe2\x80\x98\x1b[01m\x1b[K((const std::__shared_ptr_access<status_interfaces::msg::SystemStatus_<std::allocator<void> >, __gnu_cxx::_S_atomic, false, false>*)(& msg))->std::__shared_ptr_access<status_interfaces::msg::SystemStatus_<std::allocator<void> >, __gnu_cxx::_S_atomic, false, false>::operator->()->status_interfaces::msg::SystemStatus_<std::allocator<void> >::stamp\x1b[m\x1b[K\xe2\x80\x99 (type \xe2\x80\x98\x1b[01m\x1b[Kstatus_interfaces::msg::SystemStatus_<std::allocator<void> >::_stamp_type\x1b[m\x1b[K\xe2\x80\x99 {aka \xe2\x80\x98\x1b[01m\x1b[Kbuiltin_interfaces::msg::Time_<std::allocator<void> >\x1b[m\x1b[K\xe2\x80\x99}) to type \xe2\x80\x98\x1b[01m\x1b[Kconst unsigned char*\x1b[m\x1b[K\xe2\x80\x99\n'}
[5.664250] (status_display) StderrLine: {'line': b'   19 |                  << "\xe6\x95\xb0\xe6\x8d\xae\xe6\x97\xb6\xe9\x97\xb4: " << \x1b[01;36m\x1b[Kmsg->stamp\x1b[m\x1b[K << " s\\n"\n'}
[5.664340] (status_display) StderrLine: {'line': b'      |                                     \x1b[01;36m\x1b[K~~~~~^~~~~\x1b[m\x1b[K\n'}
[5.664424] (status_display) StderrLine: {'line': b'In file included from \x1b[01m\x1b[K/usr/include/c++/11/iostream:39\x1b[m\x1b[K,\n'}
[5.664507] (status_display) StderrLine: {'line': b'                 from \x1b[01m\x1b[K/opt/ros/humble/include/rclcpp/rclcpp/executor.hpp:22\x1b[m\x1b[K,\n'}
[5.664662] (status_display) StderrLine: {'line': b'                 from \x1b[01m\x1b[K/opt/ros/humble/include/rclcpp/rclcpp/executors/multi_threaded_executor.hpp:25\x1b[m\x1b[K,\n'}
[5.664770] (status_display) StderrLine: {'line': b'                 from \x1b[01m\x1b[K/opt/ros/humble/include/rclcpp/rclcpp/executors.hpp:21\x1b[m\x1b[K,\n'}
[5.664885] (status_display) StderrLine: {'line': b'                 from \x1b[01m\x1b[K/opt/ros/humble/include/rclcpp/rclcpp/rclcpp.hpp:155\x1b[m\x1b[K,\n'}
[5.665003] (status_display) StderrLine: {'line': b'                 from \x1b[01m\x1b[K/home/shenhang/ros_study/chapter3/topic_practice_workspace/src/status_display/src/sys_status_display.cpp:4\x1b[m\x1b[K:\n'}
[5.665125] (status_display) StderrLine: {'line': b'\x1b[01m\x1b[K/usr/include/c++/11/ostream:750:5:\x1b[m\x1b[K \x1b[01;36m\x1b[Knote: \x1b[m\x1b[Kcandidate: \xe2\x80\x98\x1b[01m\x1b[Ktemplate<class _Ostream, class _Tp> _Ostream&& std::operator<<(_Ostream&&, const _Tp&)\x1b[m\x1b[K\xe2\x80\x99\n'}
[5.665251] (-) TimerEvent: {}
[5.665806] (status_display) StderrLine: {'line': b'  750 |     \x1b[01;36m\x1b[Koperator\x1b[m\x1b[K<<(_Ostream&& __os, const _Tp& __x)\n'}
[5.666083] (status_display) StderrLine: {'line': b'      |     \x1b[01;36m\x1b[K^~~~~~~~\x1b[m\x1b[K\n'}
[5.666219] (status_display) StderrLine: {'line': b'\x1b[01m\x1b[K/usr/include/c++/11/ostream:750:5:\x1b[m\x1b[K \x1b[01;36m\x1b[Knote: \x1b[m\x1b[K  template argument deduction/substitution failed:\n'}
[5.666347] (status_display) StderrLine: {'line': b'/usr/include/c++/11/ostream: In substitution of \xe2\x80\x98\x1b[01m\x1b[Ktemplate<class _Ostream, class _Tp> _Ostream&& std::operator<<(_Ostream&&, const _Tp&) [with _Ostream = std::basic_ostream<char>&; _Tp = builtin_interfaces::msg::Time_<std::allocator<void> >]\x1b[m\x1b[K\xe2\x80\x99:\n'}
[5.666515] (status_display) StderrLine: {'line': b'\x1b[01m\x1b[K/home/shenhang/ros_study/chapter3/topic_practice_workspace/src/status_display/src/sys_status_display.cpp:19:46:\x1b[m\x1b[K   required from here\n'}
[5.666740] (status_display) StderrLine: {'line': b'\x1b[01m\x1b[K/usr/include/c++/11/ostream:750:5:\x1b[m\x1b[K \x1b[01;31m\x1b[Kerror: \x1b[m\x1b[Kno type named \xe2\x80\x98\x1b[01m\x1b[Ktype\x1b[m\x1b[K\xe2\x80\x99 in \xe2\x80\x98\x1b[01m\x1b[Kstruct std::enable_if<false, void>\x1b[m\x1b[K\xe2\x80\x99\n'}
[5.666844] (status_display) StderrLine: {'line': b'In file included from \x1b[01m\x1b[K/opt/ros/humble/include/rosidl_runtime_cpp/rosidl_runtime_cpp/traits.hpp:19\x1b[m\x1b[K,\n'}
[5.666945] (status_display) StderrLine: {'line': b'                 from \x1b[01m\x1b[K/opt/ros/humble/include/builtin_interfaces/builtin_interfaces/msg/detail/duration__traits.hpp:15\x1b[m\x1b[K,\n'}
[5.667046] (status_display) StderrLine: {'line': b'                 from \x1b[01m\x1b[K/opt/ros/humble/include/builtin_interfaces/builtin_interfaces/msg/duration.hpp:9\x1b[m\x1b[K,\n'}
[5.667136] (status_display) StderrLine: {'line': b'                 from \x1b[01m\x1b[K/opt/ros/humble/include/rclcpp/rclcpp/duration.hpp:20\x1b[m\x1b[K,\n'}
[5.667223] (status_display) StderrLine: {'line': b'                 from \x1b[01m\x1b[K/opt/ros/humble/include/rclcpp/rclcpp/qos.hpp:20\x1b[m\x1b[K,\n'}
[5.667307] (status_display) StderrLine: {'line': b'                 from \x1b[01m\x1b[K/opt/ros/humble/include/rclcpp/rclcpp/node_interfaces/node_graph_interface.hpp:32\x1b[m\x1b[K,\n'}
[5.667392] (status_display) StderrLine: {'line': b'                 from \x1b[01m\x1b[K/opt/ros/humble/include/rclcpp/rclcpp/client.hpp:42\x1b[m\x1b[K,\n'}
[5.667544] (status_display) StderrLine: {'line': b'                 from \x1b[01m\x1b[K/opt/ros/humble/include/rclcpp/rclcpp/callback_group.hpp:24\x1b[m\x1b[K,\n'}
[5.667755] (status_display) StderrLine: {'line': b'                 from \x1b[01m\x1b[K/opt/ros/humble/include/rclcpp/rclcpp/any_executable.hpp:20\x1b[m\x1b[K,\n'}
[5.667884] (status_display) StderrLine: {'line': b'                 from \x1b[01m\x1b[K/opt/ros/humble/include/rclcpp/rclcpp/memory_strategy.hpp:25\x1b[m\x1b[K,\n'}
[5.667985] (status_display) StderrLine: {'line': b'                 from \x1b[01m\x1b[K/opt/ros/humble/include/rclcpp/rclcpp/memory_strategies.hpp:18\x1b[m\x1b[K,\n'}
[5.668070] (status_display) StderrLine: {'line': b'                 from \x1b[01m\x1b[K/opt/ros/humble/include/rclcpp/rclcpp/executor_options.hpp:20\x1b[m\x1b[K,\n'}
[5.668154] (status_display) StderrLine: {'line': b'                 from \x1b[01m\x1b[K/opt/ros/humble/include/rclcpp/rclcpp/executor.hpp:37\x1b[m\x1b[K,\n'}
[5.668238] (status_display) StderrLine: {'line': b'                 from \x1b[01m\x1b[K/opt/ros/humble/include/rclcpp/rclcpp/executors/multi_threaded_executor.hpp:25\x1b[m\x1b[K,\n'}
[5.668326] (status_display) StderrLine: {'line': b'                 from \x1b[01m\x1b[K/opt/ros/humble/include/rclcpp/rclcpp/executors.hpp:21\x1b[m\x1b[K,\n'}
[5.668448] (status_display) StderrLine: {'line': b'                 from \x1b[01m\x1b[K/opt/ros/humble/include/rclcpp/rclcpp/rclcpp.hpp:155\x1b[m\x1b[K,\n'}
[5.668549] (status_display) StderrLine: {'line': b'                 from \x1b[01m\x1b[K/home/shenhang/ros_study/chapter3/topic_practice_workspace/src/status_display/src/sys_status_display.cpp:4\x1b[m\x1b[K:\n'}
[5.668714] (status_display) StderrLine: {'line': b'\x1b[01m\x1b[K/usr/include/c++/11/iomanip:79:5:\x1b[m\x1b[K \x1b[01;36m\x1b[Knote: \x1b[m\x1b[Kcandidate: \xe2\x80\x98\x1b[01m\x1b[Ktemplate<class _CharT, class _Traits> std::basic_ostream<_CharT, _Traits>& std::operator<<(std::basic_ostream<_CharT, _Traits>&, std::_Resetiosflags)\x1b[m\x1b[K\xe2\x80\x99\n'}
[5.668817] (status_display) StderrLine: {'line': b'   79 |     \x1b[01;36m\x1b[Koperator\x1b[m\x1b[K<<(basic_ostream<_CharT, _Traits>& __os, _Resetiosflags __f)\n'}
[5.668901] (status_display) StderrLine: {'line': b'      |     \x1b[01;36m\x1b[K^~~~~~~~\x1b[m\x1b[K\n'}
[5.668985] (status_display) StderrLine: {'line': b'\x1b[01m\x1b[K/usr/include/c++/11/iomanip:79:5:\x1b[m\x1b[K \x1b[01;36m\x1b[Knote: \x1b[m\x1b[K  template argument deduction/substitution failed:\n'}
[5.669077] (status_display) StderrLine: {'line': b'\x1b[01m\x1b[K/home/shenhang/ros_study/chapter3/topic_practice_workspace/src/status_display/src/sys_status_display.cpp:19:42:\x1b[m\x1b[K \x1b[01;36m\x1b[Knote: \x1b[m\x1b[K  cannot convert \xe2\x80\x98\x1b[01m\x1b[K((const std::__shared_ptr_access<status_interfaces::msg::SystemStatus_<std::allocator<void> >, __gnu_cxx::_S_atomic, false, false>*)(& msg))->std::__shared_ptr_access<status_interfaces::msg::SystemStatus_<std::allocator<void> >, __gnu_cxx::_S_atomic, false, false>::operator->()->status_interfaces::msg::SystemStatus_<std::allocator<void> >::stamp\x1b[m\x1b[K\xe2\x80\x99 (type \xe2\x80\x98\x1b[01m\x1b[Kstatus_interfaces::msg::SystemStatus_<std::allocator<void> >::_stamp_type\x1b[m\x1b[K\xe2\x80\x99 {aka \xe2\x80\x98\x1b[01m\x1b[Kbuiltin_interfaces::msg::Time_<std::allocator<void> >\x1b[m\x1b[K\xe2\x80\x99}) to type \xe2\x80\x98\x1b[01m\x1b[Kstd::_Resetiosflags\x1b[m\x1b[K\xe2\x80\x99\n'}
[5.669177] (status_display) StderrLine: {'line': b'   19 |                  << "\xe6\x95\xb0\xe6\x8d\xae\xe6\x97\xb6\xe9\x97\xb4: " << \x1b[01;36m\x1b[Kmsg->stamp\x1b[m\x1b[K << " s\\n"\n'}
[5.669262] (status_display) StderrLine: {'line': b'      |                                     \x1b[01;36m\x1b[K~~~~~^~~~~\x1b[m\x1b[K\n'}
[5.669347] (status_display) StderrLine: {'line': b'In file included from \x1b[01m\x1b[K/opt/ros/humble/include/rosidl_runtime_cpp/rosidl_runtime_cpp/traits.hpp:19\x1b[m\x1b[K,\n'}
[5.669483] (status_display) StderrLine: {'line': b'                 from \x1b[01m\x1b[K/opt/ros/humble/include/builtin_interfaces/builtin_interfaces/msg/detail/duration__traits.hpp:15\x1b[m\x1b[K,\n'}
[5.669578] (status_display) StderrLine: {'line': b'                 from \x1b[01m\x1b[K/opt/ros/humble/include/builtin_interfaces/builtin_interfaces/msg/duration.hpp:9\x1b[m\x1b[K,\n'}
[5.669753] (status_display) StderrLine: {'line': b'                 from \x1b[01m\x1b[K/opt/ros/humble/include/rclcpp/rclcpp/duration.hpp:20\x1b[m\x1b[K,\n'}
[5.669838] (status_display) StderrLine: {'line': b'                 from \x1b[01m\x1b[K/opt/ros/humble/include/rclcpp/rclcpp/qos.hpp:20\x1b[m\x1b[K,\n'}
[5.669922] (status_display) StderrLine: {'line': b'                 from \x1b[01m\x1b[K/opt/ros/humble/include/rclcpp/rclcpp/node_interfaces/node_graph_interface.hpp:32\x1b[m\x1b[K,\n'}
[5.670005] (status_display) StderrLine: {'line': b'                 from \x1b[01m\x1b[K/opt/ros/humble/include/rclcpp/rclcpp/client.hpp:42\x1b[m\x1b[K,\n'}
[5.670088] (status_display) StderrLine: {'line': b'                 from \x1b[01m\x1b[K/opt/ros/humble/include/rclcpp/rclcpp/callback_group.hpp:24\x1b[m\x1b[K,\n'}
[5.670172] (status_display) StderrLine: {'line': b'                 from \x1b[01m\x1b[K/opt/ros/humble/include/rclcpp/rclcpp/any_executable.hpp:20\x1b[m\x1b[K,\n'}
[5.670255] (status_display) StderrLine: {'line': b'                 from \x1b[01m\x1b[K/opt/ros/humble/include/rclcpp/rclcpp/memory_strategy.hpp:25\x1b[m\x1b[K,\n'}
[5.670343] (status_display) StderrLine: {'line': b'                 from \x1b[01m\x1b[K/opt/ros/humble/include/rclcpp/rclcpp/memory_strategies.hpp:18\x1b[m\x1b[K,\n'}
[5.670458] (status_display) StderrLine: {'line': b'                 from \x1b[01m\x1b[K/opt/ros/humble/include/rclcpp/rclcpp/executor_options.hpp:20\x1b[m\x1b[K,\n'}
[5.670555] (status_display) StderrLine: {'line': b'                 from \x1b[01m\x1b[K/opt/ros/humble/include/rclcpp/rclcpp/executor.hpp:37\x1b[m\x1b[K,\n'}
[5.670715] (status_display) StderrLine: {'line': b'                 from \x1b[01m\x1b[K/opt/ros/humble/include/rclcpp/rclcpp/executors/multi_threaded_executor.hpp:25\x1b[m\x1b[K,\n'}
[5.670829] (status_display) StderrLine: {'line': b'                 from \x1b[01m\x1b[K/opt/ros/humble/include/rclcpp/rclcpp/executors.hpp:21\x1b[m\x1b[K,\n'}
[5.670923] (status_display) StderrLine: {'line': b'                 from \x1b[01m\x1b[K/opt/ros/humble/include/rclcpp/rclcpp/rclcpp.hpp:155\x1b[m\x1b[K,\n'}
[5.671014] (status_display) StderrLine: {'line': b'                 from \x1b[01m\x1b[K/home/shenhang/ros_study/chapter3/topic_practice_workspace/src/status_display/src/sys_status_display.cpp:4\x1b[m\x1b[K:\n'}
[5.671103] (status_display) StderrLine: {'line': b'\x1b[01m\x1b[K/usr/include/c++/11/iomanip:109:5:\x1b[m\x1b[K \x1b[01;36m\x1b[Knote: \x1b[m\x1b[Kcandidate: \xe2\x80\x98\x1b[01m\x1b[Ktemplate<class _CharT, class _Traits> std::basic_ostream<_CharT, _Traits>& std::operator<<(std::basic_ostream<_CharT, _Traits>&, std::_Setiosflags)\x1b[m\x1b[K\xe2\x80\x99\n'}
[5.671228] (status_display) StderrLine: {'line': b'  109 |     \x1b[01;36m\x1b[Koperator\x1b[m\x1b[K<<(basic_ostream<_CharT, _Traits>& __os, _Setiosflags __f)\n'}
[5.671313] (status_display) StderrLine: {'line': b'      |     \x1b[01;36m\x1b[K^~~~~~~~\x1b[m\x1b[K\n'}
[5.671425] (status_display) StderrLine: {'line': b'\x1b[01m\x1b[K/usr/include/c++/11/iomanip:109:5:\x1b[m\x1b[K \x1b[01;36m\x1b[Knote: \x1b[m\x1b[K  template argument deduction/substitution failed:\n'}
[5.671515] (status_display) StderrLine: {'line': b'\x1b[01m\x1b[K/home/shenhang/ros_study/chapter3/topic_practice_workspace/src/status_display/src/sys_status_display.cpp:19:42:\x1b[m\x1b[K \x1b[01;36m\x1b[Knote: \x1b[m\x1b[K  cannot convert \xe2\x80\x98\x1b[01m\x1b[K((const std::__shared_ptr_access<status_interfaces::msg::SystemStatus_<std::allocator<void> >, __gnu_cxx::_S_atomic, false, false>*)(& msg))->std::__shared_ptr_access<status_interfaces::msg::SystemStatus_<std::allocator<void> >, __gnu_cxx::_S_atomic, false, false>::operator->()->status_interfaces::msg::SystemStatus_<std::allocator<void> >::stamp\x1b[m\x1b[K\xe2\x80\x99 (type \xe2\x80\x98\x1b[01m\x1b[Kstatus_interfaces::msg::SystemStatus_<std::allocator<void> >::_stamp_type\x1b[m\x1b[K\xe2\x80\x99 {aka \xe2\x80\x98\x1b[01m\x1b[Kbuiltin_interfaces::msg::Time_<std::allocator<void> >\x1b[m\x1b[K\xe2\x80\x99}) to type \xe2\x80\x98\x1b[01m\x1b[Kstd::_Setiosflags\x1b[m\x1b[K\xe2\x80\x99\n'}
[5.671689] (status_display) StderrLine: {'line': b'   19 |                  << "\xe6\x95\xb0\xe6\x8d\xae\xe6\x97\xb6\xe9\x97\xb4: " << \x1b[01;36m\x1b[Kmsg->stamp\x1b[m\x1b[K << " s\\n"\n'}
[5.671788] (status_display) StderrLine: {'line': b'      |                                     \x1b[01;36m\x1b[K~~~~~^~~~~\x1b[m\x1b[K\n'}
[5.671874] (status_display) StderrLine: {'line': b'In file included from \x1b[01m\x1b[K/opt/ros/humble/include/rosidl_runtime_cpp/rosidl_runtime_cpp/traits.hpp:19\x1b[m\x1b[K,\n'}
[5.671966] (status_display) StderrLine: {'line': b'                 from \x1b[01m\x1b[K/opt/ros/humble/include/builtin_interfaces/builtin_interfaces/msg/detail/duration__traits.hpp:15\x1b[m\x1b[K,\n'}
[5.672056] (status_display) StderrLine: {'line': b'                 from \x1b[01m\x1b[K/opt/ros/humble/include/builtin_interfaces/builtin_interfaces/msg/duration.hpp:9\x1b[m\x1b[K,\n'}
[5.672141] (status_display) StderrLine: {'line': b'                 from \x1b[01m\x1b[K/opt/ros/humble/include/rclcpp/rclcpp/duration.hpp:20\x1b[m\x1b[K,\n'}
[5.672226] (status_display) StderrLine: {'line': b'                 from \x1b[01m\x1b[K/opt/ros/humble/include/rclcpp/rclcpp/qos.hpp:20\x1b[m\x1b[K,\n'}
[5.672327] (status_display) StderrLine: {'line': b'                 from \x1b[01m\x1b[K/opt/ros/humble/include/rclcpp/rclcpp/node_interfaces/node_graph_interface.hpp:32\x1b[m\x1b[K,\n'}
[5.672430] (status_display) StderrLine: {'line': b'                 from \x1b[01m\x1b[K/opt/ros/humble/include/rclcpp/rclcpp/client.hpp:42\x1b[m\x1b[K,\n'}
[5.672516] (status_display) StderrLine: {'line': b'                 from \x1b[01m\x1b[K/opt/ros/humble/include/rclcpp/rclcpp/callback_group.hpp:24\x1b[m\x1b[K,\n'}
[5.672602] (status_display) StderrLine: {'line': b'                 from \x1b[01m\x1b[K/opt/ros/humble/include/rclcpp/rclcpp/any_executable.hpp:20\x1b[m\x1b[K,\n'}
[5.672751] (status_display) StderrLine: {'line': b'                 from \x1b[01m\x1b[K/opt/ros/humble/include/rclcpp/rclcpp/memory_strategy.hpp:25\x1b[m\x1b[K,\n'}
[5.672839] (status_display) StderrLine: {'line': b'                 from \x1b[01m\x1b[K/opt/ros/humble/include/rclcpp/rclcpp/memory_strategies.hpp:18\x1b[m\x1b[K,\n'}
[5.672922] (status_display) StderrLine: {'line': b'                 from \x1b[01m\x1b[K/opt/ros/humble/include/rclcpp/rclcpp/executor_options.hpp:20\x1b[m\x1b[K,\n'}
[5.673005] (status_display) StderrLine: {'line': b'                 from \x1b[01m\x1b[K/opt/ros/humble/include/rclcpp/rclcpp/executor.hpp:37\x1b[m\x1b[K,\n'}
[5.673089] (status_display) StderrLine: {'line': b'                 from \x1b[01m\x1b[K/opt/ros/humble/include/rclcpp/rclcpp/executors/multi_threaded_executor.hpp:25\x1b[m\x1b[K,\n'}
[5.673172] (status_display) StderrLine: {'line': b'                 from \x1b[01m\x1b[K/opt/ros/humble/include/rclcpp/rclcpp/executors.hpp:21\x1b[m\x1b[K,\n'}
[5.673255] (status_display) StderrLine: {'line': b'                 from \x1b[01m\x1b[K/opt/ros/humble/include/rclcpp/rclcpp/rclcpp.hpp:155\x1b[m\x1b[K,\n'}
[5.673363] (status_display) StderrLine: {'line': b'                 from \x1b[01m\x1b[K/home/shenhang/ros_study/chapter3/topic_practice_workspace/src/status_display/src/sys_status_display.cpp:4\x1b[m\x1b[K:\n'}
[5.673450] (status_display) StderrLine: {'line': b'\x1b[01m\x1b[K/usr/include/c++/11/iomanip:143:5:\x1b[m\x1b[K \x1b[01;36m\x1b[Knote: \x1b[m\x1b[Kcandidate: \xe2\x80\x98\x1b[01m\x1b[Ktemplate<class _CharT, class _Traits> std::basic_ostream<_CharT, _Traits>& std::operator<<(std::basic_ostream<_CharT, _Traits>&, std::_Setbase)\x1b[m\x1b[K\xe2\x80\x99\n'}
[5.673537] (status_display) StderrLine: {'line': b'  143 |     \x1b[01;36m\x1b[Koperator\x1b[m\x1b[K<<(basic_ostream<_CharT, _Traits>& __os, _Setbase __f)\n'}
[5.673876] (status_display) StderrLine: {'line': b'      |     \x1b[01;36m\x1b[K^~~~~~~~\x1b[m\x1b[K\n'}
[5.673968] (status_display) StderrLine: {'line': b'\x1b[01m\x1b[K/usr/include/c++/11/iomanip:143:5:\x1b[m\x1b[K \x1b[01;36m\x1b[Knote: \x1b[m\x1b[K  template argument deduction/substitution failed:\n'}
[5.674060] (status_display) StderrLine: {'line': b'\x1b[01m\x1b[K/home/shenhang/ros_study/chapter3/topic_practice_workspace/src/status_display/src/sys_status_display.cpp:19:42:\x1b[m\x1b[K \x1b[01;36m\x1b[Knote: \x1b[m\x1b[K  cannot convert \xe2\x80\x98\x1b[01m\x1b[K((const std::__shared_ptr_access<status_interfaces::msg::SystemStatus_<std::allocator<void> >, __gnu_cxx::_S_atomic, false, false>*)(& msg))->std::__shared_ptr_access<status_interfaces::msg::SystemStatus_<std::allocator<void> >, __gnu_cxx::_S_atomic, false, false>::operator->()->status_interfaces::msg::SystemStatus_<std::allocator<void> >::stamp\x1b[m\x1b[K\xe2\x80\x99 (type \xe2\x80\x98\x1b[01m\x1b[Kstatus_interfaces::msg::SystemStatus_<std::allocator<void> >::_stamp_type\x1b[m\x1b[K\xe2\x80\x99 {aka \xe2\x80\x98\x1b[01m\x1b[Kbuiltin_interfaces::msg::Time_<std::allocator<void> >\x1b[m\x1b[K\xe2\x80\x99}) to type \xe2\x80\x98\x1b[01m\x1b[Kstd::_Setbase\x1b[m\x1b[K\xe2\x80\x99\n'}
[5.674150] (status_display) StderrLine: {'line': b'   19 |                  << "\xe6\x95\xb0\xe6\x8d\xae\xe6\x97\xb6\xe9\x97\xb4: " << \x1b[01;36m\x1b[Kmsg->stamp\x1b[m\x1b[K << " s\\n"\n'}
[5.674234] (status_display) StderrLine: {'line': b'      |                                     \x1b[01;36m\x1b[K~~~~~^~~~~\x1b[m\x1b[K\n'}
[5.674343] (status_display) StderrLine: {'line': b'In file included from \x1b[01m\x1b[K/opt/ros/humble/include/rosidl_runtime_cpp/rosidl_runtime_cpp/traits.hpp:19\x1b[m\x1b[K,\n'}
[5.674435] (status_display) StderrLine: {'line': b'                 from \x1b[01m\x1b[K/opt/ros/humble/include/builtin_interfaces/builtin_interfaces/msg/detail/duration__traits.hpp:15\x1b[m\x1b[K,\n'}
[5.674519] (status_display) StderrLine: {'line': b'                 from \x1b[01m\x1b[K/opt/ros/humble/include/builtin_interfaces/builtin_interfaces/msg/duration.hpp:9\x1b[m\x1b[K,\n'}
[5.674602] (status_display) StderrLine: {'line': b'                 from \x1b[01m\x1b[K/opt/ros/humble/include/rclcpp/rclcpp/duration.hpp:20\x1b[m\x1b[K,\n'}
[5.674984] (status_display) StderrLine: {'line': b'                 from \x1b[01m\x1b[K/opt/ros/humble/include/rclcpp/rclcpp/qos.hpp:20\x1b[m\x1b[K,\n'}
[5.675094] (status_display) StderrLine: {'line': b'                 from \x1b[01m\x1b[K/opt/ros/humble/include/rclcpp/rclcpp/node_interfaces/node_graph_interface.hpp:32\x1b[m\x1b[K,\n'}
[5.675178] (status_display) StderrLine: {'line': b'                 from \x1b[01m\x1b[K/opt/ros/humble/include/rclcpp/rclcpp/client.hpp:42\x1b[m\x1b[K,\n'}
[5.675285] (status_display) StderrLine: {'line': b'                 from \x1b[01m\x1b[K/opt/ros/humble/include/rclcpp/rclcpp/callback_group.hpp:24\x1b[m\x1b[K,\n'}
[5.675377] (status_display) StderrLine: {'line': b'                 from \x1b[01m\x1b[K/opt/ros/humble/include/rclcpp/rclcpp/any_executable.hpp:20\x1b[m\x1b[K,\n'}
[5.675461] (status_display) StderrLine: {'line': b'                 from \x1b[01m\x1b[K/opt/ros/humble/include/rclcpp/rclcpp/memory_strategy.hpp:25\x1b[m\x1b[K,\n'}
[5.675548] (status_display) StderrLine: {'line': b'                 from \x1b[01m\x1b[K/opt/ros/humble/include/rclcpp/rclcpp/memory_strategies.hpp:18\x1b[m\x1b[K,\n'}
[5.675631] (status_display) StderrLine: {'line': b'                 from \x1b[01m\x1b[K/opt/ros/humble/include/rclcpp/rclcpp/executor_options.hpp:20\x1b[m\x1b[K,\n'}
[5.675782] (status_display) StderrLine: {'line': b'                 from \x1b[01m\x1b[K/opt/ros/humble/include/rclcpp/rclcpp/executor.hpp:37\x1b[m\x1b[K,\n'}
[5.675875] (status_display) StderrLine: {'line': b'                 from \x1b[01m\x1b[K/opt/ros/humble/include/rclcpp/rclcpp/executors/multi_threaded_executor.hpp:25\x1b[m\x1b[K,\n'}
[5.675960] (status_display) StderrLine: {'line': b'                 from \x1b[01m\x1b[K/opt/ros/humble/include/rclcpp/rclcpp/executors.hpp:21\x1b[m\x1b[K,\n'}
[5.676042] (status_display) StderrLine: {'line': b'                 from \x1b[01m\x1b[K/opt/ros/humble/include/rclcpp/rclcpp/rclcpp.hpp:155\x1b[m\x1b[K,\n'}
[5.676125] (status_display) StderrLine: {'line': b'                 from \x1b[01m\x1b[K/home/shenhang/ros_study/chapter3/topic_practice_workspace/src/status_display/src/sys_status_display.cpp:4\x1b[m\x1b[K:\n'}
[5.676223] (status_display) StderrLine: {'line': b'\x1b[01m\x1b[K/usr/include/c++/11/iomanip:178:5:\x1b[m\x1b[K \x1b[01;36m\x1b[Knote: \x1b[m\x1b[Kcandidate: \xe2\x80\x98\x1b[01m\x1b[Ktemplate<class _CharT, class _Traits> std::basic_ostream<_CharT, _Traits>& std::operator<<(std::basic_ostream<_CharT, _Traits>&, std::_Setfill<_CharT>)\x1b[m\x1b[K\xe2\x80\x99\n'}
[5.676320] (status_display) StderrLine: {'line': b'  178 |     \x1b[01;36m\x1b[Koperator\x1b[m\x1b[K<<(basic_ostream<_CharT, _Traits>& __os, _Setfill<_CharT> __f)\n'}
[5.676403] (status_display) StderrLine: {'line': b'      |     \x1b[01;36m\x1b[K^~~~~~~~\x1b[m\x1b[K\n'}
[5.676485] (status_display) StderrLine: {'line': b'\x1b[01m\x1b[K/usr/include/c++/11/iomanip:178:5:\x1b[m\x1b[K \x1b[01;36m\x1b[Knote: \x1b[m\x1b[K  template argument deduction/substitution failed:\n'}
[5.676568] (status_display) StderrLine: {'line': b'\x1b[01m\x1b[K/home/shenhang/ros_study/chapter3/topic_practice_workspace/src/status_display/src/sys_status_display.cpp:19:42:\x1b[m\x1b[K \x1b[01;36m\x1b[Knote: \x1b[m\x1b[K  \xe2\x80\x98\x1b[01m\x1b[Kbuiltin_interfaces::msg::Time_<std::allocator<void> >\x1b[m\x1b[K\xe2\x80\x99 is not derived from \xe2\x80\x98\x1b[01m\x1b[Kstd::_Setfill<_CharT>\x1b[m\x1b[K\xe2\x80\x99\n'}
[5.676719] (status_display) StderrLine: {'line': b'   19 |                  << "\xe6\x95\xb0\xe6\x8d\xae\xe6\x97\xb6\xe9\x97\xb4: " << msg->\x1b[01;36m\x1b[Kstamp\x1b[m\x1b[K << " s\\n"\n'}
[5.676816] (status_display) StderrLine: {'line': b'      |                                          \x1b[01;36m\x1b[K^~~~~\x1b[m\x1b[K\n'}
[5.676899] (status_display) StderrLine: {'line': b'In file included from \x1b[01m\x1b[K/opt/ros/humble/include/rosidl_runtime_cpp/rosidl_runtime_cpp/traits.hpp:19\x1b[m\x1b[K,\n'}
[5.676983] (status_display) StderrLine: {'line': b'                 from \x1b[01m\x1b[K/opt/ros/humble/include/builtin_interfaces/builtin_interfaces/msg/detail/duration__traits.hpp:15\x1b[m\x1b[K,\n'}
[5.677071] (status_display) StderrLine: {'line': b'                 from \x1b[01m\x1b[K/opt/ros/humble/include/builtin_interfaces/builtin_interfaces/msg/duration.hpp:9\x1b[m\x1b[K,\n'}
[5.677154] (status_display) StderrLine: {'line': b'                 from \x1b[01m\x1b[K/opt/ros/humble/include/rclcpp/rclcpp/duration.hpp:20\x1b[m\x1b[K,\n'}
[5.677262] (status_display) StderrLine: {'line': b'                 from \x1b[01m\x1b[K/opt/ros/humble/include/rclcpp/rclcpp/qos.hpp:20\x1b[m\x1b[K,\n'}
[5.677348] (status_display) StderrLine: {'line': b'                 from \x1b[01m\x1b[K/opt/ros/humble/include/rclcpp/rclcpp/node_interfaces/node_graph_interface.hpp:32\x1b[m\x1b[K,\n'}
[5.677432] (status_display) StderrLine: {'line': b'                 from \x1b[01m\x1b[K/opt/ros/humble/include/rclcpp/rclcpp/client.hpp:42\x1b[m\x1b[K,\n'}
[5.677515] (status_display) StderrLine: {'line': b'                 from \x1b[01m\x1b[K/opt/ros/humble/include/rclcpp/rclcpp/callback_group.hpp:24\x1b[m\x1b[K,\n'}
[5.677601] (status_display) StderrLine: {'line': b'                 from \x1b[01m\x1b[K/opt/ros/humble/include/rclcpp/rclcpp/any_executable.hpp:20\x1b[m\x1b[K,\n'}
[5.677774] (status_display) StderrLine: {'line': b'                 from \x1b[01m\x1b[K/opt/ros/humble/include/rclcpp/rclcpp/memory_strategy.hpp:25\x1b[m\x1b[K,\n'}
[5.677863] (status_display) StderrLine: {'line': b'                 from \x1b[01m\x1b[K/opt/ros/humble/include/rclcpp/rclcpp/memory_strategies.hpp:18\x1b[m\x1b[K,\n'}
[5.677946] (status_display) StderrLine: {'line': b'                 from \x1b[01m\x1b[K/opt/ros/humble/include/rclcpp/rclcpp/executor_options.hpp:20\x1b[m\x1b[K,\n'}
[5.678031] (status_display) StderrLine: {'line': b'                 from \x1b[01m\x1b[K/opt/ros/humble/include/rclcpp/rclcpp/executor.hpp:37\x1b[m\x1b[K,\n'}
[5.678115] (status_display) StderrLine: {'line': b'                 from \x1b[01m\x1b[K/opt/ros/humble/include/rclcpp/rclcpp/executors/multi_threaded_executor.hpp:25\x1b[m\x1b[K,\n'}
[5.678241] (status_display) StderrLine: {'line': b'                 from \x1b[01m\x1b[K/opt/ros/humble/include/rclcpp/rclcpp/executors.hpp:21\x1b[m\x1b[K,\n'}
[5.678329] (status_display) StderrLine: {'line': b'                 from \x1b[01m\x1b[K/opt/ros/humble/include/rclcpp/rclcpp/rclcpp.hpp:155\x1b[m\x1b[K,\n'}
[5.678414] (status_display) StderrLine: {'line': b'                 from \x1b[01m\x1b[K/home/shenhang/ros_study/chapter3/topic_practice_workspace/src/status_display/src/sys_status_display.cpp:4\x1b[m\x1b[K:\n'}
[5.678501] (status_display) StderrLine: {'line': b'\x1b[01m\x1b[K/usr/include/c++/11/iomanip:208:5:\x1b[m\x1b[K \x1b[01;36m\x1b[Knote: \x1b[m\x1b[Kcandidate: \xe2\x80\x98\x1b[01m\x1b[Ktemplate<class _CharT, class _Traits> std::basic_ostream<_CharT, _Traits>& std::operator<<(std::basic_ostream<_CharT, _Traits>&, std::_Setprecision)\x1b[m\x1b[K\xe2\x80\x99\n'}
[5.678591] (status_display) StderrLine: {'line': b'  208 |     \x1b[01;36m\x1b[Koperator\x1b[m\x1b[K<<(basic_ostream<_CharT, _Traits>& __os, _Setprecision __f)\n'}
[5.678743] (status_display) StderrLine: {'line': b'      |     \x1b[01;36m\x1b[K^~~~~~~~\x1b[m\x1b[K\n'}
[5.678841] (status_display) StderrLine: {'line': b'\x1b[01m\x1b[K/usr/include/c++/11/iomanip:208:5:\x1b[m\x1b[K \x1b[01;36m\x1b[Knote: \x1b[m\x1b[K  template argument deduction/substitution failed:\n'}
[5.678926] (status_display) StderrLine: {'line': b'\x1b[01m\x1b[K/home/shenhang/ros_study/chapter3/topic_practice_workspace/src/status_display/src/sys_status_display.cpp:19:42:\x1b[m\x1b[K \x1b[01;36m\x1b[Knote: \x1b[m\x1b[K  cannot convert \xe2\x80\x98\x1b[01m\x1b[K((const std::__shared_ptr_access<status_interfaces::msg::SystemStatus_<std::allocator<void> >, __gnu_cxx::_S_atomic, false, false>*)(& msg))->std::__shared_ptr_access<status_interfaces::msg::SystemStatus_<std::allocator<void> >, __gnu_cxx::_S_atomic, false, false>::operator->()->status_interfaces::msg::SystemStatus_<std::allocator<void> >::stamp\x1b[m\x1b[K\xe2\x80\x99 (type \xe2\x80\x98\x1b[01m\x1b[Kstatus_interfaces::msg::SystemStatus_<std::allocator<void> >::_stamp_type\x1b[m\x1b[K\xe2\x80\x99 {aka \xe2\x80\x98\x1b[01m\x1b[Kbuiltin_interfaces::msg::Time_<std::allocator<void> >\x1b[m\x1b[K\xe2\x80\x99}) to type \xe2\x80\x98\x1b[01m\x1b[Kstd::_Setprecision\x1b[m\x1b[K\xe2\x80\x99\n'}
[5.679025] (status_display) StderrLine: {'line': b'   19 |                  << "\xe6\x95\xb0\xe6\x8d\xae\xe6\x97\xb6\xe9\x97\xb4: " << \x1b[01;36m\x1b[Kmsg->stamp\x1b[m\x1b[K << " s\\n"\n'}
[5.679109] (status_display) StderrLine: {'line': b'      |                                     \x1b[01;36m\x1b[K~~~~~^~~~~\x1b[m\x1b[K\n'}
[5.679217] (status_display) StderrLine: {'line': b'In file included from \x1b[01m\x1b[K/opt/ros/humble/include/rosidl_runtime_cpp/rosidl_runtime_cpp/traits.hpp:19\x1b[m\x1b[K,\n'}
[5.679304] (status_display) StderrLine: {'line': b'                 from \x1b[01m\x1b[K/opt/ros/humble/include/builtin_interfaces/builtin_interfaces/msg/detail/duration__traits.hpp:15\x1b[m\x1b[K,\n'}
[5.679387] (status_display) StderrLine: {'line': b'                 from \x1b[01m\x1b[K/opt/ros/humble/include/builtin_interfaces/builtin_interfaces/msg/duration.hpp:9\x1b[m\x1b[K,\n'}
[5.679470] (status_display) StderrLine: {'line': b'                 from \x1b[01m\x1b[K/opt/ros/humble/include/rclcpp/rclcpp/duration.hpp:20\x1b[m\x1b[K,\n'}
[5.679553] (status_display) StderrLine: {'line': b'                 from \x1b[01m\x1b[K/opt/ros/humble/include/rclcpp/rclcpp/qos.hpp:20\x1b[m\x1b[K,\n'}
[5.679826] (status_display) StderrLine: {'line': b'                 from \x1b[01m\x1b[K/opt/ros/humble/include/rclcpp/rclcpp/node_interfaces/node_graph_interface.hpp:32\x1b[m\x1b[K,\n'}
[5.679917] (status_display) StderrLine: {'line': b'                 from \x1b[01m\x1b[K/opt/ros/humble/include/rclcpp/rclcpp/client.hpp:42\x1b[m\x1b[K,\n'}
[5.680002] (status_display) StderrLine: {'line': b'                 from \x1b[01m\x1b[K/opt/ros/humble/include/rclcpp/rclcpp/callback_group.hpp:24\x1b[m\x1b[K,\n'}
[5.680093] (status_display) StderrLine: {'line': b'                 from \x1b[01m\x1b[K/opt/ros/humble/include/rclcpp/rclcpp/any_executable.hpp:20\x1b[m\x1b[K,\n'}
[5.680213] (status_display) StderrLine: {'line': b'                 from \x1b[01m\x1b[K/opt/ros/humble/include/rclcpp/rclcpp/memory_strategy.hpp:25\x1b[m\x1b[K,\n'}
[5.680299] (status_display) StderrLine: {'line': b'                 from \x1b[01m\x1b[K/opt/ros/humble/include/rclcpp/rclcpp/memory_strategies.hpp:18\x1b[m\x1b[K,\n'}
[5.680382] (status_display) StderrLine: {'line': b'                 from \x1b[01m\x1b[K/opt/ros/humble/include/rclcpp/rclcpp/executor_options.hpp:20\x1b[m\x1b[K,\n'}
[5.680465] (status_display) StderrLine: {'line': b'                 from \x1b[01m\x1b[K/opt/ros/humble/include/rclcpp/rclcpp/executor.hpp:37\x1b[m\x1b[K,\n'}
[5.680548] (status_display) StderrLine: {'line': b'                 from \x1b[01m\x1b[K/opt/ros/humble/include/rclcpp/rclcpp/executors/multi_threaded_executor.hpp:25\x1b[m\x1b[K,\n'}
[5.680700] (status_display) StderrLine: {'line': b'                 from \x1b[01m\x1b[K/opt/ros/humble/include/rclcpp/rclcpp/executors.hpp:21\x1b[m\x1b[K,\n'}
[5.680788] (status_display) StderrLine: {'line': b'                 from \x1b[01m\x1b[K/opt/ros/humble/include/rclcpp/rclcpp/rclcpp.hpp:155\x1b[m\x1b[K,\n'}
[5.680874] (status_display) StderrLine: {'line': b'                 from \x1b[01m\x1b[K/home/shenhang/ros_study/chapter3/topic_practice_workspace/src/status_display/src/sys_status_display.cpp:4\x1b[m\x1b[K:\n'}
[5.680970] (status_display) StderrLine: {'line': b'\x1b[01m\x1b[K/usr/include/c++/11/iomanip:238:5:\x1b[m\x1b[K \x1b[01;36m\x1b[Knote: \x1b[m\x1b[Kcandidate: \xe2\x80\x98\x1b[01m\x1b[Ktemplate<class _CharT, class _Traits> std::basic_ostream<_CharT, _Traits>& std::operator<<(std::basic_ostream<_CharT, _Traits>&, std::_Setw)\x1b[m\x1b[K\xe2\x80\x99\n'}
[5.681058] (status_display) StderrLine: {'line': b'  238 |     \x1b[01;36m\x1b[Koperator\x1b[m\x1b[K<<(basic_ostream<_CharT, _Traits>& __os, _Setw __f)\n'}
[5.681169] (status_display) StderrLine: {'line': b'      |     \x1b[01;36m\x1b[K^~~~~~~~\x1b[m\x1b[K\n'}
[5.681256] (status_display) StderrLine: {'line': b'\x1b[01m\x1b[K/usr/include/c++/11/iomanip:238:5:\x1b[m\x1b[K \x1b[01;36m\x1b[Knote: \x1b[m\x1b[K  template argument deduction/substitution failed:\n'}
[5.681340] (status_display) StderrLine: {'line': b'\x1b[01m\x1b[K/home/shenhang/ros_study/chapter3/topic_practice_workspace/src/status_display/src/sys_status_display.cpp:19:42:\x1b[m\x1b[K \x1b[01;36m\x1b[Knote: \x1b[m\x1b[K  cannot convert \xe2\x80\x98\x1b[01m\x1b[K((const std::__shared_ptr_access<status_interfaces::msg::SystemStatus_<std::allocator<void> >, __gnu_cxx::_S_atomic, false, false>*)(& msg))->std::__shared_ptr_access<status_interfaces::msg::SystemStatus_<std::allocator<void> >, __gnu_cxx::_S_atomic, false, false>::operator->()->status_interfaces::msg::SystemStatus_<std::allocator<void> >::stamp\x1b[m\x1b[K\xe2\x80\x99 (type \xe2\x80\x98\x1b[01m\x1b[Kstatus_interfaces::msg::SystemStatus_<std::allocator<void> >::_stamp_type\x1b[m\x1b[K\xe2\x80\x99 {aka \xe2\x80\x98\x1b[01m\x1b[Kbuiltin_interfaces::msg::Time_<std::allocator<void> >\x1b[m\x1b[K\xe2\x80\x99}) to type \xe2\x80\x98\x1b[01m\x1b[Kstd::_Setw\x1b[m\x1b[K\xe2\x80\x99\n'}
[5.681433] (status_display) StderrLine: {'line': b'   19 |                  << "\xe6\x95\xb0\xe6\x8d\xae\xe6\x97\xb6\xe9\x97\xb4: " << \x1b[01;36m\x1b[Kmsg->stamp\x1b[m\x1b[K << " s\\n"\n'}
[5.681525] (status_display) StderrLine: {'line': b'      |                                     \x1b[01;36m\x1b[K~~~~~^~~~~\x1b[m\x1b[K\n'}
[5.681612] (status_display) StderrLine: {'line': b'In file included from \x1b[01m\x1b[K/opt/ros/humble/include/rosidl_runtime_cpp/rosidl_runtime_cpp/traits.hpp:19\x1b[m\x1b[K,\n'}
[5.681775] (status_display) StderrLine: {'line': b'                 from \x1b[01m\x1b[K/opt/ros/humble/include/builtin_interfaces/builtin_interfaces/msg/detail/duration__traits.hpp:15\x1b[m\x1b[K,\n'}
[5.681862] (status_display) StderrLine: {'line': b'                 from \x1b[01m\x1b[K/opt/ros/humble/include/builtin_interfaces/builtin_interfaces/msg/duration.hpp:9\x1b[m\x1b[K,\n'}
[5.681946] (status_display) StderrLine: {'line': b'                 from \x1b[01m\x1b[K/opt/ros/humble/include/rclcpp/rclcpp/duration.hpp:20\x1b[m\x1b[K,\n'}
[5.682056] (status_display) StderrLine: {'line': b'                 from \x1b[01m\x1b[K/opt/ros/humble/include/rclcpp/rclcpp/qos.hpp:20\x1b[m\x1b[K,\n'}
[5.682168] (status_display) StderrLine: {'line': b'                 from \x1b[01m\x1b[K/opt/ros/humble/include/rclcpp/rclcpp/node_interfaces/node_graph_interface.hpp:32\x1b[m\x1b[K,\n'}
[5.682253] (status_display) StderrLine: {'line': b'                 from \x1b[01m\x1b[K/opt/ros/humble/include/rclcpp/rclcpp/client.hpp:42\x1b[m\x1b[K,\n'}
[5.682336] (status_display) StderrLine: {'line': b'                 from \x1b[01m\x1b[K/opt/ros/humble/include/rclcpp/rclcpp/callback_group.hpp:24\x1b[m\x1b[K,\n'}
[5.682419] (status_display) StderrLine: {'line': b'                 from \x1b[01m\x1b[K/opt/ros/humble/include/rclcpp/rclcpp/any_executable.hpp:20\x1b[m\x1b[K,\n'}
[5.682503] (status_display) StderrLine: {'line': b'                 from \x1b[01m\x1b[K/opt/ros/humble/include/rclcpp/rclcpp/memory_strategy.hpp:25\x1b[m\x1b[K,\n'}
[5.682589] (status_display) StderrLine: {'line': b'                 from \x1b[01m\x1b[K/opt/ros/humble/include/rclcpp/rclcpp/memory_strategies.hpp:18\x1b[m\x1b[K,\n'}
[5.682768] (status_display) StderrLine: {'line': b'                 from \x1b[01m\x1b[K/opt/ros/humble/include/rclcpp/rclcpp/executor_options.hpp:20\x1b[m\x1b[K,\n'}
[5.682869] (status_display) StderrLine: {'line': b'                 from \x1b[01m\x1b[K/opt/ros/humble/include/rclcpp/rclcpp/executor.hpp:37\x1b[m\x1b[K,\n'}
[5.682954] (status_display) StderrLine: {'line': b'                 from \x1b[01m\x1b[K/opt/ros/humble/include/rclcpp/rclcpp/executors/multi_threaded_executor.hpp:25\x1b[m\x1b[K,\n'}
[5.683071] (status_display) StderrLine: {'line': b'                 from \x1b[01m\x1b[K/opt/ros/humble/include/rclcpp/rclcpp/executors.hpp:21\x1b[m\x1b[K,\n'}
[5.683173] (status_display) StderrLine: {'line': b'                 from \x1b[01m\x1b[K/opt/ros/humble/include/rclcpp/rclcpp/rclcpp.hpp:155\x1b[m\x1b[K,\n'}
[5.683257] (status_display) StderrLine: {'line': b'                 from \x1b[01m\x1b[K/home/shenhang/ros_study/chapter3/topic_practice_workspace/src/status_display/src/sys_status_display.cpp:4\x1b[m\x1b[K:\n'}
[5.683346] (status_display) StderrLine: {'line': b'\x1b[01m\x1b[K/usr/include/c++/11/iomanip:311:5:\x1b[m\x1b[K \x1b[01;36m\x1b[Knote: \x1b[m\x1b[Kcandidate: \xe2\x80\x98\x1b[01m\x1b[Ktemplate<class _CharT, class _Traits, class _MoneyT> std::basic_ostream<_CharT, _Traits>& std::operator<<(std::basic_ostream<_CharT, _Traits>&, std::_Put_money<_MoneyT>)\x1b[m\x1b[K\xe2\x80\x99\n'}
[5.683433] (status_display) StderrLine: {'line': b'  311 |     \x1b[01;36m\x1b[Koperator\x1b[m\x1b[K<<(basic_ostream<_CharT, _Traits>& __os, _Put_money<_MoneyT> __f)\n'}
[5.683517] (status_display) StderrLine: {'line': b'      |     \x1b[01;36m\x1b[K^~~~~~~~\x1b[m\x1b[K\n'}
[5.683603] (status_display) StderrLine: {'line': b'\x1b[01m\x1b[K/usr/include/c++/11/iomanip:311:5:\x1b[m\x1b[K \x1b[01;36m\x1b[Knote: \x1b[m\x1b[K  template argument deduction/substitution failed:\n'}
[5.683760] (status_display) StderrLine: {'line': b'\x1b[01m\x1b[K/home/shenhang/ros_study/chapter3/topic_practice_workspace/src/status_display/src/sys_status_display.cpp:19:42:\x1b[m\x1b[K \x1b[01;36m\x1b[Knote: \x1b[m\x1b[K  \xe2\x80\x98\x1b[01m\x1b[Kbuiltin_interfaces::msg::Time_<std::allocator<void> >\x1b[m\x1b[K\xe2\x80\x99 is not derived from \xe2\x80\x98\x1b[01m\x1b[Kstd::_Put_money<_MoneyT>\x1b[m\x1b[K\xe2\x80\x99\n'}
[5.683852] (status_display) StderrLine: {'line': b'   19 |                  << "\xe6\x95\xb0\xe6\x8d\xae\xe6\x97\xb6\xe9\x97\xb4: " << msg->\x1b[01;36m\x1b[Kstamp\x1b[m\x1b[K << " s\\n"\n'}
[5.683936] (status_display) StderrLine: {'line': b'      |                                          \x1b[01;36m\x1b[K^~~~~\x1b[m\x1b[K\n'}
[5.684124] (status_display) StderrLine: {'line': b'In file included from \x1b[01m\x1b[K/opt/ros/humble/include/rosidl_runtime_cpp/rosidl_runtime_cpp/traits.hpp:19\x1b[m\x1b[K,\n'}
[5.684225] (status_display) StderrLine: {'line': b'                 from \x1b[01m\x1b[K/opt/ros/humble/include/builtin_interfaces/builtin_interfaces/msg/detail/duration__traits.hpp:15\x1b[m\x1b[K,\n'}
[5.684310] (status_display) StderrLine: {'line': b'                 from \x1b[01m\x1b[K/opt/ros/humble/include/builtin_interfaces/builtin_interfaces/msg/duration.hpp:9\x1b[m\x1b[K,\n'}
[5.684393] (status_display) StderrLine: {'line': b'                 from \x1b[01m\x1b[K/opt/ros/humble/include/rclcpp/rclcpp/duration.hpp:20\x1b[m\x1b[K,\n'}
[5.684476] (status_display) StderrLine: {'line': b'                 from \x1b[01m\x1b[K/opt/ros/humble/include/rclcpp/rclcpp/qos.hpp:20\x1b[m\x1b[K,\n'}
[5.684559] (status_display) StderrLine: {'line': b'                 from \x1b[01m\x1b[K/opt/ros/humble/include/rclcpp/rclcpp/node_interfaces/node_graph_interface.hpp:32\x1b[m\x1b[K,\n'}
[5.684701] (status_display) StderrLine: {'line': b'                 from \x1b[01m\x1b[K/opt/ros/humble/include/rclcpp/rclcpp/client.hpp:42\x1b[m\x1b[K,\n'}
[5.684787] (status_display) StderrLine: {'line': b'                 from \x1b[01m\x1b[K/opt/ros/humble/include/rclcpp/rclcpp/callback_group.hpp:24\x1b[m\x1b[K,\n'}
[5.684870] (status_display) StderrLine: {'line': b'                 from \x1b[01m\x1b[K/opt/ros/humble/include/rclcpp/rclcpp/any_executable.hpp:20\x1b[m\x1b[K,\n'}
[5.684967] (status_display) StderrLine: {'line': b'                 from \x1b[01m\x1b[K/opt/ros/humble/include/rclcpp/rclcpp/memory_strategy.hpp:25\x1b[m\x1b[K,\n'}
[5.685096] (status_display) StderrLine: {'line': b'                 from \x1b[01m\x1b[K/opt/ros/humble/include/rclcpp/rclcpp/memory_strategies.hpp:18\x1b[m\x1b[K,\n'}
[5.685182] (status_display) StderrLine: {'line': b'                 from \x1b[01m\x1b[K/opt/ros/humble/include/rclcpp/rclcpp/executor_options.hpp:20\x1b[m\x1b[K,\n'}
[5.685271] (status_display) StderrLine: {'line': b'                 from \x1b[01m\x1b[K/opt/ros/humble/include/rclcpp/rclcpp/executor.hpp:37\x1b[m\x1b[K,\n'}
[5.685355] (status_display) StderrLine: {'line': b'                 from \x1b[01m\x1b[K/opt/ros/humble/include/rclcpp/rclcpp/executors/multi_threaded_executor.hpp:25\x1b[m\x1b[K,\n'}
[5.685443] (status_display) StderrLine: {'line': b'                 from \x1b[01m\x1b[K/opt/ros/humble/include/rclcpp/rclcpp/executors.hpp:21\x1b[m\x1b[K,\n'}
[5.685526] (status_display) StderrLine: {'line': b'                 from \x1b[01m\x1b[K/opt/ros/humble/include/rclcpp/rclcpp/rclcpp.hpp:155\x1b[m\x1b[K,\n'}
[5.685658] (status_display) StderrLine: {'line': b'                 from \x1b[01m\x1b[K/home/shenhang/ros_study/chapter3/topic_practice_workspace/src/status_display/src/sys_status_display.cpp:4\x1b[m\x1b[K:\n'}
[5.685762] (status_display) StderrLine: {'line': b'\x1b[01m\x1b[K/usr/include/c++/11/iomanip:363:5:\x1b[m\x1b[K \x1b[01;36m\x1b[Knote: \x1b[m\x1b[Kcandidate: \xe2\x80\x98\x1b[01m\x1b[Ktemplate<class _CharT, class _Traits> std::basic_ostream<_CharT, _Traits>& std::operator<<(std::basic_ostream<_CharT, _Traits>&, std::_Put_time<_CharT>)\x1b[m\x1b[K\xe2\x80\x99\n'}
[5.685848] (status_display) StderrLine: {'line': b'  363 |     \x1b[01;36m\x1b[Koperator\x1b[m\x1b[K<<(basic_ostream<_CharT, _Traits>& __os, _Put_time<_CharT> __f)\n'}
[5.685931] (status_display) StderrLine: {'line': b'      |     \x1b[01;36m\x1b[K^~~~~~~~\x1b[m\x1b[K\n'}
[5.686040] (status_display) StderrLine: {'line': b'\x1b[01m\x1b[K/usr/include/c++/11/iomanip:363:5:\x1b[m\x1b[K \x1b[01;36m\x1b[Knote: \x1b[m\x1b[K  template argument deduction/substitution failed:\n'}
[5.686127] (status_display) StderrLine: {'line': b'\x1b[01m\x1b[K/home/shenhang/ros_study/chapter3/topic_practice_workspace/src/status_display/src/sys_status_display.cpp:19:42:\x1b[m\x1b[K \x1b[01;36m\x1b[Knote: \x1b[m\x1b[K  \xe2\x80\x98\x1b[01m\x1b[Kbuiltin_interfaces::msg::Time_<std::allocator<void> >\x1b[m\x1b[K\xe2\x80\x99 is not derived from \xe2\x80\x98\x1b[01m\x1b[Kstd::_Put_time<_CharT>\x1b[m\x1b[K\xe2\x80\x99\n'}
[5.686219] (status_display) StderrLine: {'line': b'   19 |                  << "\xe6\x95\xb0\xe6\x8d\xae\xe6\x97\xb6\xe9\x97\xb4: " << msg->\x1b[01;36m\x1b[Kstamp\x1b[m\x1b[K << " s\\n"\n'}
[5.686304] (status_display) StderrLine: {'line': b'      |                                          \x1b[01;36m\x1b[K^~~~~\x1b[m\x1b[K\n'}
[5.686387] (status_display) StderrLine: {'line': b'In file included from \x1b[01m\x1b[K/usr/include/x86_64-linux-gnu/qt5/QtCore/qstring.h:49\x1b[m\x1b[K,\n'}
[5.686473] (status_display) StderrLine: {'line': b'                 from \x1b[01m\x1b[K/usr/include/x86_64-linux-gnu/qt5/QtCore/qcoreapplication.h:44\x1b[m\x1b[K,\n'}
[5.686556] (status_display) StderrLine: {'line': b'                 from \x1b[01m\x1b[K/usr/include/x86_64-linux-gnu/qt5/QtWidgets/qapplication.h:44\x1b[m\x1b[K,\n'}
[5.686727] (status_display) StderrLine: {'line': b'                 from \x1b[01m\x1b[K/usr/include/x86_64-linux-gnu/qt5/QtWidgets/QApplication:1\x1b[m\x1b[K,\n'}
[5.686818] (status_display) StderrLine: {'line': b'                 from \x1b[01m\x1b[K/home/shenhang/ros_study/chapter3/topic_practice_workspace/src/status_display/src/sys_status_display.cpp:1\x1b[m\x1b[K:\n'}
[5.686903] (status_display) StderrLine: {'line': b'\x1b[01m\x1b[K/usr/include/x86_64-linux-gnu/qt5/QtCore/qchar.h:662:28:\x1b[m\x1b[K \x1b[01;36m\x1b[Knote: \x1b[m\x1b[Kcandidate: \xe2\x80\x98\x1b[01m\x1b[KQDataStream& operator<<(QDataStream&, QChar)\x1b[m\x1b[K\xe2\x80\x99\n'}
[5.687018] (status_display) StderrLine: {'line': b'  662 | Q_CORE_EXPORT QDataStream &\x1b[01;36m\x1b[Koperator\x1b[m\x1b[K<<(QDataStream &, QChar);\n'}
[5.687104] (status_display) StderrLine: {'line': b'      |                            \x1b[01;36m\x1b[K^~~~~~~~\x1b[m\x1b[K\n'}
[5.687187] (status_display) StderrLine: {'line': b'\x1b[01m\x1b[K/usr/include/x86_64-linux-gnu/qt5/QtCore/qchar.h:662:39:\x1b[m\x1b[K \x1b[01;36m\x1b[Knote: \x1b[m\x1b[K  no known conversion for argument 1 from \xe2\x80\x98\x1b[01m\x1b[Kstd::basic_ostream<char>\x1b[m\x1b[K\xe2\x80\x99 to \xe2\x80\x98\x1b[01m\x1b[KQDataStream&\x1b[m\x1b[K\xe2\x80\x99\n'}
[5.687272] (status_display) StderrLine: {'line': b'  662 | Q_CORE_EXPORT QDataStream &operator<<(\x1b[01;36m\x1b[KQDataStream &\x1b[m\x1b[K, QChar);\n'}
[5.687355] (status_display) StderrLine: {'line': b'      |                                       \x1b[01;36m\x1b[K^~~~~~~~~~~~~\x1b[m\x1b[K\n'}
[5.687437] (status_display) StderrLine: {'line': b'In file included from \x1b[01m\x1b[K/usr/include/x86_64-linux-gnu/qt5/QtCore/qstring.h:50\x1b[m\x1b[K,\n'}
[5.687520] (status_display) StderrLine: {'line': b'                 from \x1b[01m\x1b[K/usr/include/x86_64-linux-gnu/qt5/QtCore/qcoreapplication.h:44\x1b[m\x1b[K,\n'}
[5.687606] (status_display) StderrLine: {'line': b'                 from \x1b[01m\x1b[K/usr/include/x86_64-linux-gnu/qt5/QtWidgets/qapplication.h:44\x1b[m\x1b[K,\n'}
[5.687753] (status_display) StderrLine: {'line': b'                 from \x1b[01m\x1b[K/usr/include/x86_64-linux-gnu/qt5/QtWidgets/QApplication:1\x1b[m\x1b[K,\n'}
[5.687840] (status_display) StderrLine: {'line': b'                 from \x1b[01m\x1b[K/home/shenhang/ros_study/chapter3/topic_practice_workspace/src/status_display/src/sys_status_display.cpp:1\x1b[m\x1b[K:\n'}
[5.687938] (status_display) StderrLine: {'line': b'\x1b[01m\x1b[K/usr/include/x86_64-linux-gnu/qt5/QtCore/qbytearray.h:759:28:\x1b[m\x1b[K \x1b[01;36m\x1b[Knote: \x1b[m\x1b[Kcandidate: \xe2\x80\x98\x1b[01m\x1b[KQDataStream& operator<<(QDataStream&, const QByteArray&)\x1b[m\x1b[K\xe2\x80\x99\n'}
[5.688037] (status_display) StderrLine: {'line': b'  759 | Q_CORE_EXPORT QDataStream &\x1b[01;36m\x1b[Koperator\x1b[m\x1b[K<<(QDataStream &, const QByteArray &);\n'}
[5.688122] (status_display) StderrLine: {'line': b'      |                            \x1b[01;36m\x1b[K^~~~~~~~\x1b[m\x1b[K\n'}
[5.688206] (status_display) StderrLine: {'line': b'\x1b[01m\x1b[K/usr/include/x86_64-linux-gnu/qt5/QtCore/qbytearray.h:759:39:\x1b[m\x1b[K \x1b[01;36m\x1b[Knote: \x1b[m\x1b[K  no known conversion for argument 1 from \xe2\x80\x98\x1b[01m\x1b[Kstd::basic_ostream<char>\x1b[m\x1b[K\xe2\x80\x99 to \xe2\x80\x98\x1b[01m\x1b[KQDataStream&\x1b[m\x1b[K\xe2\x80\x99\n'}
[5.688291] (status_display) StderrLine: {'line': b'  759 | Q_CORE_EXPORT QDataStream &operator<<(\x1b[01;36m\x1b[KQDataStream &\x1b[m\x1b[K, const QByteArray &);\n'}
[5.688373] (status_display) StderrLine: {'line': b'      |                                       \x1b[01;36m\x1b[K^~~~~~~~~~~~~\x1b[m\x1b[K\n'}
[5.688456] (status_display) StderrLine: {'line': b'In file included from \x1b[01m\x1b[K/usr/include/x86_64-linux-gnu/qt5/QtCore/qcoreapplication.h:44\x1b[m\x1b[K,\n'}
[5.688547] (status_display) StderrLine: {'line': b'                 from \x1b[01m\x1b[K/usr/include/x86_64-linux-gnu/qt5/QtWidgets/qapplication.h:44\x1b[m\x1b[K,\n'}
[5.688682] (status_display) StderrLine: {'line': b'                 from \x1b[01m\x1b[K/usr/include/x86_64-linux-gnu/qt5/QtWidgets/QApplication:1\x1b[m\x1b[K,\n'}
[5.688789] (status_display) StderrLine: {'line': b'                 from \x1b[01m\x1b[K/home/shenhang/ros_study/chapter3/topic_practice_workspace/src/status_display/src/sys_status_display.cpp:1\x1b[m\x1b[K:\n'}
[5.688873] (status_display) StderrLine: {'line': b'\x1b[01m\x1b[K/usr/include/x86_64-linux-gnu/qt5/QtCore/qstring.h:1594:28:\x1b[m\x1b[K \x1b[01;36m\x1b[Knote: \x1b[m\x1b[Kcandidate: \xe2\x80\x98\x1b[01m\x1b[KQDataStream& operator<<(QDataStream&, const QString&)\x1b[m\x1b[K\xe2\x80\x99\n'}
[5.688987] (status_display) StderrLine: {'line': b' 1594 | Q_CORE_EXPORT QDataStream &\x1b[01;36m\x1b[Koperator\x1b[m\x1b[K<<(QDataStream &, const QString &);\n'}
[5.689073] (status_display) StderrLine: {'line': b'      |                            \x1b[01;36m\x1b[K^~~~~~~~\x1b[m\x1b[K\n'}
[5.689157] (status_display) StderrLine: {'line': b'\x1b[01m\x1b[K/usr/include/x86_64-linux-gnu/qt5/QtCore/qstring.h:1594:39:\x1b[m\x1b[K \x1b[01;36m\x1b[Knote: \x1b[m\x1b[K  no known conversion for argument 1 from \xe2\x80\x98\x1b[01m\x1b[Kstd::basic_ostream<char>\x1b[m\x1b[K\xe2\x80\x99 to \xe2\x80\x98\x1b[01m\x1b[KQDataStream&\x1b[m\x1b[K\xe2\x80\x99\n'}
[5.689241] (status_display) StderrLine: {'line': b' 1594 | Q_CORE_EXPORT QDataStream &operator<<(\x1b[01;36m\x1b[KQDataStream &\x1b[m\x1b[K, const QString &);\n'}
[5.689330] (status_display) StderrLine: {'line': b'      |                                       \x1b[01;36m\x1b[K^~~~~~~~~~~~~\x1b[m\x1b[K\n'}
[5.689414] (status_display) StderrLine: {'line': b'In file included from \x1b[01m\x1b[K/usr/include/x86_64-linux-gnu/qt5/QtCore/qstringlist.h:48\x1b[m\x1b[K,\n'}
[5.689500] (status_display) StderrLine: {'line': b'                 from \x1b[01m\x1b[K/usr/include/x86_64-linux-gnu/qt5/QtCore/qlist.h:1196\x1b[m\x1b[K,\n'}
[5.689586] (status_display) StderrLine: {'line': b'                 from \x1b[01m\x1b[K/usr/include/x86_64-linux-gnu/qt5/QtCore/qobject.h:49\x1b[m\x1b[K,\n'}
[5.689718] (status_display) StderrLine: {'line': b'                 from \x1b[01m\x1b[K/usr/include/x86_64-linux-gnu/qt5/QtCore/qcoreapplication.h:46\x1b[m\x1b[K,\n'}
[5.689803] (status_display) StderrLine: {'line': b'                 from \x1b[01m\x1b[K/usr/include/x86_64-linux-gnu/qt5/QtWidgets/qapplication.h:44\x1b[m\x1b[K,\n'}
[5.689905] (status_display) StderrLine: {'line': b'                 from \x1b[01m\x1b[K/usr/include/x86_64-linux-gnu/qt5/QtWidgets/QApplication:1\x1b[m\x1b[K,\n'}
[5.689995] (status_display) StderrLine: {'line': b'                 from \x1b[01m\x1b[K/home/shenhang/ros_study/chapter3/topic_practice_workspace/src/status_display/src/sys_status_display.cpp:1\x1b[m\x1b[K:\n'}
[5.690079] (status_display) StderrLine: {'line': b'\x1b[01m\x1b[K/usr/include/x86_64-linux-gnu/qt5/QtCore/qregexp.h:122:28:\x1b[m\x1b[K \x1b[01;36m\x1b[Knote: \x1b[m\x1b[Kcandidate: \xe2\x80\x98\x1b[01m\x1b[KQDataStream& operator<<(QDataStream&, const QRegExp&)\x1b[m\x1b[K\xe2\x80\x99\n'}
[5.690163] (status_display) StderrLine: {'line': b'  122 | Q_CORE_EXPORT QDataStream &\x1b[01;36m\x1b[Koperator\x1b[m\x1b[K<<(QDataStream &out, const QRegExp &regExp);\n'}
[5.690247] (status_display) StderrLine: {'line': b'      |                            \x1b[01;36m\x1b[K^~~~~~~~\x1b[m\x1b[K\n'}
[5.690330] (status_display) StderrLine: {'line': b'\x1b[01m\x1b[K/usr/include/x86_64-linux-gnu/qt5/QtCore/qregexp.h:122:52:\x1b[m\x1b[K \x1b[01;36m\x1b[Knote: \x1b[m\x1b[K  no known conversion for argument 1 from \xe2\x80\x98\x1b[01m\x1b[Kstd::basic_ostream<char>\x1b[m\x1b[K\xe2\x80\x99 to \xe2\x80\x98\x1b[01m\x1b[KQDataStream&\x1b[m\x1b[K\xe2\x80\x99\n'}
[5.690414] (status_display) StderrLine: {'line': b'  122 | Q_CORE_EXPORT QDataStream &operator<<(\x1b[01;36m\x1b[KQDataStream &out\x1b[m\x1b[K, const QRegExp &regExp);\n'}
[5.690497] (status_display) StderrLine: {'line': b'      |                                       \x1b[01;36m\x1b[K~~~~~~~~~~~~~^~~\x1b[m\x1b[K\n'}
[5.690583] (status_display) StderrLine: {'line': b'\x1b[01m\x1b[K/usr/include/x86_64-linux-gnu/qt5/QtCore/qregexp.h:127:22:\x1b[m\x1b[K \x1b[01;36m\x1b[Knote: \x1b[m\x1b[Kcandidate: \xe2\x80\x98\x1b[01m\x1b[KQDebug operator<<(QDebug, const QRegExp&)\x1b[m\x1b[K\xe2\x80\x99\n'}
[5.690745] (status_display) StderrLine: {'line': b'  127 | Q_CORE_EXPORT QDebug \x1b[01;36m\x1b[Koperator\x1b[m\x1b[K<<(QDebug, const QRegExp &);\n'}
[5.690834] (status_display) StderrLine: {'line': b'      |                      \x1b[01;36m\x1b[K^~~~~~~~\x1b[m\x1b[K\n'}
[5.690948] (status_display) StderrLine: {'line': b'\x1b[01m\x1b[K/usr/include/x86_64-linux-gnu/qt5/QtCore/qregexp.h:127:33:\x1b[m\x1b[K \x1b[01;36m\x1b[Knote: \x1b[m\x1b[K  no known conversion for argument 1 from \xe2\x80\x98\x1b[01m\x1b[Kstd::basic_ostream<char>\x1b[m\x1b[K\xe2\x80\x99 to \xe2\x80\x98\x1b[01m\x1b[KQDebug\x1b[m\x1b[K\xe2\x80\x99\n'}
[5.691051] (status_display) StderrLine: {'line': b'  127 | Q_CORE_EXPORT QDebug operator<<(\x1b[01;36m\x1b[KQDebug\x1b[m\x1b[K, const QRegExp &);\n'}
[5.691136] (status_display) StderrLine: {'line': b'      |                                 \x1b[01;36m\x1b[K^~~~~~\x1b[m\x1b[K\n'}
[5.691219] (status_display) StderrLine: {'line': b'In file included from \x1b[01m\x1b[K/usr/include/x86_64-linux-gnu/qt5/QtCore/qcoreapplication.h:46\x1b[m\x1b[K,\n'}
[5.691302] (status_display) StderrLine: {'line': b'                 from \x1b[01m\x1b[K/usr/include/x86_64-linux-gnu/qt5/QtWidgets/qapplication.h:44\x1b[m\x1b[K,\n'}
[5.691385] (status_display) StderrLine: {'line': b'                 from \x1b[01m\x1b[K/usr/include/x86_64-linux-gnu/qt5/QtWidgets/QApplication:1\x1b[m\x1b[K,\n'}
[5.691468] (status_display) StderrLine: {'line': b'                 from \x1b[01m\x1b[K/home/shenhang/ros_study/chapter3/topic_practice_workspace/src/status_display/src/sys_status_display.cpp:1\x1b[m\x1b[K:\n'}
[5.691551] (status_display) StderrLine: {'line': b'\x1b[01m\x1b[K/usr/include/x86_64-linux-gnu/qt5/QtCore/qobject.h:554:22:\x1b[m\x1b[K \x1b[01;36m\x1b[Knote: \x1b[m\x1b[Kcandidate: \xe2\x80\x98\x1b[01m\x1b[KQDebug operator<<(QDebug, const QObject*)\x1b[m\x1b[K\xe2\x80\x99\n'}
[5.691699] (status_display) StderrLine: {'line': b'  554 | Q_CORE_EXPORT QDebug \x1b[01;36m\x1b[Koperator\x1b[m\x1b[K<<(QDebug, const QObject *);\n'}
[5.691794] (status_display) StderrLine: {'line': b'      |                      \x1b[01;36m\x1b[K^~~~~~~~\x1b[m\x1b[K\n'}
[5.691903] (status_display) StderrLine: {'line': b'\x1b[01m\x1b[K/usr/include/x86_64-linux-gnu/qt5/QtCore/qobject.h:554:33:\x1b[m\x1b[K \x1b[01;36m\x1b[Knote: \x1b[m\x1b[K  no known conversion for argument 1 from \xe2\x80\x98\x1b[01m\x1b[Kstd::basic_ostream<char>\x1b[m\x1b[K\xe2\x80\x99 to \xe2\x80\x98\x1b[01m\x1b[KQDebug\x1b[m\x1b[K\xe2\x80\x99\n'}
[5.691996] (status_display) StderrLine: {'line': b'  554 | Q_CORE_EXPORT QDebug operator<<(\x1b[01;36m\x1b[KQDebug\x1b[m\x1b[K, const QObject *);\n'}
[5.692080] (status_display) StderrLine: {'line': b'      |                                 \x1b[01;36m\x1b[K^~~~~~\x1b[m\x1b[K\n'}
[5.692168] (status_display) StderrLine: {'line': b'In file included from \x1b[01m\x1b[K/usr/include/x86_64-linux-gnu/qt5/QtWidgets/qapplication.h:46\x1b[m\x1b[K,\n'}
[5.692251] (status_display) StderrLine: {'line': b'                 from \x1b[01m\x1b[K/usr/include/x86_64-linux-gnu/qt5/QtWidgets/QApplication:1\x1b[m\x1b[K,\n'}
[5.692334] (status_display) StderrLine: {'line': b'                 from \x1b[01m\x1b[K/home/shenhang/ros_study/chapter3/topic_practice_workspace/src/status_display/src/sys_status_display.cpp:1\x1b[m\x1b[K:\n'}
[5.692417] (status_display) StderrLine: {'line': b'\x1b[01m\x1b[K/usr/include/x86_64-linux-gnu/qt5/QtCore/qpoint.h:114:28:\x1b[m\x1b[K \x1b[01;36m\x1b[Knote: \x1b[m\x1b[Kcandidate: \xe2\x80\x98\x1b[01m\x1b[KQDataStream& operator<<(QDataStream&, const QPoint&)\x1b[m\x1b[K\xe2\x80\x99\n'}
[5.692507] (status_display) StderrLine: {'line': b'  114 | Q_CORE_EXPORT QDataStream &\x1b[01;36m\x1b[Koperator\x1b[m\x1b[K<<(QDataStream &, const QPoint &);\n'}
[5.692593] (status_display) StderrLine: {'line': b'      |                            \x1b[01;36m\x1b[K^~~~~~~~\x1b[m\x1b[K\n'}
[5.692755] (status_display) StderrLine: {'line': b'\x1b[01m\x1b[K/usr/include/x86_64-linux-gnu/qt5/QtCore/qpoint.h:114:39:\x1b[m\x1b[K \x1b[01;36m\x1b[Knote: \x1b[m\x1b[K  no known conversion for argument 1 from \xe2\x80\x98\x1b[01m\x1b[Kstd::basic_ostream<char>\x1b[m\x1b[K\xe2\x80\x99 to \xe2\x80\x98\x1b[01m\x1b[KQDataStream&\x1b[m\x1b[K\xe2\x80\x99\n'}
[5.692864] (status_display) StderrLine: {'line': b'  114 | Q_CORE_EXPORT QDataStream &operator<<(\x1b[01;36m\x1b[KQDataStream &\x1b[m\x1b[K, const QPoint &);\n'}
[5.692951] (status_display) StderrLine: {'line': b'      |                                       \x1b[01;36m\x1b[K^~~~~~~~~~~~~\x1b[m\x1b[K\n'}
[5.693040] (status_display) StderrLine: {'line': b'\x1b[01m\x1b[K/usr/include/x86_64-linux-gnu/qt5/QtCore/qpoint.h:214:22:\x1b[m\x1b[K \x1b[01;36m\x1b[Knote: \x1b[m\x1b[Kcandidate: \xe2\x80\x98\x1b[01m\x1b[KQDebug operator<<(QDebug, const QPoint&)\x1b[m\x1b[K\xe2\x80\x99\n'}
[5.693128] (status_display) StderrLine: {'line': b'  214 | Q_CORE_EXPORT QDebug \x1b[01;36m\x1b[Koperator\x1b[m\x1b[K<<(QDebug, const QPoint &);\n'}
[5.693228] (status_display) StderrLine: {'line': b'      |                      \x1b[01;36m\x1b[K^~~~~~~~\x1b[m\x1b[K\n'}
[5.693311] (status_display) StderrLine: {'line': b'\x1b[01m\x1b[K/usr/include/x86_64-linux-gnu/qt5/QtCore/qpoint.h:214:33:\x1b[m\x1b[K \x1b[01;36m\x1b[Knote: \x1b[m\x1b[K  no known conversion for argument 1 from \xe2\x80\x98\x1b[01m\x1b[Kstd::basic_ostream<char>\x1b[m\x1b[K\xe2\x80\x99 to \xe2\x80\x98\x1b[01m\x1b[KQDebug\x1b[m\x1b[K\xe2\x80\x99\n'}
[5.693395] (status_display) StderrLine: {'line': b'  214 | Q_CORE_EXPORT QDebug operator<<(\x1b[01;36m\x1b[KQDebug\x1b[m\x1b[K, const QPoint &);\n'}
[5.693475] (status_display) StderrLine: {'line': b'      |                                 \x1b[01;36m\x1b[K^~~~~~\x1b[m\x1b[K\n'}
[5.693556] (status_display) StderrLine: {'line': b'\x1b[01m\x1b[K/usr/include/x86_64-linux-gnu/qt5/QtCore/qpoint.h:281:28:\x1b[m\x1b[K \x1b[01;36m\x1b[Knote: \x1b[m\x1b[Kcandidate: \xe2\x80\x98\x1b[01m\x1b[KQDataStream& operator<<(QDataStream&, const QPointF&)\x1b[m\x1b[K\xe2\x80\x99\n'}
[5.694057] (status_display) StderrLine: {'line': b'  281 | Q_CORE_EXPORT QDataStream &\x1b[01;36m\x1b[Koperator\x1b[m\x1b[K<<(QDataStream &, const QPointF &);\n'}
[5.694144] (status_display) StderrLine: {'line': b'      |                            \x1b[01;36m\x1b[K^~~~~~~~\x1b[m\x1b[K\n'}
[5.694225] (status_display) StderrLine: {'line': b'\x1b[01m\x1b[K/usr/include/x86_64-linux-gnu/qt5/QtCore/qpoint.h:281:39:\x1b[m\x1b[K \x1b[01;36m\x1b[Knote: \x1b[m\x1b[K  no known conversion for argument 1 from \xe2\x80\x98\x1b[01m\x1b[Kstd::basic_ostream<char>\x1b[m\x1b[K\xe2\x80\x99 to \xe2\x80\x98\x1b[01m\x1b[KQDataStream&\x1b[m\x1b[K\xe2\x80\x99\n'}
[5.694307] (status_display) StderrLine: {'line': b'  281 | Q_CORE_EXPORT QDataStream &operator<<(\x1b[01;36m\x1b[KQDataStream &\x1b[m\x1b[K, const QPointF &);\n'}
[5.694391] (status_display) StderrLine: {'line': b'      |                                       \x1b[01;36m\x1b[K^~~~~~~~~~~~~\x1b[m\x1b[K\n'}
[5.694472] (status_display) StderrLine: {'line': b'\x1b[01m\x1b[K/usr/include/x86_64-linux-gnu/qt5/QtCore/qpoint.h:418:22:\x1b[m\x1b[K \x1b[01;36m\x1b[Knote: \x1b[m\x1b[Kcandidate: \xe2\x80\x98\x1b[01m\x1b[KQDebug operator<<(QDebug, const QPointF&)\x1b[m\x1b[K\xe2\x80\x99\n'}
[5.694554] (status_display) StderrLine: {'line': b'  418 | Q_CORE_EXPORT QDebug \x1b[01;36m\x1b[Koperator\x1b[m\x1b[K<<(QDebug d, const QPointF &p);\n'}
[5.694667] (status_display) StderrLine: {'line': b'      |                      \x1b[01;36m\x1b[K^~~~~~~~\x1b[m\x1b[K\n'}
[5.694767] (status_display) StderrLine: {'line': b'\x1b[01m\x1b[K/usr/include/x86_64-linux-gnu/qt5/QtCore/qpoint.h:418:40:\x1b[m\x1b[K \x1b[01;36m\x1b[Knote: \x1b[m\x1b[K  no known conversion for argument 1 from \xe2\x80\x98\x1b[01m\x1b[Kstd::basic_ostream<char>\x1b[m\x1b[K\xe2\x80\x99 to \xe2\x80\x98\x1b[01m\x1b[KQDebug\x1b[m\x1b[K\xe2\x80\x99\n'}
[5.694914] (status_display) StderrLine: {'line': b'  418 | Q_CORE_EXPORT QDebug operator<<(\x1b[01;36m\x1b[KQDebug d\x1b[m\x1b[K, const QPointF &p);\n'}
[5.695001] (status_display) StderrLine: {'line': b'      |                                 \x1b[01;36m\x1b[K~~~~~~~^\x1b[m\x1b[K\n'}
[5.695082] (status_display) StderrLine: {'line': b'In file included from \x1b[01m\x1b[K/usr/include/x86_64-linux-gnu/qt5/QtCore/qsize.h:44\x1b[m\x1b[K,\n'}
[5.695163] (status_display) StderrLine: {'line': b'                 from \x1b[01m\x1b[K/usr/include/x86_64-linux-gnu/qt5/QtWidgets/qapplication.h:47\x1b[m\x1b[K,\n'}
[5.695245] (status_display) StderrLine: {'line': b'                 from \x1b[01m\x1b[K/usr/include/x86_64-linux-gnu/qt5/QtWidgets/QApplication:1\x1b[m\x1b[K,\n'}
[5.695333] (status_display) StderrLine: {'line': b'                 from \x1b[01m\x1b[K/home/shenhang/ros_study/chapter3/topic_practice_workspace/src/status_display/src/sys_status_display.cpp:1\x1b[m\x1b[K:\n'}
[5.695414] (status_display) StderrLine: {'line': b'\x1b[01m\x1b[K/usr/include/x86_64-linux-gnu/qt5/QtCore/qmargins.h:94:28:\x1b[m\x1b[K \x1b[01;36m\x1b[Knote: \x1b[m\x1b[Kcandidate: \xe2\x80\x98\x1b[01m\x1b[KQDataStream& operator<<(QDataStream&, const QMargins&)\x1b[m\x1b[K\xe2\x80\x99\n'}
[5.695496] (status_display) StderrLine: {'line': b'   94 | Q_CORE_EXPORT QDataStream &\x1b[01;36m\x1b[Koperator\x1b[m\x1b[K<<(QDataStream &, const QMargins &);\n'}
[5.695584] (status_display) StderrLine: {'line': b'      |                            \x1b[01;36m\x1b[K^~~~~~~~\x1b[m\x1b[K\n'}
[5.695740] (status_display) StderrLine: {'line': b'\x1b[01m\x1b[K/usr/include/x86_64-linux-gnu/qt5/QtCore/qmargins.h:94:39:\x1b[m\x1b[K \x1b[01;36m\x1b[Knote: \x1b[m\x1b[K  no known conversion for argument 1 from \xe2\x80\x98\x1b[01m\x1b[Kstd::basic_ostream<char>\x1b[m\x1b[K\xe2\x80\x99 to \xe2\x80\x98\x1b[01m\x1b[KQDataStream&\x1b[m\x1b[K\xe2\x80\x99\n'}
[5.695841] (status_display) StderrLine: {'line': b'   94 | Q_CORE_EXPORT QDataStream &operator<<(\x1b[01;36m\x1b[KQDataStream &\x1b[m\x1b[K, const QMargins &);\n'}
[5.695929] (status_display) StderrLine: {'line': b'      |                                       \x1b[01;36m\x1b[K^~~~~~~~~~~~~\x1b[m\x1b[K\n'}
[5.696036] (status_display) StderrLine: {'line': b'\x1b[01m\x1b[K/usr/include/x86_64-linux-gnu/qt5/QtCore/qmargins.h:278:22:\x1b[m\x1b[K \x1b[01;36m\x1b[Knote: \x1b[m\x1b[Kcandidate: \xe2\x80\x98\x1b[01m\x1b[KQDebug operator<<(QDebug, const QMargins&)\x1b[m\x1b[K\xe2\x80\x99\n'}
[5.696125] (status_display) StderrLine: {'line': b'  278 | Q_CORE_EXPORT QDebug \x1b[01;36m\x1b[Koperator\x1b[m\x1b[K<<(QDebug, const QMargins &);\n'}
[5.696206] (status_display) StderrLine: {'line': b'      |                      \x1b[01;36m\x1b[K^~~~~~~~\x1b[m\x1b[K\n'}
[5.696287] (status_display) StderrLine: {'line': b'\x1b[01m\x1b[K/usr/include/x86_64-linux-gnu/qt5/QtCore/qmargins.h:278:33:\x1b[m\x1b[K \x1b[01;36m\x1b[Knote: \x1b[m\x1b[K  no known conversion for argument 1 from \xe2\x80\x98\x1b[01m\x1b[Kstd::basic_ostream<char>\x1b[m\x1b[K\xe2\x80\x99 to \xe2\x80\x98\x1b[01m\x1b[KQDebug\x1b[m\x1b[K\xe2\x80\x99\n'}
[5.696368] (status_display) StderrLine: {'line': b'  278 | Q_CORE_EXPORT QDebug operator<<(\x1b[01;36m\x1b[KQDebug\x1b[m\x1b[K, const QMargins &);\n'}
[5.696449] (status_display) StderrLine: {'line': b'      |                                 \x1b[01;36m\x1b[K^~~~~~\x1b[m\x1b[K\n'}
[5.696530] (status_display) StderrLine: {'line': b'\x1b[01m\x1b[K/usr/include/x86_64-linux-gnu/qt5/QtCore/qmargins.h:327:28:\x1b[m\x1b[K \x1b[01;36m\x1b[Knote: \x1b[m\x1b[Kcandidate: \xe2\x80\x98\x1b[01m\x1b[KQDataStream& operator<<(QDataStream&, const QMarginsF&)\x1b[m\x1b[K\xe2\x80\x99\n'}
[5.696611] (status_display) StderrLine: {'line': b'  327 | Q_CORE_EXPORT QDataStream &\x1b[01;36m\x1b[Koperator\x1b[m\x1b[K<<(QDataStream &, const QMarginsF &);\n'}
[5.696785] (status_display) StderrLine: {'line': b'      |                            \x1b[01;36m\x1b[K^~~~~~~~\x1b[m\x1b[K\n'}
[5.696897] (status_display) StderrLine: {'line': b'\x1b[01m\x1b[K/usr/include/x86_64-linux-gnu/qt5/QtCore/qmargins.h:327:39:\x1b[m\x1b[K \x1b[01;36m\x1b[Knote: \x1b[m\x1b[K  no known conversion for argument 1 from \xe2\x80\x98\x1b[01m\x1b[Kstd::basic_ostream<char>\x1b[m\x1b[K\xe2\x80\x99 to \xe2\x80\x98\x1b[01m\x1b[KQDataStream&\x1b[m\x1b[K\xe2\x80\x99\n'}
[5.696981] (status_display) StderrLine: {'line': b'  327 | Q_CORE_EXPORT QDataStream &operator<<(\x1b[01;36m\x1b[KQDataStream &\x1b[m\x1b[K, const QMarginsF &);\n'}
[5.697062] (status_display) StderrLine: {'line': b'      |                                       \x1b[01;36m\x1b[K^~~~~~~~~~~~~\x1b[m\x1b[K\n'}
[5.697142] (status_display) StderrLine: {'line': b'\x1b[01m\x1b[K/usr/include/x86_64-linux-gnu/qt5/QtCore/qmargins.h:487:22:\x1b[m\x1b[K \x1b[01;36m\x1b[Knote: \x1b[m\x1b[Kcandidate: \xe2\x80\x98\x1b[01m\x1b[KQDebug operator<<(QDebug, const QMarginsF&)\x1b[m\x1b[K\xe2\x80\x99\n'}
[5.697231] (status_display) StderrLine: {'line': b'  487 | Q_CORE_EXPORT QDebug \x1b[01;36m\x1b[Koperator\x1b[m\x1b[K<<(QDebug, const QMarginsF &);\n'}
[5.697313] (status_display) StderrLine: {'line': b'      |                      \x1b[01;36m\x1b[K^~~~~~~~\x1b[m\x1b[K\n'}
[5.697428] (status_display) StderrLine: {'line': b'\x1b[01m\x1b[K/usr/include/x86_64-linux-gnu/qt5/QtCore/qmargins.h:487:33:\x1b[m\x1b[K \x1b[01;36m\x1b[Knote: \x1b[m\x1b[K  no known conversion for argument 1 from \xe2\x80\x98\x1b[01m\x1b[Kstd::basic_ostream<char>\x1b[m\x1b[K\xe2\x80\x99 to \xe2\x80\x98\x1b[01m\x1b[KQDebug\x1b[m\x1b[K\xe2\x80\x99\n'}
[5.697513] (status_display) StderrLine: {'line': b'  487 | Q_CORE_EXPORT QDebug operator<<(\x1b[01;36m\x1b[KQDebug\x1b[m\x1b[K, const QMarginsF &);\n'}
[5.697593] (status_display) StderrLine: {'line': b'      |                                 \x1b[01;36m\x1b[K^~~~~~\x1b[m\x1b[K\n'}
[5.697774] (status_display) StderrLine: {'line': b'In file included from \x1b[01m\x1b[K/usr/include/x86_64-linux-gnu/qt5/QtWidgets/qapplication.h:47\x1b[m\x1b[K,\n'}
[5.697861] (status_display) StderrLine: {'line': b'                 from \x1b[01m\x1b[K/usr/include/x86_64-linux-gnu/qt5/QtWidgets/QApplication:1\x1b[m\x1b[K,\n'}
[5.697945] (status_display) StderrLine: {'line': b'                 from \x1b[01m\x1b[K/home/shenhang/ros_study/chapter3/topic_practice_workspace/src/status_display/src/sys_status_display.cpp:1\x1b[m\x1b[K:\n'}
[5.698049] (status_display) StderrLine: {'line': b'\x1b[01m\x1b[K/usr/include/x86_64-linux-gnu/qt5/QtCore/qsize.h:114:28:\x1b[m\x1b[K \x1b[01;36m\x1b[Knote: \x1b[m\x1b[Kcandidate: \xe2\x80\x98\x1b[01m\x1b[KQDataStream& operator<<(QDataStream&, const QSize&)\x1b[m\x1b[K\xe2\x80\x99\n'}
[5.698133] (status_display) StderrLine: {'line': b'  114 | Q_CORE_EXPORT QDataStream &\x1b[01;36m\x1b[Koperator\x1b[m\x1b[K<<(QDataStream &, const QSize &);\n'}
[5.698215] (status_display) StderrLine: {'line': b'      |                            \x1b[01;36m\x1b[K^~~~~~~~\x1b[m\x1b[K\n'}
[5.698295] (status_display) StderrLine: {'line': b'\x1b[01m\x1b[K/usr/include/x86_64-linux-gnu/qt5/QtCore/qsize.h:114:39:\x1b[m\x1b[K \x1b[01;36m\x1b[Knote: \x1b[m\x1b[K  no known conversion for argument 1 from \xe2\x80\x98\x1b[01m\x1b[Kstd::basic_ostream<char>\x1b[m\x1b[K\xe2\x80\x99 to \xe2\x80\x98\x1b[01m\x1b[KQDataStream&\x1b[m\x1b[K\xe2\x80\x99\n'}
[5.698377] (status_display) StderrLine: {'line': b'  114 | Q_CORE_EXPORT QDataStream &operator<<(\x1b[01;36m\x1b[KQDataStream &\x1b[m\x1b[K, const QSize &);\n'}
[5.698457] (status_display) StderrLine: {'line': b'      |                                       \x1b[01;36m\x1b[K^~~~~~~~~~~~~\x1b[m\x1b[K\n'}
[5.698539] (status_display) StderrLine: {'line': b'\x1b[01m\x1b[K/usr/include/x86_64-linux-gnu/qt5/QtCore/qsize.h:217:22:\x1b[m\x1b[K \x1b[01;36m\x1b[Knote: \x1b[m\x1b[Kcandidate: \xe2\x80\x98\x1b[01m\x1b[KQDebug operator<<(QDebug, const QSize&)\x1b[m\x1b[K\xe2\x80\x99\n'}
[5.698733] (status_display) StderrLine: {'line': b'  217 | Q_CORE_EXPORT QDebug \x1b[01;36m\x1b[Koperator\x1b[m\x1b[K<<(QDebug, const QSize &);\n'}
[5.698829] (status_display) StderrLine: {'line': b'      |                      \x1b[01;36m\x1b[K^~~~~~~~\x1b[m\x1b[K\n'}
[5.698911] (status_display) StderrLine: {'line': b'\x1b[01m\x1b[K/usr/include/x86_64-linux-gnu/qt5/QtCore/qsize.h:217:33:\x1b[m\x1b[K \x1b[01;36m\x1b[Knote: \x1b[m\x1b[K  no known conversion for argument 1 from \xe2\x80\x98\x1b[01m\x1b[Kstd::basic_ostream<char>\x1b[m\x1b[K\xe2\x80\x99 to \xe2\x80\x98\x1b[01m\x1b[KQDebug\x1b[m\x1b[K\xe2\x80\x99\n'}
[5.699021] (status_display) StderrLine: {'line': b'  217 | Q_CORE_EXPORT QDebug operator<<(\x1b[01;36m\x1b[KQDebug\x1b[m\x1b[K, const QSize &);\n'}
[5.699108] (status_display) StderrLine: {'line': b'      |                                 \x1b[01;36m\x1b[K^~~~~~\x1b[m\x1b[K\n'}
[5.699190] (status_display) StderrLine: {'line': b'\x1b[01m\x1b[K/usr/include/x86_64-linux-gnu/qt5/QtCore/qsize.h:287:28:\x1b[m\x1b[K \x1b[01;36m\x1b[Knote: \x1b[m\x1b[Kcandidate: \xe2\x80\x98\x1b[01m\x1b[KQDataStream& operator<<(QDataStream&, const QSizeF&)\x1b[m\x1b[K\xe2\x80\x99\n'}
[5.699280] (status_display) StderrLine: {'line': b'  287 | Q_CORE_EXPORT QDataStream &\x1b[01;36m\x1b[Koperator\x1b[m\x1b[K<<(QDataStream &, const QSizeF &);\n'}
[5.699362] (status_display) StderrLine: {'line': b'      |                            \x1b[01;36m\x1b[K^~~~~~~~\x1b[m\x1b[K\n'}
[5.699443] (status_display) StderrLine: {'line': b'\x1b[01m\x1b[K/usr/include/x86_64-linux-gnu/qt5/QtCore/qsize.h:287:39:\x1b[m\x1b[K \x1b[01;36m\x1b[Knote: \x1b[m\x1b[K  no known conversion for argument 1 from \xe2\x80\x98\x1b[01m\x1b[Kstd::basic_ostream<char>\x1b[m\x1b[K\xe2\x80\x99 to \xe2\x80\x98\x1b[01m\x1b[KQDataStream&\x1b[m\x1b[K\xe2\x80\x99\n'}
[5.699525] (status_display) StderrLine: {'line': b'  287 | Q_CORE_EXPORT QDataStream &operator<<(\x1b[01;36m\x1b[KQDataStream &\x1b[m\x1b[K, const QSizeF &);\n'}
[5.699696] (status_display) StderrLine: {'line': b'      |                                       \x1b[01;36m\x1b[K^~~~~~~~~~~~~\x1b[m\x1b[K\n'}
[5.699800] (status_display) StderrLine: {'line': b'\x1b[01m\x1b[K/usr/include/x86_64-linux-gnu/qt5/QtCore/qsize.h:397:22:\x1b[m\x1b[K \x1b[01;36m\x1b[Knote: \x1b[m\x1b[Kcandidate: \xe2\x80\x98\x1b[01m\x1b[KQDebug operator<<(QDebug, const QSizeF&)\x1b[m\x1b[K\xe2\x80\x99\n'}
[5.699913] (status_display) StderrLine: {'line': b'  397 | Q_CORE_EXPORT QDebug \x1b[01;36m\x1b[Koperator\x1b[m\x1b[K<<(QDebug, const QSizeF &);\n'}
[5.700001] (status_display) StderrLine: {'line': b'      |                      \x1b[01;36m\x1b[K^~~~~~~~\x1b[m\x1b[K\n'}
[5.700107] (status_display) StderrLine: {'line': b'\x1b[01m\x1b[K/usr/include/x86_64-linux-gnu/qt5/QtCore/qsize.h:397:33:\x1b[m\x1b[K \x1b[01;36m\x1b[Knote: \x1b[m\x1b[K  no known conversion for argument 1 from \xe2\x80\x98\x1b[01m\x1b[Kstd::basic_ostream<char>\x1b[m\x1b[K\xe2\x80\x99 to \xe2\x80\x98\x1b[01m\x1b[KQDebug\x1b[m\x1b[K\xe2\x80\x99\n'}
[5.700333] (status_display) StderrLine: {'line': b'  397 | Q_CORE_EXPORT QDebug operator<<(\x1b[01;36m\x1b[KQDebug\x1b[m\x1b[K, const QSizeF &);\n'}
[5.700440] (status_display) StderrLine: {'line': b'      |                                 \x1b[01;36m\x1b[K^~~~~~\x1b[m\x1b[K\n'}
[5.700539] (status_display) StderrLine: {'line': b'In file included from \x1b[01m\x1b[K/usr/include/x86_64-linux-gnu/qt5/QtWidgets/qapplication.h:48\x1b[m\x1b[K,\n'}
[5.700712] (status_display) StderrLine: {'line': b'                 from \x1b[01m\x1b[K/usr/include/x86_64-linux-gnu/qt5/QtWidgets/QApplication:1\x1b[m\x1b[K,\n'}
[5.700818] (status_display) StderrLine: {'line': b'                 from \x1b[01m\x1b[K/home/shenhang/ros_study/chapter3/topic_practice_workspace/src/status_display/src/sys_status_display.cpp:1\x1b[m\x1b[K:\n'}
[5.700918] (status_display) StderrLine: {'line': b'\x1b[01m\x1b[K/usr/include/x86_64-linux-gnu/qt5/QtGui/qcursor.h:136:27:\x1b[m\x1b[K \x1b[01;36m\x1b[Knote: \x1b[m\x1b[Kcandidate: \xe2\x80\x98\x1b[01m\x1b[KQDataStream& operator<<(QDataStream&, const QCursor&)\x1b[m\x1b[K\xe2\x80\x99\n'}
[5.701038] (status_display) StderrLine: {'line': b'  136 | Q_GUI_EXPORT QDataStream &\x1b[01;36m\x1b[Koperator\x1b[m\x1b[K<<(QDataStream &outS, const QCursor &cursor);\n'}
[5.701139] (status_display) StderrLine: {'line': b'      |                           \x1b[01;36m\x1b[K^~~~~~~~\x1b[m\x1b[K\n'}
[5.701256] (status_display) StderrLine: {'line': b'\x1b[01m\x1b[K/usr/include/x86_64-linux-gnu/qt5/QtGui/qcursor.h:136:51:\x1b[m\x1b[K \x1b[01;36m\x1b[Knote: \x1b[m\x1b[K  no known conversion for argument 1 from \xe2\x80\x98\x1b[01m\x1b[Kstd::basic_ostream<char>\x1b[m\x1b[K\xe2\x80\x99 to \xe2\x80\x98\x1b[01m\x1b[KQDataStream&\x1b[m\x1b[K\xe2\x80\x99\n'}
[5.701339] (status_display) StderrLine: {'line': b'  136 | Q_GUI_EXPORT QDataStream &operator<<(\x1b[01;36m\x1b[KQDataStream &outS\x1b[m\x1b[K, const QCursor &cursor);\n'}
[5.701420] (status_display) StderrLine: {'line': b'      |                                      \x1b[01;36m\x1b[K~~~~~~~~~~~~~^~~~\x1b[m\x1b[K\n'}
[5.701509] (status_display) StderrLine: {'line': b'\x1b[01m\x1b[K/usr/include/x86_64-linux-gnu/qt5/QtGui/qcursor.h:141:21:\x1b[m\x1b[K \x1b[01;36m\x1b[Knote: \x1b[m\x1b[Kcandidate: \xe2\x80\x98\x1b[01m\x1b[KQDebug operator<<(QDebug, const QCursor&)\x1b[m\x1b[K\xe2\x80\x99\n'}
[5.701643] (status_display) StderrLine: {'line': b'  141 | Q_GUI_EXPORT QDebug \x1b[01;36m\x1b[Koperator\x1b[m\x1b[K<<(QDebug, const QCursor &);\n'}
[5.701746] (status_display) StderrLine: {'line': b'      |                     \x1b[01;36m\x1b[K^~~~~~~~\x1b[m\x1b[K\n'}
[5.701827] (status_display) StderrLine: {'line': b'\x1b[01m\x1b[K/usr/include/x86_64-linux-gnu/qt5/QtGui/qcursor.h:141:32:\x1b[m\x1b[K \x1b[01;36m\x1b[Knote: \x1b[m\x1b[K  no known conversion for argument 1 from \xe2\x80\x98\x1b[01m\x1b[Kstd::basic_ostream<char>\x1b[m\x1b[K\xe2\x80\x99 to \xe2\x80\x98\x1b[01m\x1b[KQDebug\x1b[m\x1b[K\xe2\x80\x99\n'}
[5.701910] (status_display) StderrLine: {'line': b'  141 | Q_GUI_EXPORT QDebug operator<<(\x1b[01;36m\x1b[KQDebug\x1b[m\x1b[K, const QCursor &);\n'}
[5.701990] (status_display) StderrLine: {'line': b'      |                                \x1b[01;36m\x1b[K^~~~~~\x1b[m\x1b[K\n'}
[5.702070] (status_display) StderrLine: {'line': b'In file included from \x1b[01m\x1b[K/usr/include/x86_64-linux-gnu/qt5/QtCore/qlocale.h:43\x1b[m\x1b[K,\n'}
[5.702151] (status_display) StderrLine: {'line': b'                 from \x1b[01m\x1b[K/usr/include/x86_64-linux-gnu/qt5/QtGui/qguiapplication.h:47\x1b[m\x1b[K,\n'}
[5.702232] (status_display) StderrLine: {'line': b'                 from \x1b[01m\x1b[K/usr/include/x86_64-linux-gnu/qt5/QtWidgets/qapplication.h:52\x1b[m\x1b[K,\n'}
[5.702315] (status_display) StderrLine: {'line': b'                 from \x1b[01m\x1b[K/usr/include/x86_64-linux-gnu/qt5/QtWidgets/QApplication:1\x1b[m\x1b[K,\n'}
[5.702395] (status_display) StderrLine: {'line': b'                 from \x1b[01m\x1b[K/home/shenhang/ros_study/chapter3/topic_practice_workspace/src/status_display/src/sys_status_display.cpp:1\x1b[m\x1b[K:\n'}
[5.702476] (status_display) StderrLine: {'line': b'\x1b[01m\x1b[K/usr/include/x86_64-linux-gnu/qt5/QtCore/qvariant.h:584:28:\x1b[m\x1b[K \x1b[01;36m\x1b[Knote: \x1b[m\x1b[Kcandidate: \xe2\x80\x98\x1b[01m\x1b[KQDataStream& operator<<(QDataStream&, const QVariant&)\x1b[m\x1b[K\xe2\x80\x99\n'}
[5.702580] (status_display) StderrLine: {'line': b'  584 | Q_CORE_EXPORT QDataStream& \x1b[01;36m\x1b[Koperator\x1b[m\x1b[K<< (QDataStream& s, const QVariant& p);\n'}
[5.702737] (status_display) StderrLine: {'line': b'      |                            \x1b[01;36m\x1b[K^~~~~~~~\x1b[m\x1b[K\n'}
[5.702822] (status_display) StderrLine: {'line': b'\x1b[01m\x1b[K/usr/include/x86_64-linux-gnu/qt5/QtCore/qvariant.h:584:53:\x1b[m\x1b[K \x1b[01;36m\x1b[Knote: \x1b[m\x1b[K  no known conversion for argument 1 from \xe2\x80\x98\x1b[01m\x1b[Kstd::basic_ostream<char>\x1b[m\x1b[K\xe2\x80\x99 to \xe2\x80\x98\x1b[01m\x1b[KQDataStream&\x1b[m\x1b[K\xe2\x80\x99\n'}
[5.702909] (status_display) StderrLine: {'line': b'  584 | Q_CORE_EXPORT QDataStream& operator<< (\x1b[01;36m\x1b[KQDataStream& s\x1b[m\x1b[K, const QVariant& p);\n'}
[5.702991] (status_display) StderrLine: {'line': b'      |                                        \x1b[01;36m\x1b[K~~~~~~~~~~~~~^\x1b[m\x1b[K\n'}
[5.703074] (status_display) StderrLine: {'line': b'\x1b[01m\x1b[K/usr/include/x86_64-linux-gnu/qt5/QtCore/qvariant.h:586:28:\x1b[m\x1b[K \x1b[01;36m\x1b[Knote: \x1b[m\x1b[Kcandidate: \xe2\x80\x98\x1b[01m\x1b[KQDataStream& operator<<(QDataStream&, QVariant::Type)\x1b[m\x1b[K\xe2\x80\x99\n'}
[5.703185] (status_display) StderrLine: {'line': b'  586 | Q_CORE_EXPORT QDataStream& \x1b[01;36m\x1b[Koperator\x1b[m\x1b[K<< (QDataStream& s, const QVariant::Type p);\n'}
[5.703268] (status_display) StderrLine: {'line': b'      |                            \x1b[01;36m\x1b[K^~~~~~~~\x1b[m\x1b[K\n'}
[5.703348] (status_display) StderrLine: {'line': b'\x1b[01m\x1b[K/usr/include/x86_64-linux-gnu/qt5/QtCore/qvariant.h:586:53:\x1b[m\x1b[K \x1b[01;36m\x1b[Knote: \x1b[m\x1b[K  no known conversion for argument 1 from \xe2\x80\x98\x1b[01m\x1b[Kstd::basic_ostream<char>\x1b[m\x1b[K\xe2\x80\x99 to \xe2\x80\x98\x1b[01m\x1b[KQDataStream&\x1b[m\x1b[K\xe2\x80\x99\n'}
[5.703436] (status_display) StderrLine: {'line': b'  586 | Q_CORE_EXPORT QDataStream& operator<< (\x1b[01;36m\x1b[KQDataStream& s\x1b[m\x1b[K, const QVariant::Type p);\n'}
[5.703517] (status_display) StderrLine: {'line': b'      |                                        \x1b[01;36m\x1b[K~~~~~~~~~~~~~^\x1b[m\x1b[K\n'}
[5.703678] (status_display) StderrLine: {'line': b'In file included from \x1b[01m\x1b[K/usr/include/x86_64-linux-gnu/qt5/QtCore/qlocale.h:43\x1b[m\x1b[K,\n'}
[5.703767] (status_display) StderrLine: {'line': b'                 from \x1b[01m\x1b[K/usr/include/x86_64-linux-gnu/qt5/QtGui/qguiapplication.h:47\x1b[m\x1b[K,\n'}
[5.703851] (status_display) StderrLine: {'line': b'                 from \x1b[01m\x1b[K/usr/include/x86_64-linux-gnu/qt5/QtWidgets/qapplication.h:52\x1b[m\x1b[K,\n'}
[5.703932] (status_display) StderrLine: {'line': b'                 from \x1b[01m\x1b[K/usr/include/x86_64-linux-gnu/qt5/QtWidgets/QApplication:1\x1b[m\x1b[K,\n'}
[5.704012] (status_display) StderrLine: {'line': b'                 from \x1b[01m\x1b[K/home/shenhang/ros_study/chapter3/topic_practice_workspace/src/status_display/src/sys_status_display.cpp:1\x1b[m\x1b[K:\n'}
[5.704093] (status_display) StderrLine: {'line': b'\x1b[01m\x1b[K/usr/include/x86_64-linux-gnu/qt5/QtCore/qvariant.h:902:22:\x1b[m\x1b[K \x1b[01;36m\x1b[Knote: \x1b[m\x1b[Kcandidate: \xe2\x80\x98\x1b[01m\x1b[KQDebug operator<<(QDebug, const QVariant&)\x1b[m\x1b[K\xe2\x80\x99\n'}
[5.704174] (status_display) StderrLine: {'line': b'  902 | Q_CORE_EXPORT QDebug \x1b[01;36m\x1b[Koperator\x1b[m\x1b[K<<(QDebug, const QVariant &);\n'}
[5.704254] (status_display) StderrLine: {'line': b'      |                      \x1b[01;36m\x1b[K^~~~~~~~\x1b[m\x1b[K\n'}
[5.704334] (status_display) StderrLine: {'line': b'In file included from \x1b[01m\x1b[K/usr/include/x86_64-linux-gnu/qt5/QtCore/qlocale.h:43\x1b[m\x1b[K,\n'}
[5.704415] (status_display) StderrLine: {'line': b'                 from \x1b[01m\x1b[K/usr/include/x86_64-linux-gnu/qt5/QtGui/qguiapplication.h:47\x1b[m\x1b[K,\n'}
[5.704537] (status_display) StderrLine: {'line': b'                 from \x1b[01m\x1b[K/usr/include/x86_64-linux-gnu/qt5/QtWidgets/qapplication.h:52\x1b[m\x1b[K,\n'}
[5.704694] (status_display) StderrLine: {'line': b'                 from \x1b[01m\x1b[K/usr/include/x86_64-linux-gnu/qt5/QtWidgets/QApplication:1\x1b[m\x1b[K,\n'}
[5.704781] (status_display) StderrLine: {'line': b'                 from \x1b[01m\x1b[K/home/shenhang/ros_study/chapter3/topic_practice_workspace/src/status_display/src/sys_status_display.cpp:1\x1b[m\x1b[K:\n'}
[5.704862] (status_display) StderrLine: {'line': b'\x1b[01m\x1b[K/usr/include/x86_64-linux-gnu/qt5/QtCore/qvariant.h:480:44:\x1b[m\x1b[K \x1b[01;36m\x1b[Knote: \x1b[m\x1b[K  no known conversion for argument 1 from \xe2\x80\x98\x1b[01m\x1b[Kstd::basic_ostream<char>\x1b[m\x1b[K\xe2\x80\x99 to \xe2\x80\x98\x1b[01m\x1b[KQDebug\x1b[m\x1b[K\xe2\x80\x99\n'}
[5.704944] (status_display) StderrLine: {'line': b'  480 |     friend Q_CORE_EXPORT QDebug operator<<(\x1b[01;36m\x1b[KQDebug\x1b[m\x1b[K, const QVariant &);\n'}
[5.705025] (status_display) StderrLine: {'line': b'      |                                            \x1b[01;36m\x1b[K^~~~~~\x1b[m\x1b[K\n'}
[5.705106] (status_display) StderrLine: {'line': b'In file included from \x1b[01m\x1b[K/usr/include/x86_64-linux-gnu/qt5/QtCore/qlocale.h:43\x1b[m\x1b[K,\n'}
[5.705186] (status_display) StderrLine: {'line': b'                 from \x1b[01m\x1b[K/usr/include/x86_64-linux-gnu/qt5/QtGui/qguiapplication.h:47\x1b[m\x1b[K,\n'}
[5.705269] (status_display) StderrLine: {'line': b'                 from \x1b[01m\x1b[K/usr/include/x86_64-linux-gnu/qt5/QtWidgets/qapplication.h:52\x1b[m\x1b[K,\n'}
[5.705350] (status_display) StderrLine: {'line': b'                 from \x1b[01m\x1b[K/usr/include/x86_64-linux-gnu/qt5/QtWidgets/QApplication:1\x1b[m\x1b[K,\n'}
[5.705437] (status_display) StderrLine: {'line': b'                 from \x1b[01m\x1b[K/home/shenhang/ros_study/chapter3/topic_practice_workspace/src/status_display/src/sys_status_display.cpp:1\x1b[m\x1b[K:\n'}
[5.705543] (status_display) StderrLine: {'line': b'\x1b[01m\x1b[K/usr/include/x86_64-linux-gnu/qt5/QtCore/qvariant.h:903:22:\x1b[m\x1b[K \x1b[01;36m\x1b[Knote: \x1b[m\x1b[Kcandidate: \xe2\x80\x98\x1b[01m\x1b[KQDebug operator<<(QDebug, QVariant::Type)\x1b[m\x1b[K\xe2\x80\x99\n'}
[5.705701] (status_display) StderrLine: {'line': b'  903 | Q_CORE_EXPORT QDebug \x1b[01;36m\x1b[Koperator\x1b[m\x1b[K<<(QDebug, const QVariant::Type);\n'}
[5.705788] (status_display) StderrLine: {'line': b'      |                      \x1b[01;36m\x1b[K^~~~~~~~\x1b[m\x1b[K\n'}
[5.705869] (status_display) StderrLine: {'line': b'\x1b[01m\x1b[K/usr/include/x86_64-linux-gnu/qt5/QtCore/qvariant.h:903:33:\x1b[m\x1b[K \x1b[01;36m\x1b[Knote: \x1b[m\x1b[K  no known conversion for argument 1 from \xe2\x80\x98\x1b[01m\x1b[Kstd::basic_ostream<char>\x1b[m\x1b[K\xe2\x80\x99 to \xe2\x80\x98\x1b[01m\x1b[KQDebug\x1b[m\x1b[K\xe2\x80\x99\n'}
[5.705952] (status_display) StderrLine: {'line': b'  903 | Q_CORE_EXPORT QDebug operator<<(\x1b[01;36m\x1b[KQDebug\x1b[m\x1b[K, const QVariant::Type);\n'}
[5.706037] (status_display) StderrLine: {'line': b'      |                                 \x1b[01;36m\x1b[K^~~~~~\x1b[m\x1b[K\n'}
[5.706118] (status_display) StderrLine: {'line': b'In file included from \x1b[01m\x1b[K/usr/include/x86_64-linux-gnu/qt5/QtGui/qguiapplication.h:47\x1b[m\x1b[K,\n'}
[5.706199] (status_display) StderrLine: {'line': b'                 from \x1b[01m\x1b[K/usr/include/x86_64-linux-gnu/qt5/QtWidgets/qapplication.h:52\x1b[m\x1b[K,\n'}
[5.706284] (status_display) StderrLine: {'line': b'                 from \x1b[01m\x1b[K/usr/include/x86_64-linux-gnu/qt5/QtWidgets/QApplication:1\x1b[m\x1b[K,\n'}
[5.706365] (status_display) StderrLine: {'line': b'                 from \x1b[01m\x1b[K/home/shenhang/ros_study/chapter3/topic_practice_workspace/src/status_display/src/sys_status_display.cpp:1\x1b[m\x1b[K:\n'}
[5.706446] (status_display) StderrLine: {'line': b'\x1b[01m\x1b[K/usr/include/x86_64-linux-gnu/qt5/QtCore/qlocale.h:1222:28:\x1b[m\x1b[K \x1b[01;36m\x1b[Knote: \x1b[m\x1b[Kcandidate: \xe2\x80\x98\x1b[01m\x1b[KQDataStream& operator<<(QDataStream&, const QLocale&)\x1b[m\x1b[K\xe2\x80\x99\n'}
[5.706554] (status_display) StderrLine: {'line': b' 1222 | Q_CORE_EXPORT QDataStream &\x1b[01;36m\x1b[Koperator\x1b[m\x1b[K<<(QDataStream &, const QLocale &);\n'}
[5.706704] (status_display) StderrLine: {'line': b'      |                            \x1b[01;36m\x1b[K^~~~~~~~\x1b[m\x1b[K\n'}
[5.706793] (status_display) StderrLine: {'line': b'\x1b[01m\x1b[K/usr/include/x86_64-linux-gnu/qt5/QtCore/qlocale.h:1222:39:\x1b[m\x1b[K \x1b[01;36m\x1b[Knote: \x1b[m\x1b[K  no known conversion for argument 1 from \xe2\x80\x98\x1b[01m\x1b[Kstd::basic_ostream<char>\x1b[m\x1b[K\xe2\x80\x99 to \xe2\x80\x98\x1b[01m\x1b[KQDataStream&\x1b[m\x1b[K\xe2\x80\x99\n'}
[5.706876] (status_display) StderrLine: {'line': b' 1222 | Q_CORE_EXPORT QDataStream &operator<<(\x1b[01;36m\x1b[KQDataStream &\x1b[m\x1b[K, const QLocale &);\n'}
[5.706956] (status_display) StderrLine: {'line': b'      |                                       \x1b[01;36m\x1b[K^~~~~~~~~~~~~\x1b[m\x1b[K\n'}
[5.707038] (status_display) StderrLine: {'line': b'\x1b[01m\x1b[K/usr/include/x86_64-linux-gnu/qt5/QtCore/qlocale.h:1227:22:\x1b[m\x1b[K \x1b[01;36m\x1b[Knote: \x1b[m\x1b[Kcandidate: \xe2\x80\x98\x1b[01m\x1b[KQDebug operator<<(QDebug, const QLocale&)\x1b[m\x1b[K\xe2\x80\x99\n'}
[5.707119] (status_display) StderrLine: {'line': b' 1227 | Q_CORE_EXPORT QDebug \x1b[01;36m\x1b[Koperator\x1b[m\x1b[K<<(QDebug, const QLocale &);\n'}
[5.707200] (status_display) StderrLine: {'line': b'      |                      \x1b[01;36m\x1b[K^~~~~~~~\x1b[m\x1b[K\n'}
[5.707280] (status_display) StderrLine: {'line': b'\x1b[01m\x1b[K/usr/include/x86_64-linux-gnu/qt5/QtCore/qlocale.h:1227:33:\x1b[m\x1b[K \x1b[01;36m\x1b[Knote: \x1b[m\x1b[K  no known conversion for argument 1 from \xe2\x80\x98\x1b[01m\x1b[Kstd::basic_ostream<char>\x1b[m\x1b[K\xe2\x80\x99 to \xe2\x80\x98\x1b[01m\x1b[KQDebug\x1b[m\x1b[K\xe2\x80\x99\n'}
[5.707368] (status_display) StderrLine: {'line': b' 1227 | Q_CORE_EXPORT QDebug operator<<(\x1b[01;36m\x1b[KQDebug\x1b[m\x1b[K, const QLocale &);\n'}
[5.707465] (status_display) StderrLine: {'line': b'      |                                 \x1b[01;36m\x1b[K^~~~~~\x1b[m\x1b[K\n'}
[5.707556] (status_display) StderrLine: {'line': b'In file included from \x1b[01m\x1b[K/usr/include/x86_64-linux-gnu/qt5/QtGui/qpaintdevice.h:45\x1b[m\x1b[K,\n'}
[5.707699] (status_display) StderrLine: {'line': b'                 from \x1b[01m\x1b[K/usr/include/x86_64-linux-gnu/qt5/QtWidgets/qwidget.h:47\x1b[m\x1b[K,\n'}
[5.707785] (status_display) StderrLine: {'line': b'                 from \x1b[01m\x1b[K/usr/include/x86_64-linux-gnu/qt5/QtWidgets/qframe.h:44\x1b[m\x1b[K,\n'}
[5.707866] (status_display) StderrLine: {'line': b'                 from \x1b[01m\x1b[K/usr/include/x86_64-linux-gnu/qt5/QtWidgets/qlabel.h:44\x1b[m\x1b[K,\n'}
[5.707947] (status_display) StderrLine: {'line': b'                 from \x1b[01m\x1b[K/usr/include/x86_64-linux-gnu/qt5/QtWidgets/QLabel:1\x1b[m\x1b[K,\n'}
[5.708027] (status_display) StderrLine: {'line': b'                 from \x1b[01m\x1b[K/home/shenhang/ros_study/chapter3/topic_practice_workspace/src/status_display/src/sys_status_display.cpp:2\x1b[m\x1b[K:\n'}
[5.708108] (status_display) StderrLine: {'line': b'\x1b[01m\x1b[K/usr/include/x86_64-linux-gnu/qt5/QtCore/qrect.h:176:28:\x1b[m\x1b[K \x1b[01;36m\x1b[Knote: \x1b[m\x1b[Kcandidate: \xe2\x80\x98\x1b[01m\x1b[KQDataStream& operator<<(QDataStream&, const QRect&)\x1b[m\x1b[K\xe2\x80\x99\n'}
[5.708192] (status_display) StderrLine: {'line': b'  176 | Q_CORE_EXPORT QDataStream &\x1b[01;36m\x1b[Koperator\x1b[m\x1b[K<<(QDataStream &, const QRect &);\n'}
[5.708273] (status_display) StderrLine: {'line': b'      |                            \x1b[01;36m\x1b[K^~~~~~~~\x1b[m\x1b[K\n'}
[5.708354] (status_display) StderrLine: {'line': b'\x1b[01m\x1b[K/usr/include/x86_64-linux-gnu/qt5/QtCore/qrect.h:176:39:\x1b[m\x1b[K \x1b[01;36m\x1b[Knote: \x1b[m\x1b[K  no known conversion for argument 1 from \xe2\x80\x98\x1b[01m\x1b[Kstd::basic_ostream<char>\x1b[m\x1b[K\xe2\x80\x99 to \xe2\x80\x98\x1b[01m\x1b[KQDataStream&\x1b[m\x1b[K\xe2\x80\x99\n'}
[5.708457] (status_display) StderrLine: {'line': b'  176 | Q_CORE_EXPORT QDataStream &operator<<(\x1b[01;36m\x1b[KQDataStream &\x1b[m\x1b[K, const QRect &);\n'}
[5.708542] (status_display) StderrLine: {'line': b'      |                                       \x1b[01;36m\x1b[K^~~~~~~~~~~~~\x1b[m\x1b[K\n'}
[5.708687] (status_display) StderrLine: {'line': b'\x1b[01m\x1b[K/usr/include/x86_64-linux-gnu/qt5/QtCore/qrect.h:507:22:\x1b[m\x1b[K \x1b[01;36m\x1b[Knote: \x1b[m\x1b[Kcandidate: \xe2\x80\x98\x1b[01m\x1b[KQDebug operator<<(QDebug, const QRect&)\x1b[m\x1b[K\xe2\x80\x99\n'}
[5.708781] (status_display) StderrLine: {'line': b'  507 | Q_CORE_EXPORT QDebug \x1b[01;36m\x1b[Koperator\x1b[m\x1b[K<<(QDebug, const QRect &);\n'}
[5.708862] (status_display) StderrLine: {'line': b'      |                      \x1b[01;36m\x1b[K^~~~~~~~\x1b[m\x1b[K\n'}
[5.708943] (status_display) StderrLine: {'line': b'\x1b[01m\x1b[K/usr/include/x86_64-linux-gnu/qt5/QtCore/qrect.h:507:33:\x1b[m\x1b[K \x1b[01;36m\x1b[Knote: \x1b[m\x1b[K  no known conversion for argument 1 from \xe2\x80\x98\x1b[01m\x1b[Kstd::basic_ostream<char>\x1b[m\x1b[K\xe2\x80\x99 to \xe2\x80\x98\x1b[01m\x1b[KQDebug\x1b[m\x1b[K\xe2\x80\x99\n'}
[5.709025] (status_display) StderrLine: {'line': b'  507 | Q_CORE_EXPORT QDebug operator<<(\x1b[01;36m\x1b[KQDebug\x1b[m\x1b[K, const QRect &);\n'}
[5.709105] (status_display) StderrLine: {'line': b'      |                                 \x1b[01;36m\x1b[K^~~~~~\x1b[m\x1b[K\n'}
[5.709186] (status_display) StderrLine: {'line': b'\x1b[01m\x1b[K/usr/include/x86_64-linux-gnu/qt5/QtCore/qrect.h:636:28:\x1b[m\x1b[K \x1b[01;36m\x1b[Knote: \x1b[m\x1b[Kcandidate: \xe2\x80\x98\x1b[01m\x1b[KQDataStream& operator<<(QDataStream&, const QRectF&)\x1b[m\x1b[K\xe2\x80\x99\n'}
[5.709277] (status_display) StderrLine: {'line': b'  636 | Q_CORE_EXPORT QDataStream &\x1b[01;36m\x1b[Koperator\x1b[m\x1b[K<<(QDataStream &, const QRectF &);\n'}
[5.709363] (status_display) StderrLine: {'line': b'      |                            \x1b[01;36m\x1b[K^~~~~~~~\x1b[m\x1b[K\n'}
[5.709469] (status_display) StderrLine: {'line': b'\x1b[01m\x1b[K/usr/include/x86_64-linux-gnu/qt5/QtCore/qrect.h:636:39:\x1b[m\x1b[K \x1b[01;36m\x1b[Knote: \x1b[m\x1b[K  no known conversion for argument 1 from \xe2\x80\x98\x1b[01m\x1b[Kstd::basic_ostream<char>\x1b[m\x1b[K\xe2\x80\x99 to \xe2\x80\x98\x1b[01m\x1b[KQDataStream&\x1b[m\x1b[K\xe2\x80\x99\n'}
[5.709561] (status_display) StderrLine: {'line': b'  636 | Q_CORE_EXPORT QDataStream &operator<<(\x1b[01;36m\x1b[KQDataStream &\x1b[m\x1b[K, const QRectF &);\n'}
[5.709706] (status_display) StderrLine: {'line': b'      |                                       \x1b[01;36m\x1b[K^~~~~~~~~~~~~\x1b[m\x1b[K\n'}
[5.709792] (status_display) StderrLine: {'line': b'\x1b[01m\x1b[K/usr/include/x86_64-linux-gnu/qt5/QtCore/qrect.h:920:22:\x1b[m\x1b[K \x1b[01;36m\x1b[Knote: \x1b[m\x1b[Kcandidate: \xe2\x80\x98\x1b[01m\x1b[KQDebug operator<<(QDebug, const QRectF&)\x1b[m\x1b[K\xe2\x80\x99\n'}
[5.709873] (status_display) StderrLine: {'line': b'  920 | Q_CORE_EXPORT QDebug \x1b[01;36m\x1b[Koperator\x1b[m\x1b[K<<(QDebug, const QRectF &);\n'}
[5.709954] (status_display) StderrLine: {'line': b'      |                      \x1b[01;36m\x1b[K^~~~~~~~\x1b[m\x1b[K\n'}
[5.710035] (status_display) StderrLine: {'line': b'\x1b[01m\x1b[K/usr/include/x86_64-linux-gnu/qt5/QtCore/qrect.h:920:33:\x1b[m\x1b[K \x1b[01;36m\x1b[Knote: \x1b[m\x1b[K  no known conversion for argument 1 from \xe2\x80\x98\x1b[01m\x1b[Kstd::basic_ostream<char>\x1b[m\x1b[K\xe2\x80\x99 to \xe2\x80\x98\x1b[01m\x1b[KQDebug\x1b[m\x1b[K\xe2\x80\x99\n'}
[5.710117] (status_display) StderrLine: {'line': b'  920 | Q_CORE_EXPORT QDebug operator<<(\x1b[01;36m\x1b[KQDebug\x1b[m\x1b[K, const QRectF &);\n'}
[5.710198] (status_display) StderrLine: {'line': b'      |                                 \x1b[01;36m\x1b[K^~~~~~\x1b[m\x1b[K\n'}
[5.710395] (status_display) StderrLine: {'line': b'In file included from \x1b[01m\x1b[K/usr/include/x86_64-linux-gnu/qt5/QtGui/qpalette.h:45\x1b[m\x1b[K,\n'}
[5.710486] (status_display) StderrLine: {'line': b'                 from \x1b[01m\x1b[K/usr/include/x86_64-linux-gnu/qt5/QtWidgets/qwidget.h:48\x1b[m\x1b[K,\n'}
[5.710568] (status_display) StderrLine: {'line': b'                 from \x1b[01m\x1b[K/usr/include/x86_64-linux-gnu/qt5/QtWidgets/qframe.h:44\x1b[m\x1b[K,\n'}
[5.710721] (status_display) StderrLine: {'line': b'                 from \x1b[01m\x1b[K/usr/include/x86_64-linux-gnu/qt5/QtWidgets/qlabel.h:44\x1b[m\x1b[K,\n'}
[5.710807] (status_display) StderrLine: {'line': b'                 from \x1b[01m\x1b[K/usr/include/x86_64-linux-gnu/qt5/QtWidgets/QLabel:1\x1b[m\x1b[K,\n'}
[5.710887] (status_display) StderrLine: {'line': b'                 from \x1b[01m\x1b[K/home/shenhang/ros_study/chapter3/topic_practice_workspace/src/status_display/src/sys_status_display.cpp:2\x1b[m\x1b[K:\n'}
[5.710968] (status_display) StderrLine: {'line': b'\x1b[01m\x1b[K/usr/include/x86_64-linux-gnu/qt5/QtGui/qcolor.h:57:21:\x1b[m\x1b[K \x1b[01;36m\x1b[Knote: \x1b[m\x1b[Kcandidate: \xe2\x80\x98\x1b[01m\x1b[KQDebug operator<<(QDebug, const QColor&)\x1b[m\x1b[K\xe2\x80\x99\n'}
[5.711049] (status_display) StderrLine: {'line': b'   57 | Q_GUI_EXPORT QDebug \x1b[01;36m\x1b[Koperator\x1b[m\x1b[K<<(QDebug, const QColor &);\n'}
[5.711130] (status_display) StderrLine: {'line': b'      |                     \x1b[01;36m\x1b[K^~~~~~~~\x1b[m\x1b[K\n'}
[5.711217] (status_display) StderrLine: {'line': b'\x1b[01m\x1b[K/usr/include/x86_64-linux-gnu/qt5/QtGui/qcolor.h:57:32:\x1b[m\x1b[K \x1b[01;36m\x1b[Knote: \x1b[m\x1b[K  no known conversion for argument 1 from \xe2\x80\x98\x1b[01m\x1b[Kstd::basic_ostream<char>\x1b[m\x1b[K\xe2\x80\x99 to \xe2\x80\x98\x1b[01m\x1b[KQDebug\x1b[m\x1b[K\xe2\x80\x99\n'}
[5.711314] (status_display) StderrLine: {'line': b'   57 | Q_GUI_EXPORT QDebug operator<<(\x1b[01;36m\x1b[KQDebug\x1b[m\x1b[K, const QColor &);\n'}
[5.711425] (status_display) StderrLine: {'line': b'      |                                \x1b[01;36m\x1b[K^~~~~~\x1b[m\x1b[K\n'}
[5.711509] (status_display) StderrLine: {'line': b'\x1b[01m\x1b[K/usr/include/x86_64-linux-gnu/qt5/QtGui/qcolor.h:309:38:\x1b[m\x1b[K \x1b[01;36m\x1b[Knote: \x1b[m\x1b[Kcandidate: \xe2\x80\x98\x1b[01m\x1b[KQDataStream& operator<<(QDataStream&, const QColor&)\x1b[m\x1b[K\xe2\x80\x99\n'}
[5.711653] (status_display) StderrLine: {'line': b'  309 |     friend Q_GUI_EXPORT QDataStream &\x1b[01;36m\x1b[Koperator\x1b[m\x1b[K<<(QDataStream &, const QColor &);\n'}
[5.711757] (status_display) StderrLine: {'line': b'      |                                      \x1b[01;36m\x1b[K^~~~~~~~\x1b[m\x1b[K\n'}
[5.711839] (status_display) StderrLine: {'line': b'\x1b[01m\x1b[K/usr/include/x86_64-linux-gnu/qt5/QtGui/qcolor.h:60:38:\x1b[m\x1b[K \x1b[01;36m\x1b[Knote: \x1b[m\x1b[K  no known conversion for argument 1 from \xe2\x80\x98\x1b[01m\x1b[Kstd::basic_ostream<char>\x1b[m\x1b[K\xe2\x80\x99 to \xe2\x80\x98\x1b[01m\x1b[KQDataStream&\x1b[m\x1b[K\xe2\x80\x99\n'}
[5.711927] (status_display) StderrLine: {'line': b'   60 | Q_GUI_EXPORT QDataStream &operator<<(\x1b[01;36m\x1b[KQDataStream &\x1b[m\x1b[K, const QColor &);\n'}
[5.712008] (status_display) StderrLine: {'line': b'      |                                      \x1b[01;36m\x1b[K^~~~~~~~~~~~~\x1b[m\x1b[K\n'}
[5.712088] (status_display) StderrLine: {'line': b'In file included from \x1b[01m\x1b[K/usr/include/x86_64-linux-gnu/qt5/QtGui/qmatrix.h:44\x1b[m\x1b[K,\n'}
[5.712168] (status_display) StderrLine: {'line': b'                 from \x1b[01m\x1b[K/usr/include/x86_64-linux-gnu/qt5/QtGui/qbrush.h:49\x1b[m\x1b[K,\n'}
[5.712248] (status_display) StderrLine: {'line': b'                 from \x1b[01m\x1b[K/usr/include/x86_64-linux-gnu/qt5/QtGui/qpalette.h:46\x1b[m\x1b[K,\n'}
[5.712347] (status_display) StderrLine: {'line': b'                 from \x1b[01m\x1b[K/usr/include/x86_64-linux-gnu/qt5/QtWidgets/qwidget.h:48\x1b[m\x1b[K,\n'}
[5.712437] (status_display) StderrLine: {'line': b'                 from \x1b[01m\x1b[K/usr/include/x86_64-linux-gnu/qt5/QtWidgets/qframe.h:44\x1b[m\x1b[K,\n'}
[5.712517] (status_display) StderrLine: {'line': b'                 from \x1b[01m\x1b[K/usr/include/x86_64-linux-gnu/qt5/QtWidgets/qlabel.h:44\x1b[m\x1b[K,\n'}
[5.712648] (status_display) StderrLine: {'line': b'                 from \x1b[01m\x1b[K/usr/include/x86_64-linux-gnu/qt5/QtWidgets/QLabel:1\x1b[m\x1b[K,\n'}
[5.712750] (status_display) StderrLine: {'line': b'                 from \x1b[01m\x1b[K/home/shenhang/ros_study/chapter3/topic_practice_workspace/src/status_display/src/sys_status_display.cpp:2\x1b[m\x1b[K:\n'}
[5.712832] (status_display) StderrLine: {'line': b'\x1b[01m\x1b[K/usr/include/x86_64-linux-gnu/qt5/QtGui/qpolygon.h:105:21:\x1b[m\x1b[K \x1b[01;36m\x1b[Knote: \x1b[m\x1b[Kcandidate: \xe2\x80\x98\x1b[01m\x1b[KQDebug operator<<(QDebug, const QPolygon&)\x1b[m\x1b[K\xe2\x80\x99\n'}
[5.712921] (status_display) StderrLine: {'line': b'  105 | Q_GUI_EXPORT QDebug \x1b[01;36m\x1b[Koperator\x1b[m\x1b[K<<(QDebug, const QPolygon &);\n'}
[5.713003] (status_display) StderrLine: {'line': b'      |                     \x1b[01;36m\x1b[K^~~~~~~~\x1b[m\x1b[K\n'}
[5.713083] (status_display) StderrLine: {'line': b'\x1b[01m\x1b[K/usr/include/x86_64-linux-gnu/qt5/QtGui/qpolygon.h:105:32:\x1b[m\x1b[K \x1b[01;36m\x1b[Knote: \x1b[m\x1b[K  no known conversion for argument 1 from \xe2\x80\x98\x1b[01m\x1b[Kstd::basic_ostream<char>\x1b[m\x1b[K\xe2\x80\x99 to \xe2\x80\x98\x1b[01m\x1b[KQDebug\x1b[m\x1b[K\xe2\x80\x99\n'}
[5.713170] (status_display) StderrLine: {'line': b'  105 | Q_GUI_EXPORT QDebug operator<<(\x1b[01;36m\x1b[KQDebug\x1b[m\x1b[K, const QPolygon &);\n'}
[5.713250] (status_display) StderrLine: {'line': b'      |                                \x1b[01;36m\x1b[K^~~~~~\x1b[m\x1b[K\n'}
[5.713356] (status_display) StderrLine: {'line': b'\x1b[01m\x1b[K/usr/include/x86_64-linux-gnu/qt5/QtGui/qpolygon.h:112:27:\x1b[m\x1b[K \x1b[01;36m\x1b[Knote: \x1b[m\x1b[Kcandidate: \xe2\x80\x98\x1b[01m\x1b[KQDataStream& operator<<(QDataStream&, const QPolygon&)\x1b[m\x1b[K\xe2\x80\x99\n'}
[5.713448] (status_display) StderrLine: {'line': b'  112 | Q_GUI_EXPORT QDataStream &\x1b[01;36m\x1b[Koperator\x1b[m\x1b[K<<(QDataStream &stream, const QPolygon &polygon);\n'}
[5.713529] (status_display) StderrLine: {'line': b'      |                           \x1b[01;36m\x1b[K^~~~~~~~\x1b[m\x1b[K\n'}
[5.713667] (status_display) StderrLine: {'line': b'\x1b[01m\x1b[K/usr/include/x86_64-linux-gnu/qt5/QtGui/qpolygon.h:112:51:\x1b[m\x1b[K \x1b[01;36m\x1b[Knote: \x1b[m\x1b[K  no known conversion for argument 1 from \xe2\x80\x98\x1b[01m\x1b[Kstd::basic_ostream<char>\x1b[m\x1b[K\xe2\x80\x99 to \xe2\x80\x98\x1b[01m\x1b[KQDataStream&\x1b[m\x1b[K\xe2\x80\x99\n'}
[5.713788] (status_display) StderrLine: {'line': b'  112 | Q_GUI_EXPORT QDataStream &operator<<(\x1b[01;36m\x1b[KQDataStream &stream\x1b[m\x1b[K, const QPolygon &polygon);\n'}
[5.713872] (status_display) StderrLine: {'line': b'      |                                      \x1b[01;36m\x1b[K~~~~~~~~~~~~~^~~~~~\x1b[m\x1b[K\n'}
[5.713952] (status_display) StderrLine: {'line': b'\x1b[01m\x1b[K/usr/include/x86_64-linux-gnu/qt5/QtGui/qpolygon.h:180:21:\x1b[m\x1b[K \x1b[01;36m\x1b[Knote: \x1b[m\x1b[Kcandidate: \xe2\x80\x98\x1b[01m\x1b[KQDebug operator<<(QDebug, const QPolygonF&)\x1b[m\x1b[K\xe2\x80\x99\n'}
[5.714034] (status_display) StderrLine: {'line': b'  180 | Q_GUI_EXPORT QDebug \x1b[01;36m\x1b[Koperator\x1b[m\x1b[K<<(QDebug, const QPolygonF &);\n'}
[5.714114] (status_display) StderrLine: {'line': b'      |                     \x1b[01;36m\x1b[K^~~~~~~~\x1b[m\x1b[K\n'}
[5.714197] (status_display) StderrLine: {'line': b'\x1b[01m\x1b[K/usr/include/x86_64-linux-gnu/qt5/QtGui/qpolygon.h:180:32:\x1b[m\x1b[K \x1b[01;36m\x1b[Knote: \x1b[m\x1b[K  no known conversion for argument 1 from \xe2\x80\x98\x1b[01m\x1b[Kstd::basic_ostream<char>\x1b[m\x1b[K\xe2\x80\x99 to \xe2\x80\x98\x1b[01m\x1b[KQDebug\x1b[m\x1b[K\xe2\x80\x99\n'}
[5.714295] (status_display) StderrLine: {'line': b'  180 | Q_GUI_EXPORT QDebug operator<<(\x1b[01;36m\x1b[KQDebug\x1b[m\x1b[K, const QPolygonF &);\n'}
[5.714386] (status_display) StderrLine: {'line': b'      |                                \x1b[01;36m\x1b[K^~~~~~\x1b[m\x1b[K\n'}
[5.714467] (status_display) StderrLine: {'line': b'\x1b[01m\x1b[K/usr/include/x86_64-linux-gnu/qt5/QtGui/qpolygon.h:187:27:\x1b[m\x1b[K \x1b[01;36m\x1b[Knote: \x1b[m\x1b[Kcandidate: \xe2\x80\x98\x1b[01m\x1b[KQDataStream& operator<<(QDataStream&, const QPolygonF&)\x1b[m\x1b[K\xe2\x80\x99\n'}
[5.714549] (status_display) StderrLine: {'line': b'  187 | Q_GUI_EXPORT QDataStream &\x1b[01;36m\x1b[Koperator\x1b[m\x1b[K<<(QDataStream &stream, const QPolygonF &array);\n'}
[5.714716] (status_display) StderrLine: {'line': b'      |                           \x1b[01;36m\x1b[K^~~~~~~~\x1b[m\x1b[K\n'}
[5.714806] (status_display) StderrLine: {'line': b'\x1b[01m\x1b[K/usr/include/x86_64-linux-gnu/qt5/QtGui/qpolygon.h:187:51:\x1b[m\x1b[K \x1b[01;36m\x1b[Knote: \x1b[m\x1b[K  no known conversion for argument 1 from \xe2\x80\x98\x1b[01m\x1b[Kstd::basic_ostream<char>\x1b[m\x1b[K\xe2\x80\x99 to \xe2\x80\x98\x1b[01m\x1b[KQDataStream&\x1b[m\x1b[K\xe2\x80\x99\n'}
[5.714890] (status_display) StderrLine: {'line': b'  187 | Q_GUI_EXPORT QDataStream &operator<<(\x1b[01;36m\x1b[KQDataStream &stream\x1b[m\x1b[K, const QPolygonF &array);\n'}
[5.714973] (status_display) StderrLine: {'line': b'      |                                      \x1b[01;36m\x1b[K~~~~~~~~~~~~~^~~~~~\x1b[m\x1b[K\n'}
[5.715069] (status_display) StderrLine: {'line': b'In file included from \x1b[01m\x1b[K/usr/include/x86_64-linux-gnu/qt5/QtCore/qdatastream.h:44\x1b[m\x1b[K,\n'}
[5.715179] (status_display) StderrLine: {'line': b'                 from \x1b[01m\x1b[K/usr/include/x86_64-linux-gnu/qt5/QtGui/qregion.h:49\x1b[m\x1b[K,\n'}
[5.715282] (status_display) StderrLine: {'line': b'                 from \x1b[01m\x1b[K/usr/include/x86_64-linux-gnu/qt5/QtGui/qmatrix.h:45\x1b[m\x1b[K,\n'}
[5.715376] (status_display) StderrLine: {'line': b'                 from \x1b[01m\x1b[K/usr/include/x86_64-linux-gnu/qt5/QtGui/qbrush.h:49\x1b[m\x1b[K,\n'}
[5.715458] (status_display) StderrLine: {'line': b'                 from \x1b[01m\x1b[K/usr/include/x86_64-linux-gnu/qt5/QtGui/qpalette.h:46\x1b[m\x1b[K,\n'}
[5.715538] (status_display) StderrLine: {'line': b'                 from \x1b[01m\x1b[K/usr/include/x86_64-linux-gnu/qt5/QtWidgets/qwidget.h:48\x1b[m\x1b[K,\n'}
[5.715676] (status_display) StderrLine: {'line': b'                 from \x1b[01m\x1b[K/usr/include/x86_64-linux-gnu/qt5/QtWidgets/qframe.h:44\x1b[m\x1b[K,\n'}
[5.715772] (status_display) StderrLine: {'line': b'                 from \x1b[01m\x1b[K/usr/include/x86_64-linux-gnu/qt5/QtWidgets/qlabel.h:44\x1b[m\x1b[K,\n'}
[5.715853] (status_display) StderrLine: {'line': b'                 from \x1b[01m\x1b[K/usr/include/x86_64-linux-gnu/qt5/QtWidgets/QLabel:1\x1b[m\x1b[K,\n'}
[5.715934] (status_display) StderrLine: {'line': b'                 from \x1b[01m\x1b[K/home/shenhang/ros_study/chapter3/topic_practice_workspace/src/status_display/src/sys_status_display.cpp:2\x1b[m\x1b[K:\n'}
[5.716017] (status_display) StderrLine: {'line': b'\x1b[01m\x1b[K/usr/include/x86_64-linux-gnu/qt5/QtCore/qiodevice.h:189:22:\x1b[m\x1b[K \x1b[01;36m\x1b[Knote: \x1b[m\x1b[Kcandidate: \xe2\x80\x98\x1b[01m\x1b[KQDebug operator<<(QDebug, QIODevice::OpenMode)\x1b[m\x1b[K\xe2\x80\x99\n'}
[5.716099] (status_display) StderrLine: {'line': b'  189 | Q_CORE_EXPORT QDebug \x1b[01;36m\x1b[Koperator\x1b[m\x1b[K<<(QDebug debug, QIODevice::OpenMode modes);\n'}
[5.716180] (status_display) StderrLine: {'line': b'      |                      \x1b[01;36m\x1b[K^~~~~~~~\x1b[m\x1b[K\n'}
[5.716287] (status_display) StderrLine: {'line': b'\x1b[01m\x1b[K/usr/include/x86_64-linux-gnu/qt5/QtCore/qiodevice.h:189:40:\x1b[m\x1b[K \x1b[01;36m\x1b[Knote: \x1b[m\x1b[K  no known conversion for argument 1 from \xe2\x80\x98\x1b[01m\x1b[Kstd::basic_ostream<char>\x1b[m\x1b[K\xe2\x80\x99 to \xe2\x80\x98\x1b[01m\x1b[KQDebug\x1b[m\x1b[K\xe2\x80\x99\n'}
[5.716380] (status_display) StderrLine: {'line': b'  189 | Q_CORE_EXPORT QDebug operator<<(\x1b[01;36m\x1b[KQDebug debug\x1b[m\x1b[K, QIODevice::OpenMode modes);\n'}
[5.716466] (status_display) StderrLine: {'line': b'      |                                 \x1b[01;36m\x1b[K~~~~~~~^~~~~\x1b[m\x1b[K\n'}
[5.716547] (status_display) StderrLine: {'line': b'In file included from \x1b[01m\x1b[K/usr/include/x86_64-linux-gnu/qt5/QtGui/qmatrix.h:45\x1b[m\x1b[K,\n'}
[5.716777] (status_display) StderrLine: {'line': b'                 from \x1b[01m\x1b[K/usr/include/x86_64-linux-gnu/qt5/QtGui/qbrush.h:49\x1b[m\x1b[K,\n'}
[5.716878] (status_display) StderrLine: {'line': b'                 from \x1b[01m\x1b[K/usr/include/x86_64-linux-gnu/qt5/QtGui/qpalette.h:46\x1b[m\x1b[K,\n'}
[5.716961] (status_display) StderrLine: {'line': b'                 from \x1b[01m\x1b[K/usr/include/x86_64-linux-gnu/qt5/QtWidgets/qwidget.h:48\x1b[m\x1b[K,\n'}
[5.717042] (status_display) StderrLine: {'line': b'                 from \x1b[01m\x1b[K/usr/include/x86_64-linux-gnu/qt5/QtWidgets/qframe.h:44\x1b[m\x1b[K,\n'}
[5.717124] (status_display) StderrLine: {'line': b'                 from \x1b[01m\x1b[K/usr/include/x86_64-linux-gnu/qt5/QtWidgets/qlabel.h:44\x1b[m\x1b[K,\n'}
[5.717222] (status_display) StderrLine: {'line': b'                 from \x1b[01m\x1b[K/usr/include/x86_64-linux-gnu/qt5/QtWidgets/QLabel:1\x1b[m\x1b[K,\n'}
[5.717323] (status_display) StderrLine: {'line': b'                 from \x1b[01m\x1b[K/home/shenhang/ros_study/chapter3/topic_practice_workspace/src/status_display/src/sys_status_display.cpp:2\x1b[m\x1b[K:\n'}
[5.717406] (status_display) StderrLine: {'line': b'\x1b[01m\x1b[K/usr/include/x86_64-linux-gnu/qt5/QtGui/qregion.h:189:27:\x1b[m\x1b[K \x1b[01;36m\x1b[Knote: \x1b[m\x1b[Kcandidate: \xe2\x80\x98\x1b[01m\x1b[KQDataStream& operator<<(QDataStream&, const QRegion&)\x1b[m\x1b[K\xe2\x80\x99\n'}
[5.717491] (status_display) StderrLine: {'line': b'  189 | Q_GUI_EXPORT QDataStream &\x1b[01;36m\x1b[Koperator\x1b[m\x1b[K<<(QDataStream &, const QRegion &);\n'}
[5.717579] (status_display) StderrLine: {'line': b'      |                           \x1b[01;36m\x1b[K^~~~~~~~\x1b[m\x1b[K\n'}
[5.717827] (status_display) StderrLine: {'line': b'\x1b[01m\x1b[K/usr/include/x86_64-linux-gnu/qt5/QtGui/qregion.h:160:49:\x1b[m\x1b[K \x1b[01;36m\x1b[Knote: \x1b[m\x1b[K  no known conversion for argument 1 from \xe2\x80\x98\x1b[01m\x1b[Kstd::basic_ostream<char>\x1b[m\x1b[K\xe2\x80\x99 to \xe2\x80\x98\x1b[01m\x1b[KQDataStream&\x1b[m\x1b[K\xe2\x80\x99\n'}
[5.717912] (status_display) StderrLine: {'line': b'  160 |     friend Q_GUI_EXPORT QDataStream &operator<<(\x1b[01;36m\x1b[KQDataStream &\x1b[m\x1b[K, const QRegion &);\n'}
[5.717994] (status_display) StderrLine: {'line': b'      |                                                 \x1b[01;36m\x1b[K^~~~~~~~~~~~~\x1b[m\x1b[K\n'}
[5.718076] (status_display) StderrLine: {'line': b'\x1b[01m\x1b[K/usr/include/x86_64-linux-gnu/qt5/QtGui/qregion.h:194:21:\x1b[m\x1b[K \x1b[01;36m\x1b[Knote: \x1b[m\x1b[Kcandidate: \xe2\x80\x98\x1b[01m\x1b[KQDebug operator<<(QDebug, const QRegion&)\x1b[m\x1b[K\xe2\x80\x99\n'}
[5.718161] (status_display) StderrLine: {'line': b'  194 | Q_GUI_EXPORT QDebug \x1b[01;36m\x1b[Koperator\x1b[m\x1b[K<<(QDebug, const QRegion &);\n'}
[5.718242] (status_display) StderrLine: {'line': b'      |                     \x1b[01;36m\x1b[K^~~~~~~~\x1b[m\x1b[K\n'}
[5.718500] (status_display) StderrLine: {'line': b'\x1b[01m\x1b[K/usr/include/x86_64-linux-gnu/qt5/QtGui/qregion.h:194:32:\x1b[m\x1b[K \x1b[01;36m\x1b[Knote: \x1b[m\x1b[K  no known conversion for argument 1 from \xe2\x80\x98\x1b[01m\x1b[Kstd::basic_ostream<char>\x1b[m\x1b[K\xe2\x80\x99 to \xe2\x80\x98\x1b[01m\x1b[KQDebug\x1b[m\x1b[K\xe2\x80\x99\n'}
[5.718603] (status_display) StderrLine: {'line': b'  194 | Q_GUI_EXPORT QDebug operator<<(\x1b[01;36m\x1b[KQDebug\x1b[m\x1b[K, const QRegion &);\n'}
[5.718763] (status_display) StderrLine: {'line': b'      |                                \x1b[01;36m\x1b[K^~~~~~\x1b[m\x1b[K\n'}
[5.718852] (status_display) StderrLine: {'line': b'In file included from \x1b[01m\x1b[K/usr/include/x86_64-linux-gnu/qt5/QtGui/qmatrix.h:47\x1b[m\x1b[K,\n'}
[5.718933] (status_display) StderrLine: {'line': b'                 from \x1b[01m\x1b[K/usr/include/x86_64-linux-gnu/qt5/QtGui/qbrush.h:49\x1b[m\x1b[K,\n'}
[5.719014] (status_display) StderrLine: {'line': b'                 from \x1b[01m\x1b[K/usr/include/x86_64-linux-gnu/qt5/QtGui/qpalette.h:46\x1b[m\x1b[K,\n'}
[5.719099] (status_display) StderrLine: {'line': b'                 from \x1b[01m\x1b[K/usr/include/x86_64-linux-gnu/qt5/QtWidgets/qwidget.h:48\x1b[m\x1b[K,\n'}
[5.719180] (status_display) StderrLine: {'line': b'                 from \x1b[01m\x1b[K/usr/include/x86_64-linux-gnu/qt5/QtWidgets/qframe.h:44\x1b[m\x1b[K,\n'}
[5.719260] (status_display) StderrLine: {'line': b'                 from \x1b[01m\x1b[K/usr/include/x86_64-linux-gnu/qt5/QtWidgets/qlabel.h:44\x1b[m\x1b[K,\n'}
[5.719340] (status_display) StderrLine: {'line': b'                 from \x1b[01m\x1b[K/usr/include/x86_64-linux-gnu/qt5/QtWidgets/QLabel:1\x1b[m\x1b[K,\n'}
[5.719420] (status_display) StderrLine: {'line': b'                 from \x1b[01m\x1b[K/home/shenhang/ros_study/chapter3/topic_practice_workspace/src/status_display/src/sys_status_display.cpp:2\x1b[m\x1b[K:\n'}
[5.719502] (status_display) StderrLine: {'line': b'\x1b[01m\x1b[K/usr/include/x86_64-linux-gnu/qt5/QtCore/qline.h:203:22:\x1b[m\x1b[K \x1b[01;36m\x1b[Knote: \x1b[m\x1b[Kcandidate: \xe2\x80\x98\x1b[01m\x1b[KQDebug operator<<(QDebug, const QLine&)\x1b[m\x1b[K\xe2\x80\x99\n'}
[5.719589] (status_display) StderrLine: {'line': b'  203 | Q_CORE_EXPORT QDebug \x1b[01;36m\x1b[Koperator\x1b[m\x1b[K<<(QDebug d, const QLine &p);\n'}
[5.719770] (status_display) StderrLine: {'line': b'      |                      \x1b[01;36m\x1b[K^~~~~~~~\x1b[m\x1b[K\n'}
[5.719857] (status_display) StderrLine: {'line': b'\x1b[01m\x1b[K/usr/include/x86_64-linux-gnu/qt5/QtCore/qline.h:203:40:\x1b[m\x1b[K \x1b[01;36m\x1b[Knote: \x1b[m\x1b[K  no known conversion for argument 1 from \xe2\x80\x98\x1b[01m\x1b[Kstd::basic_ostream<char>\x1b[m\x1b[K\xe2\x80\x99 to \xe2\x80\x98\x1b[01m\x1b[KQDebug\x1b[m\x1b[K\xe2\x80\x99\n'}
[5.719946] (status_display) StderrLine: {'line': b'  203 | Q_CORE_EXPORT QDebug operator<<(\x1b[01;36m\x1b[KQDebug d\x1b[m\x1b[K, const QLine &p);\n'}
[5.720028] (status_display) StderrLine: {'line': b'      |                                 \x1b[01;36m\x1b[K~~~~~~~^\x1b[m\x1b[K\n'}
[5.720110] (status_display) StderrLine: {'line': b'\x1b[01m\x1b[K/usr/include/x86_64-linux-gnu/qt5/QtCore/qline.h:207:28:\x1b[m\x1b[K \x1b[01;36m\x1b[Knote: \x1b[m\x1b[Kcandidate: \xe2\x80\x98\x1b[01m\x1b[KQDataStream& operator<<(QDataStream&, const QLine&)\x1b[m\x1b[K\xe2\x80\x99\n'}
[5.720200] (status_display) StderrLine: {'line': b'  207 | Q_CORE_EXPORT QDataStream &\x1b[01;36m\x1b[Koperator\x1b[m\x1b[K<<(QDataStream &, const QLine &);\n'}
[5.720281] (status_display) StderrLine: {'line': b'      |                            \x1b[01;36m\x1b[K^~~~~~~~\x1b[m\x1b[K\n'}
[5.720362] (status_display) StderrLine: {'line': b'\x1b[01m\x1b[K/usr/include/x86_64-linux-gnu/qt5/QtCore/qline.h:207:39:\x1b[m\x1b[K \x1b[01;36m\x1b[Knote: \x1b[m\x1b[K  no known conversion for argument 1 from \xe2\x80\x98\x1b[01m\x1b[Kstd::basic_ostream<char>\x1b[m\x1b[K\xe2\x80\x99 to \xe2\x80\x98\x1b[01m\x1b[KQDataStream&\x1b[m\x1b[K\xe2\x80\x99\n'}
[5.720450] (status_display) StderrLine: {'line': b'  207 | Q_CORE_EXPORT QDataStream &operator<<(\x1b[01;36m\x1b[KQDataStream &\x1b[m\x1b[K, const QLine &);\n'}
[5.720535] (status_display) StderrLine: {'line': b'      |                                       \x1b[01;36m\x1b[K^~~~~~~~~~~~~\x1b[m\x1b[K\n'}
[5.720688] (status_display) StderrLine: {'line': b'\x1b[01m\x1b[K/usr/include/x86_64-linux-gnu/qt5/QtCore/qline.h:430:22:\x1b[m\x1b[K \x1b[01;36m\x1b[Knote: \x1b[m\x1b[Kcandidate: \xe2\x80\x98\x1b[01m\x1b[KQDebug operator<<(QDebug, const QLineF&)\x1b[m\x1b[K\xe2\x80\x99\n'}
[5.720808] (status_display) StderrLine: {'line': b'  430 | Q_CORE_EXPORT QDebug \x1b[01;36m\x1b[Koperator\x1b[m\x1b[K<<(QDebug d, const QLineF &p);\n'}
[5.720892] (status_display) StderrLine: {'line': b'      |                      \x1b[01;36m\x1b[K^~~~~~~~\x1b[m\x1b[K\n'}
[5.720973] (status_display) StderrLine: {'line': b'\x1b[01m\x1b[K/usr/include/x86_64-linux-gnu/qt5/QtCore/qline.h:430:40:\x1b[m\x1b[K \x1b[01;36m\x1b[Knote: \x1b[m\x1b[K  no known conversion for argument 1 from \xe2\x80\x98\x1b[01m\x1b[Kstd::basic_ostream<char>\x1b[m\x1b[K\xe2\x80\x99 to \xe2\x80\x98\x1b[01m\x1b[KQDebug\x1b[m\x1b[K\xe2\x80\x99\n'}
[5.721056] (status_display) StderrLine: {'line': b'  430 | Q_CORE_EXPORT QDebug operator<<(\x1b[01;36m\x1b[KQDebug d\x1b[m\x1b[K, const QLineF &p);\n'}
[5.721137] (status_display) StderrLine: {'line': b'      |                                 \x1b[01;36m\x1b[K~~~~~~~^\x1b[m\x1b[K\n'}
[5.721247] (status_display) StderrLine: {'line': b'\x1b[01m\x1b[K/usr/include/x86_64-linux-gnu/qt5/QtCore/qline.h:434:28:\x1b[m\x1b[K \x1b[01;36m\x1b[Knote: \x1b[m\x1b[Kcandidate: \xe2\x80\x98\x1b[01m\x1b[KQDataStream& operator<<(QDataStream&, const QLineF&)\x1b[m\x1b[K\xe2\x80\x99\n'}
[5.721341] (status_display) StderrLine: {'line': b'  434 | Q_CORE_EXPORT QDataStream &\x1b[01;36m\x1b[Koperator\x1b[m\x1b[K<<(QDataStream &, const QLineF &);\n'}
[5.721422] (status_display) StderrLine: {'line': b'      |                            \x1b[01;36m\x1b[K^~~~~~~~\x1b[m\x1b[K\n'}
[5.721503] (status_display) StderrLine: {'line': b'\x1b[01m\x1b[K/usr/include/x86_64-linux-gnu/qt5/QtCore/qline.h:434:39:\x1b[m\x1b[K \x1b[01;36m\x1b[Knote: \x1b[m\x1b[K  no known conversion for argument 1 from \xe2\x80\x98\x1b[01m\x1b[Kstd::basic_ostream<char>\x1b[m\x1b[K\xe2\x80\x99 to \xe2\x80\x98\x1b[01m\x1b[KQDataStream&\x1b[m\x1b[K\xe2\x80\x99\n'}
[5.721584] (status_display) StderrLine: {'line': b'  434 | Q_CORE_EXPORT QDataStream &operator<<(\x1b[01;36m\x1b[KQDataStream &\x1b[m\x1b[K, const QLineF &);\n'}
[5.721722] (status_display) StderrLine: {'line': b'      |                                       \x1b[01;36m\x1b[K^~~~~~~~~~~~~\x1b[m\x1b[K\n'}
[5.721815] (status_display) StderrLine: {'line': b'In file included from \x1b[01m\x1b[K/usr/include/x86_64-linux-gnu/qt5/QtGui/qbrush.h:49\x1b[m\x1b[K,\n'}
[5.721901] (status_display) StderrLine: {'line': b'                 from \x1b[01m\x1b[K/usr/include/x86_64-linux-gnu/qt5/QtGui/qpalette.h:46\x1b[m\x1b[K,\n'}
[5.721982] (status_display) StderrLine: {'line': b'                 from \x1b[01m\x1b[K/usr/include/x86_64-linux-gnu/qt5/QtWidgets/qwidget.h:48\x1b[m\x1b[K,\n'}
[5.722067] (status_display) StderrLine: {'line': b'                 from \x1b[01m\x1b[K/usr/include/x86_64-linux-gnu/qt5/QtWidgets/qframe.h:44\x1b[m\x1b[K,\n'}
[5.722148] (status_display) StderrLine: {'line': b'                 from \x1b[01m\x1b[K/usr/include/x86_64-linux-gnu/qt5/QtWidgets/qlabel.h:44\x1b[m\x1b[K,\n'}
[5.722229] (status_display) StderrLine: {'line': b'                 from \x1b[01m\x1b[K/usr/include/x86_64-linux-gnu/qt5/QtWidgets/QLabel:1\x1b[m\x1b[K,\n'}
[5.722309] (status_display) StderrLine: {'line': b'                 from \x1b[01m\x1b[K/home/shenhang/ros_study/chapter3/topic_practice_workspace/src/status_display/src/sys_status_display.cpp:2\x1b[m\x1b[K:\n'}
[5.722391] (status_display) StderrLine: {'line': b'\x1b[01m\x1b[K/usr/include/x86_64-linux-gnu/qt5/QtGui/qmatrix.h:184:27:\x1b[m\x1b[K \x1b[01;36m\x1b[Knote: \x1b[m\x1b[Kcandidate: \xe2\x80\x98\x1b[01m\x1b[KQDataStream& operator<<(QDataStream&, const QMatrix&)\x1b[m\x1b[K\xe2\x80\x99\n'}
[5.722474] (status_display) StderrLine: {'line': b'  184 | Q_GUI_EXPORT QDataStream &\x1b[01;36m\x1b[Koperator\x1b[m\x1b[K<<(QDataStream &, const QMatrix &);\n'}
[5.722554] (status_display) StderrLine: {'line': b'      |                           \x1b[01;36m\x1b[K^~~~~~~~\x1b[m\x1b[K\n'}
[5.722732] (status_display) StderrLine: {'line': b'\x1b[01m\x1b[K/usr/include/x86_64-linux-gnu/qt5/QtGui/qmatrix.h:184:38:\x1b[m\x1b[K \x1b[01;36m\x1b[Knote: \x1b[m\x1b[K  no known conversion for argument 1 from \xe2\x80\x98\x1b[01m\x1b[Kstd::basic_ostream<char>\x1b[m\x1b[K\xe2\x80\x99 to \xe2\x80\x98\x1b[01m\x1b[KQDataStream&\x1b[m\x1b[K\xe2\x80\x99\n'}
[5.722822] (status_display) StderrLine: {'line': b'  184 | Q_GUI_EXPORT QDataStream &operator<<(\x1b[01;36m\x1b[KQDataStream &\x1b[m\x1b[K, const QMatrix &);\n'}
[5.722903] (status_display) StderrLine: {'line': b'      |                                      \x1b[01;36m\x1b[K^~~~~~~~~~~~~\x1b[m\x1b[K\n'}
[5.722984] (status_display) StderrLine: {'line': b'\x1b[01m\x1b[K/usr/include/x86_64-linux-gnu/qt5/QtGui/qmatrix.h:189:21:\x1b[m\x1b[K \x1b[01;36m\x1b[Knote: \x1b[m\x1b[Kcandidate: \xe2\x80\x98\x1b[01m\x1b[KQDebug operator<<(QDebug, const QMatrix&)\x1b[m\x1b[K\xe2\x80\x99\n'}
[5.723066] (status_display) StderrLine: {'line': b'  189 | Q_GUI_EXPORT QDebug \x1b[01;36m\x1b[Koperator\x1b[m\x1b[K<<(QDebug, const QMatrix &);\n'}
[5.723146] (status_display) StderrLine: {'line': b'      |                     \x1b[01;36m\x1b[K^~~~~~~~\x1b[m\x1b[K\n'}
[5.723226] (status_display) StderrLine: {'line': b'\x1b[01m\x1b[K/usr/include/x86_64-linux-gnu/qt5/QtGui/qmatrix.h:189:32:\x1b[m\x1b[K \x1b[01;36m\x1b[Knote: \x1b[m\x1b[K  no known conversion for argument 1 from \xe2\x80\x98\x1b[01m\x1b[Kstd::basic_ostream<char>\x1b[m\x1b[K\xe2\x80\x99 to \xe2\x80\x98\x1b[01m\x1b[KQDebug\x1b[m\x1b[K\xe2\x80\x99\n'}
[5.723307] (status_display) StderrLine: {'line': b'  189 | Q_GUI_EXPORT QDebug operator<<(\x1b[01;36m\x1b[KQDebug\x1b[m\x1b[K, const QMatrix &);\n'}
[5.723389] (status_display) StderrLine: {'line': b'      |                                \x1b[01;36m\x1b[K^~~~~~\x1b[m\x1b[K\n'}
[5.723472] (status_display) StderrLine: {'line': b'In file included from \x1b[01m\x1b[K/usr/include/x86_64-linux-gnu/qt5/QtGui/qbrush.h:50\x1b[m\x1b[K,\n'}
[5.723622] (status_display) StderrLine: {'line': b'                 from \x1b[01m\x1b[K/usr/include/x86_64-linux-gnu/qt5/QtGui/qpalette.h:46\x1b[m\x1b[K,\n'}
[5.723717] (status_display) StderrLine: {'line': b'                 from \x1b[01m\x1b[K/usr/include/x86_64-linux-gnu/qt5/QtWidgets/qwidget.h:48\x1b[m\x1b[K,\n'}
[5.723807] (status_display) StderrLine: {'line': b'                 from \x1b[01m\x1b[K/usr/include/x86_64-linux-gnu/qt5/QtWidgets/qframe.h:44\x1b[m\x1b[K,\n'}
[5.723889] (status_display) StderrLine: {'line': b'                 from \x1b[01m\x1b[K/usr/include/x86_64-linux-gnu/qt5/QtWidgets/qlabel.h:44\x1b[m\x1b[K,\n'}
[5.723970] (status_display) StderrLine: {'line': b'                 from \x1b[01m\x1b[K/usr/include/x86_64-linux-gnu/qt5/QtWidgets/QLabel:1\x1b[m\x1b[K,\n'}
[5.724051] (status_display) StderrLine: {'line': b'                 from \x1b[01m\x1b[K/home/shenhang/ros_study/chapter3/topic_practice_workspace/src/status_display/src/sys_status_display.cpp:2\x1b[m\x1b[K:\n'}
[5.724133] (status_display) StderrLine: {'line': b'\x1b[01m\x1b[K/usr/include/x86_64-linux-gnu/qt5/QtGui/qtransform.h:386:27:\x1b[m\x1b[K \x1b[01;36m\x1b[Knote: \x1b[m\x1b[Kcandidate: \xe2\x80\x98\x1b[01m\x1b[KQDataStream& operator<<(QDataStream&, const QTransform&)\x1b[m\x1b[K\xe2\x80\x99\n'}
[5.724216] (status_display) StderrLine: {'line': b'  386 | Q_GUI_EXPORT QDataStream &\x1b[01;36m\x1b[Koperator\x1b[m\x1b[K<<(QDataStream &, const QTransform &);\n'}
[5.724296] (status_display) StderrLine: {'line': b'      |                           \x1b[01;36m\x1b[K^~~~~~~~\x1b[m\x1b[K\n'}
[5.724377] (status_display) StderrLine: {'line': b'\x1b[01m\x1b[K/usr/include/x86_64-linux-gnu/qt5/QtGui/qtransform.h:386:38:\x1b[m\x1b[K \x1b[01;36m\x1b[Knote: \x1b[m\x1b[K  no known conversion for argument 1 from \xe2\x80\x98\x1b[01m\x1b[Kstd::basic_ostream<char>\x1b[m\x1b[K\xe2\x80\x99 to \xe2\x80\x98\x1b[01m\x1b[KQDataStream&\x1b[m\x1b[K\xe2\x80\x99\n'}
[5.724458] (status_display) StderrLine: {'line': b'  386 | Q_GUI_EXPORT QDataStream &operator<<(\x1b[01;36m\x1b[KQDataStream &\x1b[m\x1b[K, const QTransform &);\n'}
[5.724568] (status_display) StderrLine: {'line': b'      |                                      \x1b[01;36m\x1b[K^~~~~~~~~~~~~\x1b[m\x1b[K\n'}
[5.724717] (status_display) StderrLine: {'line': b'\x1b[01m\x1b[K/usr/include/x86_64-linux-gnu/qt5/QtGui/qtransform.h:391:21:\x1b[m\x1b[K \x1b[01;36m\x1b[Knote: \x1b[m\x1b[Kcandidate: \xe2\x80\x98\x1b[01m\x1b[KQDebug operator<<(QDebug, const QTransform&)\x1b[m\x1b[K\xe2\x80\x99\n'}
[5.724804] (status_display) StderrLine: {'line': b'  391 | Q_GUI_EXPORT QDebug \x1b[01;36m\x1b[Koperator\x1b[m\x1b[K<<(QDebug, const QTransform &);\n'}
[5.724884] (status_display) StderrLine: {'line': b'      |                     \x1b[01;36m\x1b[K^~~~~~~~\x1b[m\x1b[K\n'}
[5.724969] (status_display) StderrLine: {'line': b'\x1b[01m\x1b[K/usr/include/x86_64-linux-gnu/qt5/QtGui/qtransform.h:391:32:\x1b[m\x1b[K \x1b[01;36m\x1b[Knote: \x1b[m\x1b[K  no known conversion for argument 1 from \xe2\x80\x98\x1b[01m\x1b[Kstd::basic_ostream<char>\x1b[m\x1b[K\xe2\x80\x99 to \xe2\x80\x98\x1b[01m\x1b[KQDebug\x1b[m\x1b[K\xe2\x80\x99\n'}
[5.725056] (status_display) StderrLine: {'line': b'  391 | Q_GUI_EXPORT QDebug operator<<(\x1b[01;36m\x1b[KQDebug\x1b[m\x1b[K, const QTransform &);\n'}
[5.725137] (status_display) StderrLine: {'line': b'      |                                \x1b[01;36m\x1b[K^~~~~~\x1b[m\x1b[K\n'}
[5.725218] (status_display) StderrLine: {'line': b'In file included from \x1b[01m\x1b[K/usr/include/x86_64-linux-gnu/qt5/QtGui/qbrush.h:51\x1b[m\x1b[K,\n'}
[5.725298] (status_display) StderrLine: {'line': b'                 from \x1b[01m\x1b[K/usr/include/x86_64-linux-gnu/qt5/QtGui/qpalette.h:46\x1b[m\x1b[K,\n'}
[5.725378] (status_display) StderrLine: {'line': b'                 from \x1b[01m\x1b[K/usr/include/x86_64-linux-gnu/qt5/QtWidgets/qwidget.h:48\x1b[m\x1b[K,\n'}
[5.725458] (status_display) StderrLine: {'line': b'                 from \x1b[01m\x1b[K/usr/include/x86_64-linux-gnu/qt5/QtWidgets/qframe.h:44\x1b[m\x1b[K,\n'}
[5.725579] (status_display) StderrLine: {'line': b'                 from \x1b[01m\x1b[K/usr/include/x86_64-linux-gnu/qt5/QtWidgets/qlabel.h:44\x1b[m\x1b[K,\n'}
[5.725730] (status_display) StderrLine: {'line': b'                 from \x1b[01m\x1b[K/usr/include/x86_64-linux-gnu/qt5/QtWidgets/QLabel:1\x1b[m\x1b[K,\n'}
[5.725818] (status_display) StderrLine: {'line': b'                 from \x1b[01m\x1b[K/home/shenhang/ros_study/chapter3/topic_practice_workspace/src/status_display/src/sys_status_display.cpp:2\x1b[m\x1b[K:\n'}
[5.725900] (status_display) StderrLine: {'line': b'\x1b[01m\x1b[K/usr/include/x86_64-linux-gnu/qt5/QtGui/qimage.h:502:27:\x1b[m\x1b[K \x1b[01;36m\x1b[Knote: \x1b[m\x1b[Kcandidate: \xe2\x80\x98\x1b[01m\x1b[KQDataStream& operator<<(QDataStream&, const QImage&)\x1b[m\x1b[K\xe2\x80\x99\n'}
[5.725981] (status_display) StderrLine: {'line': b'  502 | Q_GUI_EXPORT QDataStream &\x1b[01;36m\x1b[Koperator\x1b[m\x1b[K<<(QDataStream &, const QImage &);\n'}
[5.726061] (status_display) StderrLine: {'line': b'      |                           \x1b[01;36m\x1b[K^~~~~~~~\x1b[m\x1b[K\n'}
[5.726141] (status_display) StderrLine: {'line': b'\x1b[01m\x1b[K/usr/include/x86_64-linux-gnu/qt5/QtGui/qimage.h:502:38:\x1b[m\x1b[K \x1b[01;36m\x1b[Knote: \x1b[m\x1b[K  no known conversion for argument 1 from \xe2\x80\x98\x1b[01m\x1b[Kstd::basic_ostream<char>\x1b[m\x1b[K\xe2\x80\x99 to \xe2\x80\x98\x1b[01m\x1b[KQDataStream&\x1b[m\x1b[K\xe2\x80\x99\n'}
[5.726223] (status_display) StderrLine: {'line': b'  502 | Q_GUI_EXPORT QDataStream &operator<<(\x1b[01;36m\x1b[KQDataStream &\x1b[m\x1b[K, const QImage &);\n'}
[5.726303] (status_display) StderrLine: {'line': b'      |                                      \x1b[01;36m\x1b[K^~~~~~~~~~~~~\x1b[m\x1b[K\n'}
[5.726386] (status_display) StderrLine: {'line': b'\x1b[01m\x1b[K/usr/include/x86_64-linux-gnu/qt5/QtGui/qimage.h:507:21:\x1b[m\x1b[K \x1b[01;36m\x1b[Knote: \x1b[m\x1b[Kcandidate: \xe2\x80\x98\x1b[01m\x1b[KQDebug operator<<(QDebug, const QImage&)\x1b[m\x1b[K\xe2\x80\x99\n'}
[5.726485] (status_display) StderrLine: {'line': b'  507 | Q_GUI_EXPORT QDebug \x1b[01;36m\x1b[Koperator\x1b[m\x1b[K<<(QDebug, const QImage &);\n'}
[5.726576] (status_display) StderrLine: {'line': b'      |                     \x1b[01;36m\x1b[K^~~~~~~~\x1b[m\x1b[K\n'}
[5.726722] (status_display) StderrLine: {'line': b'\x1b[01m\x1b[K/usr/include/x86_64-linux-gnu/qt5/QtGui/qimage.h:507:32:\x1b[m\x1b[K \x1b[01;36m\x1b[Knote: \x1b[m\x1b[K  no known conversion for argument 1 from \xe2\x80\x98\x1b[01m\x1b[Kstd::basic_ostream<char>\x1b[m\x1b[K\xe2\x80\x99 to \xe2\x80\x98\x1b[01m\x1b[KQDebug\x1b[m\x1b[K\xe2\x80\x99\n'}
[5.726807] (status_display) StderrLine: {'line': b'  507 | Q_GUI_EXPORT QDebug operator<<(\x1b[01;36m\x1b[KQDebug\x1b[m\x1b[K, const QImage &);\n'}
[5.726888] (status_display) StderrLine: {'line': b'      |                                \x1b[01;36m\x1b[K^~~~~~\x1b[m\x1b[K\n'}
[5.726974] (status_display) StderrLine: {'line': b'In file included from \x1b[01m\x1b[K/usr/include/x86_64-linux-gnu/qt5/QtGui/qbrush.h:52\x1b[m\x1b[K,\n'}
[5.727055] (status_display) StderrLine: {'line': b'                 from \x1b[01m\x1b[K/usr/include/x86_64-linux-gnu/qt5/QtGui/qpalette.h:46\x1b[m\x1b[K,\n'}
[5.727139] (status_display) StderrLine: {'line': b'                 from \x1b[01m\x1b[K/usr/include/x86_64-linux-gnu/qt5/QtWidgets/qwidget.h:48\x1b[m\x1b[K,\n'}
[5.727220] (status_display) StderrLine: {'line': b'                 from \x1b[01m\x1b[K/usr/include/x86_64-linux-gnu/qt5/QtWidgets/qframe.h:44\x1b[m\x1b[K,\n'}
[5.727300] (status_display) StderrLine: {'line': b'                 from \x1b[01m\x1b[K/usr/include/x86_64-linux-gnu/qt5/QtWidgets/qlabel.h:44\x1b[m\x1b[K,\n'}
[5.727380] (status_display) StderrLine: {'line': b'                 from \x1b[01m\x1b[K/usr/include/x86_64-linux-gnu/qt5/QtWidgets/QLabel:1\x1b[m\x1b[K,\n'}
[5.727485] (status_display) StderrLine: {'line': b'                 from \x1b[01m\x1b[K/home/shenhang/ros_study/chapter3/topic_practice_workspace/src/status_display/src/sys_status_display.cpp:2\x1b[m\x1b[K:\n'}
[5.727572] (status_display) StderrLine: {'line': b'\x1b[01m\x1b[K/usr/include/x86_64-linux-gnu/qt5/QtGui/qpixmap.h:254:27:\x1b[m\x1b[K \x1b[01;36m\x1b[Knote: \x1b[m\x1b[Kcandidate: \xe2\x80\x98\x1b[01m\x1b[KQDataStream& operator<<(QDataStream&, const QPixmap&)\x1b[m\x1b[K\xe2\x80\x99\n'}
[5.727726] (status_display) StderrLine: {'line': b'  254 | Q_GUI_EXPORT QDataStream &\x1b[01;36m\x1b[Koperator\x1b[m\x1b[K<<(QDataStream &, const QPixmap &);\n'}
[5.727813] (status_display) StderrLine: {'line': b'      |                           \x1b[01;36m\x1b[K^~~~~~~~\x1b[m\x1b[K\n'}
[5.727896] (status_display) StderrLine: {'line': b'\x1b[01m\x1b[K/usr/include/x86_64-linux-gnu/qt5/QtGui/qpixmap.h:254:38:\x1b[m\x1b[K \x1b[01;36m\x1b[Knote: \x1b[m\x1b[K  no known conversion for argument 1 from \xe2\x80\x98\x1b[01m\x1b[Kstd::basic_ostream<char>\x1b[m\x1b[K\xe2\x80\x99 to \xe2\x80\x98\x1b[01m\x1b[KQDataStream&\x1b[m\x1b[K\xe2\x80\x99\n'}
[5.727978] (status_display) StderrLine: {'line': b'  254 | Q_GUI_EXPORT QDataStream &operator<<(\x1b[01;36m\x1b[KQDataStream &\x1b[m\x1b[K, const QPixmap &);\n'}
[5.728059] (status_display) StderrLine: {'line': b'      |                                      \x1b[01;36m\x1b[K^~~~~~~~~~~~~\x1b[m\x1b[K\n'}
[5.728143] (status_display) StderrLine: {'line': b'\x1b[01m\x1b[K/usr/include/x86_64-linux-gnu/qt5/QtGui/qpixmap.h:259:21:\x1b[m\x1b[K \x1b[01;36m\x1b[Knote: \x1b[m\x1b[Kcandidate: \xe2\x80\x98\x1b[01m\x1b[KQDebug operator<<(QDebug, const QPixmap&)\x1b[m\x1b[K\xe2\x80\x99\n'}
[5.728226] (status_display) StderrLine: {'line': b'  259 | Q_GUI_EXPORT QDebug \x1b[01;36m\x1b[Koperator\x1b[m\x1b[K<<(QDebug, const QPixmap &);\n'}
[5.728307] (status_display) StderrLine: {'line': b'      |                     \x1b[01;36m\x1b[K^~~~~~~~\x1b[m\x1b[K\n'}
[5.728387] (status_display) StderrLine: {'line': b'\x1b[01m\x1b[K/usr/include/x86_64-linux-gnu/qt5/QtGui/qpixmap.h:259:32:\x1b[m\x1b[K \x1b[01;36m\x1b[Knote: \x1b[m\x1b[K  no known conversion for argument 1 from \xe2\x80\x98\x1b[01m\x1b[Kstd::basic_ostream<char>\x1b[m\x1b[K\xe2\x80\x99 to \xe2\x80\x98\x1b[01m\x1b[KQDebug\x1b[m\x1b[K\xe2\x80\x99\n'}
[5.728524] (status_display) StderrLine: {'line': b'  259 | Q_GUI_EXPORT QDebug operator<<(\x1b[01;36m\x1b[KQDebug\x1b[m\x1b[K, const QPixmap &);\n'}
[5.728703] (status_display) StderrLine: {'line': b'      |                                \x1b[01;36m\x1b[K^~~~~~\x1b[m\x1b[K\n'}
[5.728796] (status_display) StderrLine: {'line': b'In file included from \x1b[01m\x1b[K/usr/include/x86_64-linux-gnu/qt5/QtGui/qpalette.h:46\x1b[m\x1b[K,\n'}
[5.728877] (status_display) StderrLine: {'line': b'                 from \x1b[01m\x1b[K/usr/include/x86_64-linux-gnu/qt5/QtWidgets/qwidget.h:48\x1b[m\x1b[K,\n'}
[5.728959] (status_display) StderrLine: {'line': b'                 from \x1b[01m\x1b[K/usr/include/x86_64-linux-gnu/qt5/QtWidgets/qframe.h:44\x1b[m\x1b[K,\n'}
[5.729040] (status_display) StderrLine: {'line': b'                 from \x1b[01m\x1b[K/usr/include/x86_64-linux-gnu/qt5/QtWidgets/qlabel.h:44\x1b[m\x1b[K,\n'}
[5.729121] (status_display) StderrLine: {'line': b'                 from \x1b[01m\x1b[K/usr/include/x86_64-linux-gnu/qt5/QtWidgets/QLabel:1\x1b[m\x1b[K,\n'}
[5.729201] (status_display) StderrLine: {'line': b'                 from \x1b[01m\x1b[K/home/shenhang/ros_study/chapter3/topic_practice_workspace/src/status_display/src/sys_status_display.cpp:2\x1b[m\x1b[K:\n'}
[5.729285] (status_display) StderrLine: {'line': b'\x1b[01m\x1b[K/usr/include/x86_64-linux-gnu/qt5/QtGui/qbrush.h:144:27:\x1b[m\x1b[K \x1b[01;36m\x1b[Knote: \x1b[m\x1b[Kcandidate: \xe2\x80\x98\x1b[01m\x1b[KQDataStream& operator<<(QDataStream&, const QBrush&)\x1b[m\x1b[K\xe2\x80\x99\n'}
[5.729371] (status_display) StderrLine: {'line': b'  144 | Q_GUI_EXPORT QDataStream &\x1b[01;36m\x1b[Koperator\x1b[m\x1b[K<<(QDataStream &, const QBrush &);\n'}
[5.729503] (status_display) StderrLine: {'line': b'      |                           \x1b[01;36m\x1b[K^~~~~~~~\x1b[m\x1b[K\n'}
[5.729673] (status_display) StderrLine: {'line': b'\x1b[01m\x1b[K/usr/include/x86_64-linux-gnu/qt5/QtGui/qbrush.h:144:38:\x1b[m\x1b[K \x1b[01;36m\x1b[Knote: \x1b[m\x1b[K  no known conversion for argument 1 from \xe2\x80\x98\x1b[01m\x1b[Kstd::basic_ostream<char>\x1b[m\x1b[K\xe2\x80\x99 to \xe2\x80\x98\x1b[01m\x1b[KQDataStream&\x1b[m\x1b[K\xe2\x80\x99\n'}
[5.729787] (status_display) StderrLine: {'line': b'  144 | Q_GUI_EXPORT QDataStream &operator<<(\x1b[01;36m\x1b[KQDataStream &\x1b[m\x1b[K, const QBrush &);\n'}
[5.729869] (status_display) StderrLine: {'line': b'      |                                      \x1b[01;36m\x1b[K^~~~~~~~~~~~~\x1b[m\x1b[K\n'}
[5.729951] (status_display) StderrLine: {'line': b'\x1b[01m\x1b[K/usr/include/x86_64-linux-gnu/qt5/QtGui/qbrush.h:149:21:\x1b[m\x1b[K \x1b[01;36m\x1b[Knote: \x1b[m\x1b[Kcandidate: \xe2\x80\x98\x1b[01m\x1b[KQDebug operator<<(QDebug, const QBrush&)\x1b[m\x1b[K\xe2\x80\x99\n'}
[5.730033] (status_display) StderrLine: {'line': b'  149 | Q_GUI_EXPORT QDebug \x1b[01;36m\x1b[Koperator\x1b[m\x1b[K<<(QDebug, const QBrush &);\n'}
[5.730113] (status_display) StderrLine: {'line': b'      |                     \x1b[01;36m\x1b[K^~~~~~~~\x1b[m\x1b[K\n'}
[5.730194] (status_display) StderrLine: {'line': b'\x1b[01m\x1b[K/usr/include/x86_64-linux-gnu/qt5/QtGui/qbrush.h:149:32:\x1b[m\x1b[K \x1b[01;36m\x1b[Knote: \x1b[m\x1b[K  no known conversion for argument 1 from \xe2\x80\x98\x1b[01m\x1b[Kstd::basic_ostream<char>\x1b[m\x1b[K\xe2\x80\x99 to \xe2\x80\x98\x1b[01m\x1b[KQDebug\x1b[m\x1b[K\xe2\x80\x99\n'}
[5.730276] (status_display) StderrLine: {'line': b'  149 | Q_GUI_EXPORT QDebug operator<<(\x1b[01;36m\x1b[KQDebug\x1b[m\x1b[K, const QBrush &);\n'}
[5.730357] (status_display) StderrLine: {'line': b'      |                                \x1b[01;36m\x1b[K^~~~~~\x1b[m\x1b[K\n'}
[5.730487] (status_display) StderrLine: {'line': b'In file included from \x1b[01m\x1b[K/usr/include/x86_64-linux-gnu/qt5/QtWidgets/qwidget.h:48\x1b[m\x1b[K,\n'}
[5.730580] (status_display) StderrLine: {'line': b'                 from \x1b[01m\x1b[K/usr/include/x86_64-linux-gnu/qt5/QtWidgets/qframe.h:44\x1b[m\x1b[K,\n'}
[5.730727] (status_display) StderrLine: {'line': b'                 from \x1b[01m\x1b[K/usr/include/x86_64-linux-gnu/qt5/QtWidgets/qlabel.h:44\x1b[m\x1b[K,\n'}
[5.730820] (status_display) StderrLine: {'line': b'                 from \x1b[01m\x1b[K/usr/include/x86_64-linux-gnu/qt5/QtWidgets/QLabel:1\x1b[m\x1b[K,\n'}
[5.730902] (status_display) StderrLine: {'line': b'                 from \x1b[01m\x1b[K/home/shenhang/ros_study/chapter3/topic_practice_workspace/src/status_display/src/sys_status_display.cpp:2\x1b[m\x1b[K:\n'}
[5.730989] (status_display) StderrLine: {'line': b'\x1b[01m\x1b[K/usr/include/x86_64-linux-gnu/qt5/QtGui/qpalette.h:212:27:\x1b[m\x1b[K \x1b[01;36m\x1b[Knote: \x1b[m\x1b[Kcandidate: \xe2\x80\x98\x1b[01m\x1b[KQDataStream& operator<<(QDataStream&, const QPalette&)\x1b[m\x1b[K\xe2\x80\x99\n'}
[5.731112] (status_display) StderrLine: {'line': b'  212 | Q_GUI_EXPORT QDataStream &\x1b[01;36m\x1b[Koperator\x1b[m\x1b[K<<(QDataStream &ds, const QPalette &p);\n'}
[5.731195] (status_display) StderrLine: {'line': b'      |                           \x1b[01;36m\x1b[K^~~~~~~~\x1b[m\x1b[K\n'}
[5.731277] (status_display) StderrLine: {'line': b'\x1b[01m\x1b[K/usr/include/x86_64-linux-gnu/qt5/QtGui/qpalette.h:195:62:\x1b[m\x1b[K \x1b[01;36m\x1b[Knote: \x1b[m\x1b[K  no known conversion for argument 1 from \xe2\x80\x98\x1b[01m\x1b[Kstd::basic_ostream<char>\x1b[m\x1b[K\xe2\x80\x99 to \xe2\x80\x98\x1b[01m\x1b[KQDataStream&\x1b[m\x1b[K\xe2\x80\x99\n'}
[5.731403] (status_display) StderrLine: {'line': b'  195 |     friend Q_GUI_EXPORT QDataStream &operator<<(\x1b[01;36m\x1b[KQDataStream &s\x1b[m\x1b[K, const QPalette &p);\n'}
[5.731561] (status_display) StderrLine: {'line': b'      |                                                 \x1b[01;36m\x1b[K~~~~~~~~~~~~~^\x1b[m\x1b[K\n'}
[5.731818] (status_display) StderrLine: {'line': b'\x1b[01m\x1b[K/usr/include/x86_64-linux-gnu/qt5/QtGui/qpalette.h:217:21:\x1b[m\x1b[K \x1b[01;36m\x1b[Knote: \x1b[m\x1b[Kcandidate: \xe2\x80\x98\x1b[01m\x1b[KQDebug operator<<(QDebug, const QPalette&)\x1b[m\x1b[K\xe2\x80\x99\n'}
[5.731935] (status_display) StderrLine: {'line': b'  217 | Q_GUI_EXPORT QDebug \x1b[01;36m\x1b[Koperator\x1b[m\x1b[K<<(QDebug, const QPalette &);\n'}
[5.732042] (status_display) StderrLine: {'line': b'      |                     \x1b[01;36m\x1b[K^~~~~~~~\x1b[m\x1b[K\n'}
[5.732165] (status_display) StderrLine: {'line': b'\x1b[01m\x1b[K/usr/include/x86_64-linux-gnu/qt5/QtGui/qpalette.h:217:32:\x1b[m\x1b[K \x1b[01;36m\x1b[Knote: \x1b[m\x1b[K  no known conversion for argument 1 from \xe2\x80\x98\x1b[01m\x1b[Kstd::basic_ostream<char>\x1b[m\x1b[K\xe2\x80\x99 to \xe2\x80\x98\x1b[01m\x1b[KQDebug\x1b[m\x1b[K\xe2\x80\x99\n'}
[5.732274] (status_display) StderrLine: {'line': b'  217 | Q_GUI_EXPORT QDebug operator<<(\x1b[01;36m\x1b[KQDebug\x1b[m\x1b[K, const QPalette &);\n'}
[5.732411] (status_display) StderrLine: {'line': b'      |                                \x1b[01;36m\x1b[K^~~~~~\x1b[m\x1b[K\n'}
[5.732518] (status_display) StderrLine: {'line': b'In file included from \x1b[01m\x1b[K/usr/include/x86_64-linux-gnu/qt5/QtWidgets/qwidget.h:49\x1b[m\x1b[K,\n'}
[5.732721] (status_display) StderrLine: {'line': b'                 from \x1b[01m\x1b[K/usr/include/x86_64-linux-gnu/qt5/QtWidgets/qframe.h:44\x1b[m\x1b[K,\n'}
[5.732835] (status_display) StderrLine: {'line': b'                 from \x1b[01m\x1b[K/usr/include/x86_64-linux-gnu/qt5/QtWidgets/qlabel.h:44\x1b[m\x1b[K,\n'}
[5.732941] (status_display) StderrLine: {'line': b'                 from \x1b[01m\x1b[K/usr/include/x86_64-linux-gnu/qt5/QtWidgets/QLabel:1\x1b[m\x1b[K,\n'}
[5.733271] (status_display) StderrLine: {'line': b'                 from \x1b[01m\x1b[K/home/shenhang/ros_study/chapter3/topic_practice_workspace/src/status_display/src/sys_status_display.cpp:2\x1b[m\x1b[K:\n'}
[5.733440] (status_display) StderrLine: {'line': b'\x1b[01m\x1b[K/usr/include/x86_64-linux-gnu/qt5/QtGui/qfont.h:374:27:\x1b[m\x1b[K \x1b[01;36m\x1b[Knote: \x1b[m\x1b[Kcandidate: \xe2\x80\x98\x1b[01m\x1b[KQDataStream& operator<<(QDataStream&, const QFont&)\x1b[m\x1b[K\xe2\x80\x99\n'}
[5.733558] (status_display) StderrLine: {'line': b'  374 | Q_GUI_EXPORT QDataStream &\x1b[01;36m\x1b[Koperator\x1b[m\x1b[K<<(QDataStream &, const QFont &);\n'}
[5.733776] (status_display) StderrLine: {'line': b'      |                           \x1b[01;36m\x1b[K^~~~~~~~\x1b[m\x1b[K\n'}
[5.733896] (status_display) StderrLine: {'line': b'\x1b[01m\x1b[K/usr/include/x86_64-linux-gnu/qt5/QtGui/qfont.h:336:49:\x1b[m\x1b[K \x1b[01;36m\x1b[Knote: \x1b[m\x1b[K  no known conversion for argument 1 from \xe2\x80\x98\x1b[01m\x1b[Kstd::basic_ostream<char>\x1b[m\x1b[K\xe2\x80\x99 to \xe2\x80\x98\x1b[01m\x1b[KQDataStream&\x1b[m\x1b[K\xe2\x80\x99\n'}
[5.733993] (status_display) StderrLine: {'line': b'  336 |     friend Q_GUI_EXPORT QDataStream &operator<<(\x1b[01;36m\x1b[KQDataStream &\x1b[m\x1b[K, const QFont &);\n'}
[5.734077] (status_display) StderrLine: {'line': b'      |                                                 \x1b[01;36m\x1b[K^~~~~~~~~~~~~\x1b[m\x1b[K\n'}
[5.734158] (status_display) StderrLine: {'line': b'\x1b[01m\x1b[K/usr/include/x86_64-linux-gnu/qt5/QtGui/qfont.h:379:21:\x1b[m\x1b[K \x1b[01;36m\x1b[Knote: \x1b[m\x1b[Kcandidate: \xe2\x80\x98\x1b[01m\x1b[KQDebug operator<<(QDebug, const QFont&)\x1b[m\x1b[K\xe2\x80\x99\n'}
[5.734240] (status_display) StderrLine: {'line': b'  379 | Q_GUI_EXPORT QDebug \x1b[01;36m\x1b[Koperator\x1b[m\x1b[K<<(QDebug, const QFont &);\n'}
[5.734349] (status_display) StderrLine: {'line': b'      |                     \x1b[01;36m\x1b[K^~~~~~~~\x1b[m\x1b[K\n'}
[5.734432] (status_display) StderrLine: {'line': b'\x1b[01m\x1b[K/usr/include/x86_64-linux-gnu/qt5/QtGui/qfont.h:341:43:\x1b[m\x1b[K \x1b[01;36m\x1b[Knote: \x1b[m\x1b[K  no known conversion for argument 1 from \xe2\x80\x98\x1b[01m\x1b[Kstd::basic_ostream<char>\x1b[m\x1b[K\xe2\x80\x99 to \xe2\x80\x98\x1b[01m\x1b[KQDebug\x1b[m\x1b[K\xe2\x80\x99\n'}
[5.734525] (status_display) StderrLine: {'line': b'  341 |     friend Q_GUI_EXPORT QDebug operator<<(\x1b[01;36m\x1b[KQDebug\x1b[m\x1b[K, const QFont &);\n'}
[5.734688] (status_display) StderrLine: {'line': b'      |                                           \x1b[01;36m\x1b[K^~~~~~\x1b[m\x1b[K\n'}
[5.734782] (status_display) StderrLine: {'line': b'In file included from \x1b[01m\x1b[K/usr/include/x86_64-linux-gnu/qt5/QtWidgets/qwidget.h:52\x1b[m\x1b[K,\n'}
[5.734998] (status_display) StderrLine: {'line': b'                 from \x1b[01m\x1b[K/usr/include/x86_64-linux-gnu/qt5/QtWidgets/qframe.h:44\x1b[m\x1b[K,\n'}
[5.735082] (status_display) StderrLine: {'line': b'                 from \x1b[01m\x1b[K/usr/include/x86_64-linux-gnu/qt5/QtWidgets/qlabel.h:44\x1b[m\x1b[K,\n'}
[5.735177] (status_display) StderrLine: {'line': b'                 from \x1b[01m\x1b[K/usr/include/x86_64-linux-gnu/qt5/QtWidgets/QLabel:1\x1b[m\x1b[K,\n'}
[5.735279] (status_display) StderrLine: {'line': b'                 from \x1b[01m\x1b[K/home/shenhang/ros_study/chapter3/topic_practice_workspace/src/status_display/src/sys_status_display.cpp:2\x1b[m\x1b[K:\n'}
[5.735373] (status_display) StderrLine: {'line': b'\x1b[01m\x1b[K/usr/include/x86_64-linux-gnu/qt5/QtWidgets/qsizepolicy.h:237:31:\x1b[m\x1b[K \x1b[01;36m\x1b[Knote: \x1b[m\x1b[Kcandidate: \xe2\x80\x98\x1b[01m\x1b[KQDataStream& operator<<(QDataStream&, const QSizePolicy&)\x1b[m\x1b[K\xe2\x80\x99\n'}
[5.735458] (status_display) StderrLine: {'line': b'  237 | Q_WIDGETS_EXPORT QDataStream &\x1b[01;36m\x1b[Koperator\x1b[m\x1b[K<<(QDataStream &, const QSizePolicy &);\n'}
[5.735539] (status_display) StderrLine: {'line': b'      |                               \x1b[01;36m\x1b[K^~~~~~~~\x1b[m\x1b[K\n'}
[5.735696] (status_display) StderrLine: {'line': b'\x1b[01m\x1b[K/usr/include/x86_64-linux-gnu/qt5/QtWidgets/qsizepolicy.h:173:53:\x1b[m\x1b[K \x1b[01;36m\x1b[Knote: \x1b[m\x1b[K  no known conversion for argument 1 from \xe2\x80\x98\x1b[01m\x1b[Kstd::basic_ostream<char>\x1b[m\x1b[K\xe2\x80\x99 to \xe2\x80\x98\x1b[01m\x1b[KQDataStream&\x1b[m\x1b[K\xe2\x80\x99\n'}
[5.735796] (status_display) StderrLine: {'line': b'  173 |     friend Q_WIDGETS_EXPORT QDataStream &operator<<(\x1b[01;36m\x1b[KQDataStream &\x1b[m\x1b[K, const QSizePolicy &);\n'}
[5.735880] (status_display) StderrLine: {'line': b'      |                                                     \x1b[01;36m\x1b[K^~~~~~~~~~~~~\x1b[m\x1b[K\n'}
[5.735962] (status_display) StderrLine: {'line': b'\x1b[01m\x1b[K/usr/include/x86_64-linux-gnu/qt5/QtWidgets/qsizepolicy.h:242:25:\x1b[m\x1b[K \x1b[01;36m\x1b[Knote: \x1b[m\x1b[Kcandidate: \xe2\x80\x98\x1b[01m\x1b[KQDebug operator<<(QDebug, const QSizePolicy&)\x1b[m\x1b[K\xe2\x80\x99\n'}
[5.736044] (status_display) StderrLine: {'line': b'  242 | Q_WIDGETS_EXPORT QDebug \x1b[01;36m\x1b[Koperator\x1b[m\x1b[K<<(QDebug dbg, const QSizePolicy &);\n'}
[5.736125] (status_display) StderrLine: {'line': b'      |                         \x1b[01;36m\x1b[K^~~~~~~~\x1b[m\x1b[K\n'}
[5.736205] (status_display) StderrLine: {'line': b'\x1b[01m\x1b[K/usr/include/x86_64-linux-gnu/qt5/QtWidgets/qsizepolicy.h:242:43:\x1b[m\x1b[K \x1b[01;36m\x1b[Knote: \x1b[m\x1b[K  no known conversion for argument 1 from \xe2\x80\x98\x1b[01m\x1b[Kstd::basic_ostream<char>\x1b[m\x1b[K\xe2\x80\x99 to \xe2\x80\x98\x1b[01m\x1b[KQDebug\x1b[m\x1b[K\xe2\x80\x99\n'}
[5.736331] (status_display) StderrLine: {'line': b'  242 | Q_WIDGETS_EXPORT QDebug operator<<(\x1b[01;36m\x1b[KQDebug dbg\x1b[m\x1b[K, const QSizePolicy &);\n'}
[5.736414] (status_display) StderrLine: {'line': b'      |                                    \x1b[01;36m\x1b[K~~~~~~~^~~\x1b[m\x1b[K\n'}
[5.736495] (status_display) StderrLine: {'line': b'In file included from \x1b[01m\x1b[K/usr/include/x86_64-linux-gnu/qt5/QtWidgets/qwidget.h:56\x1b[m\x1b[K,\n'}
[5.736575] (status_display) StderrLine: {'line': b'                 from \x1b[01m\x1b[K/usr/include/x86_64-linux-gnu/qt5/QtWidgets/qframe.h:44\x1b[m\x1b[K,\n'}
[5.736731] (status_display) StderrLine: {'line': b'                 from \x1b[01m\x1b[K/usr/include/x86_64-linux-gnu/qt5/QtWidgets/qlabel.h:44\x1b[m\x1b[K,\n'}
[5.736819] (status_display) StderrLine: {'line': b'                 from \x1b[01m\x1b[K/usr/include/x86_64-linux-gnu/qt5/QtWidgets/QLabel:1\x1b[m\x1b[K,\n'}
[5.736900] (status_display) StderrLine: {'line': b'                 from \x1b[01m\x1b[K/home/shenhang/ros_study/chapter3/topic_practice_workspace/src/status_display/src/sys_status_display.cpp:2\x1b[m\x1b[K:\n'}
[5.736989] (status_display) StderrLine: {'line': b'\x1b[01m\x1b[K/usr/include/x86_64-linux-gnu/qt5/QtGui/qkeysequence.h:213:38:\x1b[m\x1b[K \x1b[01;36m\x1b[Knote: \x1b[m\x1b[Kcandidate: \xe2\x80\x98\x1b[01m\x1b[KQDataStream& operator<<(QDataStream&, const QKeySequence&)\x1b[m\x1b[K\xe2\x80\x99\n'}
[5.737072] (status_display) StderrLine: {'line': b'  213 |     friend Q_GUI_EXPORT QDataStream &\x1b[01;36m\x1b[Koperator\x1b[m\x1b[K<<(QDataStream &in, const QKeySequence &ks);\n'}
[5.737152] (status_display) StderrLine: {'line': b'      |                                      \x1b[01;36m\x1b[K^~~~~~~~\x1b[m\x1b[K\n'}
[5.737263] (status_display) StderrLine: {'line': b'\x1b[01m\x1b[K/usr/include/x86_64-linux-gnu/qt5/QtGui/qkeysequence.h:58:51:\x1b[m\x1b[K \x1b[01;36m\x1b[Knote: \x1b[m\x1b[K  no known conversion for argument 1 from \xe2\x80\x98\x1b[01m\x1b[Kstd::basic_ostream<char>\x1b[m\x1b[K\xe2\x80\x99 to \xe2\x80\x98\x1b[01m\x1b[KQDataStream&\x1b[m\x1b[K\xe2\x80\x99\n'}
[5.737348] (status_display) StderrLine: {'line': b'   58 | Q_GUI_EXPORT QDataStream &operator<<(\x1b[01;36m\x1b[KQDataStream &in\x1b[m\x1b[K, const QKeySequence &ks);\n'}
[5.737429] (status_display) StderrLine: {'line': b'      |                                      \x1b[01;36m\x1b[K~~~~~~~~~~~~~^~\x1b[m\x1b[K\n'}
[5.737509] (status_display) StderrLine: {'line': b'\x1b[01m\x1b[K/usr/include/x86_64-linux-gnu/qt5/QtGui/qkeysequence.h:227:21:\x1b[m\x1b[K \x1b[01;36m\x1b[Knote: \x1b[m\x1b[Kcandidate: \xe2\x80\x98\x1b[01m\x1b[KQDebug operator<<(QDebug, const QKeySequence&)\x1b[m\x1b[K\xe2\x80\x99\n'}
[5.737593] (status_display) StderrLine: {'line': b'  227 | Q_GUI_EXPORT QDebug \x1b[01;36m\x1b[Koperator\x1b[m\x1b[K<<(QDebug, const QKeySequence &);\n'}
[5.737745] (status_display) StderrLine: {'line': b'      |                     \x1b[01;36m\x1b[K^~~~~~~~\x1b[m\x1b[K\n'}
[5.737831] (status_display) StderrLine: {'line': b'\x1b[01m\x1b[K/usr/include/x86_64-linux-gnu/qt5/QtGui/qkeysequence.h:227:32:\x1b[m\x1b[K \x1b[01;36m\x1b[Knote: \x1b[m\x1b[K  no known conversion for argument 1 from \xe2\x80\x98\x1b[01m\x1b[Kstd::basic_ostream<char>\x1b[m\x1b[K\xe2\x80\x99 to \xe2\x80\x98\x1b[01m\x1b[KQDebug\x1b[m\x1b[K\xe2\x80\x99\n'}
[5.737913] (status_display) StderrLine: {'line': b'  227 | Q_GUI_EXPORT QDebug operator<<(\x1b[01;36m\x1b[KQDebug\x1b[m\x1b[K, const QKeySequence &);\n'}
[5.737993] (status_display) StderrLine: {'line': b'      |                                \x1b[01;36m\x1b[K^~~~~~\x1b[m\x1b[K\n'}
[5.738073] (status_display) StderrLine: {'line': b'In file included from \x1b[01m\x1b[K/usr/include/x86_64-linux-gnu/qt5/QtWidgets/qframe.h:44\x1b[m\x1b[K,\n'}
[5.738157] (status_display) StderrLine: {'line': b'                 from \x1b[01m\x1b[K/usr/include/x86_64-linux-gnu/qt5/QtWidgets/qlabel.h:44\x1b[m\x1b[K,\n'}
[5.738263] (status_display) StderrLine: {'line': b'                 from \x1b[01m\x1b[K/usr/include/x86_64-linux-gnu/qt5/QtWidgets/QLabel:1\x1b[m\x1b[K,\n'}
[5.738345] (status_display) StderrLine: {'line': b'                 from \x1b[01m\x1b[K/home/shenhang/ros_study/chapter3/topic_practice_workspace/src/status_display/src/sys_status_display.cpp:2\x1b[m\x1b[K:\n'}
[5.738436] (status_display) StderrLine: {'line': b'\x1b[01m\x1b[K/usr/include/x86_64-linux-gnu/qt5/QtWidgets/qwidget.h:891:25:\x1b[m\x1b[K \x1b[01;36m\x1b[Knote: \x1b[m\x1b[Kcandidate: \xe2\x80\x98\x1b[01m\x1b[KQDebug operator<<(QDebug, const QWidget*)\x1b[m\x1b[K\xe2\x80\x99\n'}
[5.738546] (status_display) StderrLine: {'line': b'  891 | Q_WIDGETS_EXPORT QDebug \x1b[01;36m\x1b[Koperator\x1b[m\x1b[K<<(QDebug, const QWidget *);\n'}
[5.738694] (status_display) StderrLine: {'line': b'      |                         \x1b[01;36m\x1b[K^~~~~~~~\x1b[m\x1b[K\n'}
[5.738778] (status_display) StderrLine: {'line': b'\x1b[01m\x1b[K/usr/include/x86_64-linux-gnu/qt5/QtWidgets/qwidget.h:891:36:\x1b[m\x1b[K \x1b[01;36m\x1b[Knote: \x1b[m\x1b[K  no known conversion for argument 1 from \xe2\x80\x98\x1b[01m\x1b[Kstd::basic_ostream<char>\x1b[m\x1b[K\xe2\x80\x99 to \xe2\x80\x98\x1b[01m\x1b[KQDebug\x1b[m\x1b[K\xe2\x80\x99\n'}
[5.738870] (status_display) StderrLine: {'line': b'  891 | Q_WIDGETS_EXPORT QDebug operator<<(\x1b[01;36m\x1b[KQDebug\x1b[m\x1b[K, const QWidget *);\n'}
[5.738952] (status_display) StderrLine: {'line': b'      |                                    \x1b[01;36m\x1b[K^~~~~~\x1b[m\x1b[K\n'}
[5.739032] (status_display) StderrLine: {'line': b'\x1b[01m\x1b[K/home/shenhang/ros_study/chapter3/topic_practice_workspace/src/status_display/src/sys_status_display.cpp:28:5:\x1b[m\x1b[K \x1b[01;35m\x1b[Kwarning: \x1b[m\x1b[Kno return statement in function returning non-void [\x1b[01;35m\x1b[K\x1b]8;;https://gcc.gnu.org/onlinedocs/gcc/Warning-Options.html#index-Wreturn-type\x07-Wreturn-type\x1b]8;;\x07\x1b[m\x1b[K]\n'}
[5.739117] (status_display) StderrLine: {'line': b'   28 |     \x1b[01;35m\x1b[K}\x1b[m\x1b[K\n'}
[5.739223] (status_display) StderrLine: {'line': b'      |     \x1b[01;35m\x1b[K^\x1b[m\x1b[K\n'}
[5.765751] (-) TimerEvent: {}
[5.867197] (-) TimerEvent: {}
[5.967980] (-) TimerEvent: {}
[6.068699] (-) TimerEvent: {}
[6.169312] (-) TimerEvent: {}
[6.271947] (-) TimerEvent: {}
[6.373414] (-) TimerEvent: {}
[6.473967] (-) TimerEvent: {}
[6.576747] (-) TimerEvent: {}
[6.677090] (-) TimerEvent: {}
[6.777546] (-) TimerEvent: {}
[6.878142] (-) TimerEvent: {}
[6.979774] (-) TimerEvent: {}
[7.080377] (-) TimerEvent: {}
[7.181700] (-) TimerEvent: {}
[7.282408] (-) TimerEvent: {}
[7.383321] (-) TimerEvent: {}
[7.484743] (-) TimerEvent: {}
[7.585631] (-) TimerEvent: {}
[7.686914] (-) TimerEvent: {}
[7.789013] (-) TimerEvent: {}
[7.889951] (-) TimerEvent: {}
[7.992668] (-) TimerEvent: {}
[8.093421] (-) TimerEvent: {}
[8.194720] (-) TimerEvent: {}
[8.295702] (-) TimerEvent: {}
[8.396192] (-) TimerEvent: {}
[8.497227] (-) TimerEvent: {}
[8.597777] (-) TimerEvent: {}
[8.698251] (-) TimerEvent: {}
[8.798822] (-) TimerEvent: {}
[8.899377] (-) TimerEvent: {}
[9.000665] (-) TimerEvent: {}
[9.101248] (-) TimerEvent: {}
[9.202214] (-) TimerEvent: {}
[9.273342] (status_display) StderrLine: {'line': b'gmake[2]: *** [CMakeFiles/sys_status_display_exe.dir/build.make:76\xef\xbc\x9aCMakeFiles/sys_status_display_exe.dir/src/sys_status_display.cpp.o] \xe9\x94\x99\xe8\xaf\xaf 1\n'}
[9.273711] (status_display) StderrLine: {'line': b'gmake[1]: *** [CMakeFiles/Makefile2:165\xef\xbc\x9aCMakeFiles/sys_status_display_exe.dir/all] \xe9\x94\x99\xe8\xaf\xaf 2\n'}
[9.273803] (status_display) StderrLine: {'line': b'gmake: *** [Makefile:146\xef\xbc\x9aall] \xe9\x94\x99\xe8\xaf\xaf 2\n'}
[9.277636] (status_display) CommandEnded: {'returncode': 2}
[9.285765] (status_display) JobEnded: {'identifier': 'status_display', 'rc': 2}
[9.310788] (-) TimerEvent: {}
[9.310920] (-) EventReactorShutdown: {}
