[0.021s] Invoking command in '/home/shenhang/ros_study/chapter3/topic_practice_workspace/build/status_display': CMAKE_PREFIX_PATH=/home/shenhang/ros_study/chapter3/topic_practice_workspace/install/status_interfaces:/home/shenhang/ros_study/chapter3/topic_practice_workspace/install/status_display:/home/shenhang/ros_study/chapter3/topic_practice_workspace/install/status_publisher:/opt/ros/humble /usr/bin/cmake --build /home/shenhang/ros_study/chapter3/topic_practice_workspace/build/status_display -- -j6 -l6
[0.140s] [35m[1mConsolidate compiler generated dependencies of target sys_status_display_exe[0m
[0.166s] [ 50%] Built target hello_qt_exe
[0.180s] [ 75%] [32mBuilding CXX object CMakeFiles/sys_status_display_exe.dir/src/sys_status_display.cpp.o[0m
[5.141s] [01m[K/home/shenhang/ros_study/chapter3/topic_practice_workspace/src/status_display/src/sys_status_display.cpp:[m[K In member function ‘[01m[KQString SysStatusDisplay::get_qstr_from_msg(status_interfaces::msg::SystemStatus_<std::allocator<void> >::SharedPtr)[m[K’:
[5.141s] [01m[K/home/shenhang/ros_study/chapter3/topic_practice_workspace/src/status_display/src/sys_status_display.cpp:19:34:[m[K [01;31m[Kerror: [m[Kno match for ‘[01m[Koperator<<[m[K’ (operand types are ‘[01m[Kstd::basic_ostream<char>[m[K’ and ‘[01m[Kstatus_interfaces::msg::SystemStatus_<std::allocator<void> >::_stamp_type[m[K’ {aka ‘[01m[Kbuiltin_interfaces::msg::Time_<std::allocator<void> >[m[K’})
[5.141s]    18 |         [32m[Kshow_str << "==================系统状态显示======================\n"[m[K
[5.141s]       |         [32m[K~~~~~~~~~~~~~~~~~~~~~~~~~~~~~~~~~~~~~~~~~~~~~~~~~~~~~~~~~~~~~~~~~~~~[m[K
[5.141s]    19 | [32m[K                 << "数据时间: "[m[K [01;31m[K<<[m[K [34m[Kmsg->stamp[m[K << " s\n"
[5.142s]       |                  [32m[K~~~~~~~~~~~~~~~[m[K [01;31m[K^~[m[K [34m[K~~~~~~~~~~[m[K
[5.142s]       |                  [32m[K|[m[K                       [34m[K|[m[K
[5.142s]       |                  [32m[K|[m[K                       [34m[Kstatus_interfaces::msg::SystemStatus_<std::allocator<void> >::_stamp_type {aka builtin_interfaces::msg::Time_<std::allocator<void> >}[m[K
[5.142s]       |                  [32m[Kstd::basic_ostream<char>[m[K
[5.142s] In file included from [01m[K/usr/include/c++/11/iostream:39[m[K,
[5.143s]                  from [01m[K/opt/ros/humble/include/rclcpp/rclcpp/executor.hpp:22[m[K,
[5.143s]                  from [01m[K/opt/ros/humble/include/rclcpp/rclcpp/executors/multi_threaded_executor.hpp:25[m[K,
[5.143s]                  from [01m[K/opt/ros/humble/include/rclcpp/rclcpp/executors.hpp:21[m[K,
[5.143s]                  from [01m[K/opt/ros/humble/include/rclcpp/rclcpp/rclcpp.hpp:155[m[K,
[5.143s]                  from [01m[K/home/shenhang/ros_study/chapter3/topic_practice_workspace/src/status_display/src/sys_status_display.cpp:4[m[K:
[5.143s] [01m[K/usr/include/c++/11/ostream:108:7:[m[K [01;36m[Knote: [m[Kcandidate: ‘[01m[Kstd::basic_ostream<_CharT, _Traits>::__ostream_type& std::basic_ostream<_CharT, _Traits>::operator<<(std::basic_ostream<_CharT, _Traits>::__ostream_type& (*)(std::basic_ostream<_CharT, _Traits>::__ostream_type&)) [with _CharT = char; _Traits = std::char_traits<char>; std::basic_ostream<_CharT, _Traits>::__ostream_type = std::basic_ostream<char>][m[K’
[5.143s]   108 |       [01;36m[Koperator[m[K<<(__ostream_type& (*__pf)(__ostream_type&))
[5.144s]       |       [01;36m[K^~~~~~~~[m[K
[5.144s] [01m[K/usr/include/c++/11/ostream:108:36:[m[K [01;36m[Knote: [m[K  no known conversion for argument 1 from ‘[01m[Kstatus_interfaces::msg::SystemStatus_<std::allocator<void> >::_stamp_type[m[K’ {aka ‘[01m[Kbuiltin_interfaces::msg::Time_<std::allocator<void> >[m[K’} to ‘[01m[Kstd::basic_ostream<char>::__ostream_type& (*)(std::basic_ostream<char>::__ostream_type&)[m[K’ {aka ‘[01m[Kstd::basic_ostream<char>& (*)(std::basic_ostream<char>&)[m[K’}
[5.144s]   108 |       operator<<([01;36m[K__ostream_type& (*__pf)(__ostream_type&)[m[K)
[5.144s]       |                  [01;36m[K~~~~~~~~~~~~~~~~~~^~~~~~~~~~~~~~~~~~~~~~[m[K
[5.144s] [01m[K/usr/include/c++/11/ostream:117:7:[m[K [01;36m[Knote: [m[Kcandidate: ‘[01m[Kstd::basic_ostream<_CharT, _Traits>::__ostream_type& std::basic_ostream<_CharT, _Traits>::operator<<(std::basic_ostream<_CharT, _Traits>::__ios_type& (*)(std::basic_ostream<_CharT, _Traits>::__ios_type&)) [with _CharT = char; _Traits = std::char_traits<char>; std::basic_ostream<_CharT, _Traits>::__ostream_type = std::basic_ostream<char>; std::basic_ostream<_CharT, _Traits>::__ios_type = std::basic_ios<char>][m[K’
[5.144s]   117 |       [01;36m[Koperator[m[K<<(__ios_type& (*__pf)(__ios_type&))
[5.144s]       |       [01;36m[K^~~~~~~~[m[K
[5.144s] [01m[K/usr/include/c++/11/ostream:117:32:[m[K [01;36m[Knote: [m[K  no known conversion for argument 1 from ‘[01m[Kstatus_interfaces::msg::SystemStatus_<std::allocator<void> >::_stamp_type[m[K’ {aka ‘[01m[Kbuiltin_interfaces::msg::Time_<std::allocator<void> >[m[K’} to ‘[01m[Kstd::basic_ostream<char>::__ios_type& (*)(std::basic_ostream<char>::__ios_type&)[m[K’ {aka ‘[01m[Kstd::basic_ios<char>& (*)(std::basic_ios<char>&)[m[K’}
[5.145s]   117 |       operator<<([01;36m[K__ios_type& (*__pf)(__ios_type&)[m[K)
[5.145s]       |                  [01;36m[K~~~~~~~~~~~~~~^~~~~~~~~~~~~~~~~~[m[K
[5.145s] [01m[K/usr/include/c++/11/ostream:127:7:[m[K [01;36m[Knote: [m[Kcandidate: ‘[01m[Kstd::basic_ostream<_CharT, _Traits>::__ostream_type& std::basic_ostream<_CharT, _Traits>::operator<<(std::ios_base& (*)(std::ios_base&)) [with _CharT = char; _Traits = std::char_traits<char>; std::basic_ostream<_CharT, _Traits>::__ostream_type = std::basic_ostream<char>][m[K’
[5.145s]   127 |       [01;36m[Koperator[m[K<<(ios_base& (*__pf) (ios_base&))
[5.146s]       |       [01;36m[K^~~~~~~~[m[K
[5.146s] [01m[K/usr/include/c++/11/ostream:127:30:[m[K [01;36m[Knote: [m[K  no known conversion for argument 1 from ‘[01m[Kstatus_interfaces::msg::SystemStatus_<std::allocator<void> >::_stamp_type[m[K’ {aka ‘[01m[Kbuiltin_interfaces::msg::Time_<std::allocator<void> >[m[K’} to ‘[01m[Kstd::ios_base& (*)(std::ios_base&)[m[K’
[5.146s]   127 |       operator<<([01;36m[Kios_base& (*__pf) (ios_base&)[m[K)
[5.146s]       |                  [01;36m[K~~~~~~~~~~~~^~~~~~~~~~~~~~~~~[m[K
[5.146s] [01m[K/usr/include/c++/11/ostream:166:7:[m[K [01;36m[Knote: [m[Kcandidate: ‘[01m[Kstd::basic_ostream<_CharT, _Traits>::__ostream_type& std::basic_ostream<_CharT, _Traits>::operator<<(long int) [with _CharT = char; _Traits = std::char_traits<char>; std::basic_ostream<_CharT, _Traits>::__ostream_type = std::basic_ostream<char>][m[K’
[5.146s]   166 |       [01;36m[Koperator[m[K<<(long __n)
[5.149s]       |       [01;36m[K^~~~~~~~[m[K
[5.150s] [01m[K/usr/include/c++/11/ostream:166:23:[m[K [01;36m[Knote: [m[K  no known conversion for argument 1 from ‘[01m[Kstatus_interfaces::msg::SystemStatus_<std::allocator<void> >::_stamp_type[m[K’ {aka ‘[01m[Kbuiltin_interfaces::msg::Time_<std::allocator<void> >[m[K’} to ‘[01m[Klong int[m[K’
[5.150s]   166 |       operator<<([01;36m[Klong __n[m[K)
[5.150s]       |                  [01;36m[K~~~~~^~~[m[K
[5.150s] [01m[K/usr/include/c++/11/ostream:170:7:[m[K [01;36m[Knote: [m[Kcandidate: ‘[01m[Kstd::basic_ostream<_CharT, _Traits>::__ostream_type& std::basic_ostream<_CharT, _Traits>::operator<<(long unsigned int) [with _CharT = char; _Traits = std::char_traits<char>; std::basic_ostream<_CharT, _Traits>::__ostream_type = std::basic_ostream<char>][m[K’
[5.150s]   170 |       [01;36m[Koperator[m[K<<(unsigned long __n)
[5.151s]       |       [01;36m[K^~~~~~~~[m[K
[5.151s] [01m[K/usr/include/c++/11/ostream:170:32:[m[K [01;36m[Knote: [m[K  no known conversion for argument 1 from ‘[01m[Kstatus_interfaces::msg::SystemStatus_<std::allocator<void> >::_stamp_type[m[K’ {aka ‘[01m[Kbuiltin_interfaces::msg::Time_<std::allocator<void> >[m[K’} to ‘[01m[Klong unsigned int[m[K’
[5.151s]   170 |       operator<<([01;36m[Kunsigned long __n[m[K)
[5.151s]       |                  [01;36m[K~~~~~~~~~~~~~~^~~[m[K
[5.151s] [01m[K/usr/include/c++/11/ostream:174:7:[m[K [01;36m[Knote: [m[Kcandidate: ‘[01m[Kstd::basic_ostream<_CharT, _Traits>::__ostream_type& std::basic_ostream<_CharT, _Traits>::operator<<(bool) [with _CharT = char; _Traits = std::char_traits<char>; std::basic_ostream<_CharT, _Traits>::__ostream_type = std::basic_ostream<char>][m[K’
[5.151s]   174 |       [01;36m[Koperator[m[K<<(bool __n)
[5.152s]       |       [01;36m[K^~~~~~~~[m[K
[5.152s] [01m[K/usr/include/c++/11/ostream:174:23:[m[K [01;36m[Knote: [m[K  no known conversion for argument 1 from ‘[01m[Kstatus_interfaces::msg::SystemStatus_<std::allocator<void> >::_stamp_type[m[K’ {aka ‘[01m[Kbuiltin_interfaces::msg::Time_<std::allocator<void> >[m[K’} to ‘[01m[Kbool[m[K’
[5.152s]   174 |       operator<<([01;36m[Kbool __n[m[K)
[5.152s]       |                  [01;36m[K~~~~~^~~[m[K
[5.152s] In file included from [01m[K/usr/include/c++/11/ostream:829[m[K,
[5.152s]                  from [01m[K/usr/include/c++/11/iostream:39[m[K,
[5.153s]                  from [01m[K/opt/ros/humble/include/rclcpp/rclcpp/executor.hpp:22[m[K,
[5.153s]                  from [01m[K/opt/ros/humble/include/rclcpp/rclcpp/executors/multi_threaded_executor.hpp:25[m[K,
[5.153s]                  from [01m[K/opt/ros/humble/include/rclcpp/rclcpp/executors.hpp:21[m[K,
[5.154s]                  from [01m[K/opt/ros/humble/include/rclcpp/rclcpp/rclcpp.hpp:155[m[K,
[5.154s]                  from [01m[K/home/shenhang/ros_study/chapter3/topic_practice_workspace/src/status_display/src/sys_status_display.cpp:4[m[K:
[5.154s] [01m[K/usr/include/c++/11/bits/ostream.tcc:91:5:[m[K [01;36m[Knote: [m[Kcandidate: ‘[01m[Kstd::basic_ostream<_CharT, _Traits>& std::basic_ostream<_CharT, _Traits>::operator<<(short int) [with _CharT = char; _Traits = std::char_traits<char>][m[K’
[5.155s]    91 |     [01;36m[Kbasic_ostream<_CharT, _Traits>[m[K::
[5.155s]       |     [01;36m[K^~~~~~~~~~~~~~~~~~~~~~~~~~~~~~[m[K
[5.155s] [01m[K/usr/include/c++/11/bits/ostream.tcc:92:22:[m[K [01;36m[Knote: [m[K  no known conversion for argument 1 from ‘[01m[Kstatus_interfaces::msg::SystemStatus_<std::allocator<void> >::_stamp_type[m[K’ {aka ‘[01m[Kbuiltin_interfaces::msg::Time_<std::allocator<void> >[m[K’} to ‘[01m[Kshort int[m[K’
[5.155s]    92 |     operator<<([01;36m[Kshort __n[m[K)
[5.155s]       |                [01;36m[K~~~~~~^~~[m[K
[5.155s] In file included from [01m[K/usr/include/c++/11/iostream:39[m[K,
[5.155s]                  from [01m[K/opt/ros/humble/include/rclcpp/rclcpp/executor.hpp:22[m[K,
[5.156s]                  from [01m[K/opt/ros/humble/include/rclcpp/rclcpp/executors/multi_threaded_executor.hpp:25[m[K,
[5.156s]                  from [01m[K/opt/ros/humble/include/rclcpp/rclcpp/executors.hpp:21[m[K,
[5.156s]                  from [01m[K/opt/ros/humble/include/rclcpp/rclcpp/rclcpp.hpp:155[m[K,
[5.156s]                  from [01m[K/home/shenhang/ros_study/chapter3/topic_practice_workspace/src/status_display/src/sys_status_display.cpp:4[m[K:
[5.156s] [01m[K/usr/include/c++/11/ostream:181:7:[m[K [01;36m[Knote: [m[Kcandidate: ‘[01m[Kstd::basic_ostream<_CharT, _Traits>::__ostream_type& std::basic_ostream<_CharT, _Traits>::operator<<(short unsigned int) [with _CharT = char; _Traits = std::char_traits<char>; std::basic_ostream<_CharT, _Traits>::__ostream_type = std::basic_ostream<char>][m[K’
[5.157s]   181 |       [01;36m[Koperator[m[K<<(unsigned short __n)
[5.157s]       |       [01;36m[K^~~~~~~~[m[K
[5.157s] [01m[K/usr/include/c++/11/ostream:181:33:[m[K [01;36m[Knote: [m[K  no known conversion for argument 1 from ‘[01m[Kstatus_interfaces::msg::SystemStatus_<std::allocator<void> >::_stamp_type[m[K’ {aka ‘[01m[Kbuiltin_interfaces::msg::Time_<std::allocator<void> >[m[K’} to ‘[01m[Kshort unsigned int[m[K’
[5.157s]   181 |       operator<<([01;36m[Kunsigned short __n[m[K)
[5.158s]       |                  [01;36m[K~~~~~~~~~~~~~~~^~~[m[K
[5.158s] In file included from [01m[K/usr/include/c++/11/ostream:829[m[K,
[5.158s]                  from [01m[K/usr/include/c++/11/iostream:39[m[K,
[5.158s]                  from [01m[K/opt/ros/humble/include/rclcpp/rclcpp/executor.hpp:22[m[K,
[5.159s]                  from [01m[K/opt/ros/humble/include/rclcpp/rclcpp/executors/multi_threaded_executor.hpp:25[m[K,
[5.159s]                  from [01m[K/opt/ros/humble/include/rclcpp/rclcpp/executors.hpp:21[m[K,
[5.159s]                  from [01m[K/opt/ros/humble/include/rclcpp/rclcpp/rclcpp.hpp:155[m[K,
[5.159s]                  from [01m[K/home/shenhang/ros_study/chapter3/topic_practice_workspace/src/status_display/src/sys_status_display.cpp:4[m[K:
[5.159s] [01m[K/usr/include/c++/11/bits/ostream.tcc:105:5:[m[K [01;36m[Knote: [m[Kcandidate: ‘[01m[Kstd::basic_ostream<_CharT, _Traits>& std::basic_ostream<_CharT, _Traits>::operator<<(int) [with _CharT = char; _Traits = std::char_traits<char>][m[K’
[5.159s]   105 |     [01;36m[Kbasic_ostream<_CharT, _Traits>[m[K::
[5.160s]       |     [01;36m[K^~~~~~~~~~~~~~~~~~~~~~~~~~~~~~[m[K
[5.160s] [01m[K/usr/include/c++/11/bits/ostream.tcc:106:20:[m[K [01;36m[Knote: [m[K  no known conversion for argument 1 from ‘[01m[Kstatus_interfaces::msg::SystemStatus_<std::allocator<void> >::_stamp_type[m[K’ {aka ‘[01m[Kbuiltin_interfaces::msg::Time_<std::allocator<void> >[m[K’} to ‘[01m[Kint[m[K’
[5.160s]   106 |     operator<<([01;36m[Kint __n[m[K)
[5.160s]       |                [01;36m[K~~~~^~~[m[K
[5.160s] In file included from [01m[K/usr/include/c++/11/iostream:39[m[K,
[5.160s]                  from [01m[K/opt/ros/humble/include/rclcpp/rclcpp/executor.hpp:22[m[K,
[5.160s]                  from [01m[K/opt/ros/humble/include/rclcpp/rclcpp/executors/multi_threaded_executor.hpp:25[m[K,
[5.161s]                  from [01m[K/opt/ros/humble/include/rclcpp/rclcpp/executors.hpp:21[m[K,
[5.161s]                  from [01m[K/opt/ros/humble/include/rclcpp/rclcpp/rclcpp.hpp:155[m[K,
[5.161s]                  from [01m[K/home/shenhang/ros_study/chapter3/topic_practice_workspace/src/status_display/src/sys_status_display.cpp:4[m[K:
[5.161s] [01m[K/usr/include/c++/11/ostream:192:7:[m[K [01;36m[Knote: [m[Kcandidate: ‘[01m[Kstd::basic_ostream<_CharT, _Traits>::__ostream_type& std::basic_ostream<_CharT, _Traits>::operator<<(unsigned int) [with _CharT = char; _Traits = std::char_traits<char>; std::basic_ostream<_CharT, _Traits>::__ostream_type = std::basic_ostream<char>][m[K’
[5.161s]   192 |       [01;36m[Koperator[m[K<<(unsigned int __n)
[5.161s]       |       [01;36m[K^~~~~~~~[m[K
[5.162s] [01m[K/usr/include/c++/11/ostream:192:31:[m[K [01;36m[Knote: [m[K  no known conversion for argument 1 from ‘[01m[Kstatus_interfaces::msg::SystemStatus_<std::allocator<void> >::_stamp_type[m[K’ {aka ‘[01m[Kbuiltin_interfaces::msg::Time_<std::allocator<void> >[m[K’} to ‘[01m[Kunsigned int[m[K’
[5.162s]   192 |       operator<<([01;36m[Kunsigned int __n[m[K)
[5.162s]       |                  [01;36m[K~~~~~~~~~~~~~^~~[m[K
[5.162s] [01m[K/usr/include/c++/11/ostream:201:7:[m[K [01;36m[Knote: [m[Kcandidate: ‘[01m[Kstd::basic_ostream<_CharT, _Traits>::__ostream_type& std::basic_ostream<_CharT, _Traits>::operator<<(long long int) [with _CharT = char; _Traits = std::char_traits<char>; std::basic_ostream<_CharT, _Traits>::__ostream_type = std::basic_ostream<char>][m[K’
[5.163s]   201 |       [01;36m[Koperator[m[K<<(long long __n)
[5.163s]       |       [01;36m[K^~~~~~~~[m[K
[5.163s] [01m[K/usr/include/c++/11/ostream:201:28:[m[K [01;36m[Knote: [m[K  no known conversion for argument 1 from ‘[01m[Kstatus_interfaces::msg::SystemStatus_<std::allocator<void> >::_stamp_type[m[K’ {aka ‘[01m[Kbuiltin_interfaces::msg::Time_<std::allocator<void> >[m[K’} to ‘[01m[Klong long int[m[K’
[5.164s]   201 |       operator<<([01;36m[Klong long __n[m[K)
[5.164s]       |                  [01;36m[K~~~~~~~~~~^~~[m[K
[5.164s] [01m[K/usr/include/c++/11/ostream:205:7:[m[K [01;36m[Knote: [m[Kcandidate: ‘[01m[Kstd::basic_ostream<_CharT, _Traits>::__ostream_type& std::basic_ostream<_CharT, _Traits>::operator<<(long long unsigned int) [with _CharT = char; _Traits = std::char_traits<char>; std::basic_ostream<_CharT, _Traits>::__ostream_type = std::basic_ostream<char>][m[K’
[5.165s]   205 |       [01;36m[Koperator[m[K<<(unsigned long long __n)
[5.165s]       |       [01;36m[K^~~~~~~~[m[K
[5.165s] [01m[K/usr/include/c++/11/ostream:205:37:[m[K [01;36m[Knote: [m[K  no known conversion for argument 1 from ‘[01m[Kstatus_interfaces::msg::SystemStatus_<std::allocator<void> >::_stamp_type[m[K’ {aka ‘[01m[Kbuiltin_interfaces::msg::Time_<std::allocator<void> >[m[K’} to ‘[01m[Klong long unsigned int[m[K’
[5.165s]   205 |       operator<<([01;36m[Kunsigned long long __n[m[K)
[5.165s]       |                  [01;36m[K~~~~~~~~~~~~~~~~~~~^~~[m[K
[5.166s] [01m[K/usr/include/c++/11/ostream:220:7:[m[K [01;36m[Knote: [m[Kcandidate: ‘[01m[Kstd::basic_ostream<_CharT, _Traits>::__ostream_type& std::basic_ostream<_CharT, _Traits>::operator<<(double) [with _CharT = char; _Traits = std::char_traits<char>; std::basic_ostream<_CharT, _Traits>::__ostream_type = std::basic_ostream<char>][m[K’
[5.167s]   220 |       [01;36m[Koperator[m[K<<(double __f)
[5.167s]       |       [01;36m[K^~~~~~~~[m[K
[5.167s] [01m[K/usr/include/c++/11/ostream:220:25:[m[K [01;36m[Knote: [m[K  no known conversion for argument 1 from ‘[01m[Kstatus_interfaces::msg::SystemStatus_<std::allocator<void> >::_stamp_type[m[K’ {aka ‘[01m[Kbuiltin_interfaces::msg::Time_<std::allocator<void> >[m[K’} to ‘[01m[Kdouble[m[K’
[5.167s]   220 |       operator<<([01;36m[Kdouble __f[m[K)
[5.167s]       |                  [01;36m[K~~~~~~~^~~[m[K
[5.167s] [01m[K/usr/include/c++/11/ostream:224:7:[m[K [01;36m[Knote: [m[Kcandidate: ‘[01m[Kstd::basic_ostream<_CharT, _Traits>::__ostream_type& std::basic_ostream<_CharT, _Traits>::operator<<(float) [with _CharT = char; _Traits = std::char_traits<char>; std::basic_ostream<_CharT, _Traits>::__ostream_type = std::basic_ostream<char>][m[K’
[5.168s]   224 |       [01;36m[Koperator[m[K<<(float __f)
[5.168s]       |       [01;36m[K^~~~~~~~[m[K
[5.168s] [01m[K/usr/include/c++/11/ostream:224:24:[m[K [01;36m[Knote: [m[K  no known conversion for argument 1 from ‘[01m[Kstatus_interfaces::msg::SystemStatus_<std::allocator<void> >::_stamp_type[m[K’ {aka ‘[01m[Kbuiltin_interfaces::msg::Time_<std::allocator<void> >[m[K’} to ‘[01m[Kfloat[m[K’
[5.168s]   224 |       operator<<([01;36m[Kfloat __f[m[K)
[5.168s]       |                  [01;36m[K~~~~~~^~~[m[K
[5.169s] [01m[K/usr/include/c++/11/ostream:232:7:[m[K [01;36m[Knote: [m[Kcandidate: ‘[01m[Kstd::basic_ostream<_CharT, _Traits>::__ostream_type& std::basic_ostream<_CharT, _Traits>::operator<<(long double) [with _CharT = char; _Traits = std::char_traits<char>; std::basic_ostream<_CharT, _Traits>::__ostream_type = std::basic_ostream<char>][m[K’
[5.169s]   232 |       [01;36m[Koperator[m[K<<(long double __f)
[5.169s]       |       [01;36m[K^~~~~~~~[m[K
[5.169s] [01m[K/usr/include/c++/11/ostream:232:30:[m[K [01;36m[Knote: [m[K  no known conversion for argument 1 from ‘[01m[Kstatus_interfaces::msg::SystemStatus_<std::allocator<void> >::_stamp_type[m[K’ {aka ‘[01m[Kbuiltin_interfaces::msg::Time_<std::allocator<void> >[m[K’} to ‘[01m[Klong double[m[K’
[5.169s]   232 |       operator<<([01;36m[Klong double __f[m[K)
[5.169s]       |                  [01;36m[K~~~~~~~~~~~~^~~[m[K
[5.170s] [01m[K/usr/include/c++/11/ostream:245:7:[m[K [01;36m[Knote: [m[Kcandidate: ‘[01m[Kstd::basic_ostream<_CharT, _Traits>::__ostream_type& std::basic_ostream<_CharT, _Traits>::operator<<(const void*) [with _CharT = char; _Traits = std::char_traits<char>; std::basic_ostream<_CharT, _Traits>::__ostream_type = std::basic_ostream<char>][m[K’
[5.170s]   245 |       [01;36m[Koperator[m[K<<(const void* __p)
[5.170s]       |       [01;36m[K^~~~~~~~[m[K
[5.170s] [01m[K/usr/include/c++/11/ostream:245:30:[m[K [01;36m[Knote: [m[K  no known conversion for argument 1 from ‘[01m[Kstatus_interfaces::msg::SystemStatus_<std::allocator<void> >::_stamp_type[m[K’ {aka ‘[01m[Kbuiltin_interfaces::msg::Time_<std::allocator<void> >[m[K’} to ‘[01m[Kconst void*[m[K’
[5.170s]   245 |       operator<<([01;36m[Kconst void* __p[m[K)
[5.170s]       |                  [01;36m[K~~~~~~~~~~~~^~~[m[K
[5.170s] [01m[K/usr/include/c++/11/ostream:250:7:[m[K [01;36m[Knote: [m[Kcandidate: ‘[01m[Kstd::basic_ostream<_CharT, _Traits>::__ostream_type& std::basic_ostream<_CharT, _Traits>::operator<<(std::nullptr_t) [with _CharT = char; _Traits = std::char_traits<char>; std::basic_ostream<_CharT, _Traits>::__ostream_type = std::basic_ostream<char>; std::nullptr_t = std::nullptr_t][m[K’
[5.170s]   250 |       [01;36m[Koperator[m[K<<(nullptr_t)
[5.170s]       |       [01;36m[K^~~~~~~~[m[K
[5.170s] [01m[K/usr/include/c++/11/ostream:250:18:[m[K [01;36m[Knote: [m[K  no known conversion for argument 1 from ‘[01m[Kstatus_interfaces::msg::SystemStatus_<std::allocator<void> >::_stamp_type[m[K’ {aka ‘[01m[Kbuiltin_interfaces::msg::Time_<std::allocator<void> >[m[K’} to ‘[01m[Kstd::nullptr_t[m[K’
[5.171s]   250 |       operator<<([01;36m[Knullptr_t[m[K)
[5.171s]       |                  [01;36m[K^~~~~~~~~[m[K
[5.171s] In file included from [01m[K/usr/include/c++/11/ostream:829[m[K,
[5.171s]                  from [01m[K/usr/include/c++/11/iostream:39[m[K,
[5.171s]                  from [01m[K/opt/ros/humble/include/rclcpp/rclcpp/executor.hpp:22[m[K,
[5.171s]                  from [01m[K/opt/ros/humble/include/rclcpp/rclcpp/executors/multi_threaded_executor.hpp:25[m[K,
[5.171s]                  from [01m[K/opt/ros/humble/include/rclcpp/rclcpp/executors.hpp:21[m[K,
[5.171s]                  from [01m[K/opt/ros/humble/include/rclcpp/rclcpp/rclcpp.hpp:155[m[K,
[5.171s]                  from [01m[K/home/shenhang/ros_study/chapter3/topic_practice_workspace/src/status_display/src/sys_status_display.cpp:4[m[K:
[5.171s] [01m[K/usr/include/c++/11/bits/ostream.tcc:119:5:[m[K [01;36m[Knote: [m[Kcandidate: ‘[01m[Kstd::basic_ostream<_CharT, _Traits>& std::basic_ostream<_CharT, _Traits>::operator<<(std::basic_ostream<_CharT, _Traits>::__streambuf_type*) [with _CharT = char; _Traits = std::char_traits<char>; std::basic_ostream<_CharT, _Traits>::__streambuf_type = std::basic_streambuf<char>][m[K’
[5.172s]   119 |     [01;36m[Kbasic_ostream<_CharT, _Traits>[m[K::
[5.172s]       |     [01;36m[K^~~~~~~~~~~~~~~~~~~~~~~~~~~~~~[m[K
[5.172s] [01m[K/usr/include/c++/11/bits/ostream.tcc:120:34:[m[K [01;36m[Knote: [m[K  no known conversion for argument 1 from ‘[01m[Kstatus_interfaces::msg::SystemStatus_<std::allocator<void> >::_stamp_type[m[K’ {aka ‘[01m[Kbuiltin_interfaces::msg::Time_<std::allocator<void> >[m[K’} to ‘[01m[Kstd::basic_ostream<char>::__streambuf_type*[m[K’ {aka ‘[01m[Kstd::basic_streambuf<char>*[m[K’}
[5.172s]   120 |     operator<<([01;36m[K__streambuf_type* __sbin[m[K)
[5.172s]       |                [01;36m[K~~~~~~~~~~~~~~~~~~^~~~~~[m[K
[5.172s] In file included from [01m[K/usr/include/x86_64-linux-gnu/qt5/QtGui/qregion.h:49[m[K,
[5.172s]                  from [01m[K/usr/include/x86_64-linux-gnu/qt5/QtGui/qmatrix.h:45[m[K,
[5.172s]                  from [01m[K/usr/include/x86_64-linux-gnu/qt5/QtGui/qbrush.h:49[m[K,
[5.172s]                  from [01m[K/usr/include/x86_64-linux-gnu/qt5/QtGui/qpalette.h:46[m[K,
[5.172s]                  from [01m[K/usr/include/x86_64-linux-gnu/qt5/QtWidgets/qwidget.h:48[m[K,
[5.173s]                  from [01m[K/usr/include/x86_64-linux-gnu/qt5/QtWidgets/qframe.h:44[m[K,
[5.173s]                  from [01m[K/usr/include/x86_64-linux-gnu/qt5/QtWidgets/qlabel.h:44[m[K,
[5.173s]                  from [01m[K/usr/include/x86_64-linux-gnu/qt5/QtWidgets/QLabel:1[m[K,
[5.173s]                  from [01m[K/home/shenhang/ros_study/chapter3/topic_practice_workspace/src/status_display/src/sys_status_display.cpp:2[m[K:
[5.173s] [01m[K/usr/include/x86_64-linux-gnu/qt5/QtCore/qdatastream.h:405:21:[m[K [01;36m[Knote: [m[Kcandidate: ‘[01m[Ktemplate<class E> QDataStream& operator<<(QDataStream&, QFlags<T>)[m[K’
[5.173s]   405 | inline QDataStream &[01;36m[Koperator[m[K<<(QDataStream &s, QFlags<Enum> e)
[5.173s]       |                     [01;36m[K^~~~~~~~[m[K
[5.173s] [01m[K/usr/include/x86_64-linux-gnu/qt5/QtCore/qdatastream.h:405:21:[m[K [01;36m[Knote: [m[K  template argument deduction/substitution failed:
[5.173s] [01m[K/home/shenhang/ros_study/chapter3/topic_practice_workspace/src/status_display/src/sys_status_display.cpp:19:42:[m[K [01;36m[Knote: [m[K  ‘[01m[Kbuiltin_interfaces::msg::Time_<std::allocator<void> >[m[K’ is not derived from ‘[01m[KQFlags<T>[m[K’
[5.174s]    19 |                  << "数据时间: " << msg->[01;36m[Kstamp[m[K << " s\n"
[5.174s]       |                                          [01;36m[K^~~~~[m[K
[5.174s] In file included from [01m[K/usr/include/x86_64-linux-gnu/qt5/QtGui/qregion.h:49[m[K,
[5.174s]                  from [01m[K/usr/include/x86_64-linux-gnu/qt5/QtGui/qmatrix.h:45[m[K,
[5.174s]                  from [01m[K/usr/include/x86_64-linux-gnu/qt5/QtGui/qbrush.h:49[m[K,
[5.174s]                  from [01m[K/usr/include/x86_64-linux-gnu/qt5/QtGui/qpalette.h:46[m[K,
[5.174s]                  from [01m[K/usr/include/x86_64-linux-gnu/qt5/QtWidgets/qwidget.h:48[m[K,
[5.174s]                  from [01m[K/usr/include/x86_64-linux-gnu/qt5/QtWidgets/qframe.h:44[m[K,
[5.174s]                  from [01m[K/usr/include/x86_64-linux-gnu/qt5/QtWidgets/qlabel.h:44[m[K,
[5.174s]                  from [01m[K/usr/include/x86_64-linux-gnu/qt5/QtWidgets/QLabel:1[m[K,
[5.174s]                  from [01m[K/home/shenhang/ros_study/chapter3/topic_practice_workspace/src/status_display/src/sys_status_display.cpp:2[m[K:
[5.175s] [01m[K/usr/include/x86_64-linux-gnu/qt5/QtCore/qdatastream.h:414:1:[m[K [01;36m[Knote: [m[Kcandidate: ‘[01m[Ktemplate<class T> typename std::enable_if<std::is_enum<_Tp>::value, QDataStream&>::type& operator<<(QDataStream&, const T&)[m[K’
[5.175s]   414 | [01;36m[Koperator[m[K<<(QDataStream &s, const T &t)
[5.175s]       | [01;36m[K^~~~~~~~[m[K
[5.175s] [01m[K/usr/include/x86_64-linux-gnu/qt5/QtCore/qdatastream.h:414:1:[m[K [01;36m[Knote: [m[K  template argument deduction/substitution failed:
[5.175s] [01m[K/home/shenhang/ros_study/chapter3/topic_practice_workspace/src/status_display/src/sys_status_display.cpp:19:18:[m[K [01;36m[Knote: [m[K  cannot convert ‘[01m[Kstd::operator<< <std::char_traits<char> >((* & std::operator<< <std::char_traits<char> >(show_str.std::__cxx11::basic_stringstream<char>::<anonymous>.std::basic_iostream<char>::<anonymous>, ((const char*)"==================\37777777747\37777777663\37777777673\37777777747\37777777673\37777777637\37777777747\37777777612\37777777666\37777777746\37777777600\37777777601\37777777746\37777777630\37777777676\37777777747\37777777644\37777777672======================\012"))), ((const char*)"\37777777746\37777777625\37777777660\37777777746\37777777615\37777777656\37777777746\37777777627\37777777666\37777777751\37777777627\37777777664: "))[m[K’ (type ‘[01m[Kstd::basic_ostream<char>[m[K’) to type ‘[01m[KQDataStream&[m[K’
[5.175s]    18 |         [01;36m[Kshow_str << "==================系统状态显示======================\n"[m[K
[5.175s]       |         [01;36m[K~~~~~~~~~~~~~~~~~~~~~~~~~~~~~~~~~~~~~~~~~~~~~~~~~~~~~~~~~~~~~~~~~~~~[m[K
[5.175s]    19 | [01;36m[K                 << "数据时间: "[m[K << msg->stamp << " s\n"
[5.175s]       |                  [01;36m[K^~~~~~~~~~~~~~~[m[K
[5.176s] In file included from [01m[K/usr/include/x86_64-linux-gnu/qt5/QtGui/qregion.h:49[m[K,
[5.176s]                  from [01m[K/usr/include/x86_64-linux-gnu/qt5/QtGui/qmatrix.h:45[m[K,
[5.176s]                  from [01m[K/usr/include/x86_64-linux-gnu/qt5/QtGui/qbrush.h:49[m[K,
[5.176s]                  from [01m[K/usr/include/x86_64-linux-gnu/qt5/QtGui/qpalette.h:46[m[K,
[5.176s]                  from [01m[K/usr/include/x86_64-linux-gnu/qt5/QtWidgets/qwidget.h:48[m[K,
[5.176s]                  from [01m[K/usr/include/x86_64-linux-gnu/qt5/QtWidgets/qframe.h:44[m[K,
[5.176s]                  from [01m[K/usr/include/x86_64-linux-gnu/qt5/QtWidgets/qlabel.h:44[m[K,
[5.176s]                  from [01m[K/usr/include/x86_64-linux-gnu/qt5/QtWidgets/QLabel:1[m[K,
[5.177s]                  from [01m[K/home/shenhang/ros_study/chapter3/topic_practice_workspace/src/status_display/src/sys_status_display.cpp:2[m[K:
[5.177s] [01m[K/usr/include/x86_64-linux-gnu/qt5/QtCore/qdatastream.h:429:21:[m[K [01;36m[Knote: [m[Kcandidate: ‘[01m[Ktemplate<class T> QDataStream& operator<<(QDataStream&, const QList<T>&)[m[K’
[5.177s]   429 | inline QDataStream &[01;36m[Koperator[m[K<<(QDataStream &s, const QList<T> &l)
[5.177s]       |                     [01;36m[K^~~~~~~~[m[K
[5.177s] [01m[K/usr/include/x86_64-linux-gnu/qt5/QtCore/qdatastream.h:429:21:[m[K [01;36m[Knote: [m[K  template argument deduction/substitution failed:
[5.177s] [01m[K/home/shenhang/ros_study/chapter3/topic_practice_workspace/src/status_display/src/sys_status_display.cpp:19:42:[m[K [01;36m[Knote: [m[K  ‘[01m[Kstatus_interfaces::msg::SystemStatus_<std::allocator<void> >::_stamp_type[m[K’ {aka ‘[01m[Kbuiltin_interfaces::msg::Time_<std::allocator<void> >[m[K’} is not derived from ‘[01m[Kconst QList<T>[m[K’
[5.177s]    19 |                  << "数据时间: " << msg->[01;36m[Kstamp[m[K << " s\n"
[5.180s]       |                                          [01;36m[K^~~~~[m[K
[5.181s] In file included from [01m[K/usr/include/x86_64-linux-gnu/qt5/QtGui/qregion.h:49[m[K,
[5.181s]                  from [01m[K/usr/include/x86_64-linux-gnu/qt5/QtGui/qmatrix.h:45[m[K,
[5.181s]                  from [01m[K/usr/include/x86_64-linux-gnu/qt5/QtGui/qbrush.h:49[m[K,
[5.181s]                  from [01m[K/usr/include/x86_64-linux-gnu/qt5/QtGui/qpalette.h:46[m[K,
[5.181s]                  from [01m[K/usr/include/x86_64-linux-gnu/qt5/QtWidgets/qwidget.h:48[m[K,
[5.181s]                  from [01m[K/usr/include/x86_64-linux-gnu/qt5/QtWidgets/qframe.h:44[m[K,
[5.181s]                  from [01m[K/usr/include/x86_64-linux-gnu/qt5/QtWidgets/qlabel.h:44[m[K,
[5.181s]                  from [01m[K/usr/include/x86_64-linux-gnu/qt5/QtWidgets/QLabel:1[m[K,
[5.181s]                  from [01m[K/home/shenhang/ros_study/chapter3/topic_practice_workspace/src/status_display/src/sys_status_display.cpp:2[m[K:
[5.182s] [01m[K/usr/include/x86_64-linux-gnu/qt5/QtCore/qdatastream.h:441:21:[m[K [01;36m[Knote: [m[Kcandidate: ‘[01m[Ktemplate<class T> QDataStream& operator<<(QDataStream&, const QVector<T>&)[m[K’
[5.182s]   441 | inline QDataStream &[01;36m[Koperator[m[K<<(QDataStream &s, const QVector<T> &v)
[5.182s]       |                     [01;36m[K^~~~~~~~[m[K
[5.182s] [01m[K/usr/include/x86_64-linux-gnu/qt5/QtCore/qdatastream.h:441:21:[m[K [01;36m[Knote: [m[K  template argument deduction/substitution failed:
[5.182s] [01m[K/home/shenhang/ros_study/chapter3/topic_practice_workspace/src/status_display/src/sys_status_display.cpp:19:42:[m[K [01;36m[Knote: [m[K  ‘[01m[Kstatus_interfaces::msg::SystemStatus_<std::allocator<void> >::_stamp_type[m[K’ {aka ‘[01m[Kbuiltin_interfaces::msg::Time_<std::allocator<void> >[m[K’} is not derived from ‘[01m[Kconst QVector<T>[m[K’
[5.182s]    19 |                  << "数据时间: " << msg->[01;36m[Kstamp[m[K << " s\n"
[5.182s]       |                                          [01;36m[K^~~~~[m[K
[5.182s] In file included from [01m[K/usr/include/x86_64-linux-gnu/qt5/QtGui/qregion.h:49[m[K,
[5.182s]                  from [01m[K/usr/include/x86_64-linux-gnu/qt5/QtGui/qmatrix.h:45[m[K,
[5.182s]                  from [01m[K/usr/include/x86_64-linux-gnu/qt5/QtGui/qbrush.h:49[m[K,
[5.183s]                  from [01m[K/usr/include/x86_64-linux-gnu/qt5/QtGui/qpalette.h:46[m[K,
[5.183s]                  from [01m[K/usr/include/x86_64-linux-gnu/qt5/QtWidgets/qwidget.h:48[m[K,
[5.183s]                  from [01m[K/usr/include/x86_64-linux-gnu/qt5/QtWidgets/qframe.h:44[m[K,
[5.183s]                  from [01m[K/usr/include/x86_64-linux-gnu/qt5/QtWidgets/qlabel.h:44[m[K,
[5.183s]                  from [01m[K/usr/include/x86_64-linux-gnu/qt5/QtWidgets/QLabel:1[m[K,
[5.183s]                  from [01m[K/home/shenhang/ros_study/chapter3/topic_practice_workspace/src/status_display/src/sys_status_display.cpp:2[m[K:
[5.183s] [01m[K/usr/include/x86_64-linux-gnu/qt5/QtCore/qdatastream.h:453:21:[m[K [01;36m[Knote: [m[Kcandidate: ‘[01m[Ktemplate<class T> QDataStream& operator<<(QDataStream&, const QSet<T>&)[m[K’
[5.183s]   453 | inline QDataStream &[01;36m[Koperator[m[K<<(QDataStream &s, const QSet<T> &set)
[5.183s]       |                     [01;36m[K^~~~~~~~[m[K
[5.183s] [01m[K/usr/include/x86_64-linux-gnu/qt5/QtCore/qdatastream.h:453:21:[m[K [01;36m[Knote: [m[K  template argument deduction/substitution failed:
[5.184s] [01m[K/home/shenhang/ros_study/chapter3/topic_practice_workspace/src/status_display/src/sys_status_display.cpp:19:42:[m[K [01;36m[Knote: [m[K  ‘[01m[Kstatus_interfaces::msg::SystemStatus_<std::allocator<void> >::_stamp_type[m[K’ {aka ‘[01m[Kbuiltin_interfaces::msg::Time_<std::allocator<void> >[m[K’} is not derived from ‘[01m[Kconst QSet<T>[m[K’
[5.184s]    19 |                  << "数据时间: " << msg->[01;36m[Kstamp[m[K << " s\n"
[5.184s]       |                                          [01;36m[K^~~~~[m[K
[5.184s] In file included from [01m[K/usr/include/x86_64-linux-gnu/qt5/QtGui/qregion.h:49[m[K,
[5.184s]                  from [01m[K/usr/include/x86_64-linux-gnu/qt5/QtGui/qmatrix.h:45[m[K,
[5.184s]                  from [01m[K/usr/include/x86_64-linux-gnu/qt5/QtGui/qbrush.h:49[m[K,
[5.185s]                  from [01m[K/usr/include/x86_64-linux-gnu/qt5/QtGui/qpalette.h:46[m[K,
[5.185s]                  from [01m[K/usr/include/x86_64-linux-gnu/qt5/QtWidgets/qwidget.h:48[m[K,
[5.185s]                  from [01m[K/usr/include/x86_64-linux-gnu/qt5/QtWidgets/qframe.h:44[m[K,
[5.185s]                  from [01m[K/usr/include/x86_64-linux-gnu/qt5/QtWidgets/qlabel.h:44[m[K,
[5.185s]                  from [01m[K/usr/include/x86_64-linux-gnu/qt5/QtWidgets/QLabel:1[m[K,
[5.185s]                  from [01m[K/home/shenhang/ros_study/chapter3/topic_practice_workspace/src/status_display/src/sys_status_display.cpp:2[m[K:
[5.185s] [01m[K/usr/include/x86_64-linux-gnu/qt5/QtCore/qdatastream.h:465:21:[m[K [01;36m[Knote: [m[Kcandidate: ‘[01m[Ktemplate<class Key, class T> QDataStream& operator<<(QDataStream&, const QHash<K, V>&)[m[K’
[5.186s]   465 | inline QDataStream &[01;36m[Koperator[m[K<<(QDataStream &s, const QHash<Key, T> &hash)
[5.186s]       |                     [01;36m[K^~~~~~~~[m[K
[5.186s] [01m[K/usr/include/x86_64-linux-gnu/qt5/QtCore/qdatastream.h:465:21:[m[K [01;36m[Knote: [m[K  template argument deduction/substitution failed:
[5.186s] [01m[K/home/shenhang/ros_study/chapter3/topic_practice_workspace/src/status_display/src/sys_status_display.cpp:19:42:[m[K [01;36m[Knote: [m[K  ‘[01m[Kstatus_interfaces::msg::SystemStatus_<std::allocator<void> >::_stamp_type[m[K’ {aka ‘[01m[Kbuiltin_interfaces::msg::Time_<std::allocator<void> >[m[K’} is not derived from ‘[01m[Kconst QHash<K, V>[m[K’
[5.186s]    19 |                  << "数据时间: " << msg->[01;36m[Kstamp[m[K << " s\n"
[5.186s]       |                                          [01;36m[K^~~~~[m[K
[5.186s] In file included from [01m[K/usr/include/x86_64-linux-gnu/qt5/QtGui/qregion.h:49[m[K,
[5.186s]                  from [01m[K/usr/include/x86_64-linux-gnu/qt5/QtGui/qmatrix.h:45[m[K,
[5.187s]                  from [01m[K/usr/include/x86_64-linux-gnu/qt5/QtGui/qbrush.h:49[m[K,
[5.187s]                  from [01m[K/usr/include/x86_64-linux-gnu/qt5/QtGui/qpalette.h:46[m[K,
[5.187s]                  from [01m[K/usr/include/x86_64-linux-gnu/qt5/QtWidgets/qwidget.h:48[m[K,
[5.187s]                  from [01m[K/usr/include/x86_64-linux-gnu/qt5/QtWidgets/qframe.h:44[m[K,
[5.187s]                  from [01m[K/usr/include/x86_64-linux-gnu/qt5/QtWidgets/qlabel.h:44[m[K,
[5.187s]                  from [01m[K/usr/include/x86_64-linux-gnu/qt5/QtWidgets/QLabel:1[m[K,
[5.190s]                  from [01m[K/home/shenhang/ros_study/chapter3/topic_practice_workspace/src/status_display/src/sys_status_display.cpp:2[m[K:
[5.190s] [01m[K/usr/include/x86_64-linux-gnu/qt5/QtCore/qdatastream.h:477:21:[m[K [01;36m[Knote: [m[Kcandidate: ‘[01m[Ktemplate<class Key, class T> QDataStream& operator<<(QDataStream&, const QMap<K, V>&)[m[K’
[5.190s]   477 | inline QDataStream &[01;36m[Koperator[m[K<<(QDataStream &s, const QMap<Key, T> &map)
[5.190s]       |                     [01;36m[K^~~~~~~~[m[K
[5.190s] [01m[K/usr/include/x86_64-linux-gnu/qt5/QtCore/qdatastream.h:477:21:[m[K [01;36m[Knote: [m[K  template argument deduction/substitution failed:
[5.191s] [01m[K/home/shenhang/ros_study/chapter3/topic_practice_workspace/src/status_display/src/sys_status_display.cpp:19:42:[m[K [01;36m[Knote: [m[K  ‘[01m[Kstatus_interfaces::msg::SystemStatus_<std::allocator<void> >::_stamp_type[m[K’ {aka ‘[01m[Kbuiltin_interfaces::msg::Time_<std::allocator<void> >[m[K’} is not derived from ‘[01m[Kconst QMap<K, V>[m[K’
[5.191s]    19 |                  << "数据时间: " << msg->[01;36m[Kstamp[m[K << " s\n"
[5.191s]       |                                          [01;36m[K^~~~~[m[K
[5.191s] In file included from [01m[K/usr/include/x86_64-linux-gnu/qt5/QtGui/qregion.h:49[m[K,
[5.191s]                  from [01m[K/usr/include/x86_64-linux-gnu/qt5/QtGui/qmatrix.h:45[m[K,
[5.191s]                  from [01m[K/usr/include/x86_64-linux-gnu/qt5/QtGui/qbrush.h:49[m[K,
[5.191s]                  from [01m[K/usr/include/x86_64-linux-gnu/qt5/QtGui/qpalette.h:46[m[K,
[5.191s]                  from [01m[K/usr/include/x86_64-linux-gnu/qt5/QtWidgets/qwidget.h:48[m[K,
[5.192s]                  from [01m[K/usr/include/x86_64-linux-gnu/qt5/QtWidgets/qframe.h:44[m[K,
[5.192s]                  from [01m[K/usr/include/x86_64-linux-gnu/qt5/QtWidgets/qlabel.h:44[m[K,
[5.192s]                  from [01m[K/usr/include/x86_64-linux-gnu/qt5/QtWidgets/QLabel:1[m[K,
[5.192s]                  from [01m[K/home/shenhang/ros_study/chapter3/topic_practice_workspace/src/status_display/src/sys_status_display.cpp:2[m[K:
[5.192s] [01m[K/usr/include/x86_64-linux-gnu/qt5/QtCore/qdatastream.h:491:21:[m[K [01;36m[Knote: [m[Kcandidate: ‘[01m[Ktemplate<class T1, class T2> QDataStream& operator<<(QDataStream&, const QPair<T1, T2>&)[m[K’
[5.192s]   491 | inline QDataStream& [01;36m[Koperator[m[K<<(QDataStream& s, const QPair<T1, T2>& p)
[5.195s]       |                     [01;36m[K^~~~~~~~[m[K
[5.196s] [01m[K/usr/include/x86_64-linux-gnu/qt5/QtCore/qdatastream.h:491:21:[m[K [01;36m[Knote: [m[K  template argument deduction/substitution failed:
[5.196s] [01m[K/home/shenhang/ros_study/chapter3/topic_practice_workspace/src/status_display/src/sys_status_display.cpp:19:42:[m[K [01;36m[Knote: [m[K  ‘[01m[Kstatus_interfaces::msg::SystemStatus_<std::allocator<void> >::_stamp_type[m[K’ {aka ‘[01m[Kbuiltin_interfaces::msg::Time_<std::allocator<void> >[m[K’} is not derived from ‘[01m[Kconst QPair<T1, T2>[m[K’
[5.196s]    19 |                  << "数据时间: " << msg->[01;36m[Kstamp[m[K << " s\n"
[5.196s]       |                                          [01;36m[K^~~~~[m[K
[5.196s] In file included from [01m[K/usr/include/x86_64-linux-gnu/qt5/QtCore/qglobal.h:46[m[K,
[5.196s]                  from [01m[K/usr/include/x86_64-linux-gnu/qt5/QtGui/qtguiglobal.h:43[m[K,
[5.196s]                  from [01m[K/usr/include/x86_64-linux-gnu/qt5/QtWidgets/qtwidgetsglobal.h:43[m[K,
[5.197s]                  from [01m[K/usr/include/x86_64-linux-gnu/qt5/QtWidgets/qapplication.h:43[m[K,
[5.197s]                  from [01m[K/usr/include/x86_64-linux-gnu/qt5/QtWidgets/QApplication:1[m[K,
[5.197s]                  from [01m[K/home/shenhang/ros_study/chapter3/topic_practice_workspace/src/status_display/src/sys_status_display.cpp:1[m[K:
[5.197s] [01m[K/usr/include/c++/11/cstddef:126:5:[m[K [01;36m[Knote: [m[Kcandidate: ‘[01m[Ktemplate<class _IntegerType> constexpr std::__byte_op_t<_IntegerType> std::operator<<(std::byte, _IntegerType)[m[K’
[5.197s]   126 |     [01;36m[Koperator[m[K<<(byte __b, _IntegerType __shift) noexcept
[5.197s]       |     [01;36m[K^~~~~~~~[m[K
[5.197s] [01m[K/usr/include/c++/11/cstddef:126:5:[m[K [01;36m[Knote: [m[K  template argument deduction/substitution failed:
[5.197s] [01m[K/home/shenhang/ros_study/chapter3/topic_practice_workspace/src/status_display/src/sys_status_display.cpp:19:18:[m[K [01;36m[Knote: [m[K  cannot convert ‘[01m[Kstd::operator<< <std::char_traits<char> >((* & std::operator<< <std::char_traits<char> >(show_str.std::__cxx11::basic_stringstream<char>::<anonymous>.std::basic_iostream<char>::<anonymous>, ((const char*)"==================\37777777747\37777777663\37777777673\37777777747\37777777673\37777777637\37777777747\37777777612\37777777666\37777777746\37777777600\37777777601\37777777746\37777777630\37777777676\37777777747\37777777644\37777777672======================\012"))), ((const char*)"\37777777746\37777777625\37777777660\37777777746\37777777615\37777777656\37777777746\37777777627\37777777666\37777777751\37777777627\37777777664: "))[m[K’ (type ‘[01m[Kstd::basic_ostream<char>[m[K’) to type ‘[01m[Kstd::byte[m[K’
[5.197s]    18 |         [01;36m[Kshow_str << "==================系统状态显示======================\n"[m[K
[5.197s]       |         [01;36m[K~~~~~~~~~~~~~~~~~~~~~~~~~~~~~~~~~~~~~~~~~~~~~~~~~~~~~~~~~~~~~~~~~~~~[m[K
[5.197s]    19 | [01;36m[K                 << "数据时间: "[m[K << msg->stamp << " s\n"
[5.198s]       |                  [01;36m[K^~~~~~~~~~~~~~~[m[K
[5.198s] In file included from [01m[K/usr/include/c++/11/bits/basic_string.h:48[m[K,
[5.198s]                  from [01m[K/usr/include/c++/11/string:55[m[K,
[5.198s]                  from [01m[K/usr/include/x86_64-linux-gnu/qt5/QtCore/qbytearray.h:52[m[K,
[5.198s]                  from [01m[K/usr/include/x86_64-linux-gnu/qt5/QtCore/qstring.h:50[m[K,
[5.198s]                  from [01m[K/usr/include/x86_64-linux-gnu/qt5/QtCore/qcoreapplication.h:44[m[K,
[5.198s]                  from [01m[K/usr/include/x86_64-linux-gnu/qt5/QtWidgets/qapplication.h:44[m[K,
[5.198s]                  from [01m[K/usr/include/x86_64-linux-gnu/qt5/QtWidgets/QApplication:1[m[K,
[5.198s]                  from [01m[K/home/shenhang/ros_study/chapter3/topic_practice_workspace/src/status_display/src/sys_status_display.cpp:1[m[K:
[5.199s] [01m[K/usr/include/c++/11/string_view:667:5:[m[K [01;36m[Knote: [m[Kcandidate: ‘[01m[Ktemplate<class _CharT, class _Traits> std::basic_ostream<_CharT, _Traits>& std::operator<<(std::basic_ostream<_CharT, _Traits>&, std::basic_string_view<_CharT, _Traits>)[m[K’
[5.199s]   667 |     [01;36m[Koperator[m[K<<(basic_ostream<_CharT, _Traits>& __os,
[5.199s]       |     [01;36m[K^~~~~~~~[m[K
[5.199s] [01m[K/usr/include/c++/11/string_view:667:5:[m[K [01;36m[Knote: [m[K  template argument deduction/substitution failed:
[5.200s] [01m[K/home/shenhang/ros_study/chapter3/topic_practice_workspace/src/status_display/src/sys_status_display.cpp:19:42:[m[K [01;36m[Knote: [m[K  ‘[01m[Kbuiltin_interfaces::msg::Time_<std::allocator<void> >[m[K’ is not derived from ‘[01m[Kstd::basic_string_view<_CharT, _Traits>[m[K’
[5.200s]    19 |                  << "数据时间: " << msg->[01;36m[Kstamp[m[K << " s\n"
[5.200s]       |                                          [01;36m[K^~~~~[m[K
[5.200s] In file included from [01m[K/usr/include/c++/11/string:55[m[K,
[5.200s]                  from [01m[K/usr/include/x86_64-linux-gnu/qt5/QtCore/qbytearray.h:52[m[K,
[5.200s]                  from [01m[K/usr/include/x86_64-linux-gnu/qt5/QtCore/qstring.h:50[m[K,
[5.201s]                  from [01m[K/usr/include/x86_64-linux-gnu/qt5/QtCore/qcoreapplication.h:44[m[K,
[5.201s]                  from [01m[K/usr/include/x86_64-linux-gnu/qt5/QtWidgets/qapplication.h:44[m[K,
[5.201s]                  from [01m[K/usr/include/x86_64-linux-gnu/qt5/QtWidgets/QApplication:1[m[K,
[5.201s]                  from [01m[K/home/shenhang/ros_study/chapter3/topic_practice_workspace/src/status_display/src/sys_status_display.cpp:1[m[K:
[5.201s] [01m[K/usr/include/c++/11/bits/basic_string.h:6531:5:[m[K [01;36m[Knote: [m[Kcandidate: ‘[01m[Ktemplate<class _CharT, class _Traits, class _Alloc> std::basic_ostream<_CharT, _Traits>& std::operator<<(std::basic_ostream<_CharT, _Traits>&, const std::__cxx11::basic_string<_CharT, _Traits, _Allocator>&)[m[K’
[5.201s]  6531 |     [01;36m[Koperator[m[K<<(basic_ostream<_CharT, _Traits>& __os,
[5.201s]       |     [01;36m[K^~~~~~~~[m[K
[5.201s] [01m[K/usr/include/c++/11/bits/basic_string.h:6531:5:[m[K [01;36m[Knote: [m[K  template argument deduction/substitution failed:
[5.202s] [01m[K/home/shenhang/ros_study/chapter3/topic_practice_workspace/src/status_display/src/sys_status_display.cpp:19:42:[m[K [01;36m[Knote: [m[K  ‘[01m[Kstatus_interfaces::msg::SystemStatus_<std::allocator<void> >::_stamp_type[m[K’ {aka ‘[01m[Kbuiltin_interfaces::msg::Time_<std::allocator<void> >[m[K’} is not derived from ‘[01m[Kconst std::__cxx11::basic_string<_CharT, _Traits, _Allocator>[m[K’
[5.202s]    19 |                  << "数据时间: " << msg->[01;36m[Kstamp[m[K << " s\n"
[5.203s]       |                                          [01;36m[K^~~~~[m[K
[5.203s] In file included from [01m[K/usr/include/c++/11/bits/ios_base.h:46[m[K,
[5.203s]                  from [01m[K/usr/include/c++/11/streambuf:41[m[K,
[5.204s]                  from [01m[K/usr/include/c++/11/bits/streambuf_iterator.h:35[m[K,
[5.204s]                  from [01m[K/usr/include/c++/11/iterator:66[m[K,
[5.204s]                  from [01m[K/usr/include/x86_64-linux-gnu/qt5/QtCore/qbytearray.h:53[m[K,
[5.204s]                  from [01m[K/usr/include/x86_64-linux-gnu/qt5/QtCore/qstring.h:50[m[K,
[5.205s]                  from [01m[K/usr/include/x86_64-linux-gnu/qt5/QtCore/qcoreapplication.h:44[m[K,
[5.206s]                  from [01m[K/usr/include/x86_64-linux-gnu/qt5/QtWidgets/qapplication.h:44[m[K,
[5.206s]                  from [01m[K/usr/include/x86_64-linux-gnu/qt5/QtWidgets/QApplication:1[m[K,
[5.206s]                  from [01m[K/home/shenhang/ros_study/chapter3/topic_practice_workspace/src/status_display/src/sys_status_display.cpp:1[m[K:
[5.206s] [01m[K/usr/include/c++/11/system_error:279:5:[m[K [01;36m[Knote: [m[Kcandidate: ‘[01m[Ktemplate<class _CharT, class _Traits> std::basic_ostream<_CharT, _Traits>& std::operator<<(std::basic_ostream<_CharT, _Traits>&, const std::error_code&)[m[K’
[5.206s]   279 |     [01;36m[Koperator[m[K<<(basic_ostream<_CharT, _Traits>& __os, const error_code& __e)
[5.206s]       |     [01;36m[K^~~~~~~~[m[K
[5.206s] [01m[K/usr/include/c++/11/system_error:279:5:[m[K [01;36m[Knote: [m[K  template argument deduction/substitution failed:
[5.206s] [01m[K/home/shenhang/ros_study/chapter3/topic_practice_workspace/src/status_display/src/sys_status_display.cpp:19:42:[m[K [01;36m[Knote: [m[K  cannot convert ‘[01m[K((const std::__shared_ptr_access<status_interfaces::msg::SystemStatus_<std::allocator<void> >, __gnu_cxx::_S_atomic, false, false>*)(& msg))->std::__shared_ptr_access<status_interfaces::msg::SystemStatus_<std::allocator<void> >, __gnu_cxx::_S_atomic, false, false>::operator->()->status_interfaces::msg::SystemStatus_<std::allocator<void> >::stamp[m[K’ (type ‘[01m[Kstatus_interfaces::msg::SystemStatus_<std::allocator<void> >::_stamp_type[m[K’ {aka ‘[01m[Kbuiltin_interfaces::msg::Time_<std::allocator<void> >[m[K’}) to type ‘[01m[Kconst std::error_code&[m[K’
[5.207s]    19 |                  << "数据时间: " << [01;36m[Kmsg->stamp[m[K << " s\n"
[5.207s]       |                                     [01;36m[K~~~~~^~~~~[m[K
[5.207s] In file included from [01m[K/usr/include/c++/11/memory:77[m[K,
[5.207s]                  from [01m[K/usr/include/x86_64-linux-gnu/qt5/QtCore/qsharedpointer_impl.h:71[m[K,
[5.207s]                  from [01m[K/usr/include/x86_64-linux-gnu/qt5/QtCore/qsharedpointer.h:48[m[K,
[5.207s]                  from [01m[K/usr/include/x86_64-linux-gnu/qt5/QtGui/qpixmap.h:48[m[K,
[5.207s]                  from [01m[K/usr/include/x86_64-linux-gnu/qt5/QtGui/qbrush.h:52[m[K,
[5.207s]                  from [01m[K/usr/include/x86_64-linux-gnu/qt5/QtGui/qpalette.h:46[m[K,
[5.208s]                  from [01m[K/usr/include/x86_64-linux-gnu/qt5/QtWidgets/qwidget.h:48[m[K,
[5.208s]                  from [01m[K/usr/include/x86_64-linux-gnu/qt5/QtWidgets/qframe.h:44[m[K,
[5.208s]                  from [01m[K/usr/include/x86_64-linux-gnu/qt5/QtWidgets/qlabel.h:44[m[K,
[5.208s]                  from [01m[K/usr/include/x86_64-linux-gnu/qt5/QtWidgets/QLabel:1[m[K,
[5.208s]                  from [01m[K/home/shenhang/ros_study/chapter3/topic_practice_workspace/src/status_display/src/sys_status_display.cpp:2[m[K:
[5.208s] [01m[K/usr/include/c++/11/bits/shared_ptr.h:70:5:[m[K [01;36m[Knote: [m[Kcandidate: ‘[01m[Ktemplate<class _Ch, class _Tr, class _Tp, __gnu_cxx::_Lock_policy _Lp> std::basic_ostream<_CharT, _Traits>& std::operator<<(std::basic_ostream<_CharT, _Traits>&, const std::__shared_ptr<_Tp, _Lp>&)[m[K’
[5.208s]    70 |     [01;36m[Koperator[m[K<<(std::basic_ostream<_Ch, _Tr>& __os,
[5.208s]       |     [01;36m[K^~~~~~~~[m[K
[5.208s] [01m[K/usr/include/c++/11/bits/shared_ptr.h:70:5:[m[K [01;36m[Knote: [m[K  template argument deduction/substitution failed:
[5.208s] [01m[K/home/shenhang/ros_study/chapter3/topic_practice_workspace/src/status_display/src/sys_status_display.cpp:19:42:[m[K [01;36m[Knote: [m[K  ‘[01m[Kstatus_interfaces::msg::SystemStatus_<std::allocator<void> >::_stamp_type[m[K’ {aka ‘[01m[Kbuiltin_interfaces::msg::Time_<std::allocator<void> >[m[K’} is not derived from ‘[01m[Kconst std::__shared_ptr<_Tp, _Lp>[m[K’
[5.209s]    19 |                  << "数据时间: " << msg->[01;36m[Kstamp[m[K << " s\n"
[5.209s]       |                                          [01;36m[K^~~~~[m[K
[5.209s] In file included from [01m[K/opt/ros/humble/include/rclcpp/rclcpp/executors/multi_threaded_executor.hpp:22[m[K,
[5.209s]                  from [01m[K/opt/ros/humble/include/rclcpp/rclcpp/executors.hpp:21[m[K,
[5.209s]                  from [01m[K/opt/ros/humble/include/rclcpp/rclcpp/rclcpp.hpp:155[m[K,
[5.209s]                  from [01m[K/home/shenhang/ros_study/chapter3/topic_practice_workspace/src/status_display/src/sys_status_display.cpp:4[m[K:
[5.209s] [01m[K/usr/include/c++/11/thread:92:5:[m[K [01;36m[Knote: [m[Kcandidate: ‘[01m[Ktemplate<class _CharT, class _Traits> std::basic_ostream<_CharT, _Traits>& std::operator<<(std::basic_ostream<_CharT, _Traits>&, std::thread::id)[m[K’
[5.209s]    92 |     [01;36m[Koperator[m[K<<(basic_ostream<_CharT, _Traits>& __out, thread::id __id)
[5.209s]       |     [01;36m[K^~~~~~~~[m[K
[5.209s] [01m[K/usr/include/c++/11/thread:92:5:[m[K [01;36m[Knote: [m[K  template argument deduction/substitution failed:
[5.210s] [01m[K/home/shenhang/ros_study/chapter3/topic_practice_workspace/src/status_display/src/sys_status_display.cpp:19:42:[m[K [01;36m[Knote: [m[K  cannot convert ‘[01m[K((const std::__shared_ptr_access<status_interfaces::msg::SystemStatus_<std::allocator<void> >, __gnu_cxx::_S_atomic, false, false>*)(& msg))->std::__shared_ptr_access<status_interfaces::msg::SystemStatus_<std::allocator<void> >, __gnu_cxx::_S_atomic, false, false>::operator->()->status_interfaces::msg::SystemStatus_<std::allocator<void> >::stamp[m[K’ (type ‘[01m[Kstatus_interfaces::msg::SystemStatus_<std::allocator<void> >::_stamp_type[m[K’ {aka ‘[01m[Kbuiltin_interfaces::msg::Time_<std::allocator<void> >[m[K’}) to type ‘[01m[Kstd::thread::id[m[K’
[5.210s]    19 |                  << "数据时间: " << [01;36m[Kmsg->stamp[m[K << " s\n"
[5.210s]       |                                     [01;36m[K~~~~~^~~~~[m[K
[5.210s] In file included from [01m[K/usr/include/c++/11/iostream:39[m[K,
[5.210s]                  from [01m[K/opt/ros/humble/include/rclcpp/rclcpp/executor.hpp:22[m[K,
[5.210s]                  from [01m[K/opt/ros/humble/include/rclcpp/rclcpp/executors/multi_threaded_executor.hpp:25[m[K,
[5.210s]                  from [01m[K/opt/ros/humble/include/rclcpp/rclcpp/executors.hpp:21[m[K,
[5.211s]                  from [01m[K/opt/ros/humble/include/rclcpp/rclcpp/rclcpp.hpp:155[m[K,
[5.211s]                  from [01m[K/home/shenhang/ros_study/chapter3/topic_practice_workspace/src/status_display/src/sys_status_display.cpp:4[m[K:
[5.211s] [01m[K/usr/include/c++/11/ostream:513:5:[m[K [01;36m[Knote: [m[Kcandidate: ‘[01m[Ktemplate<class _CharT, class _Traits> std::basic_ostream<_CharT, _Traits>& std::operator<<(std::basic_ostream<_CharT, _Traits>&, _CharT)[m[K’
[5.211s]   513 |     [01;36m[Koperator[m[K<<(basic_ostream<_CharT, _Traits>& __out, _CharT __c)
[5.211s]       |     [01;36m[K^~~~~~~~[m[K
[5.211s] [01m[K/usr/include/c++/11/ostream:513:5:[m[K [01;36m[Knote: [m[K  template argument deduction/substitution failed:
[5.211s] [01m[K/home/shenhang/ros_study/chapter3/topic_practice_workspace/src/status_display/src/sys_status_display.cpp:19:42:[m[K [01;36m[Knote: [m[K  deduced conflicting types for parameter ‘[01m[K_CharT[m[K’ (‘[01m[Kchar[m[K’ and ‘[01m[Kbuiltin_interfaces::msg::Time_<std::allocator<void> >[m[K’)
[5.211s]    19 |                  << "数据时间: " << msg->[01;36m[Kstamp[m[K << " s\n"
[5.211s]       |                                          [01;36m[K^~~~~[m[K
[5.212s] In file included from [01m[K/usr/include/c++/11/iostream:39[m[K,
[5.212s]                  from [01m[K/opt/ros/humble/include/rclcpp/rclcpp/executor.hpp:22[m[K,
[5.212s]                  from [01m[K/opt/ros/humble/include/rclcpp/rclcpp/executors/multi_threaded_executor.hpp:25[m[K,
[5.212s]                  from [01m[K/opt/ros/humble/include/rclcpp/rclcpp/executors.hpp:21[m[K,
[5.212s]                  from [01m[K/opt/ros/humble/include/rclcpp/rclcpp/rclcpp.hpp:155[m[K,
[5.212s]                  from [01m[K/home/shenhang/ros_study/chapter3/topic_practice_workspace/src/status_display/src/sys_status_display.cpp:4[m[K:
[5.212s] [01m[K/usr/include/c++/11/ostream:518:5:[m[K [01;36m[Knote: [m[Kcandidate: ‘[01m[Ktemplate<class _CharT, class _Traits> std::basic_ostream<_CharT, _Traits>& std::operator<<(std::basic_ostream<_CharT, _Traits>&, char)[m[K’
[5.213s]   518 |     [01;36m[Koperator[m[K<<(basic_ostream<_CharT, _Traits>& __out, char __c)
[5.213s]       |     [01;36m[K^~~~~~~~[m[K
[5.213s] [01m[K/usr/include/c++/11/ostream:518:5:[m[K [01;36m[Knote: [m[K  template argument deduction/substitution failed:
[5.213s] [01m[K/home/shenhang/ros_study/chapter3/topic_practice_workspace/src/status_display/src/sys_status_display.cpp:19:42:[m[K [01;36m[Knote: [m[K  cannot convert ‘[01m[K((const std::__shared_ptr_access<status_interfaces::msg::SystemStatus_<std::allocator<void> >, __gnu_cxx::_S_atomic, false, false>*)(& msg))->std::__shared_ptr_access<status_interfaces::msg::SystemStatus_<std::allocator<void> >, __gnu_cxx::_S_atomic, false, false>::operator->()->status_interfaces::msg::SystemStatus_<std::allocator<void> >::stamp[m[K’ (type ‘[01m[Kstatus_interfaces::msg::SystemStatus_<std::allocator<void> >::_stamp_type[m[K’ {aka ‘[01m[Kbuiltin_interfaces::msg::Time_<std::allocator<void> >[m[K’}) to type ‘[01m[Kchar[m[K’
[5.213s]    19 |                  << "数据时间: " << [01;36m[Kmsg->stamp[m[K << " s\n"
[5.213s]       |                                     [01;36m[K~~~~~^~~~~[m[K
[5.213s] In file included from [01m[K/usr/include/c++/11/iostream:39[m[K,
[5.213s]                  from [01m[K/opt/ros/humble/include/rclcpp/rclcpp/executor.hpp:22[m[K,
[5.213s]                  from [01m[K/opt/ros/humble/include/rclcpp/rclcpp/executors/multi_threaded_executor.hpp:25[m[K,
[5.213s]                  from [01m[K/opt/ros/humble/include/rclcpp/rclcpp/executors.hpp:21[m[K,
[5.214s]                  from [01m[K/opt/ros/humble/include/rclcpp/rclcpp/rclcpp.hpp:155[m[K,
[5.214s]                  from [01m[K/home/shenhang/ros_study/chapter3/topic_practice_workspace/src/status_display/src/sys_status_display.cpp:4[m[K:
[5.214s] [01m[K/usr/include/c++/11/ostream:524:5:[m[K [01;36m[Knote: [m[Kcandidate: ‘[01m[Ktemplate<class _Traits> std::basic_ostream<char, _Traits>& std::operator<<(std::basic_ostream<char, _Traits>&, char)[m[K’
[5.214s]   524 |     [01;36m[Koperator[m[K<<(basic_ostream<char, _Traits>& __out, char __c)
[5.214s]       |     [01;36m[K^~~~~~~~[m[K
[5.214s] [01m[K/usr/include/c++/11/ostream:524:5:[m[K [01;36m[Knote: [m[K  template argument deduction/substitution failed:
[5.214s] [01m[K/home/shenhang/ros_study/chapter3/topic_practice_workspace/src/status_display/src/sys_status_display.cpp:19:42:[m[K [01;36m[Knote: [m[K  cannot convert ‘[01m[K((const std::__shared_ptr_access<status_interfaces::msg::SystemStatus_<std::allocator<void> >, __gnu_cxx::_S_atomic, false, false>*)(& msg))->std::__shared_ptr_access<status_interfaces::msg::SystemStatus_<std::allocator<void> >, __gnu_cxx::_S_atomic, false, false>::operator->()->status_interfaces::msg::SystemStatus_<std::allocator<void> >::stamp[m[K’ (type ‘[01m[Kstatus_interfaces::msg::SystemStatus_<std::allocator<void> >::_stamp_type[m[K’ {aka ‘[01m[Kbuiltin_interfaces::msg::Time_<std::allocator<void> >[m[K’}) to type ‘[01m[Kchar[m[K’
[5.214s]    19 |                  << "数据时间: " << [01;36m[Kmsg->stamp[m[K << " s\n"
[5.214s]       |                                     [01;36m[K~~~~~^~~~~[m[K
[5.217s] In file included from [01m[K/usr/include/c++/11/iostream:39[m[K,
[5.218s]                  from [01m[K/opt/ros/humble/include/rclcpp/rclcpp/executor.hpp:22[m[K,
[5.218s]                  from [01m[K/opt/ros/humble/include/rclcpp/rclcpp/executors/multi_threaded_executor.hpp:25[m[K,
[5.218s]                  from [01m[K/opt/ros/humble/include/rclcpp/rclcpp/executors.hpp:21[m[K,
[5.218s]                  from [01m[K/opt/ros/humble/include/rclcpp/rclcpp/rclcpp.hpp:155[m[K,
[5.218s]                  from [01m[K/home/shenhang/ros_study/chapter3/topic_practice_workspace/src/status_display/src/sys_status_display.cpp:4[m[K:
[5.218s] [01m[K/usr/include/c++/11/ostream:530:5:[m[K [01;36m[Knote: [m[Kcandidate: ‘[01m[Ktemplate<class _Traits> std::basic_ostream<char, _Traits>& std::operator<<(std::basic_ostream<char, _Traits>&, signed char)[m[K’
[5.218s]   530 |     [01;36m[Koperator[m[K<<(basic_ostream<char, _Traits>& __out, signed char __c)
[5.218s]       |     [01;36m[K^~~~~~~~[m[K
[5.219s] [01m[K/usr/include/c++/11/ostream:530:5:[m[K [01;36m[Knote: [m[K  template argument deduction/substitution failed:
[5.219s] [01m[K/home/shenhang/ros_study/chapter3/topic_practice_workspace/src/status_display/src/sys_status_display.cpp:19:42:[m[K [01;36m[Knote: [m[K  cannot convert ‘[01m[K((const std::__shared_ptr_access<status_interfaces::msg::SystemStatus_<std::allocator<void> >, __gnu_cxx::_S_atomic, false, false>*)(& msg))->std::__shared_ptr_access<status_interfaces::msg::SystemStatus_<std::allocator<void> >, __gnu_cxx::_S_atomic, false, false>::operator->()->status_interfaces::msg::SystemStatus_<std::allocator<void> >::stamp[m[K’ (type ‘[01m[Kstatus_interfaces::msg::SystemStatus_<std::allocator<void> >::_stamp_type[m[K’ {aka ‘[01m[Kbuiltin_interfaces::msg::Time_<std::allocator<void> >[m[K’}) to type ‘[01m[Ksigned char[m[K’
[5.219s]    19 |                  << "数据时间: " << [01;36m[Kmsg->stamp[m[K << " s\n"
[5.219s]       |                                     [01;36m[K~~~~~^~~~~[m[K
[5.219s] In file included from [01m[K/usr/include/c++/11/iostream:39[m[K,
[5.219s]                  from [01m[K/opt/ros/humble/include/rclcpp/rclcpp/executor.hpp:22[m[K,
[5.219s]                  from [01m[K/opt/ros/humble/include/rclcpp/rclcpp/executors/multi_threaded_executor.hpp:25[m[K,
[5.219s]                  from [01m[K/opt/ros/humble/include/rclcpp/rclcpp/executors.hpp:21[m[K,
[5.219s]                  from [01m[K/opt/ros/humble/include/rclcpp/rclcpp/rclcpp.hpp:155[m[K,
[5.219s]                  from [01m[K/home/shenhang/ros_study/chapter3/topic_practice_workspace/src/status_display/src/sys_status_display.cpp:4[m[K:
[5.219s] [01m[K/usr/include/c++/11/ostream:535:5:[m[K [01;36m[Knote: [m[Kcandidate: ‘[01m[Ktemplate<class _Traits> std::basic_ostream<char, _Traits>& std::operator<<(std::basic_ostream<char, _Traits>&, unsigned char)[m[K’
[5.220s]   535 |     [01;36m[Koperator[m[K<<(basic_ostream<char, _Traits>& __out, unsigned char __c)
[5.220s]       |     [01;36m[K^~~~~~~~[m[K
[5.220s] [01m[K/usr/include/c++/11/ostream:535:5:[m[K [01;36m[Knote: [m[K  template argument deduction/substitution failed:
[5.220s] [01m[K/home/shenhang/ros_study/chapter3/topic_practice_workspace/src/status_display/src/sys_status_display.cpp:19:42:[m[K [01;36m[Knote: [m[K  cannot convert ‘[01m[K((const std::__shared_ptr_access<status_interfaces::msg::SystemStatus_<std::allocator<void> >, __gnu_cxx::_S_atomic, false, false>*)(& msg))->std::__shared_ptr_access<status_interfaces::msg::SystemStatus_<std::allocator<void> >, __gnu_cxx::_S_atomic, false, false>::operator->()->status_interfaces::msg::SystemStatus_<std::allocator<void> >::stamp[m[K’ (type ‘[01m[Kstatus_interfaces::msg::SystemStatus_<std::allocator<void> >::_stamp_type[m[K’ {aka ‘[01m[Kbuiltin_interfaces::msg::Time_<std::allocator<void> >[m[K’}) to type ‘[01m[Kunsigned char[m[K’
[5.220s]    19 |                  << "数据时间: " << [01;36m[Kmsg->stamp[m[K << " s\n"
[5.220s]       |                                     [01;36m[K~~~~~^~~~~[m[K
[5.220s] In file included from [01m[K/usr/include/c++/11/iostream:39[m[K,
[5.220s]                  from [01m[K/opt/ros/humble/include/rclcpp/rclcpp/executor.hpp:22[m[K,
[5.220s]                  from [01m[K/opt/ros/humble/include/rclcpp/rclcpp/executors/multi_threaded_executor.hpp:25[m[K,
[5.220s]                  from [01m[K/opt/ros/humble/include/rclcpp/rclcpp/executors.hpp:21[m[K,
[5.221s]                  from [01m[K/opt/ros/humble/include/rclcpp/rclcpp/rclcpp.hpp:155[m[K,
[5.221s]                  from [01m[K/home/shenhang/ros_study/chapter3/topic_practice_workspace/src/status_display/src/sys_status_display.cpp:4[m[K:
[5.221s] [01m[K/usr/include/c++/11/ostream:594:5:[m[K [01;36m[Knote: [m[Kcandidate: ‘[01m[Ktemplate<class _CharT, class _Traits> std::basic_ostream<_CharT, _Traits>& std::operator<<(std::basic_ostream<_CharT, _Traits>&, const _CharT*)[m[K’
[5.221s]   594 |     [01;36m[Koperator[m[K<<(basic_ostream<_CharT, _Traits>& __out, const _CharT* __s)
[5.221s]       |     [01;36m[K^~~~~~~~[m[K
[5.221s] [01m[K/usr/include/c++/11/ostream:594:5:[m[K [01;36m[Knote: [m[K  template argument deduction/substitution failed:
[5.221s] [01m[K/home/shenhang/ros_study/chapter3/topic_practice_workspace/src/status_display/src/sys_status_display.cpp:19:42:[m[K [01;36m[Knote: [m[K  mismatched types ‘[01m[Kconst _CharT*[m[K’ and ‘[01m[Kbuiltin_interfaces::msg::Time_<std::allocator<void> >[m[K’
[5.221s]    19 |                  << "数据时间: " << msg->[01;36m[Kstamp[m[K << " s\n"
[5.221s]       |                                          [01;36m[K^~~~~[m[K
[5.221s] In file included from [01m[K/usr/include/c++/11/ostream:829[m[K,
[5.221s]                  from [01m[K/usr/include/c++/11/iostream:39[m[K,
[5.222s]                  from [01m[K/opt/ros/humble/include/rclcpp/rclcpp/executor.hpp:22[m[K,
[5.222s]                  from [01m[K/opt/ros/humble/include/rclcpp/rclcpp/executors/multi_threaded_executor.hpp:25[m[K,
[5.222s]                  from [01m[K/opt/ros/humble/include/rclcpp/rclcpp/executors.hpp:21[m[K,
[5.222s]                  from [01m[K/opt/ros/humble/include/rclcpp/rclcpp/rclcpp.hpp:155[m[K,
[5.222s]                  from [01m[K/home/shenhang/ros_study/chapter3/topic_practice_workspace/src/status_display/src/sys_status_display.cpp:4[m[K:
[5.222s] [01m[K/usr/include/c++/11/bits/ostream.tcc:321:5:[m[K [01;36m[Knote: [m[Kcandidate: ‘[01m[Ktemplate<class _CharT, class _Traits> std::basic_ostream<_CharT, _Traits>& std::operator<<(std::basic_ostream<_CharT, _Traits>&, const char*)[m[K’
[5.222s]   321 |     [01;36m[Koperator[m[K<<(basic_ostream<_CharT, _Traits>& __out, const char* __s)
[5.222s]       |     [01;36m[K^~~~~~~~[m[K
[5.222s] [01m[K/usr/include/c++/11/bits/ostream.tcc:321:5:[m[K [01;36m[Knote: [m[K  template argument deduction/substitution failed:
[5.222s] [01m[K/home/shenhang/ros_study/chapter3/topic_practice_workspace/src/status_display/src/sys_status_display.cpp:19:42:[m[K [01;36m[Knote: [m[K  cannot convert ‘[01m[K((const std::__shared_ptr_access<status_interfaces::msg::SystemStatus_<std::allocator<void> >, __gnu_cxx::_S_atomic, false, false>*)(& msg))->std::__shared_ptr_access<status_interfaces::msg::SystemStatus_<std::allocator<void> >, __gnu_cxx::_S_atomic, false, false>::operator->()->status_interfaces::msg::SystemStatus_<std::allocator<void> >::stamp[m[K’ (type ‘[01m[Kstatus_interfaces::msg::SystemStatus_<std::allocator<void> >::_stamp_type[m[K’ {aka ‘[01m[Kbuiltin_interfaces::msg::Time_<std::allocator<void> >[m[K’}) to type ‘[01m[Kconst char*[m[K’
[5.222s]    19 |                  << "数据时间: " << [01;36m[Kmsg->stamp[m[K << " s\n"
[5.223s]       |                                     [01;36m[K~~~~~^~~~~[m[K
[5.223s] In file included from [01m[K/usr/include/c++/11/iostream:39[m[K,
[5.223s]                  from [01m[K/opt/ros/humble/include/rclcpp/rclcpp/executor.hpp:22[m[K,
[5.223s]                  from [01m[K/opt/ros/humble/include/rclcpp/rclcpp/executors/multi_threaded_executor.hpp:25[m[K,
[5.223s]                  from [01m[K/opt/ros/humble/include/rclcpp/rclcpp/executors.hpp:21[m[K,
[5.223s]                  from [01m[K/opt/ros/humble/include/rclcpp/rclcpp/rclcpp.hpp:155[m[K,
[5.223s]                  from [01m[K/home/shenhang/ros_study/chapter3/topic_practice_workspace/src/status_display/src/sys_status_display.cpp:4[m[K:
[5.223s] [01m[K/usr/include/c++/11/ostream:611:5:[m[K [01;36m[Knote: [m[Kcandidate: ‘[01m[Ktemplate<class _Traits> std::basic_ostream<char, _Traits>& std::operator<<(std::basic_ostream<char, _Traits>&, const char*)[m[K’
[5.223s]   611 |     [01;36m[Koperator[m[K<<(basic_ostream<char, _Traits>& __out, const char* __s)
[5.226s]       |     [01;36m[K^~~~~~~~[m[K
[5.227s] [01m[K/usr/include/c++/11/ostream:611:5:[m[K [01;36m[Knote: [m[K  template argument deduction/substitution failed:
[5.227s] [01m[K/home/shenhang/ros_study/chapter3/topic_practice_workspace/src/status_display/src/sys_status_display.cpp:19:42:[m[K [01;36m[Knote: [m[K  cannot convert ‘[01m[K((const std::__shared_ptr_access<status_interfaces::msg::SystemStatus_<std::allocator<void> >, __gnu_cxx::_S_atomic, false, false>*)(& msg))->std::__shared_ptr_access<status_interfaces::msg::SystemStatus_<std::allocator<void> >, __gnu_cxx::_S_atomic, false, false>::operator->()->status_interfaces::msg::SystemStatus_<std::allocator<void> >::stamp[m[K’ (type ‘[01m[Kstatus_interfaces::msg::SystemStatus_<std::allocator<void> >::_stamp_type[m[K’ {aka ‘[01m[Kbuiltin_interfaces::msg::Time_<std::allocator<void> >[m[K’}) to type ‘[01m[Kconst char*[m[K’
[5.227s]    19 |                  << "数据时间: " << [01;36m[Kmsg->stamp[m[K << " s\n"
[5.227s]       |                                     [01;36m[K~~~~~^~~~~[m[K
[5.227s] In file included from [01m[K/usr/include/c++/11/iostream:39[m[K,
[5.227s]                  from [01m[K/opt/ros/humble/include/rclcpp/rclcpp/executor.hpp:22[m[K,
[5.227s]                  from [01m[K/opt/ros/humble/include/rclcpp/rclcpp/executors/multi_threaded_executor.hpp:25[m[K,
[5.227s]                  from [01m[K/opt/ros/humble/include/rclcpp/rclcpp/executors.hpp:21[m[K,
[5.227s]                  from [01m[K/opt/ros/humble/include/rclcpp/rclcpp/rclcpp.hpp:155[m[K,
[5.227s]                  from [01m[K/home/shenhang/ros_study/chapter3/topic_practice_workspace/src/status_display/src/sys_status_display.cpp:4[m[K:
[5.228s] [01m[K/usr/include/c++/11/ostream:624:5:[m[K [01;36m[Knote: [m[Kcandidate: ‘[01m[Ktemplate<class _Traits> std::basic_ostream<char, _Traits>& std::operator<<(std::basic_ostream<char, _Traits>&, const signed char*)[m[K’
[5.228s]   624 |     [01;36m[Koperator[m[K<<(basic_ostream<char, _Traits>& __out, const signed char* __s)
[5.228s]       |     [01;36m[K^~~~~~~~[m[K
[5.228s] [01m[K/usr/include/c++/11/ostream:624:5:[m[K [01;36m[Knote: [m[K  template argument deduction/substitution failed:
[5.228s] [01m[K/home/shenhang/ros_study/chapter3/topic_practice_workspace/src/status_display/src/sys_status_display.cpp:19:42:[m[K [01;36m[Knote: [m[K  cannot convert ‘[01m[K((const std::__shared_ptr_access<status_interfaces::msg::SystemStatus_<std::allocator<void> >, __gnu_cxx::_S_atomic, false, false>*)(& msg))->std::__shared_ptr_access<status_interfaces::msg::SystemStatus_<std::allocator<void> >, __gnu_cxx::_S_atomic, false, false>::operator->()->status_interfaces::msg::SystemStatus_<std::allocator<void> >::stamp[m[K’ (type ‘[01m[Kstatus_interfaces::msg::SystemStatus_<std::allocator<void> >::_stamp_type[m[K’ {aka ‘[01m[Kbuiltin_interfaces::msg::Time_<std::allocator<void> >[m[K’}) to type ‘[01m[Kconst signed char*[m[K’
[5.228s]    19 |                  << "数据时间: " << [01;36m[Kmsg->stamp[m[K << " s\n"
[5.228s]       |                                     [01;36m[K~~~~~^~~~~[m[K
[5.228s] In file included from [01m[K/usr/include/c++/11/iostream:39[m[K,
[5.228s]                  from [01m[K/opt/ros/humble/include/rclcpp/rclcpp/executor.hpp:22[m[K,
[5.228s]                  from [01m[K/opt/ros/humble/include/rclcpp/rclcpp/executors/multi_threaded_executor.hpp:25[m[K,
[5.228s]                  from [01m[K/opt/ros/humble/include/rclcpp/rclcpp/executors.hpp:21[m[K,
[5.229s]                  from [01m[K/opt/ros/humble/include/rclcpp/rclcpp/rclcpp.hpp:155[m[K,
[5.229s]                  from [01m[K/home/shenhang/ros_study/chapter3/topic_practice_workspace/src/status_display/src/sys_status_display.cpp:4[m[K:
[5.229s] [01m[K/usr/include/c++/11/ostream:629:5:[m[K [01;36m[Knote: [m[Kcandidate: ‘[01m[Ktemplate<class _Traits> std::basic_ostream<char, _Traits>& std::operator<<(std::basic_ostream<char, _Traits>&, const unsigned char*)[m[K’
[5.229s]   629 |     [01;36m[Koperator[m[K<<(basic_ostream<char, _Traits>& __out, const unsigned char* __s)
[5.229s]       |     [01;36m[K^~~~~~~~[m[K
[5.229s] [01m[K/usr/include/c++/11/ostream:629:5:[m[K [01;36m[Knote: [m[K  template argument deduction/substitution failed:
[5.229s] [01m[K/home/shenhang/ros_study/chapter3/topic_practice_workspace/src/status_display/src/sys_status_display.cpp:19:42:[m[K [01;36m[Knote: [m[K  cannot convert ‘[01m[K((const std::__shared_ptr_access<status_interfaces::msg::SystemStatus_<std::allocator<void> >, __gnu_cxx::_S_atomic, false, false>*)(& msg))->std::__shared_ptr_access<status_interfaces::msg::SystemStatus_<std::allocator<void> >, __gnu_cxx::_S_atomic, false, false>::operator->()->status_interfaces::msg::SystemStatus_<std::allocator<void> >::stamp[m[K’ (type ‘[01m[Kstatus_interfaces::msg::SystemStatus_<std::allocator<void> >::_stamp_type[m[K’ {aka ‘[01m[Kbuiltin_interfaces::msg::Time_<std::allocator<void> >[m[K’}) to type ‘[01m[Kconst unsigned char*[m[K’
[5.229s]    19 |                  << "数据时间: " << [01;36m[Kmsg->stamp[m[K << " s\n"
[5.229s]       |                                     [01;36m[K~~~~~^~~~~[m[K
[5.229s] In file included from [01m[K/usr/include/c++/11/iostream:39[m[K,
[5.230s]                  from [01m[K/opt/ros/humble/include/rclcpp/rclcpp/executor.hpp:22[m[K,
[5.230s]                  from [01m[K/opt/ros/humble/include/rclcpp/rclcpp/executors/multi_threaded_executor.hpp:25[m[K,
[5.230s]                  from [01m[K/opt/ros/humble/include/rclcpp/rclcpp/executors.hpp:21[m[K,
[5.230s]                  from [01m[K/opt/ros/humble/include/rclcpp/rclcpp/rclcpp.hpp:155[m[K,
[5.230s]                  from [01m[K/home/shenhang/ros_study/chapter3/topic_practice_workspace/src/status_display/src/sys_status_display.cpp:4[m[K:
[5.230s] [01m[K/usr/include/c++/11/ostream:750:5:[m[K [01;36m[Knote: [m[Kcandidate: ‘[01m[Ktemplate<class _Ostream, class _Tp> _Ostream&& std::operator<<(_Ostream&&, const _Tp&)[m[K’
[5.230s]   750 |     [01;36m[Koperator[m[K<<(_Ostream&& __os, const _Tp& __x)
[5.230s]       |     [01;36m[K^~~~~~~~[m[K
[5.230s] [01m[K/usr/include/c++/11/ostream:750:5:[m[K [01;36m[Knote: [m[K  template argument deduction/substitution failed:
[5.230s] /usr/include/c++/11/ostream: In substitution of ‘[01m[Ktemplate<class _Ostream, class _Tp> _Ostream&& std::operator<<(_Ostream&&, const _Tp&) [with _Ostream = std::basic_ostream<char>&; _Tp = builtin_interfaces::msg::Time_<std::allocator<void> >][m[K’:
[5.230s] [01m[K/home/shenhang/ros_study/chapter3/topic_practice_workspace/src/status_display/src/sys_status_display.cpp:19:46:[m[K   required from here
[5.231s] [01m[K/usr/include/c++/11/ostream:750:5:[m[K [01;31m[Kerror: [m[Kno type named ‘[01m[Ktype[m[K’ in ‘[01m[Kstruct std::enable_if<false, void>[m[K’
[5.231s] In file included from [01m[K/opt/ros/humble/include/rosidl_runtime_cpp/rosidl_runtime_cpp/traits.hpp:19[m[K,
[5.231s]                  from [01m[K/opt/ros/humble/include/builtin_interfaces/builtin_interfaces/msg/detail/duration__traits.hpp:15[m[K,
[5.231s]                  from [01m[K/opt/ros/humble/include/builtin_interfaces/builtin_interfaces/msg/duration.hpp:9[m[K,
[5.231s]                  from [01m[K/opt/ros/humble/include/rclcpp/rclcpp/duration.hpp:20[m[K,
[5.231s]                  from [01m[K/opt/ros/humble/include/rclcpp/rclcpp/qos.hpp:20[m[K,
[5.231s]                  from [01m[K/opt/ros/humble/include/rclcpp/rclcpp/node_interfaces/node_graph_interface.hpp:32[m[K,
[5.231s]                  from [01m[K/opt/ros/humble/include/rclcpp/rclcpp/client.hpp:42[m[K,
[5.231s]                  from [01m[K/opt/ros/humble/include/rclcpp/rclcpp/callback_group.hpp:24[m[K,
[5.232s]                  from [01m[K/opt/ros/humble/include/rclcpp/rclcpp/any_executable.hpp:20[m[K,
[5.232s]                  from [01m[K/opt/ros/humble/include/rclcpp/rclcpp/memory_strategy.hpp:25[m[K,
[5.232s]                  from [01m[K/opt/ros/humble/include/rclcpp/rclcpp/memory_strategies.hpp:18[m[K,
[5.232s]                  from [01m[K/opt/ros/humble/include/rclcpp/rclcpp/executor_options.hpp:20[m[K,
[5.232s]                  from [01m[K/opt/ros/humble/include/rclcpp/rclcpp/executor.hpp:37[m[K,
[5.232s]                  from [01m[K/opt/ros/humble/include/rclcpp/rclcpp/executors/multi_threaded_executor.hpp:25[m[K,
[5.232s]                  from [01m[K/opt/ros/humble/include/rclcpp/rclcpp/executors.hpp:21[m[K,
[5.233s]                  from [01m[K/opt/ros/humble/include/rclcpp/rclcpp/rclcpp.hpp:155[m[K,
[5.233s]                  from [01m[K/home/shenhang/ros_study/chapter3/topic_practice_workspace/src/status_display/src/sys_status_display.cpp:4[m[K:
[5.233s] [01m[K/usr/include/c++/11/iomanip:79:5:[m[K [01;36m[Knote: [m[Kcandidate: ‘[01m[Ktemplate<class _CharT, class _Traits> std::basic_ostream<_CharT, _Traits>& std::operator<<(std::basic_ostream<_CharT, _Traits>&, std::_Resetiosflags)[m[K’
[5.233s]    79 |     [01;36m[Koperator[m[K<<(basic_ostream<_CharT, _Traits>& __os, _Resetiosflags __f)
[5.233s]       |     [01;36m[K^~~~~~~~[m[K
[5.233s] [01m[K/usr/include/c++/11/iomanip:79:5:[m[K [01;36m[Knote: [m[K  template argument deduction/substitution failed:
[5.233s] [01m[K/home/shenhang/ros_study/chapter3/topic_practice_workspace/src/status_display/src/sys_status_display.cpp:19:42:[m[K [01;36m[Knote: [m[K  cannot convert ‘[01m[K((const std::__shared_ptr_access<status_interfaces::msg::SystemStatus_<std::allocator<void> >, __gnu_cxx::_S_atomic, false, false>*)(& msg))->std::__shared_ptr_access<status_interfaces::msg::SystemStatus_<std::allocator<void> >, __gnu_cxx::_S_atomic, false, false>::operator->()->status_interfaces::msg::SystemStatus_<std::allocator<void> >::stamp[m[K’ (type ‘[01m[Kstatus_interfaces::msg::SystemStatus_<std::allocator<void> >::_stamp_type[m[K’ {aka ‘[01m[Kbuiltin_interfaces::msg::Time_<std::allocator<void> >[m[K’}) to type ‘[01m[Kstd::_Resetiosflags[m[K’
[5.233s]    19 |                  << "数据时间: " << [01;36m[Kmsg->stamp[m[K << " s\n"
[5.233s]       |                                     [01;36m[K~~~~~^~~~~[m[K
[5.233s] In file included from [01m[K/opt/ros/humble/include/rosidl_runtime_cpp/rosidl_runtime_cpp/traits.hpp:19[m[K,
[5.234s]                  from [01m[K/opt/ros/humble/include/builtin_interfaces/builtin_interfaces/msg/detail/duration__traits.hpp:15[m[K,
[5.234s]                  from [01m[K/opt/ros/humble/include/builtin_interfaces/builtin_interfaces/msg/duration.hpp:9[m[K,
[5.234s]                  from [01m[K/opt/ros/humble/include/rclcpp/rclcpp/duration.hpp:20[m[K,
[5.234s]                  from [01m[K/opt/ros/humble/include/rclcpp/rclcpp/qos.hpp:20[m[K,
[5.234s]                  from [01m[K/opt/ros/humble/include/rclcpp/rclcpp/node_interfaces/node_graph_interface.hpp:32[m[K,
[5.234s]                  from [01m[K/opt/ros/humble/include/rclcpp/rclcpp/client.hpp:42[m[K,
[5.234s]                  from [01m[K/opt/ros/humble/include/rclcpp/rclcpp/callback_group.hpp:24[m[K,
[5.234s]                  from [01m[K/opt/ros/humble/include/rclcpp/rclcpp/any_executable.hpp:20[m[K,
[5.234s]                  from [01m[K/opt/ros/humble/include/rclcpp/rclcpp/memory_strategy.hpp:25[m[K,
[5.234s]                  from [01m[K/opt/ros/humble/include/rclcpp/rclcpp/memory_strategies.hpp:18[m[K,
[5.235s]                  from [01m[K/opt/ros/humble/include/rclcpp/rclcpp/executor_options.hpp:20[m[K,
[5.235s]                  from [01m[K/opt/ros/humble/include/rclcpp/rclcpp/executor.hpp:37[m[K,
[5.235s]                  from [01m[K/opt/ros/humble/include/rclcpp/rclcpp/executors/multi_threaded_executor.hpp:25[m[K,
[5.235s]                  from [01m[K/opt/ros/humble/include/rclcpp/rclcpp/executors.hpp:21[m[K,
[5.235s]                  from [01m[K/opt/ros/humble/include/rclcpp/rclcpp/rclcpp.hpp:155[m[K,
[5.235s]                  from [01m[K/home/shenhang/ros_study/chapter3/topic_practice_workspace/src/status_display/src/sys_status_display.cpp:4[m[K:
[5.235s] [01m[K/usr/include/c++/11/iomanip:109:5:[m[K [01;36m[Knote: [m[Kcandidate: ‘[01m[Ktemplate<class _CharT, class _Traits> std::basic_ostream<_CharT, _Traits>& std::operator<<(std::basic_ostream<_CharT, _Traits>&, std::_Setiosflags)[m[K’
[5.235s]   109 |     [01;36m[Koperator[m[K<<(basic_ostream<_CharT, _Traits>& __os, _Setiosflags __f)
[5.235s]       |     [01;36m[K^~~~~~~~[m[K
[5.238s] [01m[K/usr/include/c++/11/iomanip:109:5:[m[K [01;36m[Knote: [m[K  template argument deduction/substitution failed:
[5.239s] [01m[K/home/shenhang/ros_study/chapter3/topic_practice_workspace/src/status_display/src/sys_status_display.cpp:19:42:[m[K [01;36m[Knote: [m[K  cannot convert ‘[01m[K((const std::__shared_ptr_access<status_interfaces::msg::SystemStatus_<std::allocator<void> >, __gnu_cxx::_S_atomic, false, false>*)(& msg))->std::__shared_ptr_access<status_interfaces::msg::SystemStatus_<std::allocator<void> >, __gnu_cxx::_S_atomic, false, false>::operator->()->status_interfaces::msg::SystemStatus_<std::allocator<void> >::stamp[m[K’ (type ‘[01m[Kstatus_interfaces::msg::SystemStatus_<std::allocator<void> >::_stamp_type[m[K’ {aka ‘[01m[Kbuiltin_interfaces::msg::Time_<std::allocator<void> >[m[K’}) to type ‘[01m[Kstd::_Setiosflags[m[K’
[5.239s]    19 |                  << "数据时间: " << [01;36m[Kmsg->stamp[m[K << " s\n"
[5.239s]       |                                     [01;36m[K~~~~~^~~~~[m[K
[5.239s] In file included from [01m[K/opt/ros/humble/include/rosidl_runtime_cpp/rosidl_runtime_cpp/traits.hpp:19[m[K,
[5.239s]                  from [01m[K/opt/ros/humble/include/builtin_interfaces/builtin_interfaces/msg/detail/duration__traits.hpp:15[m[K,
[5.239s]                  from [01m[K/opt/ros/humble/include/builtin_interfaces/builtin_interfaces/msg/duration.hpp:9[m[K,
[5.239s]                  from [01m[K/opt/ros/humble/include/rclcpp/rclcpp/duration.hpp:20[m[K,
[5.239s]                  from [01m[K/opt/ros/humble/include/rclcpp/rclcpp/qos.hpp:20[m[K,
[5.239s]                  from [01m[K/opt/ros/humble/include/rclcpp/rclcpp/node_interfaces/node_graph_interface.hpp:32[m[K,
[5.240s]                  from [01m[K/opt/ros/humble/include/rclcpp/rclcpp/client.hpp:42[m[K,
[5.240s]                  from [01m[K/opt/ros/humble/include/rclcpp/rclcpp/callback_group.hpp:24[m[K,
[5.240s]                  from [01m[K/opt/ros/humble/include/rclcpp/rclcpp/any_executable.hpp:20[m[K,
[5.240s]                  from [01m[K/opt/ros/humble/include/rclcpp/rclcpp/memory_strategy.hpp:25[m[K,
[5.240s]                  from [01m[K/opt/ros/humble/include/rclcpp/rclcpp/memory_strategies.hpp:18[m[K,
[5.240s]                  from [01m[K/opt/ros/humble/include/rclcpp/rclcpp/executor_options.hpp:20[m[K,
[5.240s]                  from [01m[K/opt/ros/humble/include/rclcpp/rclcpp/executor.hpp:37[m[K,
[5.240s]                  from [01m[K/opt/ros/humble/include/rclcpp/rclcpp/executors/multi_threaded_executor.hpp:25[m[K,
[5.240s]                  from [01m[K/opt/ros/humble/include/rclcpp/rclcpp/executors.hpp:21[m[K,
[5.240s]                  from [01m[K/opt/ros/humble/include/rclcpp/rclcpp/rclcpp.hpp:155[m[K,
[5.240s]                  from [01m[K/home/shenhang/ros_study/chapter3/topic_practice_workspace/src/status_display/src/sys_status_display.cpp:4[m[K:
[5.241s] [01m[K/usr/include/c++/11/iomanip:143:5:[m[K [01;36m[Knote: [m[Kcandidate: ‘[01m[Ktemplate<class _CharT, class _Traits> std::basic_ostream<_CharT, _Traits>& std::operator<<(std::basic_ostream<_CharT, _Traits>&, std::_Setbase)[m[K’
[5.241s]   143 |     [01;36m[Koperator[m[K<<(basic_ostream<_CharT, _Traits>& __os, _Setbase __f)
[5.241s]       |     [01;36m[K^~~~~~~~[m[K
[5.241s] [01m[K/usr/include/c++/11/iomanip:143:5:[m[K [01;36m[Knote: [m[K  template argument deduction/substitution failed:
[5.241s] [01m[K/home/shenhang/ros_study/chapter3/topic_practice_workspace/src/status_display/src/sys_status_display.cpp:19:42:[m[K [01;36m[Knote: [m[K  cannot convert ‘[01m[K((const std::__shared_ptr_access<status_interfaces::msg::SystemStatus_<std::allocator<void> >, __gnu_cxx::_S_atomic, false, false>*)(& msg))->std::__shared_ptr_access<status_interfaces::msg::SystemStatus_<std::allocator<void> >, __gnu_cxx::_S_atomic, false, false>::operator->()->status_interfaces::msg::SystemStatus_<std::allocator<void> >::stamp[m[K’ (type ‘[01m[Kstatus_interfaces::msg::SystemStatus_<std::allocator<void> >::_stamp_type[m[K’ {aka ‘[01m[Kbuiltin_interfaces::msg::Time_<std::allocator<void> >[m[K’}) to type ‘[01m[Kstd::_Setbase[m[K’
[5.241s]    19 |                  << "数据时间: " << [01;36m[Kmsg->stamp[m[K << " s\n"
[5.241s]       |                                     [01;36m[K~~~~~^~~~~[m[K
[5.241s] In file included from [01m[K/opt/ros/humble/include/rosidl_runtime_cpp/rosidl_runtime_cpp/traits.hpp:19[m[K,
[5.241s]                  from [01m[K/opt/ros/humble/include/builtin_interfaces/builtin_interfaces/msg/detail/duration__traits.hpp:15[m[K,
[5.241s]                  from [01m[K/opt/ros/humble/include/builtin_interfaces/builtin_interfaces/msg/duration.hpp:9[m[K,
[5.241s]                  from [01m[K/opt/ros/humble/include/rclcpp/rclcpp/duration.hpp:20[m[K,
[5.242s]                  from [01m[K/opt/ros/humble/include/rclcpp/rclcpp/qos.hpp:20[m[K,
[5.242s]                  from [01m[K/opt/ros/humble/include/rclcpp/rclcpp/node_interfaces/node_graph_interface.hpp:32[m[K,
[5.242s]                  from [01m[K/opt/ros/humble/include/rclcpp/rclcpp/client.hpp:42[m[K,
[5.242s]                  from [01m[K/opt/ros/humble/include/rclcpp/rclcpp/callback_group.hpp:24[m[K,
[5.242s]                  from [01m[K/opt/ros/humble/include/rclcpp/rclcpp/any_executable.hpp:20[m[K,
[5.242s]                  from [01m[K/opt/ros/humble/include/rclcpp/rclcpp/memory_strategy.hpp:25[m[K,
[5.242s]                  from [01m[K/opt/ros/humble/include/rclcpp/rclcpp/memory_strategies.hpp:18[m[K,
[5.242s]                  from [01m[K/opt/ros/humble/include/rclcpp/rclcpp/executor_options.hpp:20[m[K,
[5.242s]                  from [01m[K/opt/ros/humble/include/rclcpp/rclcpp/executor.hpp:37[m[K,
[5.242s]                  from [01m[K/opt/ros/humble/include/rclcpp/rclcpp/executors/multi_threaded_executor.hpp:25[m[K,
[5.242s]                  from [01m[K/opt/ros/humble/include/rclcpp/rclcpp/executors.hpp:21[m[K,
[5.243s]                  from [01m[K/opt/ros/humble/include/rclcpp/rclcpp/rclcpp.hpp:155[m[K,
[5.243s]                  from [01m[K/home/shenhang/ros_study/chapter3/topic_practice_workspace/src/status_display/src/sys_status_display.cpp:4[m[K:
[5.243s] [01m[K/usr/include/c++/11/iomanip:178:5:[m[K [01;36m[Knote: [m[Kcandidate: ‘[01m[Ktemplate<class _CharT, class _Traits> std::basic_ostream<_CharT, _Traits>& std::operator<<(std::basic_ostream<_CharT, _Traits>&, std::_Setfill<_CharT>)[m[K’
[5.243s]   178 |     [01;36m[Koperator[m[K<<(basic_ostream<_CharT, _Traits>& __os, _Setfill<_CharT> __f)
[5.243s]       |     [01;36m[K^~~~~~~~[m[K
[5.243s] [01m[K/usr/include/c++/11/iomanip:178:5:[m[K [01;36m[Knote: [m[K  template argument deduction/substitution failed:
[5.243s] [01m[K/home/shenhang/ros_study/chapter3/topic_practice_workspace/src/status_display/src/sys_status_display.cpp:19:42:[m[K [01;36m[Knote: [m[K  ‘[01m[Kbuiltin_interfaces::msg::Time_<std::allocator<void> >[m[K’ is not derived from ‘[01m[Kstd::_Setfill<_CharT>[m[K’
[5.243s]    19 |                  << "数据时间: " << msg->[01;36m[Kstamp[m[K << " s\n"
[5.243s]       |                                          [01;36m[K^~~~~[m[K
[5.244s] In file included from [01m[K/opt/ros/humble/include/rosidl_runtime_cpp/rosidl_runtime_cpp/traits.hpp:19[m[K,
[5.244s]                  from [01m[K/opt/ros/humble/include/builtin_interfaces/builtin_interfaces/msg/detail/duration__traits.hpp:15[m[K,
[5.244s]                  from [01m[K/opt/ros/humble/include/builtin_interfaces/builtin_interfaces/msg/duration.hpp:9[m[K,
[5.244s]                  from [01m[K/opt/ros/humble/include/rclcpp/rclcpp/duration.hpp:20[m[K,
[5.244s]                  from [01m[K/opt/ros/humble/include/rclcpp/rclcpp/qos.hpp:20[m[K,
[5.244s]                  from [01m[K/opt/ros/humble/include/rclcpp/rclcpp/node_interfaces/node_graph_interface.hpp:32[m[K,
[5.244s]                  from [01m[K/opt/ros/humble/include/rclcpp/rclcpp/client.hpp:42[m[K,
[5.244s]                  from [01m[K/opt/ros/humble/include/rclcpp/rclcpp/callback_group.hpp:24[m[K,
[5.244s]                  from [01m[K/opt/ros/humble/include/rclcpp/rclcpp/any_executable.hpp:20[m[K,
[5.244s]                  from [01m[K/opt/ros/humble/include/rclcpp/rclcpp/memory_strategy.hpp:25[m[K,
[5.244s]                  from [01m[K/opt/ros/humble/include/rclcpp/rclcpp/memory_strategies.hpp:18[m[K,
[5.245s]                  from [01m[K/opt/ros/humble/include/rclcpp/rclcpp/executor_options.hpp:20[m[K,
[5.245s]                  from [01m[K/opt/ros/humble/include/rclcpp/rclcpp/executor.hpp:37[m[K,
[5.245s]                  from [01m[K/opt/ros/humble/include/rclcpp/rclcpp/executors/multi_threaded_executor.hpp:25[m[K,
[5.245s]                  from [01m[K/opt/ros/humble/include/rclcpp/rclcpp/executors.hpp:21[m[K,
[5.245s]                  from [01m[K/opt/ros/humble/include/rclcpp/rclcpp/rclcpp.hpp:155[m[K,
[5.245s]                  from [01m[K/home/shenhang/ros_study/chapter3/topic_practice_workspace/src/status_display/src/sys_status_display.cpp:4[m[K:
[5.245s] [01m[K/usr/include/c++/11/iomanip:208:5:[m[K [01;36m[Knote: [m[Kcandidate: ‘[01m[Ktemplate<class _CharT, class _Traits> std::basic_ostream<_CharT, _Traits>& std::operator<<(std::basic_ostream<_CharT, _Traits>&, std::_Setprecision)[m[K’
[5.245s]   208 |     [01;36m[Koperator[m[K<<(basic_ostream<_CharT, _Traits>& __os, _Setprecision __f)
[5.246s]       |     [01;36m[K^~~~~~~~[m[K
[5.246s] [01m[K/usr/include/c++/11/iomanip:208:5:[m[K [01;36m[Knote: [m[K  template argument deduction/substitution failed:
[5.246s] [01m[K/home/shenhang/ros_study/chapter3/topic_practice_workspace/src/status_display/src/sys_status_display.cpp:19:42:[m[K [01;36m[Knote: [m[K  cannot convert ‘[01m[K((const std::__shared_ptr_access<status_interfaces::msg::SystemStatus_<std::allocator<void> >, __gnu_cxx::_S_atomic, false, false>*)(& msg))->std::__shared_ptr_access<status_interfaces::msg::SystemStatus_<std::allocator<void> >, __gnu_cxx::_S_atomic, false, false>::operator->()->status_interfaces::msg::SystemStatus_<std::allocator<void> >::stamp[m[K’ (type ‘[01m[Kstatus_interfaces::msg::SystemStatus_<std::allocator<void> >::_stamp_type[m[K’ {aka ‘[01m[Kbuiltin_interfaces::msg::Time_<std::allocator<void> >[m[K’}) to type ‘[01m[Kstd::_Setprecision[m[K’
[5.246s]    19 |                  << "数据时间: " << [01;36m[Kmsg->stamp[m[K << " s\n"
[5.246s]       |                                     [01;36m[K~~~~~^~~~~[m[K
[5.246s] In file included from [01m[K/opt/ros/humble/include/rosidl_runtime_cpp/rosidl_runtime_cpp/traits.hpp:19[m[K,
[5.246s]                  from [01m[K/opt/ros/humble/include/builtin_interfaces/builtin_interfaces/msg/detail/duration__traits.hpp:15[m[K,
[5.246s]                  from [01m[K/opt/ros/humble/include/builtin_interfaces/builtin_interfaces/msg/duration.hpp:9[m[K,
[5.246s]                  from [01m[K/opt/ros/humble/include/rclcpp/rclcpp/duration.hpp:20[m[K,
[5.246s]                  from [01m[K/opt/ros/humble/include/rclcpp/rclcpp/qos.hpp:20[m[K,
[5.247s]                  from [01m[K/opt/ros/humble/include/rclcpp/rclcpp/node_interfaces/node_graph_interface.hpp:32[m[K,
[5.247s]                  from [01m[K/opt/ros/humble/include/rclcpp/rclcpp/client.hpp:42[m[K,
[5.247s]                  from [01m[K/opt/ros/humble/include/rclcpp/rclcpp/callback_group.hpp:24[m[K,
[5.247s]                  from [01m[K/opt/ros/humble/include/rclcpp/rclcpp/any_executable.hpp:20[m[K,
[5.247s]                  from [01m[K/opt/ros/humble/include/rclcpp/rclcpp/memory_strategy.hpp:25[m[K,
[5.247s]                  from [01m[K/opt/ros/humble/include/rclcpp/rclcpp/memory_strategies.hpp:18[m[K,
[5.247s]                  from [01m[K/opt/ros/humble/include/rclcpp/rclcpp/executor_options.hpp:20[m[K,
[5.247s]                  from [01m[K/opt/ros/humble/include/rclcpp/rclcpp/executor.hpp:37[m[K,
[5.247s]                  from [01m[K/opt/ros/humble/include/rclcpp/rclcpp/executors/multi_threaded_executor.hpp:25[m[K,
[5.248s]                  from [01m[K/opt/ros/humble/include/rclcpp/rclcpp/executors.hpp:21[m[K,
[5.248s]                  from [01m[K/opt/ros/humble/include/rclcpp/rclcpp/rclcpp.hpp:155[m[K,
[5.248s]                  from [01m[K/home/shenhang/ros_study/chapter3/topic_practice_workspace/src/status_display/src/sys_status_display.cpp:4[m[K:
[5.248s] [01m[K/usr/include/c++/11/iomanip:238:5:[m[K [01;36m[Knote: [m[Kcandidate: ‘[01m[Ktemplate<class _CharT, class _Traits> std::basic_ostream<_CharT, _Traits>& std::operator<<(std::basic_ostream<_CharT, _Traits>&, std::_Setw)[m[K’
[5.248s]   238 |     [01;36m[Koperator[m[K<<(basic_ostream<_CharT, _Traits>& __os, _Setw __f)
[5.248s]       |     [01;36m[K^~~~~~~~[m[K
[5.248s] [01m[K/usr/include/c++/11/iomanip:238:5:[m[K [01;36m[Knote: [m[K  template argument deduction/substitution failed:
[5.249s] [01m[K/home/shenhang/ros_study/chapter3/topic_practice_workspace/src/status_display/src/sys_status_display.cpp:19:42:[m[K [01;36m[Knote: [m[K  cannot convert ‘[01m[K((const std::__shared_ptr_access<status_interfaces::msg::SystemStatus_<std::allocator<void> >, __gnu_cxx::_S_atomic, false, false>*)(& msg))->std::__shared_ptr_access<status_interfaces::msg::SystemStatus_<std::allocator<void> >, __gnu_cxx::_S_atomic, false, false>::operator->()->status_interfaces::msg::SystemStatus_<std::allocator<void> >::stamp[m[K’ (type ‘[01m[Kstatus_interfaces::msg::SystemStatus_<std::allocator<void> >::_stamp_type[m[K’ {aka ‘[01m[Kbuiltin_interfaces::msg::Time_<std::allocator<void> >[m[K’}) to type ‘[01m[Kstd::_Setw[m[K’
[5.249s]    19 |                  << "数据时间: " << [01;36m[Kmsg->stamp[m[K << " s\n"
[5.249s]       |                                     [01;36m[K~~~~~^~~~~[m[K
[5.249s] In file included from [01m[K/opt/ros/humble/include/rosidl_runtime_cpp/rosidl_runtime_cpp/traits.hpp:19[m[K,
[5.249s]                  from [01m[K/opt/ros/humble/include/builtin_interfaces/builtin_interfaces/msg/detail/duration__traits.hpp:15[m[K,
[5.249s]                  from [01m[K/opt/ros/humble/include/builtin_interfaces/builtin_interfaces/msg/duration.hpp:9[m[K,
[5.249s]                  from [01m[K/opt/ros/humble/include/rclcpp/rclcpp/duration.hpp:20[m[K,
[5.249s]                  from [01m[K/opt/ros/humble/include/rclcpp/rclcpp/qos.hpp:20[m[K,
[5.250s]                  from [01m[K/opt/ros/humble/include/rclcpp/rclcpp/node_interfaces/node_graph_interface.hpp:32[m[K,
[5.250s]                  from [01m[K/opt/ros/humble/include/rclcpp/rclcpp/client.hpp:42[m[K,
[5.250s]                  from [01m[K/opt/ros/humble/include/rclcpp/rclcpp/callback_group.hpp:24[m[K,
[5.250s]                  from [01m[K/opt/ros/humble/include/rclcpp/rclcpp/any_executable.hpp:20[m[K,
[5.250s]                  from [01m[K/opt/ros/humble/include/rclcpp/rclcpp/memory_strategy.hpp:25[m[K,
[5.250s]                  from [01m[K/opt/ros/humble/include/rclcpp/rclcpp/memory_strategies.hpp:18[m[K,
[5.250s]                  from [01m[K/opt/ros/humble/include/rclcpp/rclcpp/executor_options.hpp:20[m[K,
[5.250s]                  from [01m[K/opt/ros/humble/include/rclcpp/rclcpp/executor.hpp:37[m[K,
[5.250s]                  from [01m[K/opt/ros/humble/include/rclcpp/rclcpp/executors/multi_threaded_executor.hpp:25[m[K,
[5.251s]                  from [01m[K/opt/ros/humble/include/rclcpp/rclcpp/executors.hpp:21[m[K,
[5.251s]                  from [01m[K/opt/ros/humble/include/rclcpp/rclcpp/rclcpp.hpp:155[m[K,
[5.251s]                  from [01m[K/home/shenhang/ros_study/chapter3/topic_practice_workspace/src/status_display/src/sys_status_display.cpp:4[m[K:
[5.251s] [01m[K/usr/include/c++/11/iomanip:311:5:[m[K [01;36m[Knote: [m[Kcandidate: ‘[01m[Ktemplate<class _CharT, class _Traits, class _MoneyT> std::basic_ostream<_CharT, _Traits>& std::operator<<(std::basic_ostream<_CharT, _Traits>&, std::_Put_money<_MoneyT>)[m[K’
[5.251s]   311 |     [01;36m[Koperator[m[K<<(basic_ostream<_CharT, _Traits>& __os, _Put_money<_MoneyT> __f)
[5.251s]       |     [01;36m[K^~~~~~~~[m[K
[5.251s] [01m[K/usr/include/c++/11/iomanip:311:5:[m[K [01;36m[Knote: [m[K  template argument deduction/substitution failed:
[5.251s] [01m[K/home/shenhang/ros_study/chapter3/topic_practice_workspace/src/status_display/src/sys_status_display.cpp:19:42:[m[K [01;36m[Knote: [m[K  ‘[01m[Kbuiltin_interfaces::msg::Time_<std::allocator<void> >[m[K’ is not derived from ‘[01m[Kstd::_Put_money<_MoneyT>[m[K’
[5.251s]    19 |                  << "数据时间: " << msg->[01;36m[Kstamp[m[K << " s\n"
[5.252s]       |                                          [01;36m[K^~~~~[m[K
[5.252s] In file included from [01m[K/opt/ros/humble/include/rosidl_runtime_cpp/rosidl_runtime_cpp/traits.hpp:19[m[K,
[5.252s]                  from [01m[K/opt/ros/humble/include/builtin_interfaces/builtin_interfaces/msg/detail/duration__traits.hpp:15[m[K,
[5.252s]                  from [01m[K/opt/ros/humble/include/builtin_interfaces/builtin_interfaces/msg/duration.hpp:9[m[K,
[5.252s]                  from [01m[K/opt/ros/humble/include/rclcpp/rclcpp/duration.hpp:20[m[K,
[5.252s]                  from [01m[K/opt/ros/humble/include/rclcpp/rclcpp/qos.hpp:20[m[K,
[5.252s]                  from [01m[K/opt/ros/humble/include/rclcpp/rclcpp/node_interfaces/node_graph_interface.hpp:32[m[K,
[5.252s]                  from [01m[K/opt/ros/humble/include/rclcpp/rclcpp/client.hpp:42[m[K,
[5.252s]                  from [01m[K/opt/ros/humble/include/rclcpp/rclcpp/callback_group.hpp:24[m[K,
[5.252s]                  from [01m[K/opt/ros/humble/include/rclcpp/rclcpp/any_executable.hpp:20[m[K,
[5.252s]                  from [01m[K/opt/ros/humble/include/rclcpp/rclcpp/memory_strategy.hpp:25[m[K,
[5.253s]                  from [01m[K/opt/ros/humble/include/rclcpp/rclcpp/memory_strategies.hpp:18[m[K,
[5.253s]                  from [01m[K/opt/ros/humble/include/rclcpp/rclcpp/executor_options.hpp:20[m[K,
[5.253s]                  from [01m[K/opt/ros/humble/include/rclcpp/rclcpp/executor.hpp:37[m[K,
[5.253s]                  from [01m[K/opt/ros/humble/include/rclcpp/rclcpp/executors/multi_threaded_executor.hpp:25[m[K,
[5.253s]                  from [01m[K/opt/ros/humble/include/rclcpp/rclcpp/executors.hpp:21[m[K,
[5.253s]                  from [01m[K/opt/ros/humble/include/rclcpp/rclcpp/rclcpp.hpp:155[m[K,
[5.253s]                  from [01m[K/home/shenhang/ros_study/chapter3/topic_practice_workspace/src/status_display/src/sys_status_display.cpp:4[m[K:
[5.257s] [01m[K/usr/include/c++/11/iomanip:363:5:[m[K [01;36m[Knote: [m[Kcandidate: ‘[01m[Ktemplate<class _CharT, class _Traits> std::basic_ostream<_CharT, _Traits>& std::operator<<(std::basic_ostream<_CharT, _Traits>&, std::_Put_time<_CharT>)[m[K’
[5.257s]   363 |     [01;36m[Koperator[m[K<<(basic_ostream<_CharT, _Traits>& __os, _Put_time<_CharT> __f)
[5.257s]       |     [01;36m[K^~~~~~~~[m[K
[5.257s] [01m[K/usr/include/c++/11/iomanip:363:5:[m[K [01;36m[Knote: [m[K  template argument deduction/substitution failed:
[5.257s] [01m[K/home/shenhang/ros_study/chapter3/topic_practice_workspace/src/status_display/src/sys_status_display.cpp:19:42:[m[K [01;36m[Knote: [m[K  ‘[01m[Kbuiltin_interfaces::msg::Time_<std::allocator<void> >[m[K’ is not derived from ‘[01m[Kstd::_Put_time<_CharT>[m[K’
[5.257s]    19 |                  << "数据时间: " << msg->[01;36m[Kstamp[m[K << " s\n"
[5.257s]       |                                          [01;36m[K^~~~~[m[K
[5.258s] In file included from [01m[K/usr/include/x86_64-linux-gnu/qt5/QtCore/qstring.h:49[m[K,
[5.258s]                  from [01m[K/usr/include/x86_64-linux-gnu/qt5/QtCore/qcoreapplication.h:44[m[K,
[5.258s]                  from [01m[K/usr/include/x86_64-linux-gnu/qt5/QtWidgets/qapplication.h:44[m[K,
[5.258s]                  from [01m[K/usr/include/x86_64-linux-gnu/qt5/QtWidgets/QApplication:1[m[K,
[5.258s]                  from [01m[K/home/shenhang/ros_study/chapter3/topic_practice_workspace/src/status_display/src/sys_status_display.cpp:1[m[K:
[5.258s] [01m[K/usr/include/x86_64-linux-gnu/qt5/QtCore/qchar.h:662:28:[m[K [01;36m[Knote: [m[Kcandidate: ‘[01m[KQDataStream& operator<<(QDataStream&, QChar)[m[K’
[5.258s]   662 | Q_CORE_EXPORT QDataStream &[01;36m[Koperator[m[K<<(QDataStream &, QChar);
[5.258s]       |                            [01;36m[K^~~~~~~~[m[K
[5.259s] [01m[K/usr/include/x86_64-linux-gnu/qt5/QtCore/qchar.h:662:39:[m[K [01;36m[Knote: [m[K  no known conversion for argument 1 from ‘[01m[Kstd::basic_ostream<char>[m[K’ to ‘[01m[KQDataStream&[m[K’
[5.259s]   662 | Q_CORE_EXPORT QDataStream &operator<<([01;36m[KQDataStream &[m[K, QChar);
[5.259s]       |                                       [01;36m[K^~~~~~~~~~~~~[m[K
[5.259s] In file included from [01m[K/usr/include/x86_64-linux-gnu/qt5/QtCore/qstring.h:50[m[K,
[5.259s]                  from [01m[K/usr/include/x86_64-linux-gnu/qt5/QtCore/qcoreapplication.h:44[m[K,
[5.259s]                  from [01m[K/usr/include/x86_64-linux-gnu/qt5/QtWidgets/qapplication.h:44[m[K,
[5.259s]                  from [01m[K/usr/include/x86_64-linux-gnu/qt5/QtWidgets/QApplication:1[m[K,
[5.259s]                  from [01m[K/home/shenhang/ros_study/chapter3/topic_practice_workspace/src/status_display/src/sys_status_display.cpp:1[m[K:
[5.260s] [01m[K/usr/include/x86_64-linux-gnu/qt5/QtCore/qbytearray.h:759:28:[m[K [01;36m[Knote: [m[Kcandidate: ‘[01m[KQDataStream& operator<<(QDataStream&, const QByteArray&)[m[K’
[5.260s]   759 | Q_CORE_EXPORT QDataStream &[01;36m[Koperator[m[K<<(QDataStream &, const QByteArray &);
[5.260s]       |                            [01;36m[K^~~~~~~~[m[K
[5.260s] [01m[K/usr/include/x86_64-linux-gnu/qt5/QtCore/qbytearray.h:759:39:[m[K [01;36m[Knote: [m[K  no known conversion for argument 1 from ‘[01m[Kstd::basic_ostream<char>[m[K’ to ‘[01m[KQDataStream&[m[K’
[5.260s]   759 | Q_CORE_EXPORT QDataStream &operator<<([01;36m[KQDataStream &[m[K, const QByteArray &);
[5.260s]       |                                       [01;36m[K^~~~~~~~~~~~~[m[K
[5.260s] In file included from [01m[K/usr/include/x86_64-linux-gnu/qt5/QtCore/qcoreapplication.h:44[m[K,
[5.260s]                  from [01m[K/usr/include/x86_64-linux-gnu/qt5/QtWidgets/qapplication.h:44[m[K,
[5.261s]                  from [01m[K/usr/include/x86_64-linux-gnu/qt5/QtWidgets/QApplication:1[m[K,
[5.261s]                  from [01m[K/home/shenhang/ros_study/chapter3/topic_practice_workspace/src/status_display/src/sys_status_display.cpp:1[m[K:
[5.261s] [01m[K/usr/include/x86_64-linux-gnu/qt5/QtCore/qstring.h:1594:28:[m[K [01;36m[Knote: [m[Kcandidate: ‘[01m[KQDataStream& operator<<(QDataStream&, const QString&)[m[K’
[5.261s]  1594 | Q_CORE_EXPORT QDataStream &[01;36m[Koperator[m[K<<(QDataStream &, const QString &);
[5.261s]       |                            [01;36m[K^~~~~~~~[m[K
[5.261s] [01m[K/usr/include/x86_64-linux-gnu/qt5/QtCore/qstring.h:1594:39:[m[K [01;36m[Knote: [m[K  no known conversion for argument 1 from ‘[01m[Kstd::basic_ostream<char>[m[K’ to ‘[01m[KQDataStream&[m[K’
[5.261s]  1594 | Q_CORE_EXPORT QDataStream &operator<<([01;36m[KQDataStream &[m[K, const QString &);
[5.261s]       |                                       [01;36m[K^~~~~~~~~~~~~[m[K
[5.262s] In file included from [01m[K/usr/include/x86_64-linux-gnu/qt5/QtCore/qstringlist.h:48[m[K,
[5.262s]                  from [01m[K/usr/include/x86_64-linux-gnu/qt5/QtCore/qlist.h:1196[m[K,
[5.262s]                  from [01m[K/usr/include/x86_64-linux-gnu/qt5/QtCore/qobject.h:49[m[K,
[5.262s]                  from [01m[K/usr/include/x86_64-linux-gnu/qt5/QtCore/qcoreapplication.h:46[m[K,
[5.262s]                  from [01m[K/usr/include/x86_64-linux-gnu/qt5/QtWidgets/qapplication.h:44[m[K,
[5.262s]                  from [01m[K/usr/include/x86_64-linux-gnu/qt5/QtWidgets/QApplication:1[m[K,
[5.262s]                  from [01m[K/home/shenhang/ros_study/chapter3/topic_practice_workspace/src/status_display/src/sys_status_display.cpp:1[m[K:
[5.262s] [01m[K/usr/include/x86_64-linux-gnu/qt5/QtCore/qregexp.h:122:28:[m[K [01;36m[Knote: [m[Kcandidate: ‘[01m[KQDataStream& operator<<(QDataStream&, const QRegExp&)[m[K’
[5.263s]   122 | Q_CORE_EXPORT QDataStream &[01;36m[Koperator[m[K<<(QDataStream &out, const QRegExp &regExp);
[5.263s]       |                            [01;36m[K^~~~~~~~[m[K
[5.263s] [01m[K/usr/include/x86_64-linux-gnu/qt5/QtCore/qregexp.h:122:52:[m[K [01;36m[Knote: [m[K  no known conversion for argument 1 from ‘[01m[Kstd::basic_ostream<char>[m[K’ to ‘[01m[KQDataStream&[m[K’
[5.263s]   122 | Q_CORE_EXPORT QDataStream &operator<<([01;36m[KQDataStream &out[m[K, const QRegExp &regExp);
[5.263s]       |                                       [01;36m[K~~~~~~~~~~~~~^~~[m[K
[5.263s] [01m[K/usr/include/x86_64-linux-gnu/qt5/QtCore/qregexp.h:127:22:[m[K [01;36m[Knote: [m[Kcandidate: ‘[01m[KQDebug operator<<(QDebug, const QRegExp&)[m[K’
[5.263s]   127 | Q_CORE_EXPORT QDebug [01;36m[Koperator[m[K<<(QDebug, const QRegExp &);
[5.263s]       |                      [01;36m[K^~~~~~~~[m[K
[5.264s] [01m[K/usr/include/x86_64-linux-gnu/qt5/QtCore/qregexp.h:127:33:[m[K [01;36m[Knote: [m[K  no known conversion for argument 1 from ‘[01m[Kstd::basic_ostream<char>[m[K’ to ‘[01m[KQDebug[m[K’
[5.264s]   127 | Q_CORE_EXPORT QDebug operator<<([01;36m[KQDebug[m[K, const QRegExp &);
[5.264s]       |                                 [01;36m[K^~~~~~[m[K
[5.264s] In file included from [01m[K/usr/include/x86_64-linux-gnu/qt5/QtCore/qcoreapplication.h:46[m[K,
[5.264s]                  from [01m[K/usr/include/x86_64-linux-gnu/qt5/QtWidgets/qapplication.h:44[m[K,
[5.264s]                  from [01m[K/usr/include/x86_64-linux-gnu/qt5/QtWidgets/QApplication:1[m[K,
[5.264s]                  from [01m[K/home/shenhang/ros_study/chapter3/topic_practice_workspace/src/status_display/src/sys_status_display.cpp:1[m[K:
[5.265s] [01m[K/usr/include/x86_64-linux-gnu/qt5/QtCore/qobject.h:554:22:[m[K [01;36m[Knote: [m[Kcandidate: ‘[01m[KQDebug operator<<(QDebug, const QObject*)[m[K’
[5.265s]   554 | Q_CORE_EXPORT QDebug [01;36m[Koperator[m[K<<(QDebug, const QObject *);
[5.265s]       |                      [01;36m[K^~~~~~~~[m[K
[5.265s] [01m[K/usr/include/x86_64-linux-gnu/qt5/QtCore/qobject.h:554:33:[m[K [01;36m[Knote: [m[K  no known conversion for argument 1 from ‘[01m[Kstd::basic_ostream<char>[m[K’ to ‘[01m[KQDebug[m[K’
[5.265s]   554 | Q_CORE_EXPORT QDebug operator<<([01;36m[KQDebug[m[K, const QObject *);
[5.265s]       |                                 [01;36m[K^~~~~~[m[K
[5.265s] In file included from [01m[K/usr/include/x86_64-linux-gnu/qt5/QtWidgets/qapplication.h:46[m[K,
[5.265s]                  from [01m[K/usr/include/x86_64-linux-gnu/qt5/QtWidgets/QApplication:1[m[K,
[5.266s]                  from [01m[K/home/shenhang/ros_study/chapter3/topic_practice_workspace/src/status_display/src/sys_status_display.cpp:1[m[K:
[5.266s] [01m[K/usr/include/x86_64-linux-gnu/qt5/QtCore/qpoint.h:114:28:[m[K [01;36m[Knote: [m[Kcandidate: ‘[01m[KQDataStream& operator<<(QDataStream&, const QPoint&)[m[K’
[5.266s]   114 | Q_CORE_EXPORT QDataStream &[01;36m[Koperator[m[K<<(QDataStream &, const QPoint &);
[5.266s]       |                            [01;36m[K^~~~~~~~[m[K
[5.266s] [01m[K/usr/include/x86_64-linux-gnu/qt5/QtCore/qpoint.h:114:39:[m[K [01;36m[Knote: [m[K  no known conversion for argument 1 from ‘[01m[Kstd::basic_ostream<char>[m[K’ to ‘[01m[KQDataStream&[m[K’
[5.266s]   114 | Q_CORE_EXPORT QDataStream &operator<<([01;36m[KQDataStream &[m[K, const QPoint &);
[5.266s]       |                                       [01;36m[K^~~~~~~~~~~~~[m[K
[5.266s] [01m[K/usr/include/x86_64-linux-gnu/qt5/QtCore/qpoint.h:214:22:[m[K [01;36m[Knote: [m[Kcandidate: ‘[01m[KQDebug operator<<(QDebug, const QPoint&)[m[K’
[5.266s]   214 | Q_CORE_EXPORT QDebug [01;36m[Koperator[m[K<<(QDebug, const QPoint &);
[5.266s]       |                      [01;36m[K^~~~~~~~[m[K
[5.267s] [01m[K/usr/include/x86_64-linux-gnu/qt5/QtCore/qpoint.h:214:33:[m[K [01;36m[Knote: [m[K  no known conversion for argument 1 from ‘[01m[Kstd::basic_ostream<char>[m[K’ to ‘[01m[KQDebug[m[K’
[5.267s]   214 | Q_CORE_EXPORT QDebug operator<<([01;36m[KQDebug[m[K, const QPoint &);
[5.267s]       |                                 [01;36m[K^~~~~~[m[K
[5.267s] [01m[K/usr/include/x86_64-linux-gnu/qt5/QtCore/qpoint.h:281:28:[m[K [01;36m[Knote: [m[Kcandidate: ‘[01m[KQDataStream& operator<<(QDataStream&, const QPointF&)[m[K’
[5.267s]   281 | Q_CORE_EXPORT QDataStream &[01;36m[Koperator[m[K<<(QDataStream &, const QPointF &);
[5.267s]       |                            [01;36m[K^~~~~~~~[m[K
[5.267s] [01m[K/usr/include/x86_64-linux-gnu/qt5/QtCore/qpoint.h:281:39:[m[K [01;36m[Knote: [m[K  no known conversion for argument 1 from ‘[01m[Kstd::basic_ostream<char>[m[K’ to ‘[01m[KQDataStream&[m[K’
[5.268s]   281 | Q_CORE_EXPORT QDataStream &operator<<([01;36m[KQDataStream &[m[K, const QPointF &);
[5.268s]       |                                       [01;36m[K^~~~~~~~~~~~~[m[K
[5.268s] [01m[K/usr/include/x86_64-linux-gnu/qt5/QtCore/qpoint.h:418:22:[m[K [01;36m[Knote: [m[Kcandidate: ‘[01m[KQDebug operator<<(QDebug, const QPointF&)[m[K’
[5.268s]   418 | Q_CORE_EXPORT QDebug [01;36m[Koperator[m[K<<(QDebug d, const QPointF &p);
[5.268s]       |                      [01;36m[K^~~~~~~~[m[K
[5.268s] [01m[K/usr/include/x86_64-linux-gnu/qt5/QtCore/qpoint.h:418:40:[m[K [01;36m[Knote: [m[K  no known conversion for argument 1 from ‘[01m[Kstd::basic_ostream<char>[m[K’ to ‘[01m[KQDebug[m[K’
[5.268s]   418 | Q_CORE_EXPORT QDebug operator<<([01;36m[KQDebug d[m[K, const QPointF &p);
[5.268s]       |                                 [01;36m[K~~~~~~~^[m[K
[5.269s] In file included from [01m[K/usr/include/x86_64-linux-gnu/qt5/QtCore/qsize.h:44[m[K,
[5.269s]                  from [01m[K/usr/include/x86_64-linux-gnu/qt5/QtWidgets/qapplication.h:47[m[K,
[5.269s]                  from [01m[K/usr/include/x86_64-linux-gnu/qt5/QtWidgets/QApplication:1[m[K,
[5.269s]                  from [01m[K/home/shenhang/ros_study/chapter3/topic_practice_workspace/src/status_display/src/sys_status_display.cpp:1[m[K:
[5.269s] [01m[K/usr/include/x86_64-linux-gnu/qt5/QtCore/qmargins.h:94:28:[m[K [01;36m[Knote: [m[Kcandidate: ‘[01m[KQDataStream& operator<<(QDataStream&, const QMargins&)[m[K’
[5.269s]    94 | Q_CORE_EXPORT QDataStream &[01;36m[Koperator[m[K<<(QDataStream &, const QMargins &);
[5.269s]       |                            [01;36m[K^~~~~~~~[m[K
[5.269s] [01m[K/usr/include/x86_64-linux-gnu/qt5/QtCore/qmargins.h:94:39:[m[K [01;36m[Knote: [m[K  no known conversion for argument 1 from ‘[01m[Kstd::basic_ostream<char>[m[K’ to ‘[01m[KQDataStream&[m[K’
[5.269s]    94 | Q_CORE_EXPORT QDataStream &operator<<([01;36m[KQDataStream &[m[K, const QMargins &);
[5.269s]       |                                       [01;36m[K^~~~~~~~~~~~~[m[K
[5.270s] [01m[K/usr/include/x86_64-linux-gnu/qt5/QtCore/qmargins.h:278:22:[m[K [01;36m[Knote: [m[Kcandidate: ‘[01m[KQDebug operator<<(QDebug, const QMargins&)[m[K’
[5.270s]   278 | Q_CORE_EXPORT QDebug [01;36m[Koperator[m[K<<(QDebug, const QMargins &);
[5.270s]       |                      [01;36m[K^~~~~~~~[m[K
[5.270s] [01m[K/usr/include/x86_64-linux-gnu/qt5/QtCore/qmargins.h:278:33:[m[K [01;36m[Knote: [m[K  no known conversion for argument 1 from ‘[01m[Kstd::basic_ostream<char>[m[K’ to ‘[01m[KQDebug[m[K’
[5.270s]   278 | Q_CORE_EXPORT QDebug operator<<([01;36m[KQDebug[m[K, const QMargins &);
[5.270s]       |                                 [01;36m[K^~~~~~[m[K
[5.270s] [01m[K/usr/include/x86_64-linux-gnu/qt5/QtCore/qmargins.h:327:28:[m[K [01;36m[Knote: [m[Kcandidate: ‘[01m[KQDataStream& operator<<(QDataStream&, const QMarginsF&)[m[K’
[5.270s]   327 | Q_CORE_EXPORT QDataStream &[01;36m[Koperator[m[K<<(QDataStream &, const QMarginsF &);
[5.270s]       |                            [01;36m[K^~~~~~~~[m[K
[5.270s] [01m[K/usr/include/x86_64-linux-gnu/qt5/QtCore/qmargins.h:327:39:[m[K [01;36m[Knote: [m[K  no known conversion for argument 1 from ‘[01m[Kstd::basic_ostream<char>[m[K’ to ‘[01m[KQDataStream&[m[K’
[5.270s]   327 | Q_CORE_EXPORT QDataStream &operator<<([01;36m[KQDataStream &[m[K, const QMarginsF &);
[5.271s]       |                                       [01;36m[K^~~~~~~~~~~~~[m[K
[5.271s] [01m[K/usr/include/x86_64-linux-gnu/qt5/QtCore/qmargins.h:487:22:[m[K [01;36m[Knote: [m[Kcandidate: ‘[01m[KQDebug operator<<(QDebug, const QMarginsF&)[m[K’
[5.271s]   487 | Q_CORE_EXPORT QDebug [01;36m[Koperator[m[K<<(QDebug, const QMarginsF &);
[5.271s]       |                      [01;36m[K^~~~~~~~[m[K
[5.271s] [01m[K/usr/include/x86_64-linux-gnu/qt5/QtCore/qmargins.h:487:33:[m[K [01;36m[Knote: [m[K  no known conversion for argument 1 from ‘[01m[Kstd::basic_ostream<char>[m[K’ to ‘[01m[KQDebug[m[K’
[5.271s]   487 | Q_CORE_EXPORT QDebug operator<<([01;36m[KQDebug[m[K, const QMarginsF &);
[5.271s]       |                                 [01;36m[K^~~~~~[m[K
[5.271s] In file included from [01m[K/usr/include/x86_64-linux-gnu/qt5/QtWidgets/qapplication.h:47[m[K,
[5.271s]                  from [01m[K/usr/include/x86_64-linux-gnu/qt5/QtWidgets/QApplication:1[m[K,
[5.272s]                  from [01m[K/home/shenhang/ros_study/chapter3/topic_practice_workspace/src/status_display/src/sys_status_display.cpp:1[m[K:
[5.272s] [01m[K/usr/include/x86_64-linux-gnu/qt5/QtCore/qsize.h:114:28:[m[K [01;36m[Knote: [m[Kcandidate: ‘[01m[KQDataStream& operator<<(QDataStream&, const QSize&)[m[K’
[5.272s]   114 | Q_CORE_EXPORT QDataStream &[01;36m[Koperator[m[K<<(QDataStream &, const QSize &);
[5.272s]       |                            [01;36m[K^~~~~~~~[m[K
[5.272s] [01m[K/usr/include/x86_64-linux-gnu/qt5/QtCore/qsize.h:114:39:[m[K [01;36m[Knote: [m[K  no known conversion for argument 1 from ‘[01m[Kstd::basic_ostream<char>[m[K’ to ‘[01m[KQDataStream&[m[K’
[5.272s]   114 | Q_CORE_EXPORT QDataStream &operator<<([01;36m[KQDataStream &[m[K, const QSize &);
[5.272s]       |                                       [01;36m[K^~~~~~~~~~~~~[m[K
[5.272s] [01m[K/usr/include/x86_64-linux-gnu/qt5/QtCore/qsize.h:217:22:[m[K [01;36m[Knote: [m[Kcandidate: ‘[01m[KQDebug operator<<(QDebug, const QSize&)[m[K’
[5.272s]   217 | Q_CORE_EXPORT QDebug [01;36m[Koperator[m[K<<(QDebug, const QSize &);
[5.272s]       |                      [01;36m[K^~~~~~~~[m[K
[5.272s] [01m[K/usr/include/x86_64-linux-gnu/qt5/QtCore/qsize.h:217:33:[m[K [01;36m[Knote: [m[K  no known conversion for argument 1 from ‘[01m[Kstd::basic_ostream<char>[m[K’ to ‘[01m[KQDebug[m[K’
[5.273s]   217 | Q_CORE_EXPORT QDebug operator<<([01;36m[KQDebug[m[K, const QSize &);
[5.273s]       |                                 [01;36m[K^~~~~~[m[K
[5.273s] [01m[K/usr/include/x86_64-linux-gnu/qt5/QtCore/qsize.h:287:28:[m[K [01;36m[Knote: [m[Kcandidate: ‘[01m[KQDataStream& operator<<(QDataStream&, const QSizeF&)[m[K’
[5.273s]   287 | Q_CORE_EXPORT QDataStream &[01;36m[Koperator[m[K<<(QDataStream &, const QSizeF &);
[5.273s]       |                            [01;36m[K^~~~~~~~[m[K
[5.273s] [01m[K/usr/include/x86_64-linux-gnu/qt5/QtCore/qsize.h:287:39:[m[K [01;36m[Knote: [m[K  no known conversion for argument 1 from ‘[01m[Kstd::basic_ostream<char>[m[K’ to ‘[01m[KQDataStream&[m[K’
[5.273s]   287 | Q_CORE_EXPORT QDataStream &operator<<([01;36m[KQDataStream &[m[K, const QSizeF &);
[5.273s]       |                                       [01;36m[K^~~~~~~~~~~~~[m[K
[5.273s] [01m[K/usr/include/x86_64-linux-gnu/qt5/QtCore/qsize.h:397:22:[m[K [01;36m[Knote: [m[Kcandidate: ‘[01m[KQDebug operator<<(QDebug, const QSizeF&)[m[K’
[5.273s]   397 | Q_CORE_EXPORT QDebug [01;36m[Koperator[m[K<<(QDebug, const QSizeF &);
[5.273s]       |                      [01;36m[K^~~~~~~~[m[K
[5.274s] [01m[K/usr/include/x86_64-linux-gnu/qt5/QtCore/qsize.h:397:33:[m[K [01;36m[Knote: [m[K  no known conversion for argument 1 from ‘[01m[Kstd::basic_ostream<char>[m[K’ to ‘[01m[KQDebug[m[K’
[5.274s]   397 | Q_CORE_EXPORT QDebug operator<<([01;36m[KQDebug[m[K, const QSizeF &);
[5.274s]       |                                 [01;36m[K^~~~~~[m[K
[5.274s] In file included from [01m[K/usr/include/x86_64-linux-gnu/qt5/QtWidgets/qapplication.h:48[m[K,
[5.274s]                  from [01m[K/usr/include/x86_64-linux-gnu/qt5/QtWidgets/QApplication:1[m[K,
[5.274s]                  from [01m[K/home/shenhang/ros_study/chapter3/topic_practice_workspace/src/status_display/src/sys_status_display.cpp:1[m[K:
[5.274s] [01m[K/usr/include/x86_64-linux-gnu/qt5/QtGui/qcursor.h:136:27:[m[K [01;36m[Knote: [m[Kcandidate: ‘[01m[KQDataStream& operator<<(QDataStream&, const QCursor&)[m[K’
[5.274s]   136 | Q_GUI_EXPORT QDataStream &[01;36m[Koperator[m[K<<(QDataStream &outS, const QCursor &cursor);
[5.274s]       |                           [01;36m[K^~~~~~~~[m[K
[5.275s] [01m[K/usr/include/x86_64-linux-gnu/qt5/QtGui/qcursor.h:136:51:[m[K [01;36m[Knote: [m[K  no known conversion for argument 1 from ‘[01m[Kstd::basic_ostream<char>[m[K’ to ‘[01m[KQDataStream&[m[K’
[5.275s]   136 | Q_GUI_EXPORT QDataStream &operator<<([01;36m[KQDataStream &outS[m[K, const QCursor &cursor);
[5.275s]       |                                      [01;36m[K~~~~~~~~~~~~~^~~~[m[K
[5.275s] [01m[K/usr/include/x86_64-linux-gnu/qt5/QtGui/qcursor.h:141:21:[m[K [01;36m[Knote: [m[Kcandidate: ‘[01m[KQDebug operator<<(QDebug, const QCursor&)[m[K’
[5.275s]   141 | Q_GUI_EXPORT QDebug [01;36m[Koperator[m[K<<(QDebug, const QCursor &);
[5.275s]       |                     [01;36m[K^~~~~~~~[m[K
[5.275s] [01m[K/usr/include/x86_64-linux-gnu/qt5/QtGui/qcursor.h:141:32:[m[K [01;36m[Knote: [m[K  no known conversion for argument 1 from ‘[01m[Kstd::basic_ostream<char>[m[K’ to ‘[01m[KQDebug[m[K’
[5.275s]   141 | Q_GUI_EXPORT QDebug operator<<([01;36m[KQDebug[m[K, const QCursor &);
[5.275s]       |                                [01;36m[K^~~~~~[m[K
[5.276s] In file included from [01m[K/usr/include/x86_64-linux-gnu/qt5/QtCore/qlocale.h:43[m[K,
[5.276s]                  from [01m[K/usr/include/x86_64-linux-gnu/qt5/QtGui/qguiapplication.h:47[m[K,
[5.276s]                  from [01m[K/usr/include/x86_64-linux-gnu/qt5/QtWidgets/qapplication.h:52[m[K,
[5.276s]                  from [01m[K/usr/include/x86_64-linux-gnu/qt5/QtWidgets/QApplication:1[m[K,
[5.276s]                  from [01m[K/home/shenhang/ros_study/chapter3/topic_practice_workspace/src/status_display/src/sys_status_display.cpp:1[m[K:
[5.276s] [01m[K/usr/include/x86_64-linux-gnu/qt5/QtCore/qvariant.h:584:28:[m[K [01;36m[Knote: [m[Kcandidate: ‘[01m[KQDataStream& operator<<(QDataStream&, const QVariant&)[m[K’
[5.276s]   584 | Q_CORE_EXPORT QDataStream& [01;36m[Koperator[m[K<< (QDataStream& s, const QVariant& p);
[5.276s]       |                            [01;36m[K^~~~~~~~[m[K
[5.276s] [01m[K/usr/include/x86_64-linux-gnu/qt5/QtCore/qvariant.h:584:53:[m[K [01;36m[Knote: [m[K  no known conversion for argument 1 from ‘[01m[Kstd::basic_ostream<char>[m[K’ to ‘[01m[KQDataStream&[m[K’
[5.276s]   584 | Q_CORE_EXPORT QDataStream& operator<< ([01;36m[KQDataStream& s[m[K, const QVariant& p);
[5.277s]       |                                        [01;36m[K~~~~~~~~~~~~~^[m[K
[5.277s] [01m[K/usr/include/x86_64-linux-gnu/qt5/QtCore/qvariant.h:586:28:[m[K [01;36m[Knote: [m[Kcandidate: ‘[01m[KQDataStream& operator<<(QDataStream&, QVariant::Type)[m[K’
[5.277s]   586 | Q_CORE_EXPORT QDataStream& [01;36m[Koperator[m[K<< (QDataStream& s, const QVariant::Type p);
[5.277s]       |                            [01;36m[K^~~~~~~~[m[K
[5.277s] [01m[K/usr/include/x86_64-linux-gnu/qt5/QtCore/qvariant.h:586:53:[m[K [01;36m[Knote: [m[K  no known conversion for argument 1 from ‘[01m[Kstd::basic_ostream<char>[m[K’ to ‘[01m[KQDataStream&[m[K’
[5.277s]   586 | Q_CORE_EXPORT QDataStream& operator<< ([01;36m[KQDataStream& s[m[K, const QVariant::Type p);
[5.277s]       |                                        [01;36m[K~~~~~~~~~~~~~^[m[K
[5.277s] In file included from [01m[K/usr/include/x86_64-linux-gnu/qt5/QtCore/qlocale.h:43[m[K,
[5.277s]                  from [01m[K/usr/include/x86_64-linux-gnu/qt5/QtGui/qguiapplication.h:47[m[K,
[5.277s]                  from [01m[K/usr/include/x86_64-linux-gnu/qt5/QtWidgets/qapplication.h:52[m[K,
[5.278s]                  from [01m[K/usr/include/x86_64-linux-gnu/qt5/QtWidgets/QApplication:1[m[K,
[5.278s]                  from [01m[K/home/shenhang/ros_study/chapter3/topic_practice_workspace/src/status_display/src/sys_status_display.cpp:1[m[K:
[5.278s] [01m[K/usr/include/x86_64-linux-gnu/qt5/QtCore/qvariant.h:902:22:[m[K [01;36m[Knote: [m[Kcandidate: ‘[01m[KQDebug operator<<(QDebug, const QVariant&)[m[K’
[5.278s]   902 | Q_CORE_EXPORT QDebug [01;36m[Koperator[m[K<<(QDebug, const QVariant &);
[5.278s]       |                      [01;36m[K^~~~~~~~[m[K
[5.278s] In file included from [01m[K/usr/include/x86_64-linux-gnu/qt5/QtCore/qlocale.h:43[m[K,
[5.278s]                  from [01m[K/usr/include/x86_64-linux-gnu/qt5/QtGui/qguiapplication.h:47[m[K,
[5.278s]                  from [01m[K/usr/include/x86_64-linux-gnu/qt5/QtWidgets/qapplication.h:52[m[K,
[5.278s]                  from [01m[K/usr/include/x86_64-linux-gnu/qt5/QtWidgets/QApplication:1[m[K,
[5.279s]                  from [01m[K/home/shenhang/ros_study/chapter3/topic_practice_workspace/src/status_display/src/sys_status_display.cpp:1[m[K:
[5.279s] [01m[K/usr/include/x86_64-linux-gnu/qt5/QtCore/qvariant.h:480:44:[m[K [01;36m[Knote: [m[K  no known conversion for argument 1 from ‘[01m[Kstd::basic_ostream<char>[m[K’ to ‘[01m[KQDebug[m[K’
[5.279s]   480 |     friend Q_CORE_EXPORT QDebug operator<<([01;36m[KQDebug[m[K, const QVariant &);
[5.279s]       |                                            [01;36m[K^~~~~~[m[K
[5.279s] In file included from [01m[K/usr/include/x86_64-linux-gnu/qt5/QtCore/qlocale.h:43[m[K,
[5.279s]                  from [01m[K/usr/include/x86_64-linux-gnu/qt5/QtGui/qguiapplication.h:47[m[K,
[5.279s]                  from [01m[K/usr/include/x86_64-linux-gnu/qt5/QtWidgets/qapplication.h:52[m[K,
[5.279s]                  from [01m[K/usr/include/x86_64-linux-gnu/qt5/QtWidgets/QApplication:1[m[K,
[5.279s]                  from [01m[K/home/shenhang/ros_study/chapter3/topic_practice_workspace/src/status_display/src/sys_status_display.cpp:1[m[K:
[5.279s] [01m[K/usr/include/x86_64-linux-gnu/qt5/QtCore/qvariant.h:903:22:[m[K [01;36m[Knote: [m[Kcandidate: ‘[01m[KQDebug operator<<(QDebug, QVariant::Type)[m[K’
[5.280s]   903 | Q_CORE_EXPORT QDebug [01;36m[Koperator[m[K<<(QDebug, const QVariant::Type);
[5.280s]       |                      [01;36m[K^~~~~~~~[m[K
[5.280s] [01m[K/usr/include/x86_64-linux-gnu/qt5/QtCore/qvariant.h:903:33:[m[K [01;36m[Knote: [m[K  no known conversion for argument 1 from ‘[01m[Kstd::basic_ostream<char>[m[K’ to ‘[01m[KQDebug[m[K’
[5.280s]   903 | Q_CORE_EXPORT QDebug operator<<([01;36m[KQDebug[m[K, const QVariant::Type);
[5.280s]       |                                 [01;36m[K^~~~~~[m[K
[5.280s] In file included from [01m[K/usr/include/x86_64-linux-gnu/qt5/QtGui/qguiapplication.h:47[m[K,
[5.280s]                  from [01m[K/usr/include/x86_64-linux-gnu/qt5/QtWidgets/qapplication.h:52[m[K,
[5.280s]                  from [01m[K/usr/include/x86_64-linux-gnu/qt5/QtWidgets/QApplication:1[m[K,
[5.280s]                  from [01m[K/home/shenhang/ros_study/chapter3/topic_practice_workspace/src/status_display/src/sys_status_display.cpp:1[m[K:
[5.280s] [01m[K/usr/include/x86_64-linux-gnu/qt5/QtCore/qlocale.h:1222:28:[m[K [01;36m[Knote: [m[Kcandidate: ‘[01m[KQDataStream& operator<<(QDataStream&, const QLocale&)[m[K’
[5.280s]  1222 | Q_CORE_EXPORT QDataStream &[01;36m[Koperator[m[K<<(QDataStream &, const QLocale &);
[5.281s]       |                            [01;36m[K^~~~~~~~[m[K
[5.281s] [01m[K/usr/include/x86_64-linux-gnu/qt5/QtCore/qlocale.h:1222:39:[m[K [01;36m[Knote: [m[K  no known conversion for argument 1 from ‘[01m[Kstd::basic_ostream<char>[m[K’ to ‘[01m[KQDataStream&[m[K’
[5.281s]  1222 | Q_CORE_EXPORT QDataStream &operator<<([01;36m[KQDataStream &[m[K, const QLocale &);
[5.281s]       |                                       [01;36m[K^~~~~~~~~~~~~[m[K
[5.281s] [01m[K/usr/include/x86_64-linux-gnu/qt5/QtCore/qlocale.h:1227:22:[m[K [01;36m[Knote: [m[Kcandidate: ‘[01m[KQDebug operator<<(QDebug, const QLocale&)[m[K’
[5.281s]  1227 | Q_CORE_EXPORT QDebug [01;36m[Koperator[m[K<<(QDebug, const QLocale &);
[5.281s]       |                      [01;36m[K^~~~~~~~[m[K
[5.281s] [01m[K/usr/include/x86_64-linux-gnu/qt5/QtCore/qlocale.h:1227:33:[m[K [01;36m[Knote: [m[K  no known conversion for argument 1 from ‘[01m[Kstd::basic_ostream<char>[m[K’ to ‘[01m[KQDebug[m[K’
[5.281s]  1227 | Q_CORE_EXPORT QDebug operator<<([01;36m[KQDebug[m[K, const QLocale &);
[5.281s]       |                                 [01;36m[K^~~~~~[m[K
[5.281s] In file included from [01m[K/usr/include/x86_64-linux-gnu/qt5/QtGui/qpaintdevice.h:45[m[K,
[5.282s]                  from [01m[K/usr/include/x86_64-linux-gnu/qt5/QtWidgets/qwidget.h:47[m[K,
[5.282s]                  from [01m[K/usr/include/x86_64-linux-gnu/qt5/QtWidgets/qframe.h:44[m[K,
[5.282s]                  from [01m[K/usr/include/x86_64-linux-gnu/qt5/QtWidgets/qlabel.h:44[m[K,
[5.282s]                  from [01m[K/usr/include/x86_64-linux-gnu/qt5/QtWidgets/QLabel:1[m[K,
[5.282s]                  from [01m[K/home/shenhang/ros_study/chapter3/topic_practice_workspace/src/status_display/src/sys_status_display.cpp:2[m[K:
[5.282s] [01m[K/usr/include/x86_64-linux-gnu/qt5/QtCore/qrect.h:176:28:[m[K [01;36m[Knote: [m[Kcandidate: ‘[01m[KQDataStream& operator<<(QDataStream&, const QRect&)[m[K’
[5.282s]   176 | Q_CORE_EXPORT QDataStream &[01;36m[Koperator[m[K<<(QDataStream &, const QRect &);
[5.282s]       |                            [01;36m[K^~~~~~~~[m[K
[5.282s] [01m[K/usr/include/x86_64-linux-gnu/qt5/QtCore/qrect.h:176:39:[m[K [01;36m[Knote: [m[K  no known conversion for argument 1 from ‘[01m[Kstd::basic_ostream<char>[m[K’ to ‘[01m[KQDataStream&[m[K’
[5.282s]   176 | Q_CORE_EXPORT QDataStream &operator<<([01;36m[KQDataStream &[m[K, const QRect &);
[5.282s]       |                                       [01;36m[K^~~~~~~~~~~~~[m[K
[5.283s] [01m[K/usr/include/x86_64-linux-gnu/qt5/QtCore/qrect.h:507:22:[m[K [01;36m[Knote: [m[Kcandidate: ‘[01m[KQDebug operator<<(QDebug, const QRect&)[m[K’
[5.283s]   507 | Q_CORE_EXPORT QDebug [01;36m[Koperator[m[K<<(QDebug, const QRect &);
[5.283s]       |                      [01;36m[K^~~~~~~~[m[K
[5.283s] [01m[K/usr/include/x86_64-linux-gnu/qt5/QtCore/qrect.h:507:33:[m[K [01;36m[Knote: [m[K  no known conversion for argument 1 from ‘[01m[Kstd::basic_ostream<char>[m[K’ to ‘[01m[KQDebug[m[K’
[5.283s]   507 | Q_CORE_EXPORT QDebug operator<<([01;36m[KQDebug[m[K, const QRect &);
[5.283s]       |                                 [01;36m[K^~~~~~[m[K
[5.283s] [01m[K/usr/include/x86_64-linux-gnu/qt5/QtCore/qrect.h:636:28:[m[K [01;36m[Knote: [m[Kcandidate: ‘[01m[KQDataStream& operator<<(QDataStream&, const QRectF&)[m[K’
[5.283s]   636 | Q_CORE_EXPORT QDataStream &[01;36m[Koperator[m[K<<(QDataStream &, const QRectF &);
[5.283s]       |                            [01;36m[K^~~~~~~~[m[K
[5.283s] [01m[K/usr/include/x86_64-linux-gnu/qt5/QtCore/qrect.h:636:39:[m[K [01;36m[Knote: [m[K  no known conversion for argument 1 from ‘[01m[Kstd::basic_ostream<char>[m[K’ to ‘[01m[KQDataStream&[m[K’
[5.283s]   636 | Q_CORE_EXPORT QDataStream &operator<<([01;36m[KQDataStream &[m[K, const QRectF &);
[5.284s]       |                                       [01;36m[K^~~~~~~~~~~~~[m[K
[5.284s] [01m[K/usr/include/x86_64-linux-gnu/qt5/QtCore/qrect.h:920:22:[m[K [01;36m[Knote: [m[Kcandidate: ‘[01m[KQDebug operator<<(QDebug, const QRectF&)[m[K’
[5.284s]   920 | Q_CORE_EXPORT QDebug [01;36m[Koperator[m[K<<(QDebug, const QRectF &);
[5.284s]       |                      [01;36m[K^~~~~~~~[m[K
[5.284s] [01m[K/usr/include/x86_64-linux-gnu/qt5/QtCore/qrect.h:920:33:[m[K [01;36m[Knote: [m[K  no known conversion for argument 1 from ‘[01m[Kstd::basic_ostream<char>[m[K’ to ‘[01m[KQDebug[m[K’
[5.284s]   920 | Q_CORE_EXPORT QDebug operator<<([01;36m[KQDebug[m[K, const QRectF &);
[5.284s]       |                                 [01;36m[K^~~~~~[m[K
[5.284s] In file included from [01m[K/usr/include/x86_64-linux-gnu/qt5/QtGui/qpalette.h:45[m[K,
[5.284s]                  from [01m[K/usr/include/x86_64-linux-gnu/qt5/QtWidgets/qwidget.h:48[m[K,
[5.284s]                  from [01m[K/usr/include/x86_64-linux-gnu/qt5/QtWidgets/qframe.h:44[m[K,
[5.284s]                  from [01m[K/usr/include/x86_64-linux-gnu/qt5/QtWidgets/qlabel.h:44[m[K,
[5.285s]                  from [01m[K/usr/include/x86_64-linux-gnu/qt5/QtWidgets/QLabel:1[m[K,
[5.285s]                  from [01m[K/home/shenhang/ros_study/chapter3/topic_practice_workspace/src/status_display/src/sys_status_display.cpp:2[m[K:
[5.285s] [01m[K/usr/include/x86_64-linux-gnu/qt5/QtGui/qcolor.h:57:21:[m[K [01;36m[Knote: [m[Kcandidate: ‘[01m[KQDebug operator<<(QDebug, const QColor&)[m[K’
[5.285s]    57 | Q_GUI_EXPORT QDebug [01;36m[Koperator[m[K<<(QDebug, const QColor &);
[5.285s]       |                     [01;36m[K^~~~~~~~[m[K
[5.285s] [01m[K/usr/include/x86_64-linux-gnu/qt5/QtGui/qcolor.h:57:32:[m[K [01;36m[Knote: [m[K  no known conversion for argument 1 from ‘[01m[Kstd::basic_ostream<char>[m[K’ to ‘[01m[KQDebug[m[K’
[5.285s]    57 | Q_GUI_EXPORT QDebug operator<<([01;36m[KQDebug[m[K, const QColor &);
[5.285s]       |                                [01;36m[K^~~~~~[m[K
[5.285s] [01m[K/usr/include/x86_64-linux-gnu/qt5/QtGui/qcolor.h:309:38:[m[K [01;36m[Knote: [m[Kcandidate: ‘[01m[KQDataStream& operator<<(QDataStream&, const QColor&)[m[K’
[5.285s]   309 |     friend Q_GUI_EXPORT QDataStream &[01;36m[Koperator[m[K<<(QDataStream &, const QColor &);
[5.285s]       |                                      [01;36m[K^~~~~~~~[m[K
[5.286s] [01m[K/usr/include/x86_64-linux-gnu/qt5/QtGui/qcolor.h:60:38:[m[K [01;36m[Knote: [m[K  no known conversion for argument 1 from ‘[01m[Kstd::basic_ostream<char>[m[K’ to ‘[01m[KQDataStream&[m[K’
[5.286s]    60 | Q_GUI_EXPORT QDataStream &operator<<([01;36m[KQDataStream &[m[K, const QColor &);
[5.286s]       |                                      [01;36m[K^~~~~~~~~~~~~[m[K
[5.286s] In file included from [01m[K/usr/include/x86_64-linux-gnu/qt5/QtGui/qmatrix.h:44[m[K,
[5.286s]                  from [01m[K/usr/include/x86_64-linux-gnu/qt5/QtGui/qbrush.h:49[m[K,
[5.286s]                  from [01m[K/usr/include/x86_64-linux-gnu/qt5/QtGui/qpalette.h:46[m[K,
[5.286s]                  from [01m[K/usr/include/x86_64-linux-gnu/qt5/QtWidgets/qwidget.h:48[m[K,
[5.286s]                  from [01m[K/usr/include/x86_64-linux-gnu/qt5/QtWidgets/qframe.h:44[m[K,
[5.286s]                  from [01m[K/usr/include/x86_64-linux-gnu/qt5/QtWidgets/qlabel.h:44[m[K,
[5.286s]                  from [01m[K/usr/include/x86_64-linux-gnu/qt5/QtWidgets/QLabel:1[m[K,
[5.286s]                  from [01m[K/home/shenhang/ros_study/chapter3/topic_practice_workspace/src/status_display/src/sys_status_display.cpp:2[m[K:
[5.287s] [01m[K/usr/include/x86_64-linux-gnu/qt5/QtGui/qpolygon.h:105:21:[m[K [01;36m[Knote: [m[Kcandidate: ‘[01m[KQDebug operator<<(QDebug, const QPolygon&)[m[K’
[5.287s]   105 | Q_GUI_EXPORT QDebug [01;36m[Koperator[m[K<<(QDebug, const QPolygon &);
[5.287s]       |                     [01;36m[K^~~~~~~~[m[K
[5.287s] [01m[K/usr/include/x86_64-linux-gnu/qt5/QtGui/qpolygon.h:105:32:[m[K [01;36m[Knote: [m[K  no known conversion for argument 1 from ‘[01m[Kstd::basic_ostream<char>[m[K’ to ‘[01m[KQDebug[m[K’
[5.287s]   105 | Q_GUI_EXPORT QDebug operator<<([01;36m[KQDebug[m[K, const QPolygon &);
[5.287s]       |                                [01;36m[K^~~~~~[m[K
[5.287s] [01m[K/usr/include/x86_64-linux-gnu/qt5/QtGui/qpolygon.h:112:27:[m[K [01;36m[Knote: [m[Kcandidate: ‘[01m[KQDataStream& operator<<(QDataStream&, const QPolygon&)[m[K’
[5.287s]   112 | Q_GUI_EXPORT QDataStream &[01;36m[Koperator[m[K<<(QDataStream &stream, const QPolygon &polygon);
[5.287s]       |                           [01;36m[K^~~~~~~~[m[K
[5.287s] [01m[K/usr/include/x86_64-linux-gnu/qt5/QtGui/qpolygon.h:112:51:[m[K [01;36m[Knote: [m[K  no known conversion for argument 1 from ‘[01m[Kstd::basic_ostream<char>[m[K’ to ‘[01m[KQDataStream&[m[K’
[5.288s]   112 | Q_GUI_EXPORT QDataStream &operator<<([01;36m[KQDataStream &stream[m[K, const QPolygon &polygon);
[5.288s]       |                                      [01;36m[K~~~~~~~~~~~~~^~~~~~[m[K
[5.288s] [01m[K/usr/include/x86_64-linux-gnu/qt5/QtGui/qpolygon.h:180:21:[m[K [01;36m[Knote: [m[Kcandidate: ‘[01m[KQDebug operator<<(QDebug, const QPolygonF&)[m[K’
[5.288s]   180 | Q_GUI_EXPORT QDebug [01;36m[Koperator[m[K<<(QDebug, const QPolygonF &);
[5.288s]       |                     [01;36m[K^~~~~~~~[m[K
[5.288s] [01m[K/usr/include/x86_64-linux-gnu/qt5/QtGui/qpolygon.h:180:32:[m[K [01;36m[Knote: [m[K  no known conversion for argument 1 from ‘[01m[Kstd::basic_ostream<char>[m[K’ to ‘[01m[KQDebug[m[K’
[5.288s]   180 | Q_GUI_EXPORT QDebug operator<<([01;36m[KQDebug[m[K, const QPolygonF &);
[5.288s]       |                                [01;36m[K^~~~~~[m[K
[5.288s] [01m[K/usr/include/x86_64-linux-gnu/qt5/QtGui/qpolygon.h:187:27:[m[K [01;36m[Knote: [m[Kcandidate: ‘[01m[KQDataStream& operator<<(QDataStream&, const QPolygonF&)[m[K’
[5.288s]   187 | Q_GUI_EXPORT QDataStream &[01;36m[Koperator[m[K<<(QDataStream &stream, const QPolygonF &array);
[5.289s]       |                           [01;36m[K^~~~~~~~[m[K
[5.289s] [01m[K/usr/include/x86_64-linux-gnu/qt5/QtGui/qpolygon.h:187:51:[m[K [01;36m[Knote: [m[K  no known conversion for argument 1 from ‘[01m[Kstd::basic_ostream<char>[m[K’ to ‘[01m[KQDataStream&[m[K’
[5.289s]   187 | Q_GUI_EXPORT QDataStream &operator<<([01;36m[KQDataStream &stream[m[K, const QPolygonF &array);
[5.289s]       |                                      [01;36m[K~~~~~~~~~~~~~^~~~~~[m[K
[5.289s] In file included from [01m[K/usr/include/x86_64-linux-gnu/qt5/QtCore/qdatastream.h:44[m[K,
[5.289s]                  from [01m[K/usr/include/x86_64-linux-gnu/qt5/QtGui/qregion.h:49[m[K,
[5.289s]                  from [01m[K/usr/include/x86_64-linux-gnu/qt5/QtGui/qmatrix.h:45[m[K,
[5.289s]                  from [01m[K/usr/include/x86_64-linux-gnu/qt5/QtGui/qbrush.h:49[m[K,
[5.289s]                  from [01m[K/usr/include/x86_64-linux-gnu/qt5/QtGui/qpalette.h:46[m[K,
[5.289s]                  from [01m[K/usr/include/x86_64-linux-gnu/qt5/QtWidgets/qwidget.h:48[m[K,
[5.289s]                  from [01m[K/usr/include/x86_64-linux-gnu/qt5/QtWidgets/qframe.h:44[m[K,
[5.290s]                  from [01m[K/usr/include/x86_64-linux-gnu/qt5/QtWidgets/qlabel.h:44[m[K,
[5.290s]                  from [01m[K/usr/include/x86_64-linux-gnu/qt5/QtWidgets/QLabel:1[m[K,
[5.290s]                  from [01m[K/home/shenhang/ros_study/chapter3/topic_practice_workspace/src/status_display/src/sys_status_display.cpp:2[m[K:
[5.290s] [01m[K/usr/include/x86_64-linux-gnu/qt5/QtCore/qiodevice.h:189:22:[m[K [01;36m[Knote: [m[Kcandidate: ‘[01m[KQDebug operator<<(QDebug, QIODevice::OpenMode)[m[K’
[5.290s]   189 | Q_CORE_EXPORT QDebug [01;36m[Koperator[m[K<<(QDebug debug, QIODevice::OpenMode modes);
[5.290s]       |                      [01;36m[K^~~~~~~~[m[K
[5.290s] [01m[K/usr/include/x86_64-linux-gnu/qt5/QtCore/qiodevice.h:189:40:[m[K [01;36m[Knote: [m[K  no known conversion for argument 1 from ‘[01m[Kstd::basic_ostream<char>[m[K’ to ‘[01m[KQDebug[m[K’
[5.290s]   189 | Q_CORE_EXPORT QDebug operator<<([01;36m[KQDebug debug[m[K, QIODevice::OpenMode modes);
[5.290s]       |                                 [01;36m[K~~~~~~~^~~~~[m[K
[5.290s] In file included from [01m[K/usr/include/x86_64-linux-gnu/qt5/QtGui/qmatrix.h:45[m[K,
[5.291s]                  from [01m[K/usr/include/x86_64-linux-gnu/qt5/QtGui/qbrush.h:49[m[K,
[5.291s]                  from [01m[K/usr/include/x86_64-linux-gnu/qt5/QtGui/qpalette.h:46[m[K,
[5.291s]                  from [01m[K/usr/include/x86_64-linux-gnu/qt5/QtWidgets/qwidget.h:48[m[K,
[5.291s]                  from [01m[K/usr/include/x86_64-linux-gnu/qt5/QtWidgets/qframe.h:44[m[K,
[5.291s]                  from [01m[K/usr/include/x86_64-linux-gnu/qt5/QtWidgets/qlabel.h:44[m[K,
[5.291s]                  from [01m[K/usr/include/x86_64-linux-gnu/qt5/QtWidgets/QLabel:1[m[K,
[5.291s]                  from [01m[K/home/shenhang/ros_study/chapter3/topic_practice_workspace/src/status_display/src/sys_status_display.cpp:2[m[K:
[5.292s] [01m[K/usr/include/x86_64-linux-gnu/qt5/QtGui/qregion.h:189:27:[m[K [01;36m[Knote: [m[Kcandidate: ‘[01m[KQDataStream& operator<<(QDataStream&, const QRegion&)[m[K’
[5.292s]   189 | Q_GUI_EXPORT QDataStream &[01;36m[Koperator[m[K<<(QDataStream &, const QRegion &);
[5.292s]       |                           [01;36m[K^~~~~~~~[m[K
[5.292s] [01m[K/usr/include/x86_64-linux-gnu/qt5/QtGui/qregion.h:160:49:[m[K [01;36m[Knote: [m[K  no known conversion for argument 1 from ‘[01m[Kstd::basic_ostream<char>[m[K’ to ‘[01m[KQDataStream&[m[K’
[5.292s]   160 |     friend Q_GUI_EXPORT QDataStream &operator<<([01;36m[KQDataStream &[m[K, const QRegion &);
[5.292s]       |                                                 [01;36m[K^~~~~~~~~~~~~[m[K
[5.292s] [01m[K/usr/include/x86_64-linux-gnu/qt5/QtGui/qregion.h:194:21:[m[K [01;36m[Knote: [m[Kcandidate: ‘[01m[KQDebug operator<<(QDebug, const QRegion&)[m[K’
[5.292s]   194 | Q_GUI_EXPORT QDebug [01;36m[Koperator[m[K<<(QDebug, const QRegion &);
[5.292s]       |                     [01;36m[K^~~~~~~~[m[K
[5.292s] [01m[K/usr/include/x86_64-linux-gnu/qt5/QtGui/qregion.h:194:32:[m[K [01;36m[Knote: [m[K  no known conversion for argument 1 from ‘[01m[Kstd::basic_ostream<char>[m[K’ to ‘[01m[KQDebug[m[K’
[5.292s]   194 | Q_GUI_EXPORT QDebug operator<<([01;36m[KQDebug[m[K, const QRegion &);
[5.293s]       |                                [01;36m[K^~~~~~[m[K
[5.293s] In file included from [01m[K/usr/include/x86_64-linux-gnu/qt5/QtGui/qmatrix.h:47[m[K,
[5.293s]                  from [01m[K/usr/include/x86_64-linux-gnu/qt5/QtGui/qbrush.h:49[m[K,
[5.293s]                  from [01m[K/usr/include/x86_64-linux-gnu/qt5/QtGui/qpalette.h:46[m[K,
[5.293s]                  from [01m[K/usr/include/x86_64-linux-gnu/qt5/QtWidgets/qwidget.h:48[m[K,
[5.293s]                  from [01m[K/usr/include/x86_64-linux-gnu/qt5/QtWidgets/qframe.h:44[m[K,
[5.293s]                  from [01m[K/usr/include/x86_64-linux-gnu/qt5/QtWidgets/qlabel.h:44[m[K,
[5.293s]                  from [01m[K/usr/include/x86_64-linux-gnu/qt5/QtWidgets/QLabel:1[m[K,
[5.293s]                  from [01m[K/home/shenhang/ros_study/chapter3/topic_practice_workspace/src/status_display/src/sys_status_display.cpp:2[m[K:
[5.293s] [01m[K/usr/include/x86_64-linux-gnu/qt5/QtCore/qline.h:203:22:[m[K [01;36m[Knote: [m[Kcandidate: ‘[01m[KQDebug operator<<(QDebug, const QLine&)[m[K’
[5.293s]   203 | Q_CORE_EXPORT QDebug [01;36m[Koperator[m[K<<(QDebug d, const QLine &p);
[5.294s]       |                      [01;36m[K^~~~~~~~[m[K
[5.294s] [01m[K/usr/include/x86_64-linux-gnu/qt5/QtCore/qline.h:203:40:[m[K [01;36m[Knote: [m[K  no known conversion for argument 1 from ‘[01m[Kstd::basic_ostream<char>[m[K’ to ‘[01m[KQDebug[m[K’
[5.294s]   203 | Q_CORE_EXPORT QDebug operator<<([01;36m[KQDebug d[m[K, const QLine &p);
[5.294s]       |                                 [01;36m[K~~~~~~~^[m[K
[5.294s] [01m[K/usr/include/x86_64-linux-gnu/qt5/QtCore/qline.h:207:28:[m[K [01;36m[Knote: [m[Kcandidate: ‘[01m[KQDataStream& operator<<(QDataStream&, const QLine&)[m[K’
[5.294s]   207 | Q_CORE_EXPORT QDataStream &[01;36m[Koperator[m[K<<(QDataStream &, const QLine &);
[5.294s]       |                            [01;36m[K^~~~~~~~[m[K
[5.294s] [01m[K/usr/include/x86_64-linux-gnu/qt5/QtCore/qline.h:207:39:[m[K [01;36m[Knote: [m[K  no known conversion for argument 1 from ‘[01m[Kstd::basic_ostream<char>[m[K’ to ‘[01m[KQDataStream&[m[K’
[5.294s]   207 | Q_CORE_EXPORT QDataStream &operator<<([01;36m[KQDataStream &[m[K, const QLine &);
[5.294s]       |                                       [01;36m[K^~~~~~~~~~~~~[m[K
[5.294s] [01m[K/usr/include/x86_64-linux-gnu/qt5/QtCore/qline.h:430:22:[m[K [01;36m[Knote: [m[Kcandidate: ‘[01m[KQDebug operator<<(QDebug, const QLineF&)[m[K’
[5.295s]   430 | Q_CORE_EXPORT QDebug [01;36m[Koperator[m[K<<(QDebug d, const QLineF &p);
[5.295s]       |                      [01;36m[K^~~~~~~~[m[K
[5.295s] [01m[K/usr/include/x86_64-linux-gnu/qt5/QtCore/qline.h:430:40:[m[K [01;36m[Knote: [m[K  no known conversion for argument 1 from ‘[01m[Kstd::basic_ostream<char>[m[K’ to ‘[01m[KQDebug[m[K’
[5.295s]   430 | Q_CORE_EXPORT QDebug operator<<([01;36m[KQDebug d[m[K, const QLineF &p);
[5.295s]       |                                 [01;36m[K~~~~~~~^[m[K
[5.295s] [01m[K/usr/include/x86_64-linux-gnu/qt5/QtCore/qline.h:434:28:[m[K [01;36m[Knote: [m[Kcandidate: ‘[01m[KQDataStream& operator<<(QDataStream&, const QLineF&)[m[K’
[5.295s]   434 | Q_CORE_EXPORT QDataStream &[01;36m[Koperator[m[K<<(QDataStream &, const QLineF &);
[5.295s]       |                            [01;36m[K^~~~~~~~[m[K
[5.295s] [01m[K/usr/include/x86_64-linux-gnu/qt5/QtCore/qline.h:434:39:[m[K [01;36m[Knote: [m[K  no known conversion for argument 1 from ‘[01m[Kstd::basic_ostream<char>[m[K’ to ‘[01m[KQDataStream&[m[K’
[5.295s]   434 | Q_CORE_EXPORT QDataStream &operator<<([01;36m[KQDataStream &[m[K, const QLineF &);
[5.295s]       |                                       [01;36m[K^~~~~~~~~~~~~[m[K
[5.296s] In file included from [01m[K/usr/include/x86_64-linux-gnu/qt5/QtGui/qbrush.h:49[m[K,
[5.296s]                  from [01m[K/usr/include/x86_64-linux-gnu/qt5/QtGui/qpalette.h:46[m[K,
[5.296s]                  from [01m[K/usr/include/x86_64-linux-gnu/qt5/QtWidgets/qwidget.h:48[m[K,
[5.296s]                  from [01m[K/usr/include/x86_64-linux-gnu/qt5/QtWidgets/qframe.h:44[m[K,
[5.296s]                  from [01m[K/usr/include/x86_64-linux-gnu/qt5/QtWidgets/qlabel.h:44[m[K,
[5.296s]                  from [01m[K/usr/include/x86_64-linux-gnu/qt5/QtWidgets/QLabel:1[m[K,
[5.296s]                  from [01m[K/home/shenhang/ros_study/chapter3/topic_practice_workspace/src/status_display/src/sys_status_display.cpp:2[m[K:
[5.296s] [01m[K/usr/include/x86_64-linux-gnu/qt5/QtGui/qmatrix.h:184:27:[m[K [01;36m[Knote: [m[Kcandidate: ‘[01m[KQDataStream& operator<<(QDataStream&, const QMatrix&)[m[K’
[5.296s]   184 | Q_GUI_EXPORT QDataStream &[01;36m[Koperator[m[K<<(QDataStream &, const QMatrix &);
[5.296s]       |                           [01;36m[K^~~~~~~~[m[K
[5.297s] [01m[K/usr/include/x86_64-linux-gnu/qt5/QtGui/qmatrix.h:184:38:[m[K [01;36m[Knote: [m[K  no known conversion for argument 1 from ‘[01m[Kstd::basic_ostream<char>[m[K’ to ‘[01m[KQDataStream&[m[K’
[5.297s]   184 | Q_GUI_EXPORT QDataStream &operator<<([01;36m[KQDataStream &[m[K, const QMatrix &);
[5.297s]       |                                      [01;36m[K^~~~~~~~~~~~~[m[K
[5.297s] [01m[K/usr/include/x86_64-linux-gnu/qt5/QtGui/qmatrix.h:189:21:[m[K [01;36m[Knote: [m[Kcandidate: ‘[01m[KQDebug operator<<(QDebug, const QMatrix&)[m[K’
[5.297s]   189 | Q_GUI_EXPORT QDebug [01;36m[Koperator[m[K<<(QDebug, const QMatrix &);
[5.297s]       |                     [01;36m[K^~~~~~~~[m[K
[5.297s] [01m[K/usr/include/x86_64-linux-gnu/qt5/QtGui/qmatrix.h:189:32:[m[K [01;36m[Knote: [m[K  no known conversion for argument 1 from ‘[01m[Kstd::basic_ostream<char>[m[K’ to ‘[01m[KQDebug[m[K’
[5.297s]   189 | Q_GUI_EXPORT QDebug operator<<([01;36m[KQDebug[m[K, const QMatrix &);
[5.297s]       |                                [01;36m[K^~~~~~[m[K
[5.297s] In file included from [01m[K/usr/include/x86_64-linux-gnu/qt5/QtGui/qbrush.h:50[m[K,
[5.298s]                  from [01m[K/usr/include/x86_64-linux-gnu/qt5/QtGui/qpalette.h:46[m[K,
[5.298s]                  from [01m[K/usr/include/x86_64-linux-gnu/qt5/QtWidgets/qwidget.h:48[m[K,
[5.298s]                  from [01m[K/usr/include/x86_64-linux-gnu/qt5/QtWidgets/qframe.h:44[m[K,
[5.298s]                  from [01m[K/usr/include/x86_64-linux-gnu/qt5/QtWidgets/qlabel.h:44[m[K,
[5.298s]                  from [01m[K/usr/include/x86_64-linux-gnu/qt5/QtWidgets/QLabel:1[m[K,
[5.298s]                  from [01m[K/home/shenhang/ros_study/chapter3/topic_practice_workspace/src/status_display/src/sys_status_display.cpp:2[m[K:
[5.298s] [01m[K/usr/include/x86_64-linux-gnu/qt5/QtGui/qtransform.h:386:27:[m[K [01;36m[Knote: [m[Kcandidate: ‘[01m[KQDataStream& operator<<(QDataStream&, const QTransform&)[m[K’
[5.298s]   386 | Q_GUI_EXPORT QDataStream &[01;36m[Koperator[m[K<<(QDataStream &, const QTransform &);
[5.299s]       |                           [01;36m[K^~~~~~~~[m[K
[5.299s] [01m[K/usr/include/x86_64-linux-gnu/qt5/QtGui/qtransform.h:386:38:[m[K [01;36m[Knote: [m[K  no known conversion for argument 1 from ‘[01m[Kstd::basic_ostream<char>[m[K’ to ‘[01m[KQDataStream&[m[K’
[5.299s]   386 | Q_GUI_EXPORT QDataStream &operator<<([01;36m[KQDataStream &[m[K, const QTransform &);
[5.299s]       |                                      [01;36m[K^~~~~~~~~~~~~[m[K
[5.299s] [01m[K/usr/include/x86_64-linux-gnu/qt5/QtGui/qtransform.h:391:21:[m[K [01;36m[Knote: [m[Kcandidate: ‘[01m[KQDebug operator<<(QDebug, const QTransform&)[m[K’
[5.299s]   391 | Q_GUI_EXPORT QDebug [01;36m[Koperator[m[K<<(QDebug, const QTransform &);
[5.299s]       |                     [01;36m[K^~~~~~~~[m[K
[5.299s] [01m[K/usr/include/x86_64-linux-gnu/qt5/QtGui/qtransform.h:391:32:[m[K [01;36m[Knote: [m[K  no known conversion for argument 1 from ‘[01m[Kstd::basic_ostream<char>[m[K’ to ‘[01m[KQDebug[m[K’
[5.299s]   391 | Q_GUI_EXPORT QDebug operator<<([01;36m[KQDebug[m[K, const QTransform &);
[5.299s]       |                                [01;36m[K^~~~~~[m[K
[5.299s] In file included from [01m[K/usr/include/x86_64-linux-gnu/qt5/QtGui/qbrush.h:51[m[K,
[5.300s]                  from [01m[K/usr/include/x86_64-linux-gnu/qt5/QtGui/qpalette.h:46[m[K,
[5.300s]                  from [01m[K/usr/include/x86_64-linux-gnu/qt5/QtWidgets/qwidget.h:48[m[K,
[5.300s]                  from [01m[K/usr/include/x86_64-linux-gnu/qt5/QtWidgets/qframe.h:44[m[K,
[5.300s]                  from [01m[K/usr/include/x86_64-linux-gnu/qt5/QtWidgets/qlabel.h:44[m[K,
[5.300s]                  from [01m[K/usr/include/x86_64-linux-gnu/qt5/QtWidgets/QLabel:1[m[K,
[5.300s]                  from [01m[K/home/shenhang/ros_study/chapter3/topic_practice_workspace/src/status_display/src/sys_status_display.cpp:2[m[K:
[5.300s] [01m[K/usr/include/x86_64-linux-gnu/qt5/QtGui/qimage.h:502:27:[m[K [01;36m[Knote: [m[Kcandidate: ‘[01m[KQDataStream& operator<<(QDataStream&, const QImage&)[m[K’
[5.300s]   502 | Q_GUI_EXPORT QDataStream &[01;36m[Koperator[m[K<<(QDataStream &, const QImage &);
[5.300s]       |                           [01;36m[K^~~~~~~~[m[K
[5.300s] [01m[K/usr/include/x86_64-linux-gnu/qt5/QtGui/qimage.h:502:38:[m[K [01;36m[Knote: [m[K  no known conversion for argument 1 from ‘[01m[Kstd::basic_ostream<char>[m[K’ to ‘[01m[KQDataStream&[m[K’
[5.300s]   502 | Q_GUI_EXPORT QDataStream &operator<<([01;36m[KQDataStream &[m[K, const QImage &);
[5.301s]       |                                      [01;36m[K^~~~~~~~~~~~~[m[K
[5.301s] [01m[K/usr/include/x86_64-linux-gnu/qt5/QtGui/qimage.h:507:21:[m[K [01;36m[Knote: [m[Kcandidate: ‘[01m[KQDebug operator<<(QDebug, const QImage&)[m[K’
[5.301s]   507 | Q_GUI_EXPORT QDebug [01;36m[Koperator[m[K<<(QDebug, const QImage &);
[5.301s]       |                     [01;36m[K^~~~~~~~[m[K
[5.301s] [01m[K/usr/include/x86_64-linux-gnu/qt5/QtGui/qimage.h:507:32:[m[K [01;36m[Knote: [m[K  no known conversion for argument 1 from ‘[01m[Kstd::basic_ostream<char>[m[K’ to ‘[01m[KQDebug[m[K’
[5.301s]   507 | Q_GUI_EXPORT QDebug operator<<([01;36m[KQDebug[m[K, const QImage &);
[5.301s]       |                                [01;36m[K^~~~~~[m[K
[5.301s] In file included from [01m[K/usr/include/x86_64-linux-gnu/qt5/QtGui/qbrush.h:52[m[K,
[5.301s]                  from [01m[K/usr/include/x86_64-linux-gnu/qt5/QtGui/qpalette.h:46[m[K,
[5.301s]                  from [01m[K/usr/include/x86_64-linux-gnu/qt5/QtWidgets/qwidget.h:48[m[K,
[5.301s]                  from [01m[K/usr/include/x86_64-linux-gnu/qt5/QtWidgets/qframe.h:44[m[K,
[5.302s]                  from [01m[K/usr/include/x86_64-linux-gnu/qt5/QtWidgets/qlabel.h:44[m[K,
[5.302s]                  from [01m[K/usr/include/x86_64-linux-gnu/qt5/QtWidgets/QLabel:1[m[K,
[5.302s]                  from [01m[K/home/shenhang/ros_study/chapter3/topic_practice_workspace/src/status_display/src/sys_status_display.cpp:2[m[K:
[5.302s] [01m[K/usr/include/x86_64-linux-gnu/qt5/QtGui/qpixmap.h:254:27:[m[K [01;36m[Knote: [m[Kcandidate: ‘[01m[KQDataStream& operator<<(QDataStream&, const QPixmap&)[m[K’
[5.302s]   254 | Q_GUI_EXPORT QDataStream &[01;36m[Koperator[m[K<<(QDataStream &, const QPixmap &);
[5.302s]       |                           [01;36m[K^~~~~~~~[m[K
[5.302s] [01m[K/usr/include/x86_64-linux-gnu/qt5/QtGui/qpixmap.h:254:38:[m[K [01;36m[Knote: [m[K  no known conversion for argument 1 from ‘[01m[Kstd::basic_ostream<char>[m[K’ to ‘[01m[KQDataStream&[m[K’
[5.302s]   254 | Q_GUI_EXPORT QDataStream &operator<<([01;36m[KQDataStream &[m[K, const QPixmap &);
[5.302s]       |                                      [01;36m[K^~~~~~~~~~~~~[m[K
[5.302s] [01m[K/usr/include/x86_64-linux-gnu/qt5/QtGui/qpixmap.h:259:21:[m[K [01;36m[Knote: [m[Kcandidate: ‘[01m[KQDebug operator<<(QDebug, const QPixmap&)[m[K’
[5.303s]   259 | Q_GUI_EXPORT QDebug [01;36m[Koperator[m[K<<(QDebug, const QPixmap &);
[5.303s]       |                     [01;36m[K^~~~~~~~[m[K
[5.303s] [01m[K/usr/include/x86_64-linux-gnu/qt5/QtGui/qpixmap.h:259:32:[m[K [01;36m[Knote: [m[K  no known conversion for argument 1 from ‘[01m[Kstd::basic_ostream<char>[m[K’ to ‘[01m[KQDebug[m[K’
[5.303s]   259 | Q_GUI_EXPORT QDebug operator<<([01;36m[KQDebug[m[K, const QPixmap &);
[5.303s]       |                                [01;36m[K^~~~~~[m[K
[5.303s] In file included from [01m[K/usr/include/x86_64-linux-gnu/qt5/QtGui/qpalette.h:46[m[K,
[5.303s]                  from [01m[K/usr/include/x86_64-linux-gnu/qt5/QtWidgets/qwidget.h:48[m[K,
[5.303s]                  from [01m[K/usr/include/x86_64-linux-gnu/qt5/QtWidgets/qframe.h:44[m[K,
[5.303s]                  from [01m[K/usr/include/x86_64-linux-gnu/qt5/QtWidgets/qlabel.h:44[m[K,
[5.303s]                  from [01m[K/usr/include/x86_64-linux-gnu/qt5/QtWidgets/QLabel:1[m[K,
[5.304s]                  from [01m[K/home/shenhang/ros_study/chapter3/topic_practice_workspace/src/status_display/src/sys_status_display.cpp:2[m[K:
[5.304s] [01m[K/usr/include/x86_64-linux-gnu/qt5/QtGui/qbrush.h:144:27:[m[K [01;36m[Knote: [m[Kcandidate: ‘[01m[KQDataStream& operator<<(QDataStream&, const QBrush&)[m[K’
[5.304s]   144 | Q_GUI_EXPORT QDataStream &[01;36m[Koperator[m[K<<(QDataStream &, const QBrush &);
[5.304s]       |                           [01;36m[K^~~~~~~~[m[K
[5.304s] [01m[K/usr/include/x86_64-linux-gnu/qt5/QtGui/qbrush.h:144:38:[m[K [01;36m[Knote: [m[K  no known conversion for argument 1 from ‘[01m[Kstd::basic_ostream<char>[m[K’ to ‘[01m[KQDataStream&[m[K’
[5.304s]   144 | Q_GUI_EXPORT QDataStream &operator<<([01;36m[KQDataStream &[m[K, const QBrush &);
[5.304s]       |                                      [01;36m[K^~~~~~~~~~~~~[m[K
[5.304s] [01m[K/usr/include/x86_64-linux-gnu/qt5/QtGui/qbrush.h:149:21:[m[K [01;36m[Knote: [m[Kcandidate: ‘[01m[KQDebug operator<<(QDebug, const QBrush&)[m[K’
[5.304s]   149 | Q_GUI_EXPORT QDebug [01;36m[Koperator[m[K<<(QDebug, const QBrush &);
[5.305s]       |                     [01;36m[K^~~~~~~~[m[K
[5.305s] [01m[K/usr/include/x86_64-linux-gnu/qt5/QtGui/qbrush.h:149:32:[m[K [01;36m[Knote: [m[K  no known conversion for argument 1 from ‘[01m[Kstd::basic_ostream<char>[m[K’ to ‘[01m[KQDebug[m[K’
[5.305s]   149 | Q_GUI_EXPORT QDebug operator<<([01;36m[KQDebug[m[K, const QBrush &);
[5.305s]       |                                [01;36m[K^~~~~~[m[K
[5.305s] In file included from [01m[K/usr/include/x86_64-linux-gnu/qt5/QtWidgets/qwidget.h:48[m[K,
[5.305s]                  from [01m[K/usr/include/x86_64-linux-gnu/qt5/QtWidgets/qframe.h:44[m[K,
[5.305s]                  from [01m[K/usr/include/x86_64-linux-gnu/qt5/QtWidgets/qlabel.h:44[m[K,
[5.305s]                  from [01m[K/usr/include/x86_64-linux-gnu/qt5/QtWidgets/QLabel:1[m[K,
[5.305s]                  from [01m[K/home/shenhang/ros_study/chapter3/topic_practice_workspace/src/status_display/src/sys_status_display.cpp:2[m[K:
[5.305s] [01m[K/usr/include/x86_64-linux-gnu/qt5/QtGui/qpalette.h:212:27:[m[K [01;36m[Knote: [m[Kcandidate: ‘[01m[KQDataStream& operator<<(QDataStream&, const QPalette&)[m[K’
[5.306s]   212 | Q_GUI_EXPORT QDataStream &[01;36m[Koperator[m[K<<(QDataStream &ds, const QPalette &p);
[5.306s]       |                           [01;36m[K^~~~~~~~[m[K
[5.306s] [01m[K/usr/include/x86_64-linux-gnu/qt5/QtGui/qpalette.h:195:62:[m[K [01;36m[Knote: [m[K  no known conversion for argument 1 from ‘[01m[Kstd::basic_ostream<char>[m[K’ to ‘[01m[KQDataStream&[m[K’
[5.306s]   195 |     friend Q_GUI_EXPORT QDataStream &operator<<([01;36m[KQDataStream &s[m[K, const QPalette &p);
[5.306s]       |                                                 [01;36m[K~~~~~~~~~~~~~^[m[K
[5.306s] [01m[K/usr/include/x86_64-linux-gnu/qt5/QtGui/qpalette.h:217:21:[m[K [01;36m[Knote: [m[Kcandidate: ‘[01m[KQDebug operator<<(QDebug, const QPalette&)[m[K’
[5.306s]   217 | Q_GUI_EXPORT QDebug [01;36m[Koperator[m[K<<(QDebug, const QPalette &);
[5.306s]       |                     [01;36m[K^~~~~~~~[m[K
[5.306s] [01m[K/usr/include/x86_64-linux-gnu/qt5/QtGui/qpalette.h:217:32:[m[K [01;36m[Knote: [m[K  no known conversion for argument 1 from ‘[01m[Kstd::basic_ostream<char>[m[K’ to ‘[01m[KQDebug[m[K’
[5.306s]   217 | Q_GUI_EXPORT QDebug operator<<([01;36m[KQDebug[m[K, const QPalette &);
[5.306s]       |                                [01;36m[K^~~~~~[m[K
[5.307s] In file included from [01m[K/usr/include/x86_64-linux-gnu/qt5/QtWidgets/qwidget.h:49[m[K,
[5.307s]                  from [01m[K/usr/include/x86_64-linux-gnu/qt5/QtWidgets/qframe.h:44[m[K,
[5.307s]                  from [01m[K/usr/include/x86_64-linux-gnu/qt5/QtWidgets/qlabel.h:44[m[K,
[5.307s]                  from [01m[K/usr/include/x86_64-linux-gnu/qt5/QtWidgets/QLabel:1[m[K,
[5.307s]                  from [01m[K/home/shenhang/ros_study/chapter3/topic_practice_workspace/src/status_display/src/sys_status_display.cpp:2[m[K:
[5.307s] [01m[K/usr/include/x86_64-linux-gnu/qt5/QtGui/qfont.h:374:27:[m[K [01;36m[Knote: [m[Kcandidate: ‘[01m[KQDataStream& operator<<(QDataStream&, const QFont&)[m[K’
[5.307s]   374 | Q_GUI_EXPORT QDataStream &[01;36m[Koperator[m[K<<(QDataStream &, const QFont &);
[5.307s]       |                           [01;36m[K^~~~~~~~[m[K
[5.307s] [01m[K/usr/include/x86_64-linux-gnu/qt5/QtGui/qfont.h:336:49:[m[K [01;36m[Knote: [m[K  no known conversion for argument 1 from ‘[01m[Kstd::basic_ostream<char>[m[K’ to ‘[01m[KQDataStream&[m[K’
[5.307s]   336 |     friend Q_GUI_EXPORT QDataStream &operator<<([01;36m[KQDataStream &[m[K, const QFont &);
[5.307s]       |                                                 [01;36m[K^~~~~~~~~~~~~[m[K
[5.308s] [01m[K/usr/include/x86_64-linux-gnu/qt5/QtGui/qfont.h:379:21:[m[K [01;36m[Knote: [m[Kcandidate: ‘[01m[KQDebug operator<<(QDebug, const QFont&)[m[K’
[5.308s]   379 | Q_GUI_EXPORT QDebug [01;36m[Koperator[m[K<<(QDebug, const QFont &);
[5.308s]       |                     [01;36m[K^~~~~~~~[m[K
[5.308s] [01m[K/usr/include/x86_64-linux-gnu/qt5/QtGui/qfont.h:341:43:[m[K [01;36m[Knote: [m[K  no known conversion for argument 1 from ‘[01m[Kstd::basic_ostream<char>[m[K’ to ‘[01m[KQDebug[m[K’
[5.308s]   341 |     friend Q_GUI_EXPORT QDebug operator<<([01;36m[KQDebug[m[K, const QFont &);
[5.308s]       |                                           [01;36m[K^~~~~~[m[K
[5.308s] In file included from [01m[K/usr/include/x86_64-linux-gnu/qt5/QtWidgets/qwidget.h:52[m[K,
[5.308s]                  from [01m[K/usr/include/x86_64-linux-gnu/qt5/QtWidgets/qframe.h:44[m[K,
[5.308s]                  from [01m[K/usr/include/x86_64-linux-gnu/qt5/QtWidgets/qlabel.h:44[m[K,
[5.308s]                  from [01m[K/usr/include/x86_64-linux-gnu/qt5/QtWidgets/QLabel:1[m[K,
[5.308s]                  from [01m[K/home/shenhang/ros_study/chapter3/topic_practice_workspace/src/status_display/src/sys_status_display.cpp:2[m[K:
[5.309s] [01m[K/usr/include/x86_64-linux-gnu/qt5/QtWidgets/qsizepolicy.h:237:31:[m[K [01;36m[Knote: [m[Kcandidate: ‘[01m[KQDataStream& operator<<(QDataStream&, const QSizePolicy&)[m[K’
[5.309s]   237 | Q_WIDGETS_EXPORT QDataStream &[01;36m[Koperator[m[K<<(QDataStream &, const QSizePolicy &);
[5.309s]       |                               [01;36m[K^~~~~~~~[m[K
[5.309s] [01m[K/usr/include/x86_64-linux-gnu/qt5/QtWidgets/qsizepolicy.h:173:53:[m[K [01;36m[Knote: [m[K  no known conversion for argument 1 from ‘[01m[Kstd::basic_ostream<char>[m[K’ to ‘[01m[KQDataStream&[m[K’
[5.309s]   173 |     friend Q_WIDGETS_EXPORT QDataStream &operator<<([01;36m[KQDataStream &[m[K, const QSizePolicy &);
[5.309s]       |                                                     [01;36m[K^~~~~~~~~~~~~[m[K
[5.309s] [01m[K/usr/include/x86_64-linux-gnu/qt5/QtWidgets/qsizepolicy.h:242:25:[m[K [01;36m[Knote: [m[Kcandidate: ‘[01m[KQDebug operator<<(QDebug, const QSizePolicy&)[m[K’
[5.309s]   242 | Q_WIDGETS_EXPORT QDebug [01;36m[Koperator[m[K<<(QDebug dbg, const QSizePolicy &);
[5.309s]       |                         [01;36m[K^~~~~~~~[m[K
[5.309s] [01m[K/usr/include/x86_64-linux-gnu/qt5/QtWidgets/qsizepolicy.h:242:43:[m[K [01;36m[Knote: [m[K  no known conversion for argument 1 from ‘[01m[Kstd::basic_ostream<char>[m[K’ to ‘[01m[KQDebug[m[K’
[5.309s]   242 | Q_WIDGETS_EXPORT QDebug operator<<([01;36m[KQDebug dbg[m[K, const QSizePolicy &);
[5.310s]       |                                    [01;36m[K~~~~~~~^~~[m[K
[5.310s] In file included from [01m[K/usr/include/x86_64-linux-gnu/qt5/QtWidgets/qwidget.h:56[m[K,
[5.310s]                  from [01m[K/usr/include/x86_64-linux-gnu/qt5/QtWidgets/qframe.h:44[m[K,
[5.310s]                  from [01m[K/usr/include/x86_64-linux-gnu/qt5/QtWidgets/qlabel.h:44[m[K,
[5.310s]                  from [01m[K/usr/include/x86_64-linux-gnu/qt5/QtWidgets/QLabel:1[m[K,
[5.310s]                  from [01m[K/home/shenhang/ros_study/chapter3/topic_practice_workspace/src/status_display/src/sys_status_display.cpp:2[m[K:
[5.310s] [01m[K/usr/include/x86_64-linux-gnu/qt5/QtGui/qkeysequence.h:213:38:[m[K [01;36m[Knote: [m[Kcandidate: ‘[01m[KQDataStream& operator<<(QDataStream&, const QKeySequence&)[m[K’
[5.310s]   213 |     friend Q_GUI_EXPORT QDataStream &[01;36m[Koperator[m[K<<(QDataStream &in, const QKeySequence &ks);
[5.310s]       |                                      [01;36m[K^~~~~~~~[m[K
[5.310s] [01m[K/usr/include/x86_64-linux-gnu/qt5/QtGui/qkeysequence.h:58:51:[m[K [01;36m[Knote: [m[K  no known conversion for argument 1 from ‘[01m[Kstd::basic_ostream<char>[m[K’ to ‘[01m[KQDataStream&[m[K’
[5.311s]    58 | Q_GUI_EXPORT QDataStream &operator<<([01;36m[KQDataStream &in[m[K, const QKeySequence &ks);
[5.311s]       |                                      [01;36m[K~~~~~~~~~~~~~^~[m[K
[5.311s] [01m[K/usr/include/x86_64-linux-gnu/qt5/QtGui/qkeysequence.h:227:21:[m[K [01;36m[Knote: [m[Kcandidate: ‘[01m[KQDebug operator<<(QDebug, const QKeySequence&)[m[K’
[5.311s]   227 | Q_GUI_EXPORT QDebug [01;36m[Koperator[m[K<<(QDebug, const QKeySequence &);
[5.311s]       |                     [01;36m[K^~~~~~~~[m[K
[5.311s] [01m[K/usr/include/x86_64-linux-gnu/qt5/QtGui/qkeysequence.h:227:32:[m[K [01;36m[Knote: [m[K  no known conversion for argument 1 from ‘[01m[Kstd::basic_ostream<char>[m[K’ to ‘[01m[KQDebug[m[K’
[5.311s]   227 | Q_GUI_EXPORT QDebug operator<<([01;36m[KQDebug[m[K, const QKeySequence &);
[5.311s]       |                                [01;36m[K^~~~~~[m[K
[5.311s] In file included from [01m[K/usr/include/x86_64-linux-gnu/qt5/QtWidgets/qframe.h:44[m[K,
[5.311s]                  from [01m[K/usr/include/x86_64-linux-gnu/qt5/QtWidgets/qlabel.h:44[m[K,
[5.312s]                  from [01m[K/usr/include/x86_64-linux-gnu/qt5/QtWidgets/QLabel:1[m[K,
[5.312s]                  from [01m[K/home/shenhang/ros_study/chapter3/topic_practice_workspace/src/status_display/src/sys_status_display.cpp:2[m[K:
[5.312s] [01m[K/usr/include/x86_64-linux-gnu/qt5/QtWidgets/qwidget.h:891:25:[m[K [01;36m[Knote: [m[Kcandidate: ‘[01m[KQDebug operator<<(QDebug, const QWidget*)[m[K’
[5.312s]   891 | Q_WIDGETS_EXPORT QDebug [01;36m[Koperator[m[K<<(QDebug, const QWidget *);
[5.312s]       |                         [01;36m[K^~~~~~~~[m[K
[5.312s] [01m[K/usr/include/x86_64-linux-gnu/qt5/QtWidgets/qwidget.h:891:36:[m[K [01;36m[Knote: [m[K  no known conversion for argument 1 from ‘[01m[Kstd::basic_ostream<char>[m[K’ to ‘[01m[KQDebug[m[K’
[5.312s]   891 | Q_WIDGETS_EXPORT QDebug operator<<([01;36m[KQDebug[m[K, const QWidget *);
[5.312s]       |                                    [01;36m[K^~~~~~[m[K
[9.006s] gmake[2]: *** [CMakeFiles/sys_status_display_exe.dir/build.make:76：CMakeFiles/sys_status_display_exe.dir/src/sys_status_display.cpp.o] 错误 1
[9.006s] gmake[1]: *** [CMakeFiles/Makefile2:165：CMakeFiles/sys_status_display_exe.dir/all] 错误 2
[9.007s] gmake: *** [Makefile:146：all] 错误 2
[9.011s] Invoked command in '/home/shenhang/ros_study/chapter3/topic_practice_workspace/build/status_display' returned '2': CMAKE_PREFIX_PATH=/home/shenhang/ros_study/chapter3/topic_practice_workspace/install/status_interfaces:/home/shenhang/ros_study/chapter3/topic_practice_workspace/install/status_display:/home/shenhang/ros_study/chapter3/topic_practice_workspace/install/status_publisher:/opt/ros/humble /usr/bin/cmake --build /home/shenhang/ros_study/chapter3/topic_practice_workspace/build/status_display -- -j6 -l6
