[0.035s] Invoking command in '/home/shenhang/ros_study/chapter3/topic_practice_workspace/build/status_display': CMAKE_PREFIX_PATH=/home/shenhang/ros_study/chapter3/topic_practice_workspace/install/status_interfaces:/home/shenhang/ros_study/chapter3/topic_practice_workspace/install/status_display:/home/shenhang/ros_study/chapter3/topic_practice_workspace/install/status_publisher:/opt/ros/humble /usr/bin/cmake --build /home/shenhang/ros_study/chapter3/topic_practice_workspace/build/status_display -- -j6 -l6
[0.106s] [35m[1mConsolidate compiler generated dependencies of target sys_status_display_exe[0m
[0.116s] [ 50%] Built target hello_qt_exe
[0.154s] [ 75%] [32mBuilding CXX object CMakeFiles/sys_status_display_exe.dir/src/sys_status_display.cpp.o[0m
[4.946s] [01m[K/home/shenhang/ros_study/chapter3/topic_practice_workspace/src/status_display/src/sys_status_display.cpp:[m[K In member function ‘[01m[KQString SysStatusDisplay::get_qstr_from_msg(status_interfaces::msg::SystemStatus_<std::allocator<void> >::SharedPtr)[m[K’:
[4.946s] [01m[K/home/shenhang/ros_study/chapter3/topic_practice_workspace/src/status_display/src/sys_status_display.cpp:19:34:[m[K [01;31m[Kerror: [m[Kno match for ‘[01m[Koperator<<[m[K’ (operand types are ‘[01m[Kstd::basic_ostream<char>[m[K’ and ‘[01m[Kstatus_interfaces::msg::SystemStatus_<std::allocator<void> >::_stamp_type[m[K’ {aka ‘[01m[Kbuiltin_interfaces::msg::Time_<std::allocator<void> >[m[K’})
[4.946s]    18 |         [32m[Kshow_str << "==================系统状态显示======================\n"[m[K
[4.947s]       |         [32m[K~~~~~~~~~~~~~~~~~~~~~~~~~~~~~~~~~~~~~~~~~~~~~~~~~~~~~~~~~~~~~~~~~~~~[m[K
[4.947s]    19 | [32m[K                 << "数据时间: "[m[K [01;31m[K<<[m[K [34m[Kmsg->stamp[m[K << " s\n"
[4.947s]       |                  [32m[K~~~~~~~~~~~~~~~[m[K [01;31m[K^~[m[K [34m[K~~~~~~~~~~[m[K
[4.947s]       |                  [32m[K|[m[K                       [34m[K|[m[K
[4.947s]       |                  [32m[K|[m[K                       [34m[Kstatus_interfaces::msg::SystemStatus_<std::allocator<void> >::_stamp_type {aka builtin_interfaces::msg::Time_<std::allocator<void> >}[m[K
[4.948s]       |                  [32m[Kstd::basic_ostream<char>[m[K
[4.948s] In file included from [01m[K/usr/include/c++/11/iostream:39[m[K,
[4.948s]                  from [01m[K/opt/ros/humble/include/rclcpp/rclcpp/executor.hpp:22[m[K,
[4.948s]                  from [01m[K/opt/ros/humble/include/rclcpp/rclcpp/executors/multi_threaded_executor.hpp:25[m[K,
[4.948s]                  from [01m[K/opt/ros/humble/include/rclcpp/rclcpp/executors.hpp:21[m[K,
[4.948s]                  from [01m[K/opt/ros/humble/include/rclcpp/rclcpp/rclcpp.hpp:155[m[K,
[4.948s]                  from [01m[K/home/shenhang/ros_study/chapter3/topic_practice_workspace/src/status_display/src/sys_status_display.cpp:4[m[K:
[4.948s] [01m[K/usr/include/c++/11/ostream:108:7:[m[K [01;36m[Knote: [m[Kcandidate: ‘[01m[Kstd::basic_ostream<_CharT, _Traits>::__ostream_type& std::basic_ostream<_CharT, _Traits>::operator<<(std::basic_ostream<_CharT, _Traits>::__ostream_type& (*)(std::basic_ostream<_CharT, _Traits>::__ostream_type&)) [with _CharT = char; _Traits = std::char_traits<char>; std::basic_ostream<_CharT, _Traits>::__ostream_type = std::basic_ostream<char>][m[K’
[4.952s]   108 |       [01;36m[Koperator[m[K<<(__ostream_type& (*__pf)(__ostream_type&))
[4.952s]       |       [01;36m[K^~~~~~~~[m[K
[4.952s] [01m[K/usr/include/c++/11/ostream:108:36:[m[K [01;36m[Knote: [m[K  no known conversion for argument 1 from ‘[01m[Kstatus_interfaces::msg::SystemStatus_<std::allocator<void> >::_stamp_type[m[K’ {aka ‘[01m[Kbuiltin_interfaces::msg::Time_<std::allocator<void> >[m[K’} to ‘[01m[Kstd::basic_ostream<char>::__ostream_type& (*)(std::basic_ostream<char>::__ostream_type&)[m[K’ {aka ‘[01m[Kstd::basic_ostream<char>& (*)(std::basic_ostream<char>&)[m[K’}
[4.952s]   108 |       operator<<([01;36m[K__ostream_type& (*__pf)(__ostream_type&)[m[K)
[4.952s]       |                  [01;36m[K~~~~~~~~~~~~~~~~~~^~~~~~~~~~~~~~~~~~~~~~[m[K
[4.952s] [01m[K/usr/include/c++/11/ostream:117:7:[m[K [01;36m[Knote: [m[Kcandidate: ‘[01m[Kstd::basic_ostream<_CharT, _Traits>::__ostream_type& std::basic_ostream<_CharT, _Traits>::operator<<(std::basic_ostream<_CharT, _Traits>::__ios_type& (*)(std::basic_ostream<_CharT, _Traits>::__ios_type&)) [with _CharT = char; _Traits = std::char_traits<char>; std::basic_ostream<_CharT, _Traits>::__ostream_type = std::basic_ostream<char>; std::basic_ostream<_CharT, _Traits>::__ios_type = std::basic_ios<char>][m[K’
[4.953s]   117 |       [01;36m[Koperator[m[K<<(__ios_type& (*__pf)(__ios_type&))
[4.953s]       |       [01;36m[K^~~~~~~~[m[K
[4.954s] [01m[K/usr/include/c++/11/ostream:117:32:[m[K [01;36m[Knote: [m[K  no known conversion for argument 1 from ‘[01m[Kstatus_interfaces::msg::SystemStatus_<std::allocator<void> >::_stamp_type[m[K’ {aka ‘[01m[Kbuiltin_interfaces::msg::Time_<std::allocator<void> >[m[K’} to ‘[01m[Kstd::basic_ostream<char>::__ios_type& (*)(std::basic_ostream<char>::__ios_type&)[m[K’ {aka ‘[01m[Kstd::basic_ios<char>& (*)(std::basic_ios<char>&)[m[K’}
[4.955s]   117 |       operator<<([01;36m[K__ios_type& (*__pf)(__ios_type&)[m[K)
[4.955s]       |                  [01;36m[K~~~~~~~~~~~~~~^~~~~~~~~~~~~~~~~~[m[K
[4.955s] [01m[K/usr/include/c++/11/ostream:127:7:[m[K [01;36m[Knote: [m[Kcandidate: ‘[01m[Kstd::basic_ostream<_CharT, _Traits>::__ostream_type& std::basic_ostream<_CharT, _Traits>::operator<<(std::ios_base& (*)(std::ios_base&)) [with _CharT = char; _Traits = std::char_traits<char>; std::basic_ostream<_CharT, _Traits>::__ostream_type = std::basic_ostream<char>][m[K’
[4.955s]   127 |       [01;36m[Koperator[m[K<<(ios_base& (*__pf) (ios_base&))
[4.955s]       |       [01;36m[K^~~~~~~~[m[K
[4.955s] [01m[K/usr/include/c++/11/ostream:127:30:[m[K [01;36m[Knote: [m[K  no known conversion for argument 1 from ‘[01m[Kstatus_interfaces::msg::SystemStatus_<std::allocator<void> >::_stamp_type[m[K’ {aka ‘[01m[Kbuiltin_interfaces::msg::Time_<std::allocator<void> >[m[K’} to ‘[01m[Kstd::ios_base& (*)(std::ios_base&)[m[K’
[4.955s]   127 |       operator<<([01;36m[Kios_base& (*__pf) (ios_base&)[m[K)
[4.955s]       |                  [01;36m[K~~~~~~~~~~~~^~~~~~~~~~~~~~~~~[m[K
[4.956s] [01m[K/usr/include/c++/11/ostream:166:7:[m[K [01;36m[Knote: [m[Kcandidate: ‘[01m[Kstd::basic_ostream<_CharT, _Traits>::__ostream_type& std::basic_ostream<_CharT, _Traits>::operator<<(long int) [with _CharT = char; _Traits = std::char_traits<char>; std::basic_ostream<_CharT, _Traits>::__ostream_type = std::basic_ostream<char>][m[K’
[4.956s]   166 |       [01;36m[Koperator[m[K<<(long __n)
[4.956s]       |       [01;36m[K^~~~~~~~[m[K
[4.956s] [01m[K/usr/include/c++/11/ostream:166:23:[m[K [01;36m[Knote: [m[K  no known conversion for argument 1 from ‘[01m[Kstatus_interfaces::msg::SystemStatus_<std::allocator<void> >::_stamp_type[m[K’ {aka ‘[01m[Kbuiltin_interfaces::msg::Time_<std::allocator<void> >[m[K’} to ‘[01m[Klong int[m[K’
[4.956s]   166 |       operator<<([01;36m[Klong __n[m[K)
[4.956s]       |                  [01;36m[K~~~~~^~~[m[K
[4.956s] [01m[K/usr/include/c++/11/ostream:170:7:[m[K [01;36m[Knote: [m[Kcandidate: ‘[01m[Kstd::basic_ostream<_CharT, _Traits>::__ostream_type& std::basic_ostream<_CharT, _Traits>::operator<<(long unsigned int) [with _CharT = char; _Traits = std::char_traits<char>; std::basic_ostream<_CharT, _Traits>::__ostream_type = std::basic_ostream<char>][m[K’
[4.956s]   170 |       [01;36m[Koperator[m[K<<(unsigned long __n)
[4.956s]       |       [01;36m[K^~~~~~~~[m[K
[4.956s] [01m[K/usr/include/c++/11/ostream:170:32:[m[K [01;36m[Knote: [m[K  no known conversion for argument 1 from ‘[01m[Kstatus_interfaces::msg::SystemStatus_<std::allocator<void> >::_stamp_type[m[K’ {aka ‘[01m[Kbuiltin_interfaces::msg::Time_<std::allocator<void> >[m[K’} to ‘[01m[Klong unsigned int[m[K’
[4.956s]   170 |       operator<<([01;36m[Kunsigned long __n[m[K)
[4.957s]       |                  [01;36m[K~~~~~~~~~~~~~~^~~[m[K
[4.957s] [01m[K/usr/include/c++/11/ostream:174:7:[m[K [01;36m[Knote: [m[Kcandidate: ‘[01m[Kstd::basic_ostream<_CharT, _Traits>::__ostream_type& std::basic_ostream<_CharT, _Traits>::operator<<(bool) [with _CharT = char; _Traits = std::char_traits<char>; std::basic_ostream<_CharT, _Traits>::__ostream_type = std::basic_ostream<char>][m[K’
[4.957s]   174 |       [01;36m[Koperator[m[K<<(bool __n)
[4.957s]       |       [01;36m[K^~~~~~~~[m[K
[4.957s] [01m[K/usr/include/c++/11/ostream:174:23:[m[K [01;36m[Knote: [m[K  no known conversion for argument 1 from ‘[01m[Kstatus_interfaces::msg::SystemStatus_<std::allocator<void> >::_stamp_type[m[K’ {aka ‘[01m[Kbuiltin_interfaces::msg::Time_<std::allocator<void> >[m[K’} to ‘[01m[Kbool[m[K’
[4.957s]   174 |       operator<<([01;36m[Kbool __n[m[K)
[4.957s]       |                  [01;36m[K~~~~~^~~[m[K
[4.957s] In file included from [01m[K/usr/include/c++/11/ostream:829[m[K,
[4.958s]                  from [01m[K/usr/include/c++/11/iostream:39[m[K,
[4.958s]                  from [01m[K/opt/ros/humble/include/rclcpp/rclcpp/executor.hpp:22[m[K,
[4.958s]                  from [01m[K/opt/ros/humble/include/rclcpp/rclcpp/executors/multi_threaded_executor.hpp:25[m[K,
[4.958s]                  from [01m[K/opt/ros/humble/include/rclcpp/rclcpp/executors.hpp:21[m[K,
[4.958s]                  from [01m[K/opt/ros/humble/include/rclcpp/rclcpp/rclcpp.hpp:155[m[K,
[4.958s]                  from [01m[K/home/shenhang/ros_study/chapter3/topic_practice_workspace/src/status_display/src/sys_status_display.cpp:4[m[K:
[4.959s] [01m[K/usr/include/c++/11/bits/ostream.tcc:91:5:[m[K [01;36m[Knote: [m[Kcandidate: ‘[01m[Kstd::basic_ostream<_CharT, _Traits>& std::basic_ostream<_CharT, _Traits>::operator<<(short int) [with _CharT = char; _Traits = std::char_traits<char>][m[K’
[4.959s]    91 |     [01;36m[Kbasic_ostream<_CharT, _Traits>[m[K::
[4.959s]       |     [01;36m[K^~~~~~~~~~~~~~~~~~~~~~~~~~~~~~[m[K
[4.959s] [01m[K/usr/include/c++/11/bits/ostream.tcc:92:22:[m[K [01;36m[Knote: [m[K  no known conversion for argument 1 from ‘[01m[Kstatus_interfaces::msg::SystemStatus_<std::allocator<void> >::_stamp_type[m[K’ {aka ‘[01m[Kbuiltin_interfaces::msg::Time_<std::allocator<void> >[m[K’} to ‘[01m[Kshort int[m[K’
[4.959s]    92 |     operator<<([01;36m[Kshort __n[m[K)
[4.959s]       |                [01;36m[K~~~~~~^~~[m[K
[4.959s] In file included from [01m[K/usr/include/c++/11/iostream:39[m[K,
[4.960s]                  from [01m[K/opt/ros/humble/include/rclcpp/rclcpp/executor.hpp:22[m[K,
[4.960s]                  from [01m[K/opt/ros/humble/include/rclcpp/rclcpp/executors/multi_threaded_executor.hpp:25[m[K,
[4.960s]                  from [01m[K/opt/ros/humble/include/rclcpp/rclcpp/executors.hpp:21[m[K,
[4.960s]                  from [01m[K/opt/ros/humble/include/rclcpp/rclcpp/rclcpp.hpp:155[m[K,
[4.961s]                  from [01m[K/home/shenhang/ros_study/chapter3/topic_practice_workspace/src/status_display/src/sys_status_display.cpp:4[m[K:
[4.961s] [01m[K/usr/include/c++/11/ostream:181:7:[m[K [01;36m[Knote: [m[Kcandidate: ‘[01m[Kstd::basic_ostream<_CharT, _Traits>::__ostream_type& std::basic_ostream<_CharT, _Traits>::operator<<(short unsigned int) [with _CharT = char; _Traits = std::char_traits<char>; std::basic_ostream<_CharT, _Traits>::__ostream_type = std::basic_ostream<char>][m[K’
[4.961s]   181 |       [01;36m[Koperator[m[K<<(unsigned short __n)
[4.962s]       |       [01;36m[K^~~~~~~~[m[K
[4.962s] [01m[K/usr/include/c++/11/ostream:181:33:[m[K [01;36m[Knote: [m[K  no known conversion for argument 1 from ‘[01m[Kstatus_interfaces::msg::SystemStatus_<std::allocator<void> >::_stamp_type[m[K’ {aka ‘[01m[Kbuiltin_interfaces::msg::Time_<std::allocator<void> >[m[K’} to ‘[01m[Kshort unsigned int[m[K’
[4.962s]   181 |       operator<<([01;36m[Kunsigned short __n[m[K)
[4.962s]       |                  [01;36m[K~~~~~~~~~~~~~~~^~~[m[K
[4.962s] In file included from [01m[K/usr/include/c++/11/ostream:829[m[K,
[4.962s]                  from [01m[K/usr/include/c++/11/iostream:39[m[K,
[4.962s]                  from [01m[K/opt/ros/humble/include/rclcpp/rclcpp/executor.hpp:22[m[K,
[4.962s]                  from [01m[K/opt/ros/humble/include/rclcpp/rclcpp/executors/multi_threaded_executor.hpp:25[m[K,
[4.963s]                  from [01m[K/opt/ros/humble/include/rclcpp/rclcpp/executors.hpp:21[m[K,
[4.963s]                  from [01m[K/opt/ros/humble/include/rclcpp/rclcpp/rclcpp.hpp:155[m[K,
[4.963s]                  from [01m[K/home/shenhang/ros_study/chapter3/topic_practice_workspace/src/status_display/src/sys_status_display.cpp:4[m[K:
[4.963s] [01m[K/usr/include/c++/11/bits/ostream.tcc:105:5:[m[K [01;36m[Knote: [m[Kcandidate: ‘[01m[Kstd::basic_ostream<_CharT, _Traits>& std::basic_ostream<_CharT, _Traits>::operator<<(int) [with _CharT = char; _Traits = std::char_traits<char>][m[K’
[4.963s]   105 |     [01;36m[Kbasic_ostream<_CharT, _Traits>[m[K::
[4.963s]       |     [01;36m[K^~~~~~~~~~~~~~~~~~~~~~~~~~~~~~[m[K
[4.963s] [01m[K/usr/include/c++/11/bits/ostream.tcc:106:20:[m[K [01;36m[Knote: [m[K  no known conversion for argument 1 from ‘[01m[Kstatus_interfaces::msg::SystemStatus_<std::allocator<void> >::_stamp_type[m[K’ {aka ‘[01m[Kbuiltin_interfaces::msg::Time_<std::allocator<void> >[m[K’} to ‘[01m[Kint[m[K’
[4.963s]   106 |     operator<<([01;36m[Kint __n[m[K)
[4.963s]       |                [01;36m[K~~~~^~~[m[K
[4.963s] In file included from [01m[K/usr/include/c++/11/iostream:39[m[K,
[4.964s]                  from [01m[K/opt/ros/humble/include/rclcpp/rclcpp/executor.hpp:22[m[K,
[4.964s]                  from [01m[K/opt/ros/humble/include/rclcpp/rclcpp/executors/multi_threaded_executor.hpp:25[m[K,
[4.964s]                  from [01m[K/opt/ros/humble/include/rclcpp/rclcpp/executors.hpp:21[m[K,
[4.964s]                  from [01m[K/opt/ros/humble/include/rclcpp/rclcpp/rclcpp.hpp:155[m[K,
[4.964s]                  from [01m[K/home/shenhang/ros_study/chapter3/topic_practice_workspace/src/status_display/src/sys_status_display.cpp:4[m[K:
[4.964s] [01m[K/usr/include/c++/11/ostream:192:7:[m[K [01;36m[Knote: [m[Kcandidate: ‘[01m[Kstd::basic_ostream<_CharT, _Traits>::__ostream_type& std::basic_ostream<_CharT, _Traits>::operator<<(unsigned int) [with _CharT = char; _Traits = std::char_traits<char>; std::basic_ostream<_CharT, _Traits>::__ostream_type = std::basic_ostream<char>][m[K’
[4.964s]   192 |       [01;36m[Koperator[m[K<<(unsigned int __n)
[4.964s]       |       [01;36m[K^~~~~~~~[m[K
[4.964s] [01m[K/usr/include/c++/11/ostream:192:31:[m[K [01;36m[Knote: [m[K  no known conversion for argument 1 from ‘[01m[Kstatus_interfaces::msg::SystemStatus_<std::allocator<void> >::_stamp_type[m[K’ {aka ‘[01m[Kbuiltin_interfaces::msg::Time_<std::allocator<void> >[m[K’} to ‘[01m[Kunsigned int[m[K’
[4.965s]   192 |       operator<<([01;36m[Kunsigned int __n[m[K)
[4.965s]       |                  [01;36m[K~~~~~~~~~~~~~^~~[m[K
[4.965s] [01m[K/usr/include/c++/11/ostream:201:7:[m[K [01;36m[Knote: [m[Kcandidate: ‘[01m[Kstd::basic_ostream<_CharT, _Traits>::__ostream_type& std::basic_ostream<_CharT, _Traits>::operator<<(long long int) [with _CharT = char; _Traits = std::char_traits<char>; std::basic_ostream<_CharT, _Traits>::__ostream_type = std::basic_ostream<char>][m[K’
[4.965s]   201 |       [01;36m[Koperator[m[K<<(long long __n)
[4.965s]       |       [01;36m[K^~~~~~~~[m[K
[4.965s] [01m[K/usr/include/c++/11/ostream:201:28:[m[K [01;36m[Knote: [m[K  no known conversion for argument 1 from ‘[01m[Kstatus_interfaces::msg::SystemStatus_<std::allocator<void> >::_stamp_type[m[K’ {aka ‘[01m[Kbuiltin_interfaces::msg::Time_<std::allocator<void> >[m[K’} to ‘[01m[Klong long int[m[K’
[4.965s]   201 |       operator<<([01;36m[Klong long __n[m[K)
[4.965s]       |                  [01;36m[K~~~~~~~~~~^~~[m[K
[4.965s] [01m[K/usr/include/c++/11/ostream:205:7:[m[K [01;36m[Knote: [m[Kcandidate: ‘[01m[Kstd::basic_ostream<_CharT, _Traits>::__ostream_type& std::basic_ostream<_CharT, _Traits>::operator<<(long long unsigned int) [with _CharT = char; _Traits = std::char_traits<char>; std::basic_ostream<_CharT, _Traits>::__ostream_type = std::basic_ostream<char>][m[K’
[4.966s]   205 |       [01;36m[Koperator[m[K<<(unsigned long long __n)
[4.966s]       |       [01;36m[K^~~~~~~~[m[K
[4.966s] [01m[K/usr/include/c++/11/ostream:205:37:[m[K [01;36m[Knote: [m[K  no known conversion for argument 1 from ‘[01m[Kstatus_interfaces::msg::SystemStatus_<std::allocator<void> >::_stamp_type[m[K’ {aka ‘[01m[Kbuiltin_interfaces::msg::Time_<std::allocator<void> >[m[K’} to ‘[01m[Klong long unsigned int[m[K’
[4.966s]   205 |       operator<<([01;36m[Kunsigned long long __n[m[K)
[4.966s]       |                  [01;36m[K~~~~~~~~~~~~~~~~~~~^~~[m[K
[4.966s] [01m[K/usr/include/c++/11/ostream:220:7:[m[K [01;36m[Knote: [m[Kcandidate: ‘[01m[Kstd::basic_ostream<_CharT, _Traits>::__ostream_type& std::basic_ostream<_CharT, _Traits>::operator<<(double) [with _CharT = char; _Traits = std::char_traits<char>; std::basic_ostream<_CharT, _Traits>::__ostream_type = std::basic_ostream<char>][m[K’
[4.966s]   220 |       [01;36m[Koperator[m[K<<(double __f)
[4.966s]       |       [01;36m[K^~~~~~~~[m[K
[4.966s] [01m[K/usr/include/c++/11/ostream:220:25:[m[K [01;36m[Knote: [m[K  no known conversion for argument 1 from ‘[01m[Kstatus_interfaces::msg::SystemStatus_<std::allocator<void> >::_stamp_type[m[K’ {aka ‘[01m[Kbuiltin_interfaces::msg::Time_<std::allocator<void> >[m[K’} to ‘[01m[Kdouble[m[K’
[4.966s]   220 |       operator<<([01;36m[Kdouble __f[m[K)
[4.966s]       |                  [01;36m[K~~~~~~~^~~[m[K
[4.967s] [01m[K/usr/include/c++/11/ostream:224:7:[m[K [01;36m[Knote: [m[Kcandidate: ‘[01m[Kstd::basic_ostream<_CharT, _Traits>::__ostream_type& std::basic_ostream<_CharT, _Traits>::operator<<(float) [with _CharT = char; _Traits = std::char_traits<char>; std::basic_ostream<_CharT, _Traits>::__ostream_type = std::basic_ostream<char>][m[K’
[4.967s]   224 |       [01;36m[Koperator[m[K<<(float __f)
[4.967s]       |       [01;36m[K^~~~~~~~[m[K
[4.967s] [01m[K/usr/include/c++/11/ostream:224:24:[m[K [01;36m[Knote: [m[K  no known conversion for argument 1 from ‘[01m[Kstatus_interfaces::msg::SystemStatus_<std::allocator<void> >::_stamp_type[m[K’ {aka ‘[01m[Kbuiltin_interfaces::msg::Time_<std::allocator<void> >[m[K’} to ‘[01m[Kfloat[m[K’
[4.967s]   224 |       operator<<([01;36m[Kfloat __f[m[K)
[4.967s]       |                  [01;36m[K~~~~~~^~~[m[K
[4.967s] [01m[K/usr/include/c++/11/ostream:232:7:[m[K [01;36m[Knote: [m[Kcandidate: ‘[01m[Kstd::basic_ostream<_CharT, _Traits>::__ostream_type& std::basic_ostream<_CharT, _Traits>::operator<<(long double) [with _CharT = char; _Traits = std::char_traits<char>; std::basic_ostream<_CharT, _Traits>::__ostream_type = std::basic_ostream<char>][m[K’
[4.967s]   232 |       [01;36m[Koperator[m[K<<(long double __f)
[4.967s]       |       [01;36m[K^~~~~~~~[m[K
[4.967s] [01m[K/usr/include/c++/11/ostream:232:30:[m[K [01;36m[Knote: [m[K  no known conversion for argument 1 from ‘[01m[Kstatus_interfaces::msg::SystemStatus_<std::allocator<void> >::_stamp_type[m[K’ {aka ‘[01m[Kbuiltin_interfaces::msg::Time_<std::allocator<void> >[m[K’} to ‘[01m[Klong double[m[K’
[4.968s]   232 |       operator<<([01;36m[Klong double __f[m[K)
[4.968s]       |                  [01;36m[K~~~~~~~~~~~~^~~[m[K
[4.968s] [01m[K/usr/include/c++/11/ostream:245:7:[m[K [01;36m[Knote: [m[Kcandidate: ‘[01m[Kstd::basic_ostream<_CharT, _Traits>::__ostream_type& std::basic_ostream<_CharT, _Traits>::operator<<(const void*) [with _CharT = char; _Traits = std::char_traits<char>; std::basic_ostream<_CharT, _Traits>::__ostream_type = std::basic_ostream<char>][m[K’
[4.968s]   245 |       [01;36m[Koperator[m[K<<(const void* __p)
[4.969s]       |       [01;36m[K^~~~~~~~[m[K
[4.969s] [01m[K/usr/include/c++/11/ostream:245:30:[m[K [01;36m[Knote: [m[K  no known conversion for argument 1 from ‘[01m[Kstatus_interfaces::msg::SystemStatus_<std::allocator<void> >::_stamp_type[m[K’ {aka ‘[01m[Kbuiltin_interfaces::msg::Time_<std::allocator<void> >[m[K’} to ‘[01m[Kconst void*[m[K’
[4.969s]   245 |       operator<<([01;36m[Kconst void* __p[m[K)
[4.969s]       |                  [01;36m[K~~~~~~~~~~~~^~~[m[K
[4.969s] [01m[K/usr/include/c++/11/ostream:250:7:[m[K [01;36m[Knote: [m[Kcandidate: ‘[01m[Kstd::basic_ostream<_CharT, _Traits>::__ostream_type& std::basic_ostream<_CharT, _Traits>::operator<<(std::nullptr_t) [with _CharT = char; _Traits = std::char_traits<char>; std::basic_ostream<_CharT, _Traits>::__ostream_type = std::basic_ostream<char>; std::nullptr_t = std::nullptr_t][m[K’
[4.969s]   250 |       [01;36m[Koperator[m[K<<(nullptr_t)
[4.969s]       |       [01;36m[K^~~~~~~~[m[K
[4.969s] [01m[K/usr/include/c++/11/ostream:250:18:[m[K [01;36m[Knote: [m[K  no known conversion for argument 1 from ‘[01m[Kstatus_interfaces::msg::SystemStatus_<std::allocator<void> >::_stamp_type[m[K’ {aka ‘[01m[Kbuiltin_interfaces::msg::Time_<std::allocator<void> >[m[K’} to ‘[01m[Kstd::nullptr_t[m[K’
[4.969s]   250 |       operator<<([01;36m[Knullptr_t[m[K)
[4.969s]       |                  [01;36m[K^~~~~~~~~[m[K
[4.970s] In file included from [01m[K/usr/include/c++/11/ostream:829[m[K,
[4.970s]                  from [01m[K/usr/include/c++/11/iostream:39[m[K,
[4.971s]                  from [01m[K/opt/ros/humble/include/rclcpp/rclcpp/executor.hpp:22[m[K,
[4.971s]                  from [01m[K/opt/ros/humble/include/rclcpp/rclcpp/executors/multi_threaded_executor.hpp:25[m[K,
[4.971s]                  from [01m[K/opt/ros/humble/include/rclcpp/rclcpp/executors.hpp:21[m[K,
[4.971s]                  from [01m[K/opt/ros/humble/include/rclcpp/rclcpp/rclcpp.hpp:155[m[K,
[4.971s]                  from [01m[K/home/shenhang/ros_study/chapter3/topic_practice_workspace/src/status_display/src/sys_status_display.cpp:4[m[K:
[4.971s] [01m[K/usr/include/c++/11/bits/ostream.tcc:119:5:[m[K [01;36m[Knote: [m[Kcandidate: ‘[01m[Kstd::basic_ostream<_CharT, _Traits>& std::basic_ostream<_CharT, _Traits>::operator<<(std::basic_ostream<_CharT, _Traits>::__streambuf_type*) [with _CharT = char; _Traits = std::char_traits<char>; std::basic_ostream<_CharT, _Traits>::__streambuf_type = std::basic_streambuf<char>][m[K’
[4.971s]   119 |     [01;36m[Kbasic_ostream<_CharT, _Traits>[m[K::
[4.971s]       |     [01;36m[K^~~~~~~~~~~~~~~~~~~~~~~~~~~~~~[m[K
[4.971s] [01m[K/usr/include/c++/11/bits/ostream.tcc:120:34:[m[K [01;36m[Knote: [m[K  no known conversion for argument 1 from ‘[01m[Kstatus_interfaces::msg::SystemStatus_<std::allocator<void> >::_stamp_type[m[K’ {aka ‘[01m[Kbuiltin_interfaces::msg::Time_<std::allocator<void> >[m[K’} to ‘[01m[Kstd::basic_ostream<char>::__streambuf_type*[m[K’ {aka ‘[01m[Kstd::basic_streambuf<char>*[m[K’}
[4.971s]   120 |     operator<<([01;36m[K__streambuf_type* __sbin[m[K)
[4.971s]       |                [01;36m[K~~~~~~~~~~~~~~~~~~^~~~~~[m[K
[4.971s] In file included from [01m[K/usr/include/x86_64-linux-gnu/qt5/QtGui/qregion.h:49[m[K,
[4.971s]                  from [01m[K/usr/include/x86_64-linux-gnu/qt5/QtGui/qmatrix.h:45[m[K,
[4.972s]                  from [01m[K/usr/include/x86_64-linux-gnu/qt5/QtGui/qbrush.h:49[m[K,
[4.972s]                  from [01m[K/usr/include/x86_64-linux-gnu/qt5/QtGui/qpalette.h:46[m[K,
[4.972s]                  from [01m[K/usr/include/x86_64-linux-gnu/qt5/QtWidgets/qwidget.h:48[m[K,
[4.972s]                  from [01m[K/usr/include/x86_64-linux-gnu/qt5/QtWidgets/qframe.h:44[m[K,
[4.972s]                  from [01m[K/usr/include/x86_64-linux-gnu/qt5/QtWidgets/qlabel.h:44[m[K,
[4.972s]                  from [01m[K/usr/include/x86_64-linux-gnu/qt5/QtWidgets/QLabel:1[m[K,
[4.972s]                  from [01m[K/home/shenhang/ros_study/chapter3/topic_practice_workspace/src/status_display/src/sys_status_display.cpp:2[m[K:
[4.972s] [01m[K/usr/include/x86_64-linux-gnu/qt5/QtCore/qdatastream.h:405:21:[m[K [01;36m[Knote: [m[Kcandidate: ‘[01m[Ktemplate<class E> QDataStream& operator<<(QDataStream&, QFlags<T>)[m[K’
[4.973s]   405 | inline QDataStream &[01;36m[Koperator[m[K<<(QDataStream &s, QFlags<Enum> e)
[4.973s]       |                     [01;36m[K^~~~~~~~[m[K
[4.973s] [01m[K/usr/include/x86_64-linux-gnu/qt5/QtCore/qdatastream.h:405:21:[m[K [01;36m[Knote: [m[K  template argument deduction/substitution failed:
[4.973s] [01m[K/home/shenhang/ros_study/chapter3/topic_practice_workspace/src/status_display/src/sys_status_display.cpp:19:42:[m[K [01;36m[Knote: [m[K  ‘[01m[Kbuiltin_interfaces::msg::Time_<std::allocator<void> >[m[K’ is not derived from ‘[01m[KQFlags<T>[m[K’
[4.973s]    19 |                  << "数据时间: " << msg->[01;36m[Kstamp[m[K << " s\n"
[4.973s]       |                                          [01;36m[K^~~~~[m[K
[4.973s] In file included from [01m[K/usr/include/x86_64-linux-gnu/qt5/QtGui/qregion.h:49[m[K,
[4.974s]                  from [01m[K/usr/include/x86_64-linux-gnu/qt5/QtGui/qmatrix.h:45[m[K,
[4.974s]                  from [01m[K/usr/include/x86_64-linux-gnu/qt5/QtGui/qbrush.h:49[m[K,
[4.974s]                  from [01m[K/usr/include/x86_64-linux-gnu/qt5/QtGui/qpalette.h:46[m[K,
[4.974s]                  from [01m[K/usr/include/x86_64-linux-gnu/qt5/QtWidgets/qwidget.h:48[m[K,
[4.974s]                  from [01m[K/usr/include/x86_64-linux-gnu/qt5/QtWidgets/qframe.h:44[m[K,
[4.974s]                  from [01m[K/usr/include/x86_64-linux-gnu/qt5/QtWidgets/qlabel.h:44[m[K,
[4.974s]                  from [01m[K/usr/include/x86_64-linux-gnu/qt5/QtWidgets/QLabel:1[m[K,
[4.974s]                  from [01m[K/home/shenhang/ros_study/chapter3/topic_practice_workspace/src/status_display/src/sys_status_display.cpp:2[m[K:
[4.975s] [01m[K/usr/include/x86_64-linux-gnu/qt5/QtCore/qdatastream.h:414:1:[m[K [01;36m[Knote: [m[Kcandidate: ‘[01m[Ktemplate<class T> typename std::enable_if<std::is_enum<_Tp>::value, QDataStream&>::type& operator<<(QDataStream&, const T&)[m[K’
[4.975s]   414 | [01;36m[Koperator[m[K<<(QDataStream &s, const T &t)
[4.975s]       | [01;36m[K^~~~~~~~[m[K
[4.975s] [01m[K/usr/include/x86_64-linux-gnu/qt5/QtCore/qdatastream.h:414:1:[m[K [01;36m[Knote: [m[K  template argument deduction/substitution failed:
[4.975s] [01m[K/home/shenhang/ros_study/chapter3/topic_practice_workspace/src/status_display/src/sys_status_display.cpp:19:18:[m[K [01;36m[Knote: [m[K  cannot convert ‘[01m[Kstd::operator<< <std::char_traits<char> >((* & std::operator<< <std::char_traits<char> >(show_str.std::__cxx11::basic_stringstream<char>::<anonymous>.std::basic_iostream<char>::<anonymous>, ((const char*)"==================\37777777747\37777777663\37777777673\37777777747\37777777673\37777777637\37777777747\37777777612\37777777666\37777777746\37777777600\37777777601\37777777746\37777777630\37777777676\37777777747\37777777644\37777777672======================\012"))), ((const char*)"\37777777746\37777777625\37777777660\37777777746\37777777615\37777777656\37777777746\37777777627\37777777666\37777777751\37777777627\37777777664: "))[m[K’ (type ‘[01m[Kstd::basic_ostream<char>[m[K’) to type ‘[01m[KQDataStream&[m[K’
[4.976s]    18 |         [01;36m[Kshow_str << "==================系统状态显示======================\n"[m[K
[4.976s]       |         [01;36m[K~~~~~~~~~~~~~~~~~~~~~~~~~~~~~~~~~~~~~~~~~~~~~~~~~~~~~~~~~~~~~~~~~~~~[m[K
[4.976s]    19 | [01;36m[K                 << "数据时间: "[m[K << msg->stamp << " s\n"
[4.976s]       |                  [01;36m[K^~~~~~~~~~~~~~~[m[K
[4.976s] In file included from [01m[K/usr/include/x86_64-linux-gnu/qt5/QtGui/qregion.h:49[m[K,
[4.976s]                  from [01m[K/usr/include/x86_64-linux-gnu/qt5/QtGui/qmatrix.h:45[m[K,
[4.976s]                  from [01m[K/usr/include/x86_64-linux-gnu/qt5/QtGui/qbrush.h:49[m[K,
[4.976s]                  from [01m[K/usr/include/x86_64-linux-gnu/qt5/QtGui/qpalette.h:46[m[K,
[4.976s]                  from [01m[K/usr/include/x86_64-linux-gnu/qt5/QtWidgets/qwidget.h:48[m[K,
[4.976s]                  from [01m[K/usr/include/x86_64-linux-gnu/qt5/QtWidgets/qframe.h:44[m[K,
[4.976s]                  from [01m[K/usr/include/x86_64-linux-gnu/qt5/QtWidgets/qlabel.h:44[m[K,
[4.977s]                  from [01m[K/usr/include/x86_64-linux-gnu/qt5/QtWidgets/QLabel:1[m[K,
[4.977s]                  from [01m[K/home/shenhang/ros_study/chapter3/topic_practice_workspace/src/status_display/src/sys_status_display.cpp:2[m[K:
[4.977s] [01m[K/usr/include/x86_64-linux-gnu/qt5/QtCore/qdatastream.h:429:21:[m[K [01;36m[Knote: [m[Kcandidate: ‘[01m[Ktemplate<class T> QDataStream& operator<<(QDataStream&, const QList<T>&)[m[K’
[4.977s]   429 | inline QDataStream &[01;36m[Koperator[m[K<<(QDataStream &s, const QList<T> &l)
[4.977s]       |                     [01;36m[K^~~~~~~~[m[K
[4.977s] [01m[K/usr/include/x86_64-linux-gnu/qt5/QtCore/qdatastream.h:429:21:[m[K [01;36m[Knote: [m[K  template argument deduction/substitution failed:
[4.977s] [01m[K/home/shenhang/ros_study/chapter3/topic_practice_workspace/src/status_display/src/sys_status_display.cpp:19:42:[m[K [01;36m[Knote: [m[K  ‘[01m[Kstatus_interfaces::msg::SystemStatus_<std::allocator<void> >::_stamp_type[m[K’ {aka ‘[01m[Kbuiltin_interfaces::msg::Time_<std::allocator<void> >[m[K’} is not derived from ‘[01m[Kconst QList<T>[m[K’
[4.977s]    19 |                  << "数据时间: " << msg->[01;36m[Kstamp[m[K << " s\n"
[4.977s]       |                                          [01;36m[K^~~~~[m[K
[4.977s] In file included from [01m[K/usr/include/x86_64-linux-gnu/qt5/QtGui/qregion.h:49[m[K,
[4.977s]                  from [01m[K/usr/include/x86_64-linux-gnu/qt5/QtGui/qmatrix.h:45[m[K,
[4.978s]                  from [01m[K/usr/include/x86_64-linux-gnu/qt5/QtGui/qbrush.h:49[m[K,
[4.978s]                  from [01m[K/usr/include/x86_64-linux-gnu/qt5/QtGui/qpalette.h:46[m[K,
[4.978s]                  from [01m[K/usr/include/x86_64-linux-gnu/qt5/QtWidgets/qwidget.h:48[m[K,
[4.978s]                  from [01m[K/usr/include/x86_64-linux-gnu/qt5/QtWidgets/qframe.h:44[m[K,
[4.978s]                  from [01m[K/usr/include/x86_64-linux-gnu/qt5/QtWidgets/qlabel.h:44[m[K,
[4.978s]                  from [01m[K/usr/include/x86_64-linux-gnu/qt5/QtWidgets/QLabel:1[m[K,
[4.978s]                  from [01m[K/home/shenhang/ros_study/chapter3/topic_practice_workspace/src/status_display/src/sys_status_display.cpp:2[m[K:
[4.978s] [01m[K/usr/include/x86_64-linux-gnu/qt5/QtCore/qdatastream.h:441:21:[m[K [01;36m[Knote: [m[Kcandidate: ‘[01m[Ktemplate<class T> QDataStream& operator<<(QDataStream&, const QVector<T>&)[m[K’
[4.978s]   441 | inline QDataStream &[01;36m[Koperator[m[K<<(QDataStream &s, const QVector<T> &v)
[4.979s]       |                     [01;36m[K^~~~~~~~[m[K
[4.979s] [01m[K/usr/include/x86_64-linux-gnu/qt5/QtCore/qdatastream.h:441:21:[m[K [01;36m[Knote: [m[K  template argument deduction/substitution failed:
[4.979s] [01m[K/home/shenhang/ros_study/chapter3/topic_practice_workspace/src/status_display/src/sys_status_display.cpp:19:42:[m[K [01;36m[Knote: [m[K  ‘[01m[Kstatus_interfaces::msg::SystemStatus_<std::allocator<void> >::_stamp_type[m[K’ {aka ‘[01m[Kbuiltin_interfaces::msg::Time_<std::allocator<void> >[m[K’} is not derived from ‘[01m[Kconst QVector<T>[m[K’
[4.979s]    19 |                  << "数据时间: " << msg->[01;36m[Kstamp[m[K << " s\n"
[4.979s]       |                                          [01;36m[K^~~~~[m[K
[4.979s] In file included from [01m[K/usr/include/x86_64-linux-gnu/qt5/QtGui/qregion.h:49[m[K,
[4.979s]                  from [01m[K/usr/include/x86_64-linux-gnu/qt5/QtGui/qmatrix.h:45[m[K,
[4.979s]                  from [01m[K/usr/include/x86_64-linux-gnu/qt5/QtGui/qbrush.h:49[m[K,
[4.979s]                  from [01m[K/usr/include/x86_64-linux-gnu/qt5/QtGui/qpalette.h:46[m[K,
[4.979s]                  from [01m[K/usr/include/x86_64-linux-gnu/qt5/QtWidgets/qwidget.h:48[m[K,
[4.980s]                  from [01m[K/usr/include/x86_64-linux-gnu/qt5/QtWidgets/qframe.h:44[m[K,
[4.980s]                  from [01m[K/usr/include/x86_64-linux-gnu/qt5/QtWidgets/qlabel.h:44[m[K,
[4.980s]                  from [01m[K/usr/include/x86_64-linux-gnu/qt5/QtWidgets/QLabel:1[m[K,
[4.980s]                  from [01m[K/home/shenhang/ros_study/chapter3/topic_practice_workspace/src/status_display/src/sys_status_display.cpp:2[m[K:
[4.980s] [01m[K/usr/include/x86_64-linux-gnu/qt5/QtCore/qdatastream.h:453:21:[m[K [01;36m[Knote: [m[Kcandidate: ‘[01m[Ktemplate<class T> QDataStream& operator<<(QDataStream&, const QSet<T>&)[m[K’
[4.980s]   453 | inline QDataStream &[01;36m[Koperator[m[K<<(QDataStream &s, const QSet<T> &set)
[4.980s]       |                     [01;36m[K^~~~~~~~[m[K
[4.980s] [01m[K/usr/include/x86_64-linux-gnu/qt5/QtCore/qdatastream.h:453:21:[m[K [01;36m[Knote: [m[K  template argument deduction/substitution failed:
[4.980s] [01m[K/home/shenhang/ros_study/chapter3/topic_practice_workspace/src/status_display/src/sys_status_display.cpp:19:42:[m[K [01;36m[Knote: [m[K  ‘[01m[Kstatus_interfaces::msg::SystemStatus_<std::allocator<void> >::_stamp_type[m[K’ {aka ‘[01m[Kbuiltin_interfaces::msg::Time_<std::allocator<void> >[m[K’} is not derived from ‘[01m[Kconst QSet<T>[m[K’
[4.980s]    19 |                  << "数据时间: " << msg->[01;36m[Kstamp[m[K << " s\n"
[4.981s]       |                                          [01;36m[K^~~~~[m[K
[4.981s] In file included from [01m[K/usr/include/x86_64-linux-gnu/qt5/QtGui/qregion.h:49[m[K,
[4.981s]                  from [01m[K/usr/include/x86_64-linux-gnu/qt5/QtGui/qmatrix.h:45[m[K,
[4.982s]                  from [01m[K/usr/include/x86_64-linux-gnu/qt5/QtGui/qbrush.h:49[m[K,
[4.982s]                  from [01m[K/usr/include/x86_64-linux-gnu/qt5/QtGui/qpalette.h:46[m[K,
[4.982s]                  from [01m[K/usr/include/x86_64-linux-gnu/qt5/QtWidgets/qwidget.h:48[m[K,
[4.982s]                  from [01m[K/usr/include/x86_64-linux-gnu/qt5/QtWidgets/qframe.h:44[m[K,
[4.982s]                  from [01m[K/usr/include/x86_64-linux-gnu/qt5/QtWidgets/qlabel.h:44[m[K,
[4.982s]                  from [01m[K/usr/include/x86_64-linux-gnu/qt5/QtWidgets/QLabel:1[m[K,
[4.982s]                  from [01m[K/home/shenhang/ros_study/chapter3/topic_practice_workspace/src/status_display/src/sys_status_display.cpp:2[m[K:
[4.982s] [01m[K/usr/include/x86_64-linux-gnu/qt5/QtCore/qdatastream.h:465:21:[m[K [01;36m[Knote: [m[Kcandidate: ‘[01m[Ktemplate<class Key, class T> QDataStream& operator<<(QDataStream&, const QHash<K, V>&)[m[K’
[4.983s]   465 | inline QDataStream &[01;36m[Koperator[m[K<<(QDataStream &s, const QHash<Key, T> &hash)
[4.983s]       |                     [01;36m[K^~~~~~~~[m[K
[4.983s] [01m[K/usr/include/x86_64-linux-gnu/qt5/QtCore/qdatastream.h:465:21:[m[K [01;36m[Knote: [m[K  template argument deduction/substitution failed:
[4.983s] [01m[K/home/shenhang/ros_study/chapter3/topic_practice_workspace/src/status_display/src/sys_status_display.cpp:19:42:[m[K [01;36m[Knote: [m[K  ‘[01m[Kstatus_interfaces::msg::SystemStatus_<std::allocator<void> >::_stamp_type[m[K’ {aka ‘[01m[Kbuiltin_interfaces::msg::Time_<std::allocator<void> >[m[K’} is not derived from ‘[01m[Kconst QHash<K, V>[m[K’
[4.983s]    19 |                  << "数据时间: " << msg->[01;36m[Kstamp[m[K << " s\n"
[4.983s]       |                                          [01;36m[K^~~~~[m[K
[4.983s] In file included from [01m[K/usr/include/x86_64-linux-gnu/qt5/QtGui/qregion.h:49[m[K,
[4.984s]                  from [01m[K/usr/include/x86_64-linux-gnu/qt5/QtGui/qmatrix.h:45[m[K,
[4.984s]                  from [01m[K/usr/include/x86_64-linux-gnu/qt5/QtGui/qbrush.h:49[m[K,
[4.984s]                  from [01m[K/usr/include/x86_64-linux-gnu/qt5/QtGui/qpalette.h:46[m[K,
[4.984s]                  from [01m[K/usr/include/x86_64-linux-gnu/qt5/QtWidgets/qwidget.h:48[m[K,
[4.984s]                  from [01m[K/usr/include/x86_64-linux-gnu/qt5/QtWidgets/qframe.h:44[m[K,
[4.984s]                  from [01m[K/usr/include/x86_64-linux-gnu/qt5/QtWidgets/qlabel.h:44[m[K,
[4.984s]                  from [01m[K/usr/include/x86_64-linux-gnu/qt5/QtWidgets/QLabel:1[m[K,
[4.984s]                  from [01m[K/home/shenhang/ros_study/chapter3/topic_practice_workspace/src/status_display/src/sys_status_display.cpp:2[m[K:
[4.984s] [01m[K/usr/include/x86_64-linux-gnu/qt5/QtCore/qdatastream.h:477:21:[m[K [01;36m[Knote: [m[Kcandidate: ‘[01m[Ktemplate<class Key, class T> QDataStream& operator<<(QDataStream&, const QMap<K, V>&)[m[K’
[4.984s]   477 | inline QDataStream &[01;36m[Koperator[m[K<<(QDataStream &s, const QMap<Key, T> &map)
[4.984s]       |                     [01;36m[K^~~~~~~~[m[K
[4.985s] [01m[K/usr/include/x86_64-linux-gnu/qt5/QtCore/qdatastream.h:477:21:[m[K [01;36m[Knote: [m[K  template argument deduction/substitution failed:
[4.985s] [01m[K/home/shenhang/ros_study/chapter3/topic_practice_workspace/src/status_display/src/sys_status_display.cpp:19:42:[m[K [01;36m[Knote: [m[K  ‘[01m[Kstatus_interfaces::msg::SystemStatus_<std::allocator<void> >::_stamp_type[m[K’ {aka ‘[01m[Kbuiltin_interfaces::msg::Time_<std::allocator<void> >[m[K’} is not derived from ‘[01m[Kconst QMap<K, V>[m[K’
[4.985s]    19 |                  << "数据时间: " << msg->[01;36m[Kstamp[m[K << " s\n"
[4.985s]       |                                          [01;36m[K^~~~~[m[K
[4.985s] In file included from [01m[K/usr/include/x86_64-linux-gnu/qt5/QtGui/qregion.h:49[m[K,
[4.985s]                  from [01m[K/usr/include/x86_64-linux-gnu/qt5/QtGui/qmatrix.h:45[m[K,
[4.985s]                  from [01m[K/usr/include/x86_64-linux-gnu/qt5/QtGui/qbrush.h:49[m[K,
[4.985s]                  from [01m[K/usr/include/x86_64-linux-gnu/qt5/QtGui/qpalette.h:46[m[K,
[4.985s]                  from [01m[K/usr/include/x86_64-linux-gnu/qt5/QtWidgets/qwidget.h:48[m[K,
[4.985s]                  from [01m[K/usr/include/x86_64-linux-gnu/qt5/QtWidgets/qframe.h:44[m[K,
[4.985s]                  from [01m[K/usr/include/x86_64-linux-gnu/qt5/QtWidgets/qlabel.h:44[m[K,
[4.986s]                  from [01m[K/usr/include/x86_64-linux-gnu/qt5/QtWidgets/QLabel:1[m[K,
[4.986s]                  from [01m[K/home/shenhang/ros_study/chapter3/topic_practice_workspace/src/status_display/src/sys_status_display.cpp:2[m[K:
[4.986s] [01m[K/usr/include/x86_64-linux-gnu/qt5/QtCore/qdatastream.h:491:21:[m[K [01;36m[Knote: [m[Kcandidate: ‘[01m[Ktemplate<class T1, class T2> QDataStream& operator<<(QDataStream&, const QPair<T1, T2>&)[m[K’
[4.986s]   491 | inline QDataStream& [01;36m[Koperator[m[K<<(QDataStream& s, const QPair<T1, T2>& p)
[4.986s]       |                     [01;36m[K^~~~~~~~[m[K
[4.986s] [01m[K/usr/include/x86_64-linux-gnu/qt5/QtCore/qdatastream.h:491:21:[m[K [01;36m[Knote: [m[K  template argument deduction/substitution failed:
[4.986s] [01m[K/home/shenhang/ros_study/chapter3/topic_practice_workspace/src/status_display/src/sys_status_display.cpp:19:42:[m[K [01;36m[Knote: [m[K  ‘[01m[Kstatus_interfaces::msg::SystemStatus_<std::allocator<void> >::_stamp_type[m[K’ {aka ‘[01m[Kbuiltin_interfaces::msg::Time_<std::allocator<void> >[m[K’} is not derived from ‘[01m[Kconst QPair<T1, T2>[m[K’
[4.986s]    19 |                  << "数据时间: " << msg->[01;36m[Kstamp[m[K << " s\n"
[4.986s]       |                                          [01;36m[K^~~~~[m[K
[4.986s] In file included from [01m[K/usr/include/x86_64-linux-gnu/qt5/QtCore/qglobal.h:46[m[K,
[4.986s]                  from [01m[K/usr/include/x86_64-linux-gnu/qt5/QtGui/qtguiglobal.h:43[m[K,
[4.987s]                  from [01m[K/usr/include/x86_64-linux-gnu/qt5/QtWidgets/qtwidgetsglobal.h:43[m[K,
[4.987s]                  from [01m[K/usr/include/x86_64-linux-gnu/qt5/QtWidgets/qapplication.h:43[m[K,
[4.987s]                  from [01m[K/usr/include/x86_64-linux-gnu/qt5/QtWidgets/QApplication:1[m[K,
[4.987s]                  from [01m[K/home/shenhang/ros_study/chapter3/topic_practice_workspace/src/status_display/src/sys_status_display.cpp:1[m[K:
[4.987s] [01m[K/usr/include/c++/11/cstddef:126:5:[m[K [01;36m[Knote: [m[Kcandidate: ‘[01m[Ktemplate<class _IntegerType> constexpr std::__byte_op_t<_IntegerType> std::operator<<(std::byte, _IntegerType)[m[K’
[4.987s]   126 |     [01;36m[Koperator[m[K<<(byte __b, _IntegerType __shift) noexcept
[4.987s]       |     [01;36m[K^~~~~~~~[m[K
[4.987s] [01m[K/usr/include/c++/11/cstddef:126:5:[m[K [01;36m[Knote: [m[K  template argument deduction/substitution failed:
[4.988s] [01m[K/home/shenhang/ros_study/chapter3/topic_practice_workspace/src/status_display/src/sys_status_display.cpp:19:18:[m[K [01;36m[Knote: [m[K  cannot convert ‘[01m[Kstd::operator<< <std::char_traits<char> >((* & std::operator<< <std::char_traits<char> >(show_str.std::__cxx11::basic_stringstream<char>::<anonymous>.std::basic_iostream<char>::<anonymous>, ((const char*)"==================\37777777747\37777777663\37777777673\37777777747\37777777673\37777777637\37777777747\37777777612\37777777666\37777777746\37777777600\37777777601\37777777746\37777777630\37777777676\37777777747\37777777644\37777777672======================\012"))), ((const char*)"\37777777746\37777777625\37777777660\37777777746\37777777615\37777777656\37777777746\37777777627\37777777666\37777777751\37777777627\37777777664: "))[m[K’ (type ‘[01m[Kstd::basic_ostream<char>[m[K’) to type ‘[01m[Kstd::byte[m[K’
[4.988s]    18 |         [01;36m[Kshow_str << "==================系统状态显示======================\n"[m[K
[4.988s]       |         [01;36m[K~~~~~~~~~~~~~~~~~~~~~~~~~~~~~~~~~~~~~~~~~~~~~~~~~~~~~~~~~~~~~~~~~~~~[m[K
[4.988s]    19 | [01;36m[K                 << "数据时间: "[m[K << msg->stamp << " s\n"
[4.988s]       |                  [01;36m[K^~~~~~~~~~~~~~~[m[K
[4.988s] In file included from [01m[K/usr/include/c++/11/bits/basic_string.h:48[m[K,
[4.988s]                  from [01m[K/usr/include/c++/11/string:55[m[K,
[4.989s]                  from [01m[K/usr/include/x86_64-linux-gnu/qt5/QtCore/qbytearray.h:52[m[K,
[4.989s]                  from [01m[K/usr/include/x86_64-linux-gnu/qt5/QtCore/qstring.h:50[m[K,
[4.989s]                  from [01m[K/usr/include/x86_64-linux-gnu/qt5/QtCore/qcoreapplication.h:44[m[K,
[4.989s]                  from [01m[K/usr/include/x86_64-linux-gnu/qt5/QtWidgets/qapplication.h:44[m[K,
[4.989s]                  from [01m[K/usr/include/x86_64-linux-gnu/qt5/QtWidgets/QApplication:1[m[K,
[4.989s]                  from [01m[K/home/shenhang/ros_study/chapter3/topic_practice_workspace/src/status_display/src/sys_status_display.cpp:1[m[K:
[4.989s] [01m[K/usr/include/c++/11/string_view:667:5:[m[K [01;36m[Knote: [m[Kcandidate: ‘[01m[Ktemplate<class _CharT, class _Traits> std::basic_ostream<_CharT, _Traits>& std::operator<<(std::basic_ostream<_CharT, _Traits>&, std::basic_string_view<_CharT, _Traits>)[m[K’
[4.989s]   667 |     [01;36m[Koperator[m[K<<(basic_ostream<_CharT, _Traits>& __os,
[4.989s]       |     [01;36m[K^~~~~~~~[m[K
[4.990s] [01m[K/usr/include/c++/11/string_view:667:5:[m[K [01;36m[Knote: [m[K  template argument deduction/substitution failed:
[4.990s] [01m[K/home/shenhang/ros_study/chapter3/topic_practice_workspace/src/status_display/src/sys_status_display.cpp:19:42:[m[K [01;36m[Knote: [m[K  ‘[01m[Kbuiltin_interfaces::msg::Time_<std::allocator<void> >[m[K’ is not derived from ‘[01m[Kstd::basic_string_view<_CharT, _Traits>[m[K’
[4.990s]    19 |                  << "数据时间: " << msg->[01;36m[Kstamp[m[K << " s\n"
[4.990s]       |                                          [01;36m[K^~~~~[m[K
[4.990s] In file included from [01m[K/usr/include/c++/11/string:55[m[K,
[4.990s]                  from [01m[K/usr/include/x86_64-linux-gnu/qt5/QtCore/qbytearray.h:52[m[K,
[4.990s]                  from [01m[K/usr/include/x86_64-linux-gnu/qt5/QtCore/qstring.h:50[m[K,
[4.990s]                  from [01m[K/usr/include/x86_64-linux-gnu/qt5/QtCore/qcoreapplication.h:44[m[K,
[4.990s]                  from [01m[K/usr/include/x86_64-linux-gnu/qt5/QtWidgets/qapplication.h:44[m[K,
[4.990s]                  from [01m[K/usr/include/x86_64-linux-gnu/qt5/QtWidgets/QApplication:1[m[K,
[4.990s]                  from [01m[K/home/shenhang/ros_study/chapter3/topic_practice_workspace/src/status_display/src/sys_status_display.cpp:1[m[K:
[4.991s] [01m[K/usr/include/c++/11/bits/basic_string.h:6531:5:[m[K [01;36m[Knote: [m[Kcandidate: ‘[01m[Ktemplate<class _CharT, class _Traits, class _Alloc> std::basic_ostream<_CharT, _Traits>& std::operator<<(std::basic_ostream<_CharT, _Traits>&, const std::__cxx11::basic_string<_CharT, _Traits, _Allocator>&)[m[K’
[4.991s]  6531 |     [01;36m[Koperator[m[K<<(basic_ostream<_CharT, _Traits>& __os,
[4.991s]       |     [01;36m[K^~~~~~~~[m[K
[4.991s] [01m[K/usr/include/c++/11/bits/basic_string.h:6531:5:[m[K [01;36m[Knote: [m[K  template argument deduction/substitution failed:
[4.991s] [01m[K/home/shenhang/ros_study/chapter3/topic_practice_workspace/src/status_display/src/sys_status_display.cpp:19:42:[m[K [01;36m[Knote: [m[K  ‘[01m[Kstatus_interfaces::msg::SystemStatus_<std::allocator<void> >::_stamp_type[m[K’ {aka ‘[01m[Kbuiltin_interfaces::msg::Time_<std::allocator<void> >[m[K’} is not derived from ‘[01m[Kconst std::__cxx11::basic_string<_CharT, _Traits, _Allocator>[m[K’
[4.991s]    19 |                  << "数据时间: " << msg->[01;36m[Kstamp[m[K << " s\n"
[4.991s]       |                                          [01;36m[K^~~~~[m[K
[4.991s] In file included from [01m[K/usr/include/c++/11/bits/ios_base.h:46[m[K,
[4.991s]                  from [01m[K/usr/include/c++/11/streambuf:41[m[K,
[4.991s]                  from [01m[K/usr/include/c++/11/bits/streambuf_iterator.h:35[m[K,
[4.991s]                  from [01m[K/usr/include/c++/11/iterator:66[m[K,
[4.992s]                  from [01m[K/usr/include/x86_64-linux-gnu/qt5/QtCore/qbytearray.h:53[m[K,
[4.992s]                  from [01m[K/usr/include/x86_64-linux-gnu/qt5/QtCore/qstring.h:50[m[K,
[4.992s]                  from [01m[K/usr/include/x86_64-linux-gnu/qt5/QtCore/qcoreapplication.h:44[m[K,
[4.992s]                  from [01m[K/usr/include/x86_64-linux-gnu/qt5/QtWidgets/qapplication.h:44[m[K,
[4.992s]                  from [01m[K/usr/include/x86_64-linux-gnu/qt5/QtWidgets/QApplication:1[m[K,
[4.992s]                  from [01m[K/home/shenhang/ros_study/chapter3/topic_practice_workspace/src/status_display/src/sys_status_display.cpp:1[m[K:
[4.992s] [01m[K/usr/include/c++/11/system_error:279:5:[m[K [01;36m[Knote: [m[Kcandidate: ‘[01m[Ktemplate<class _CharT, class _Traits> std::basic_ostream<_CharT, _Traits>& std::operator<<(std::basic_ostream<_CharT, _Traits>&, const std::error_code&)[m[K’
[4.992s]   279 |     [01;36m[Koperator[m[K<<(basic_ostream<_CharT, _Traits>& __os, const error_code& __e)
[4.992s]       |     [01;36m[K^~~~~~~~[m[K
[4.992s] [01m[K/usr/include/c++/11/system_error:279:5:[m[K [01;36m[Knote: [m[K  template argument deduction/substitution failed:
[4.993s] [01m[K/home/shenhang/ros_study/chapter3/topic_practice_workspace/src/status_display/src/sys_status_display.cpp:19:42:[m[K [01;36m[Knote: [m[K  cannot convert ‘[01m[K((const std::__shared_ptr_access<status_interfaces::msg::SystemStatus_<std::allocator<void> >, __gnu_cxx::_S_atomic, false, false>*)(& msg))->std::__shared_ptr_access<status_interfaces::msg::SystemStatus_<std::allocator<void> >, __gnu_cxx::_S_atomic, false, false>::operator->()->status_interfaces::msg::SystemStatus_<std::allocator<void> >::stamp[m[K’ (type ‘[01m[Kstatus_interfaces::msg::SystemStatus_<std::allocator<void> >::_stamp_type[m[K’ {aka ‘[01m[Kbuiltin_interfaces::msg::Time_<std::allocator<void> >[m[K’}) to type ‘[01m[Kconst std::error_code&[m[K’
[4.993s]    19 |                  << "数据时间: " << [01;36m[Kmsg->stamp[m[K << " s\n"
[4.993s]       |                                     [01;36m[K~~~~~^~~~~[m[K
[4.993s] In file included from [01m[K/usr/include/c++/11/memory:77[m[K,
[4.993s]                  from [01m[K/usr/include/x86_64-linux-gnu/qt5/QtCore/qsharedpointer_impl.h:71[m[K,
[4.993s]                  from [01m[K/usr/include/x86_64-linux-gnu/qt5/QtCore/qsharedpointer.h:48[m[K,
[4.993s]                  from [01m[K/usr/include/x86_64-linux-gnu/qt5/QtGui/qpixmap.h:48[m[K,
[4.993s]                  from [01m[K/usr/include/x86_64-linux-gnu/qt5/QtGui/qbrush.h:52[m[K,
[4.993s]                  from [01m[K/usr/include/x86_64-linux-gnu/qt5/QtGui/qpalette.h:46[m[K,
[4.993s]                  from [01m[K/usr/include/x86_64-linux-gnu/qt5/QtWidgets/qwidget.h:48[m[K,
[4.993s]                  from [01m[K/usr/include/x86_64-linux-gnu/qt5/QtWidgets/qframe.h:44[m[K,
[4.994s]                  from [01m[K/usr/include/x86_64-linux-gnu/qt5/QtWidgets/qlabel.h:44[m[K,
[4.994s]                  from [01m[K/usr/include/x86_64-linux-gnu/qt5/QtWidgets/QLabel:1[m[K,
[4.994s]                  from [01m[K/home/shenhang/ros_study/chapter3/topic_practice_workspace/src/status_display/src/sys_status_display.cpp:2[m[K:
[4.994s] [01m[K/usr/include/c++/11/bits/shared_ptr.h:70:5:[m[K [01;36m[Knote: [m[Kcandidate: ‘[01m[Ktemplate<class _Ch, class _Tr, class _Tp, __gnu_cxx::_Lock_policy _Lp> std::basic_ostream<_CharT, _Traits>& std::operator<<(std::basic_ostream<_CharT, _Traits>&, const std::__shared_ptr<_Tp, _Lp>&)[m[K’
[4.994s]    70 |     [01;36m[Koperator[m[K<<(std::basic_ostream<_Ch, _Tr>& __os,
[4.994s]       |     [01;36m[K^~~~~~~~[m[K
[4.994s] [01m[K/usr/include/c++/11/bits/shared_ptr.h:70:5:[m[K [01;36m[Knote: [m[K  template argument deduction/substitution failed:
[4.994s] [01m[K/home/shenhang/ros_study/chapter3/topic_practice_workspace/src/status_display/src/sys_status_display.cpp:19:42:[m[K [01;36m[Knote: [m[K  ‘[01m[Kstatus_interfaces::msg::SystemStatus_<std::allocator<void> >::_stamp_type[m[K’ {aka ‘[01m[Kbuiltin_interfaces::msg::Time_<std::allocator<void> >[m[K’} is not derived from ‘[01m[Kconst std::__shared_ptr<_Tp, _Lp>[m[K’
[4.994s]    19 |                  << "数据时间: " << msg->[01;36m[Kstamp[m[K << " s\n"
[4.994s]       |                                          [01;36m[K^~~~~[m[K
[4.994s] In file included from [01m[K/opt/ros/humble/include/rclcpp/rclcpp/executors/multi_threaded_executor.hpp:22[m[K,
[4.995s]                  from [01m[K/opt/ros/humble/include/rclcpp/rclcpp/executors.hpp:21[m[K,
[4.995s]                  from [01m[K/opt/ros/humble/include/rclcpp/rclcpp/rclcpp.hpp:155[m[K,
[4.995s]                  from [01m[K/home/shenhang/ros_study/chapter3/topic_practice_workspace/src/status_display/src/sys_status_display.cpp:4[m[K:
[4.995s] [01m[K/usr/include/c++/11/thread:92:5:[m[K [01;36m[Knote: [m[Kcandidate: ‘[01m[Ktemplate<class _CharT, class _Traits> std::basic_ostream<_CharT, _Traits>& std::operator<<(std::basic_ostream<_CharT, _Traits>&, std::thread::id)[m[K’
[4.995s]    92 |     [01;36m[Koperator[m[K<<(basic_ostream<_CharT, _Traits>& __out, thread::id __id)
[4.995s]       |     [01;36m[K^~~~~~~~[m[K
[4.995s] [01m[K/usr/include/c++/11/thread:92:5:[m[K [01;36m[Knote: [m[K  template argument deduction/substitution failed:
[4.995s] [01m[K/home/shenhang/ros_study/chapter3/topic_practice_workspace/src/status_display/src/sys_status_display.cpp:19:42:[m[K [01;36m[Knote: [m[K  cannot convert ‘[01m[K((const std::__shared_ptr_access<status_interfaces::msg::SystemStatus_<std::allocator<void> >, __gnu_cxx::_S_atomic, false, false>*)(& msg))->std::__shared_ptr_access<status_interfaces::msg::SystemStatus_<std::allocator<void> >, __gnu_cxx::_S_atomic, false, false>::operator->()->status_interfaces::msg::SystemStatus_<std::allocator<void> >::stamp[m[K’ (type ‘[01m[Kstatus_interfaces::msg::SystemStatus_<std::allocator<void> >::_stamp_type[m[K’ {aka ‘[01m[Kbuiltin_interfaces::msg::Time_<std::allocator<void> >[m[K’}) to type ‘[01m[Kstd::thread::id[m[K’
[4.995s]    19 |                  << "数据时间: " << [01;36m[Kmsg->stamp[m[K << " s\n"
[4.996s]       |                                     [01;36m[K~~~~~^~~~~[m[K
[4.996s] In file included from [01m[K/usr/include/c++/11/iostream:39[m[K,
[4.996s]                  from [01m[K/opt/ros/humble/include/rclcpp/rclcpp/executor.hpp:22[m[K,
[4.996s]                  from [01m[K/opt/ros/humble/include/rclcpp/rclcpp/executors/multi_threaded_executor.hpp:25[m[K,
[4.997s]                  from [01m[K/opt/ros/humble/include/rclcpp/rclcpp/executors.hpp:21[m[K,
[4.997s]                  from [01m[K/opt/ros/humble/include/rclcpp/rclcpp/rclcpp.hpp:155[m[K,
[4.997s]                  from [01m[K/home/shenhang/ros_study/chapter3/topic_practice_workspace/src/status_display/src/sys_status_display.cpp:4[m[K:
[4.997s] [01m[K/usr/include/c++/11/ostream:513:5:[m[K [01;36m[Knote: [m[Kcandidate: ‘[01m[Ktemplate<class _CharT, class _Traits> std::basic_ostream<_CharT, _Traits>& std::operator<<(std::basic_ostream<_CharT, _Traits>&, _CharT)[m[K’
[4.997s]   513 |     [01;36m[Koperator[m[K<<(basic_ostream<_CharT, _Traits>& __out, _CharT __c)
[4.997s]       |     [01;36m[K^~~~~~~~[m[K
[4.998s] [01m[K/usr/include/c++/11/ostream:513:5:[m[K [01;36m[Knote: [m[K  template argument deduction/substitution failed:
[4.998s] [01m[K/home/shenhang/ros_study/chapter3/topic_practice_workspace/src/status_display/src/sys_status_display.cpp:19:42:[m[K [01;36m[Knote: [m[K  deduced conflicting types for parameter ‘[01m[K_CharT[m[K’ (‘[01m[Kchar[m[K’ and ‘[01m[Kbuiltin_interfaces::msg::Time_<std::allocator<void> >[m[K’)
[4.998s]    19 |                  << "数据时间: " << msg->[01;36m[Kstamp[m[K << " s\n"
[4.998s]       |                                          [01;36m[K^~~~~[m[K
[4.998s] In file included from [01m[K/usr/include/c++/11/iostream:39[m[K,
[4.998s]                  from [01m[K/opt/ros/humble/include/rclcpp/rclcpp/executor.hpp:22[m[K,
[4.998s]                  from [01m[K/opt/ros/humble/include/rclcpp/rclcpp/executors/multi_threaded_executor.hpp:25[m[K,
[4.998s]                  from [01m[K/opt/ros/humble/include/rclcpp/rclcpp/executors.hpp:21[m[K,
[4.998s]                  from [01m[K/opt/ros/humble/include/rclcpp/rclcpp/rclcpp.hpp:155[m[K,
[4.998s]                  from [01m[K/home/shenhang/ros_study/chapter3/topic_practice_workspace/src/status_display/src/sys_status_display.cpp:4[m[K:
[4.998s] [01m[K/usr/include/c++/11/ostream:518:5:[m[K [01;36m[Knote: [m[Kcandidate: ‘[01m[Ktemplate<class _CharT, class _Traits> std::basic_ostream<_CharT, _Traits>& std::operator<<(std::basic_ostream<_CharT, _Traits>&, char)[m[K’
[4.999s]   518 |     [01;36m[Koperator[m[K<<(basic_ostream<_CharT, _Traits>& __out, char __c)
[4.999s]       |     [01;36m[K^~~~~~~~[m[K
[4.999s] [01m[K/usr/include/c++/11/ostream:518:5:[m[K [01;36m[Knote: [m[K  template argument deduction/substitution failed:
[4.999s] [01m[K/home/shenhang/ros_study/chapter3/topic_practice_workspace/src/status_display/src/sys_status_display.cpp:19:42:[m[K [01;36m[Knote: [m[K  cannot convert ‘[01m[K((const std::__shared_ptr_access<status_interfaces::msg::SystemStatus_<std::allocator<void> >, __gnu_cxx::_S_atomic, false, false>*)(& msg))->std::__shared_ptr_access<status_interfaces::msg::SystemStatus_<std::allocator<void> >, __gnu_cxx::_S_atomic, false, false>::operator->()->status_interfaces::msg::SystemStatus_<std::allocator<void> >::stamp[m[K’ (type ‘[01m[Kstatus_interfaces::msg::SystemStatus_<std::allocator<void> >::_stamp_type[m[K’ {aka ‘[01m[Kbuiltin_interfaces::msg::Time_<std::allocator<void> >[m[K’}) to type ‘[01m[Kchar[m[K’
[4.999s]    19 |                  << "数据时间: " << [01;36m[Kmsg->stamp[m[K << " s\n"
[4.999s]       |                                     [01;36m[K~~~~~^~~~~[m[K
[4.999s] In file included from [01m[K/usr/include/c++/11/iostream:39[m[K,
[4.999s]                  from [01m[K/opt/ros/humble/include/rclcpp/rclcpp/executor.hpp:22[m[K,
[4.999s]                  from [01m[K/opt/ros/humble/include/rclcpp/rclcpp/executors/multi_threaded_executor.hpp:25[m[K,
[4.999s]                  from [01m[K/opt/ros/humble/include/rclcpp/rclcpp/executors.hpp:21[m[K,
[5.000s]                  from [01m[K/opt/ros/humble/include/rclcpp/rclcpp/rclcpp.hpp:155[m[K,
[5.000s]                  from [01m[K/home/shenhang/ros_study/chapter3/topic_practice_workspace/src/status_display/src/sys_status_display.cpp:4[m[K:
[5.000s] [01m[K/usr/include/c++/11/ostream:524:5:[m[K [01;36m[Knote: [m[Kcandidate: ‘[01m[Ktemplate<class _Traits> std::basic_ostream<char, _Traits>& std::operator<<(std::basic_ostream<char, _Traits>&, char)[m[K’
[5.000s]   524 |     [01;36m[Koperator[m[K<<(basic_ostream<char, _Traits>& __out, char __c)
[5.000s]       |     [01;36m[K^~~~~~~~[m[K
[5.000s] [01m[K/usr/include/c++/11/ostream:524:5:[m[K [01;36m[Knote: [m[K  template argument deduction/substitution failed:
[5.000s] [01m[K/home/shenhang/ros_study/chapter3/topic_practice_workspace/src/status_display/src/sys_status_display.cpp:19:42:[m[K [01;36m[Knote: [m[K  cannot convert ‘[01m[K((const std::__shared_ptr_access<status_interfaces::msg::SystemStatus_<std::allocator<void> >, __gnu_cxx::_S_atomic, false, false>*)(& msg))->std::__shared_ptr_access<status_interfaces::msg::SystemStatus_<std::allocator<void> >, __gnu_cxx::_S_atomic, false, false>::operator->()->status_interfaces::msg::SystemStatus_<std::allocator<void> >::stamp[m[K’ (type ‘[01m[Kstatus_interfaces::msg::SystemStatus_<std::allocator<void> >::_stamp_type[m[K’ {aka ‘[01m[Kbuiltin_interfaces::msg::Time_<std::allocator<void> >[m[K’}) to type ‘[01m[Kchar[m[K’
[5.000s]    19 |                  << "数据时间: " << [01;36m[Kmsg->stamp[m[K << " s\n"
[5.000s]       |                                     [01;36m[K~~~~~^~~~~[m[K
[5.000s] In file included from [01m[K/usr/include/c++/11/iostream:39[m[K,
[5.001s]                  from [01m[K/opt/ros/humble/include/rclcpp/rclcpp/executor.hpp:22[m[K,
[5.002s]                  from [01m[K/opt/ros/humble/include/rclcpp/rclcpp/executors/multi_threaded_executor.hpp:25[m[K,
[5.002s]                  from [01m[K/opt/ros/humble/include/rclcpp/rclcpp/executors.hpp:21[m[K,
[5.002s]                  from [01m[K/opt/ros/humble/include/rclcpp/rclcpp/rclcpp.hpp:155[m[K,
[5.002s]                  from [01m[K/home/shenhang/ros_study/chapter3/topic_practice_workspace/src/status_display/src/sys_status_display.cpp:4[m[K:
[5.002s] [01m[K/usr/include/c++/11/ostream:530:5:[m[K [01;36m[Knote: [m[Kcandidate: ‘[01m[Ktemplate<class _Traits> std::basic_ostream<char, _Traits>& std::operator<<(std::basic_ostream<char, _Traits>&, signed char)[m[K’
[5.002s]   530 |     [01;36m[Koperator[m[K<<(basic_ostream<char, _Traits>& __out, signed char __c)
[5.002s]       |     [01;36m[K^~~~~~~~[m[K
[5.002s] [01m[K/usr/include/c++/11/ostream:530:5:[m[K [01;36m[Knote: [m[K  template argument deduction/substitution failed:
[5.002s] [01m[K/home/shenhang/ros_study/chapter3/topic_practice_workspace/src/status_display/src/sys_status_display.cpp:19:42:[m[K [01;36m[Knote: [m[K  cannot convert ‘[01m[K((const std::__shared_ptr_access<status_interfaces::msg::SystemStatus_<std::allocator<void> >, __gnu_cxx::_S_atomic, false, false>*)(& msg))->std::__shared_ptr_access<status_interfaces::msg::SystemStatus_<std::allocator<void> >, __gnu_cxx::_S_atomic, false, false>::operator->()->status_interfaces::msg::SystemStatus_<std::allocator<void> >::stamp[m[K’ (type ‘[01m[Kstatus_interfaces::msg::SystemStatus_<std::allocator<void> >::_stamp_type[m[K’ {aka ‘[01m[Kbuiltin_interfaces::msg::Time_<std::allocator<void> >[m[K’}) to type ‘[01m[Ksigned char[m[K’
[5.002s]    19 |                  << "数据时间: " << [01;36m[Kmsg->stamp[m[K << " s\n"
[5.003s]       |                                     [01;36m[K~~~~~^~~~~[m[K
[5.003s] In file included from [01m[K/usr/include/c++/11/iostream:39[m[K,
[5.003s]                  from [01m[K/opt/ros/humble/include/rclcpp/rclcpp/executor.hpp:22[m[K,
[5.003s]                  from [01m[K/opt/ros/humble/include/rclcpp/rclcpp/executors/multi_threaded_executor.hpp:25[m[K,
[5.003s]                  from [01m[K/opt/ros/humble/include/rclcpp/rclcpp/executors.hpp:21[m[K,
[5.003s]                  from [01m[K/opt/ros/humble/include/rclcpp/rclcpp/rclcpp.hpp:155[m[K,
[5.003s]                  from [01m[K/home/shenhang/ros_study/chapter3/topic_practice_workspace/src/status_display/src/sys_status_display.cpp:4[m[K:
[5.003s] [01m[K/usr/include/c++/11/ostream:535:5:[m[K [01;36m[Knote: [m[Kcandidate: ‘[01m[Ktemplate<class _Traits> std::basic_ostream<char, _Traits>& std::operator<<(std::basic_ostream<char, _Traits>&, unsigned char)[m[K’
[5.003s]   535 |     [01;36m[Koperator[m[K<<(basic_ostream<char, _Traits>& __out, unsigned char __c)
[5.003s]       |     [01;36m[K^~~~~~~~[m[K
[5.004s] [01m[K/usr/include/c++/11/ostream:535:5:[m[K [01;36m[Knote: [m[K  template argument deduction/substitution failed:
[5.004s] [01m[K/home/shenhang/ros_study/chapter3/topic_practice_workspace/src/status_display/src/sys_status_display.cpp:19:42:[m[K [01;36m[Knote: [m[K  cannot convert ‘[01m[K((const std::__shared_ptr_access<status_interfaces::msg::SystemStatus_<std::allocator<void> >, __gnu_cxx::_S_atomic, false, false>*)(& msg))->std::__shared_ptr_access<status_interfaces::msg::SystemStatus_<std::allocator<void> >, __gnu_cxx::_S_atomic, false, false>::operator->()->status_interfaces::msg::SystemStatus_<std::allocator<void> >::stamp[m[K’ (type ‘[01m[Kstatus_interfaces::msg::SystemStatus_<std::allocator<void> >::_stamp_type[m[K’ {aka ‘[01m[Kbuiltin_interfaces::msg::Time_<std::allocator<void> >[m[K’}) to type ‘[01m[Kunsigned char[m[K’
[5.004s]    19 |                  << "数据时间: " << [01;36m[Kmsg->stamp[m[K << " s\n"
[5.004s]       |                                     [01;36m[K~~~~~^~~~~[m[K
[5.004s] In file included from [01m[K/usr/include/c++/11/iostream:39[m[K,
[5.004s]                  from [01m[K/opt/ros/humble/include/rclcpp/rclcpp/executor.hpp:22[m[K,
[5.004s]                  from [01m[K/opt/ros/humble/include/rclcpp/rclcpp/executors/multi_threaded_executor.hpp:25[m[K,
[5.004s]                  from [01m[K/opt/ros/humble/include/rclcpp/rclcpp/executors.hpp:21[m[K,
[5.004s]                  from [01m[K/opt/ros/humble/include/rclcpp/rclcpp/rclcpp.hpp:155[m[K,
[5.004s]                  from [01m[K/home/shenhang/ros_study/chapter3/topic_practice_workspace/src/status_display/src/sys_status_display.cpp:4[m[K:
[5.004s] [01m[K/usr/include/c++/11/ostream:594:5:[m[K [01;36m[Knote: [m[Kcandidate: ‘[01m[Ktemplate<class _CharT, class _Traits> std::basic_ostream<_CharT, _Traits>& std::operator<<(std::basic_ostream<_CharT, _Traits>&, const _CharT*)[m[K’
[5.005s]   594 |     [01;36m[Koperator[m[K<<(basic_ostream<_CharT, _Traits>& __out, const _CharT* __s)
[5.005s]       |     [01;36m[K^~~~~~~~[m[K
[5.005s] [01m[K/usr/include/c++/11/ostream:594:5:[m[K [01;36m[Knote: [m[K  template argument deduction/substitution failed:
[5.005s] [01m[K/home/shenhang/ros_study/chapter3/topic_practice_workspace/src/status_display/src/sys_status_display.cpp:19:42:[m[K [01;36m[Knote: [m[K  mismatched types ‘[01m[Kconst _CharT*[m[K’ and ‘[01m[Kbuiltin_interfaces::msg::Time_<std::allocator<void> >[m[K’
[5.005s]    19 |                  << "数据时间: " << msg->[01;36m[Kstamp[m[K << " s\n"
[5.005s]       |                                          [01;36m[K^~~~~[m[K
[5.005s] In file included from [01m[K/usr/include/c++/11/ostream:829[m[K,
[5.007s]                  from [01m[K/usr/include/c++/11/iostream:39[m[K,
[5.007s]                  from [01m[K/opt/ros/humble/include/rclcpp/rclcpp/executor.hpp:22[m[K,
[5.007s]                  from [01m[K/opt/ros/humble/include/rclcpp/rclcpp/executors/multi_threaded_executor.hpp:25[m[K,
[5.007s]                  from [01m[K/opt/ros/humble/include/rclcpp/rclcpp/executors.hpp:21[m[K,
[5.007s]                  from [01m[K/opt/ros/humble/include/rclcpp/rclcpp/rclcpp.hpp:155[m[K,
[5.007s]                  from [01m[K/home/shenhang/ros_study/chapter3/topic_practice_workspace/src/status_display/src/sys_status_display.cpp:4[m[K:
[5.007s] [01m[K/usr/include/c++/11/bits/ostream.tcc:321:5:[m[K [01;36m[Knote: [m[Kcandidate: ‘[01m[Ktemplate<class _CharT, class _Traits> std::basic_ostream<_CharT, _Traits>& std::operator<<(std::basic_ostream<_CharT, _Traits>&, const char*)[m[K’
[5.008s]   321 |     [01;36m[Koperator[m[K<<(basic_ostream<_CharT, _Traits>& __out, const char* __s)
[5.008s]       |     [01;36m[K^~~~~~~~[m[K
[5.008s] [01m[K/usr/include/c++/11/bits/ostream.tcc:321:5:[m[K [01;36m[Knote: [m[K  template argument deduction/substitution failed:
[5.008s] [01m[K/home/shenhang/ros_study/chapter3/topic_practice_workspace/src/status_display/src/sys_status_display.cpp:19:42:[m[K [01;36m[Knote: [m[K  cannot convert ‘[01m[K((const std::__shared_ptr_access<status_interfaces::msg::SystemStatus_<std::allocator<void> >, __gnu_cxx::_S_atomic, false, false>*)(& msg))->std::__shared_ptr_access<status_interfaces::msg::SystemStatus_<std::allocator<void> >, __gnu_cxx::_S_atomic, false, false>::operator->()->status_interfaces::msg::SystemStatus_<std::allocator<void> >::stamp[m[K’ (type ‘[01m[Kstatus_interfaces::msg::SystemStatus_<std::allocator<void> >::_stamp_type[m[K’ {aka ‘[01m[Kbuiltin_interfaces::msg::Time_<std::allocator<void> >[m[K’}) to type ‘[01m[Kconst char*[m[K’
[5.008s]    19 |                  << "数据时间: " << [01;36m[Kmsg->stamp[m[K << " s\n"
[5.008s]       |                                     [01;36m[K~~~~~^~~~~[m[K
[5.008s] In file included from [01m[K/usr/include/c++/11/iostream:39[m[K,
[5.008s]                  from [01m[K/opt/ros/humble/include/rclcpp/rclcpp/executor.hpp:22[m[K,
[5.008s]                  from [01m[K/opt/ros/humble/include/rclcpp/rclcpp/executors/multi_threaded_executor.hpp:25[m[K,
[5.008s]                  from [01m[K/opt/ros/humble/include/rclcpp/rclcpp/executors.hpp:21[m[K,
[5.008s]                  from [01m[K/opt/ros/humble/include/rclcpp/rclcpp/rclcpp.hpp:155[m[K,
[5.009s]                  from [01m[K/home/shenhang/ros_study/chapter3/topic_practice_workspace/src/status_display/src/sys_status_display.cpp:4[m[K:
[5.009s] [01m[K/usr/include/c++/11/ostream:611:5:[m[K [01;36m[Knote: [m[Kcandidate: ‘[01m[Ktemplate<class _Traits> std::basic_ostream<char, _Traits>& std::operator<<(std::basic_ostream<char, _Traits>&, const char*)[m[K’
[5.009s]   611 |     [01;36m[Koperator[m[K<<(basic_ostream<char, _Traits>& __out, const char* __s)
[5.009s]       |     [01;36m[K^~~~~~~~[m[K
[5.009s] [01m[K/usr/include/c++/11/ostream:611:5:[m[K [01;36m[Knote: [m[K  template argument deduction/substitution failed:
[5.009s] [01m[K/home/shenhang/ros_study/chapter3/topic_practice_workspace/src/status_display/src/sys_status_display.cpp:19:42:[m[K [01;36m[Knote: [m[K  cannot convert ‘[01m[K((const std::__shared_ptr_access<status_interfaces::msg::SystemStatus_<std::allocator<void> >, __gnu_cxx::_S_atomic, false, false>*)(& msg))->std::__shared_ptr_access<status_interfaces::msg::SystemStatus_<std::allocator<void> >, __gnu_cxx::_S_atomic, false, false>::operator->()->status_interfaces::msg::SystemStatus_<std::allocator<void> >::stamp[m[K’ (type ‘[01m[Kstatus_interfaces::msg::SystemStatus_<std::allocator<void> >::_stamp_type[m[K’ {aka ‘[01m[Kbuiltin_interfaces::msg::Time_<std::allocator<void> >[m[K’}) to type ‘[01m[Kconst char*[m[K’
[5.009s]    19 |                  << "数据时间: " << [01;36m[Kmsg->stamp[m[K << " s\n"
[5.009s]       |                                     [01;36m[K~~~~~^~~~~[m[K
[5.009s] In file included from [01m[K/usr/include/c++/11/iostream:39[m[K,
[5.009s]                  from [01m[K/opt/ros/humble/include/rclcpp/rclcpp/executor.hpp:22[m[K,
[5.010s]                  from [01m[K/opt/ros/humble/include/rclcpp/rclcpp/executors/multi_threaded_executor.hpp:25[m[K,
[5.010s]                  from [01m[K/opt/ros/humble/include/rclcpp/rclcpp/executors.hpp:21[m[K,
[5.010s]                  from [01m[K/opt/ros/humble/include/rclcpp/rclcpp/rclcpp.hpp:155[m[K,
[5.010s]                  from [01m[K/home/shenhang/ros_study/chapter3/topic_practice_workspace/src/status_display/src/sys_status_display.cpp:4[m[K:
[5.010s] [01m[K/usr/include/c++/11/ostream:624:5:[m[K [01;36m[Knote: [m[Kcandidate: ‘[01m[Ktemplate<class _Traits> std::basic_ostream<char, _Traits>& std::operator<<(std::basic_ostream<char, _Traits>&, const signed char*)[m[K’
[5.010s]   624 |     [01;36m[Koperator[m[K<<(basic_ostream<char, _Traits>& __out, const signed char* __s)
[5.010s]       |     [01;36m[K^~~~~~~~[m[K
[5.010s] [01m[K/usr/include/c++/11/ostream:624:5:[m[K [01;36m[Knote: [m[K  template argument deduction/substitution failed:
[5.012s] [01m[K/home/shenhang/ros_study/chapter3/topic_practice_workspace/src/status_display/src/sys_status_display.cpp:19:42:[m[K [01;36m[Knote: [m[K  cannot convert ‘[01m[K((const std::__shared_ptr_access<status_interfaces::msg::SystemStatus_<std::allocator<void> >, __gnu_cxx::_S_atomic, false, false>*)(& msg))->std::__shared_ptr_access<status_interfaces::msg::SystemStatus_<std::allocator<void> >, __gnu_cxx::_S_atomic, false, false>::operator->()->status_interfaces::msg::SystemStatus_<std::allocator<void> >::stamp[m[K’ (type ‘[01m[Kstatus_interfaces::msg::SystemStatus_<std::allocator<void> >::_stamp_type[m[K’ {aka ‘[01m[Kbuiltin_interfaces::msg::Time_<std::allocator<void> >[m[K’}) to type ‘[01m[Kconst signed char*[m[K’
[5.012s]    19 |                  << "数据时间: " << [01;36m[Kmsg->stamp[m[K << " s\n"
[5.012s]       |                                     [01;36m[K~~~~~^~~~~[m[K
[5.012s] In file included from [01m[K/usr/include/c++/11/iostream:39[m[K,
[5.012s]                  from [01m[K/opt/ros/humble/include/rclcpp/rclcpp/executor.hpp:22[m[K,
[5.012s]                  from [01m[K/opt/ros/humble/include/rclcpp/rclcpp/executors/multi_threaded_executor.hpp:25[m[K,
[5.012s]                  from [01m[K/opt/ros/humble/include/rclcpp/rclcpp/executors.hpp:21[m[K,
[5.012s]                  from [01m[K/opt/ros/humble/include/rclcpp/rclcpp/rclcpp.hpp:155[m[K,
[5.012s]                  from [01m[K/home/shenhang/ros_study/chapter3/topic_practice_workspace/src/status_display/src/sys_status_display.cpp:4[m[K:
[5.013s] [01m[K/usr/include/c++/11/ostream:629:5:[m[K [01;36m[Knote: [m[Kcandidate: ‘[01m[Ktemplate<class _Traits> std::basic_ostream<char, _Traits>& std::operator<<(std::basic_ostream<char, _Traits>&, const unsigned char*)[m[K’
[5.013s]   629 |     [01;36m[Koperator[m[K<<(basic_ostream<char, _Traits>& __out, const unsigned char* __s)
[5.013s]       |     [01;36m[K^~~~~~~~[m[K
[5.013s] [01m[K/usr/include/c++/11/ostream:629:5:[m[K [01;36m[Knote: [m[K  template argument deduction/substitution failed:
[5.013s] [01m[K/home/shenhang/ros_study/chapter3/topic_practice_workspace/src/status_display/src/sys_status_display.cpp:19:42:[m[K [01;36m[Knote: [m[K  cannot convert ‘[01m[K((const std::__shared_ptr_access<status_interfaces::msg::SystemStatus_<std::allocator<void> >, __gnu_cxx::_S_atomic, false, false>*)(& msg))->std::__shared_ptr_access<status_interfaces::msg::SystemStatus_<std::allocator<void> >, __gnu_cxx::_S_atomic, false, false>::operator->()->status_interfaces::msg::SystemStatus_<std::allocator<void> >::stamp[m[K’ (type ‘[01m[Kstatus_interfaces::msg::SystemStatus_<std::allocator<void> >::_stamp_type[m[K’ {aka ‘[01m[Kbuiltin_interfaces::msg::Time_<std::allocator<void> >[m[K’}) to type ‘[01m[Kconst unsigned char*[m[K’
[5.013s]    19 |                  << "数据时间: " << [01;36m[Kmsg->stamp[m[K << " s\n"
[5.013s]       |                                     [01;36m[K~~~~~^~~~~[m[K
[5.013s] In file included from [01m[K/usr/include/c++/11/iostream:39[m[K,
[5.013s]                  from [01m[K/opt/ros/humble/include/rclcpp/rclcpp/executor.hpp:22[m[K,
[5.013s]                  from [01m[K/opt/ros/humble/include/rclcpp/rclcpp/executors/multi_threaded_executor.hpp:25[m[K,
[5.013s]                  from [01m[K/opt/ros/humble/include/rclcpp/rclcpp/executors.hpp:21[m[K,
[5.014s]                  from [01m[K/opt/ros/humble/include/rclcpp/rclcpp/rclcpp.hpp:155[m[K,
[5.014s]                  from [01m[K/home/shenhang/ros_study/chapter3/topic_practice_workspace/src/status_display/src/sys_status_display.cpp:4[m[K:
[5.014s] [01m[K/usr/include/c++/11/ostream:750:5:[m[K [01;36m[Knote: [m[Kcandidate: ‘[01m[Ktemplate<class _Ostream, class _Tp> _Ostream&& std::operator<<(_Ostream&&, const _Tp&)[m[K’
[5.014s]   750 |     [01;36m[Koperator[m[K<<(_Ostream&& __os, const _Tp& __x)
[5.014s]       |     [01;36m[K^~~~~~~~[m[K
[5.014s] [01m[K/usr/include/c++/11/ostream:750:5:[m[K [01;36m[Knote: [m[K  template argument deduction/substitution failed:
[5.014s] /usr/include/c++/11/ostream: In substitution of ‘[01m[Ktemplate<class _Ostream, class _Tp> _Ostream&& std::operator<<(_Ostream&&, const _Tp&) [with _Ostream = std::basic_ostream<char>&; _Tp = builtin_interfaces::msg::Time_<std::allocator<void> >][m[K’:
[5.015s] [01m[K/home/shenhang/ros_study/chapter3/topic_practice_workspace/src/status_display/src/sys_status_display.cpp:19:46:[m[K   required from here
[5.015s] [01m[K/usr/include/c++/11/ostream:750:5:[m[K [01;31m[Kerror: [m[Kno type named ‘[01m[Ktype[m[K’ in ‘[01m[Kstruct std::enable_if<false, void>[m[K’
[5.015s] In file included from [01m[K/opt/ros/humble/include/rosidl_runtime_cpp/rosidl_runtime_cpp/traits.hpp:19[m[K,
[5.015s]                  from [01m[K/opt/ros/humble/include/builtin_interfaces/builtin_interfaces/msg/detail/duration__traits.hpp:15[m[K,
[5.016s]                  from [01m[K/opt/ros/humble/include/builtin_interfaces/builtin_interfaces/msg/duration.hpp:9[m[K,
[5.016s]                  from [01m[K/opt/ros/humble/include/rclcpp/rclcpp/duration.hpp:20[m[K,
[5.016s]                  from [01m[K/opt/ros/humble/include/rclcpp/rclcpp/qos.hpp:20[m[K,
[5.016s]                  from [01m[K/opt/ros/humble/include/rclcpp/rclcpp/node_interfaces/node_graph_interface.hpp:32[m[K,
[5.016s]                  from [01m[K/opt/ros/humble/include/rclcpp/rclcpp/client.hpp:42[m[K,
[5.016s]                  from [01m[K/opt/ros/humble/include/rclcpp/rclcpp/callback_group.hpp:24[m[K,
[5.016s]                  from [01m[K/opt/ros/humble/include/rclcpp/rclcpp/any_executable.hpp:20[m[K,
[5.016s]                  from [01m[K/opt/ros/humble/include/rclcpp/rclcpp/memory_strategy.hpp:25[m[K,
[5.016s]                  from [01m[K/opt/ros/humble/include/rclcpp/rclcpp/memory_strategies.hpp:18[m[K,
[5.016s]                  from [01m[K/opt/ros/humble/include/rclcpp/rclcpp/executor_options.hpp:20[m[K,
[5.017s]                  from [01m[K/opt/ros/humble/include/rclcpp/rclcpp/executor.hpp:37[m[K,
[5.017s]                  from [01m[K/opt/ros/humble/include/rclcpp/rclcpp/executors/multi_threaded_executor.hpp:25[m[K,
[5.017s]                  from [01m[K/opt/ros/humble/include/rclcpp/rclcpp/executors.hpp:21[m[K,
[5.017s]                  from [01m[K/opt/ros/humble/include/rclcpp/rclcpp/rclcpp.hpp:155[m[K,
[5.017s]                  from [01m[K/home/shenhang/ros_study/chapter3/topic_practice_workspace/src/status_display/src/sys_status_display.cpp:4[m[K:
[5.017s] [01m[K/usr/include/c++/11/iomanip:79:5:[m[K [01;36m[Knote: [m[Kcandidate: ‘[01m[Ktemplate<class _CharT, class _Traits> std::basic_ostream<_CharT, _Traits>& std::operator<<(std::basic_ostream<_CharT, _Traits>&, std::_Resetiosflags)[m[K’
[5.017s]    79 |     [01;36m[Koperator[m[K<<(basic_ostream<_CharT, _Traits>& __os, _Resetiosflags __f)
[5.017s]       |     [01;36m[K^~~~~~~~[m[K
[5.017s] [01m[K/usr/include/c++/11/iomanip:79:5:[m[K [01;36m[Knote: [m[K  template argument deduction/substitution failed:
[5.017s] [01m[K/home/shenhang/ros_study/chapter3/topic_practice_workspace/src/status_display/src/sys_status_display.cpp:19:42:[m[K [01;36m[Knote: [m[K  cannot convert ‘[01m[K((const std::__shared_ptr_access<status_interfaces::msg::SystemStatus_<std::allocator<void> >, __gnu_cxx::_S_atomic, false, false>*)(& msg))->std::__shared_ptr_access<status_interfaces::msg::SystemStatus_<std::allocator<void> >, __gnu_cxx::_S_atomic, false, false>::operator->()->status_interfaces::msg::SystemStatus_<std::allocator<void> >::stamp[m[K’ (type ‘[01m[Kstatus_interfaces::msg::SystemStatus_<std::allocator<void> >::_stamp_type[m[K’ {aka ‘[01m[Kbuiltin_interfaces::msg::Time_<std::allocator<void> >[m[K’}) to type ‘[01m[Kstd::_Resetiosflags[m[K’
[5.017s]    19 |                  << "数据时间: " << [01;36m[Kmsg->stamp[m[K << " s\n"
[5.018s]       |                                     [01;36m[K~~~~~^~~~~[m[K
[5.019s] In file included from [01m[K/opt/ros/humble/include/rosidl_runtime_cpp/rosidl_runtime_cpp/traits.hpp:19[m[K,
[5.019s]                  from [01m[K/opt/ros/humble/include/builtin_interfaces/builtin_interfaces/msg/detail/duration__traits.hpp:15[m[K,
[5.019s]                  from [01m[K/opt/ros/humble/include/builtin_interfaces/builtin_interfaces/msg/duration.hpp:9[m[K,
[5.019s]                  from [01m[K/opt/ros/humble/include/rclcpp/rclcpp/duration.hpp:20[m[K,
[5.019s]                  from [01m[K/opt/ros/humble/include/rclcpp/rclcpp/qos.hpp:20[m[K,
[5.019s]                  from [01m[K/opt/ros/humble/include/rclcpp/rclcpp/node_interfaces/node_graph_interface.hpp:32[m[K,
[5.019s]                  from [01m[K/opt/ros/humble/include/rclcpp/rclcpp/client.hpp:42[m[K,
[5.019s]                  from [01m[K/opt/ros/humble/include/rclcpp/rclcpp/callback_group.hpp:24[m[K,
[5.019s]                  from [01m[K/opt/ros/humble/include/rclcpp/rclcpp/any_executable.hpp:20[m[K,
[5.020s]                  from [01m[K/opt/ros/humble/include/rclcpp/rclcpp/memory_strategy.hpp:25[m[K,
[5.020s]                  from [01m[K/opt/ros/humble/include/rclcpp/rclcpp/memory_strategies.hpp:18[m[K,
[5.020s]                  from [01m[K/opt/ros/humble/include/rclcpp/rclcpp/executor_options.hpp:20[m[K,
[5.020s]                  from [01m[K/opt/ros/humble/include/rclcpp/rclcpp/executor.hpp:37[m[K,
[5.020s]                  from [01m[K/opt/ros/humble/include/rclcpp/rclcpp/executors/multi_threaded_executor.hpp:25[m[K,
[5.020s]                  from [01m[K/opt/ros/humble/include/rclcpp/rclcpp/executors.hpp:21[m[K,
[5.020s]                  from [01m[K/opt/ros/humble/include/rclcpp/rclcpp/rclcpp.hpp:155[m[K,
[5.020s]                  from [01m[K/home/shenhang/ros_study/chapter3/topic_practice_workspace/src/status_display/src/sys_status_display.cpp:4[m[K:
[5.020s] [01m[K/usr/include/c++/11/iomanip:109:5:[m[K [01;36m[Knote: [m[Kcandidate: ‘[01m[Ktemplate<class _CharT, class _Traits> std::basic_ostream<_CharT, _Traits>& std::operator<<(std::basic_ostream<_CharT, _Traits>&, std::_Setiosflags)[m[K’
[5.020s]   109 |     [01;36m[Koperator[m[K<<(basic_ostream<_CharT, _Traits>& __os, _Setiosflags __f)
[5.020s]       |     [01;36m[K^~~~~~~~[m[K
[5.021s] [01m[K/usr/include/c++/11/iomanip:109:5:[m[K [01;36m[Knote: [m[K  template argument deduction/substitution failed:
[5.021s] [01m[K/home/shenhang/ros_study/chapter3/topic_practice_workspace/src/status_display/src/sys_status_display.cpp:19:42:[m[K [01;36m[Knote: [m[K  cannot convert ‘[01m[K((const std::__shared_ptr_access<status_interfaces::msg::SystemStatus_<std::allocator<void> >, __gnu_cxx::_S_atomic, false, false>*)(& msg))->std::__shared_ptr_access<status_interfaces::msg::SystemStatus_<std::allocator<void> >, __gnu_cxx::_S_atomic, false, false>::operator->()->status_interfaces::msg::SystemStatus_<std::allocator<void> >::stamp[m[K’ (type ‘[01m[Kstatus_interfaces::msg::SystemStatus_<std::allocator<void> >::_stamp_type[m[K’ {aka ‘[01m[Kbuiltin_interfaces::msg::Time_<std::allocator<void> >[m[K’}) to type ‘[01m[Kstd::_Setiosflags[m[K’
[5.021s]    19 |                  << "数据时间: " << [01;36m[Kmsg->stamp[m[K << " s\n"
[5.021s]       |                                     [01;36m[K~~~~~^~~~~[m[K
[5.021s] In file included from [01m[K/opt/ros/humble/include/rosidl_runtime_cpp/rosidl_runtime_cpp/traits.hpp:19[m[K,
[5.021s]                  from [01m[K/opt/ros/humble/include/builtin_interfaces/builtin_interfaces/msg/detail/duration__traits.hpp:15[m[K,
[5.021s]                  from [01m[K/opt/ros/humble/include/builtin_interfaces/builtin_interfaces/msg/duration.hpp:9[m[K,
[5.021s]                  from [01m[K/opt/ros/humble/include/rclcpp/rclcpp/duration.hpp:20[m[K,
[5.021s]                  from [01m[K/opt/ros/humble/include/rclcpp/rclcpp/qos.hpp:20[m[K,
[5.021s]                  from [01m[K/opt/ros/humble/include/rclcpp/rclcpp/node_interfaces/node_graph_interface.hpp:32[m[K,
[5.021s]                  from [01m[K/opt/ros/humble/include/rclcpp/rclcpp/client.hpp:42[m[K,
[5.023s]                  from [01m[K/opt/ros/humble/include/rclcpp/rclcpp/callback_group.hpp:24[m[K,
[5.023s]                  from [01m[K/opt/ros/humble/include/rclcpp/rclcpp/any_executable.hpp:20[m[K,
[5.023s]                  from [01m[K/opt/ros/humble/include/rclcpp/rclcpp/memory_strategy.hpp:25[m[K,
[5.023s]                  from [01m[K/opt/ros/humble/include/rclcpp/rclcpp/memory_strategies.hpp:18[m[K,
[5.023s]                  from [01m[K/opt/ros/humble/include/rclcpp/rclcpp/executor_options.hpp:20[m[K,
[5.023s]                  from [01m[K/opt/ros/humble/include/rclcpp/rclcpp/executor.hpp:37[m[K,
[5.023s]                  from [01m[K/opt/ros/humble/include/rclcpp/rclcpp/executors/multi_threaded_executor.hpp:25[m[K,
[5.023s]                  from [01m[K/opt/ros/humble/include/rclcpp/rclcpp/executors.hpp:21[m[K,
[5.024s]                  from [01m[K/opt/ros/humble/include/rclcpp/rclcpp/rclcpp.hpp:155[m[K,
[5.024s]                  from [01m[K/home/shenhang/ros_study/chapter3/topic_practice_workspace/src/status_display/src/sys_status_display.cpp:4[m[K:
[5.024s] [01m[K/usr/include/c++/11/iomanip:143:5:[m[K [01;36m[Knote: [m[Kcandidate: ‘[01m[Ktemplate<class _CharT, class _Traits> std::basic_ostream<_CharT, _Traits>& std::operator<<(std::basic_ostream<_CharT, _Traits>&, std::_Setbase)[m[K’
[5.024s]   143 |     [01;36m[Koperator[m[K<<(basic_ostream<_CharT, _Traits>& __os, _Setbase __f)
[5.024s]       |     [01;36m[K^~~~~~~~[m[K
[5.024s] [01m[K/usr/include/c++/11/iomanip:143:5:[m[K [01;36m[Knote: [m[K  template argument deduction/substitution failed:
[5.024s] [01m[K/home/shenhang/ros_study/chapter3/topic_practice_workspace/src/status_display/src/sys_status_display.cpp:19:42:[m[K [01;36m[Knote: [m[K  cannot convert ‘[01m[K((const std::__shared_ptr_access<status_interfaces::msg::SystemStatus_<std::allocator<void> >, __gnu_cxx::_S_atomic, false, false>*)(& msg))->std::__shared_ptr_access<status_interfaces::msg::SystemStatus_<std::allocator<void> >, __gnu_cxx::_S_atomic, false, false>::operator->()->status_interfaces::msg::SystemStatus_<std::allocator<void> >::stamp[m[K’ (type ‘[01m[Kstatus_interfaces::msg::SystemStatus_<std::allocator<void> >::_stamp_type[m[K’ {aka ‘[01m[Kbuiltin_interfaces::msg::Time_<std::allocator<void> >[m[K’}) to type ‘[01m[Kstd::_Setbase[m[K’
[5.024s]    19 |                  << "数据时间: " << [01;36m[Kmsg->stamp[m[K << " s\n"
[5.024s]       |                                     [01;36m[K~~~~~^~~~~[m[K
[5.024s] In file included from [01m[K/opt/ros/humble/include/rosidl_runtime_cpp/rosidl_runtime_cpp/traits.hpp:19[m[K,
[5.024s]                  from [01m[K/opt/ros/humble/include/builtin_interfaces/builtin_interfaces/msg/detail/duration__traits.hpp:15[m[K,
[5.025s]                  from [01m[K/opt/ros/humble/include/builtin_interfaces/builtin_interfaces/msg/duration.hpp:9[m[K,
[5.025s]                  from [01m[K/opt/ros/humble/include/rclcpp/rclcpp/duration.hpp:20[m[K,
[5.025s]                  from [01m[K/opt/ros/humble/include/rclcpp/rclcpp/qos.hpp:20[m[K,
[5.025s]                  from [01m[K/opt/ros/humble/include/rclcpp/rclcpp/node_interfaces/node_graph_interface.hpp:32[m[K,
[5.025s]                  from [01m[K/opt/ros/humble/include/rclcpp/rclcpp/client.hpp:42[m[K,
[5.027s]                  from [01m[K/opt/ros/humble/include/rclcpp/rclcpp/callback_group.hpp:24[m[K,
[5.027s]                  from [01m[K/opt/ros/humble/include/rclcpp/rclcpp/any_executable.hpp:20[m[K,
[5.027s]                  from [01m[K/opt/ros/humble/include/rclcpp/rclcpp/memory_strategy.hpp:25[m[K,
[5.027s]                  from [01m[K/opt/ros/humble/include/rclcpp/rclcpp/memory_strategies.hpp:18[m[K,
[5.027s]                  from [01m[K/opt/ros/humble/include/rclcpp/rclcpp/executor_options.hpp:20[m[K,
[5.027s]                  from [01m[K/opt/ros/humble/include/rclcpp/rclcpp/executor.hpp:37[m[K,
[5.027s]                  from [01m[K/opt/ros/humble/include/rclcpp/rclcpp/executors/multi_threaded_executor.hpp:25[m[K,
[5.028s]                  from [01m[K/opt/ros/humble/include/rclcpp/rclcpp/executors.hpp:21[m[K,
[5.028s]                  from [01m[K/opt/ros/humble/include/rclcpp/rclcpp/rclcpp.hpp:155[m[K,
[5.028s]                  from [01m[K/home/shenhang/ros_study/chapter3/topic_practice_workspace/src/status_display/src/sys_status_display.cpp:4[m[K:
[5.028s] [01m[K/usr/include/c++/11/iomanip:178:5:[m[K [01;36m[Knote: [m[Kcandidate: ‘[01m[Ktemplate<class _CharT, class _Traits> std::basic_ostream<_CharT, _Traits>& std::operator<<(std::basic_ostream<_CharT, _Traits>&, std::_Setfill<_CharT>)[m[K’
[5.028s]   178 |     [01;36m[Koperator[m[K<<(basic_ostream<_CharT, _Traits>& __os, _Setfill<_CharT> __f)
[5.028s]       |     [01;36m[K^~~~~~~~[m[K
[5.028s] [01m[K/usr/include/c++/11/iomanip:178:5:[m[K [01;36m[Knote: [m[K  template argument deduction/substitution failed:
[5.028s] [01m[K/home/shenhang/ros_study/chapter3/topic_practice_workspace/src/status_display/src/sys_status_display.cpp:19:42:[m[K [01;36m[Knote: [m[K  ‘[01m[Kbuiltin_interfaces::msg::Time_<std::allocator<void> >[m[K’ is not derived from ‘[01m[Kstd::_Setfill<_CharT>[m[K’
[5.028s]    19 |                  << "数据时间: " << msg->[01;36m[Kstamp[m[K << " s\n"
[5.028s]       |                                          [01;36m[K^~~~~[m[K
[5.029s] In file included from [01m[K/opt/ros/humble/include/rosidl_runtime_cpp/rosidl_runtime_cpp/traits.hpp:19[m[K,
[5.029s]                  from [01m[K/opt/ros/humble/include/builtin_interfaces/builtin_interfaces/msg/detail/duration__traits.hpp:15[m[K,
[5.029s]                  from [01m[K/opt/ros/humble/include/builtin_interfaces/builtin_interfaces/msg/duration.hpp:9[m[K,
[5.029s]                  from [01m[K/opt/ros/humble/include/rclcpp/rclcpp/duration.hpp:20[m[K,
[5.029s]                  from [01m[K/opt/ros/humble/include/rclcpp/rclcpp/qos.hpp:20[m[K,
[5.029s]                  from [01m[K/opt/ros/humble/include/rclcpp/rclcpp/node_interfaces/node_graph_interface.hpp:32[m[K,
[5.029s]                  from [01m[K/opt/ros/humble/include/rclcpp/rclcpp/client.hpp:42[m[K,
[5.029s]                  from [01m[K/opt/ros/humble/include/rclcpp/rclcpp/callback_group.hpp:24[m[K,
[5.029s]                  from [01m[K/opt/ros/humble/include/rclcpp/rclcpp/any_executable.hpp:20[m[K,
[5.029s]                  from [01m[K/opt/ros/humble/include/rclcpp/rclcpp/memory_strategy.hpp:25[m[K,
[5.029s]                  from [01m[K/opt/ros/humble/include/rclcpp/rclcpp/memory_strategies.hpp:18[m[K,
[5.030s]                  from [01m[K/opt/ros/humble/include/rclcpp/rclcpp/executor_options.hpp:20[m[K,
[5.030s]                  from [01m[K/opt/ros/humble/include/rclcpp/rclcpp/executor.hpp:37[m[K,
[5.030s]                  from [01m[K/opt/ros/humble/include/rclcpp/rclcpp/executors/multi_threaded_executor.hpp:25[m[K,
[5.030s]                  from [01m[K/opt/ros/humble/include/rclcpp/rclcpp/executors.hpp:21[m[K,
[5.030s]                  from [01m[K/opt/ros/humble/include/rclcpp/rclcpp/rclcpp.hpp:155[m[K,
[5.030s]                  from [01m[K/home/shenhang/ros_study/chapter3/topic_practice_workspace/src/status_display/src/sys_status_display.cpp:4[m[K:
[5.030s] [01m[K/usr/include/c++/11/iomanip:208:5:[m[K [01;36m[Knote: [m[Kcandidate: ‘[01m[Ktemplate<class _CharT, class _Traits> std::basic_ostream<_CharT, _Traits>& std::operator<<(std::basic_ostream<_CharT, _Traits>&, std::_Setprecision)[m[K’
[5.030s]   208 |     [01;36m[Koperator[m[K<<(basic_ostream<_CharT, _Traits>& __os, _Setprecision __f)
[5.030s]       |     [01;36m[K^~~~~~~~[m[K
[5.030s] [01m[K/usr/include/c++/11/iomanip:208:5:[m[K [01;36m[Knote: [m[K  template argument deduction/substitution failed:
[5.030s] [01m[K/home/shenhang/ros_study/chapter3/topic_practice_workspace/src/status_display/src/sys_status_display.cpp:19:42:[m[K [01;36m[Knote: [m[K  cannot convert ‘[01m[K((const std::__shared_ptr_access<status_interfaces::msg::SystemStatus_<std::allocator<void> >, __gnu_cxx::_S_atomic, false, false>*)(& msg))->std::__shared_ptr_access<status_interfaces::msg::SystemStatus_<std::allocator<void> >, __gnu_cxx::_S_atomic, false, false>::operator->()->status_interfaces::msg::SystemStatus_<std::allocator<void> >::stamp[m[K’ (type ‘[01m[Kstatus_interfaces::msg::SystemStatus_<std::allocator<void> >::_stamp_type[m[K’ {aka ‘[01m[Kbuiltin_interfaces::msg::Time_<std::allocator<void> >[m[K’}) to type ‘[01m[Kstd::_Setprecision[m[K’
[5.031s]    19 |                  << "数据时间: " << [01;36m[Kmsg->stamp[m[K << " s\n"
[5.031s]       |                                     [01;36m[K~~~~~^~~~~[m[K
[5.031s] In file included from [01m[K/opt/ros/humble/include/rosidl_runtime_cpp/rosidl_runtime_cpp/traits.hpp:19[m[K,
[5.031s]                  from [01m[K/opt/ros/humble/include/builtin_interfaces/builtin_interfaces/msg/detail/duration__traits.hpp:15[m[K,
[5.033s]                  from [01m[K/opt/ros/humble/include/builtin_interfaces/builtin_interfaces/msg/duration.hpp:9[m[K,
[5.033s]                  from [01m[K/opt/ros/humble/include/rclcpp/rclcpp/duration.hpp:20[m[K,
[5.033s]                  from [01m[K/opt/ros/humble/include/rclcpp/rclcpp/qos.hpp:20[m[K,
[5.033s]                  from [01m[K/opt/ros/humble/include/rclcpp/rclcpp/node_interfaces/node_graph_interface.hpp:32[m[K,
[5.033s]                  from [01m[K/opt/ros/humble/include/rclcpp/rclcpp/client.hpp:42[m[K,
[5.033s]                  from [01m[K/opt/ros/humble/include/rclcpp/rclcpp/callback_group.hpp:24[m[K,
[5.033s]                  from [01m[K/opt/ros/humble/include/rclcpp/rclcpp/any_executable.hpp:20[m[K,
[5.033s]                  from [01m[K/opt/ros/humble/include/rclcpp/rclcpp/memory_strategy.hpp:25[m[K,
[5.034s]                  from [01m[K/opt/ros/humble/include/rclcpp/rclcpp/memory_strategies.hpp:18[m[K,
[5.034s]                  from [01m[K/opt/ros/humble/include/rclcpp/rclcpp/executor_options.hpp:20[m[K,
[5.034s]                  from [01m[K/opt/ros/humble/include/rclcpp/rclcpp/executor.hpp:37[m[K,
[5.034s]                  from [01m[K/opt/ros/humble/include/rclcpp/rclcpp/executors/multi_threaded_executor.hpp:25[m[K,
[5.034s]                  from [01m[K/opt/ros/humble/include/rclcpp/rclcpp/executors.hpp:21[m[K,
[5.034s]                  from [01m[K/opt/ros/humble/include/rclcpp/rclcpp/rclcpp.hpp:155[m[K,
[5.034s]                  from [01m[K/home/shenhang/ros_study/chapter3/topic_practice_workspace/src/status_display/src/sys_status_display.cpp:4[m[K:
[5.034s] [01m[K/usr/include/c++/11/iomanip:238:5:[m[K [01;36m[Knote: [m[Kcandidate: ‘[01m[Ktemplate<class _CharT, class _Traits> std::basic_ostream<_CharT, _Traits>& std::operator<<(std::basic_ostream<_CharT, _Traits>&, std::_Setw)[m[K’
[5.034s]   238 |     [01;36m[Koperator[m[K<<(basic_ostream<_CharT, _Traits>& __os, _Setw __f)
[5.034s]       |     [01;36m[K^~~~~~~~[m[K
[5.034s] [01m[K/usr/include/c++/11/iomanip:238:5:[m[K [01;36m[Knote: [m[K  template argument deduction/substitution failed:
[5.035s] [01m[K/home/shenhang/ros_study/chapter3/topic_practice_workspace/src/status_display/src/sys_status_display.cpp:19:42:[m[K [01;36m[Knote: [m[K  cannot convert ‘[01m[K((const std::__shared_ptr_access<status_interfaces::msg::SystemStatus_<std::allocator<void> >, __gnu_cxx::_S_atomic, false, false>*)(& msg))->std::__shared_ptr_access<status_interfaces::msg::SystemStatus_<std::allocator<void> >, __gnu_cxx::_S_atomic, false, false>::operator->()->status_interfaces::msg::SystemStatus_<std::allocator<void> >::stamp[m[K’ (type ‘[01m[Kstatus_interfaces::msg::SystemStatus_<std::allocator<void> >::_stamp_type[m[K’ {aka ‘[01m[Kbuiltin_interfaces::msg::Time_<std::allocator<void> >[m[K’}) to type ‘[01m[Kstd::_Setw[m[K’
[5.035s]    19 |                  << "数据时间: " << [01;36m[Kmsg->stamp[m[K << " s\n"
[5.035s]       |                                     [01;36m[K~~~~~^~~~~[m[K
[5.035s] In file included from [01m[K/opt/ros/humble/include/rosidl_runtime_cpp/rosidl_runtime_cpp/traits.hpp:19[m[K,
[5.035s]                  from [01m[K/opt/ros/humble/include/builtin_interfaces/builtin_interfaces/msg/detail/duration__traits.hpp:15[m[K,
[5.035s]                  from [01m[K/opt/ros/humble/include/builtin_interfaces/builtin_interfaces/msg/duration.hpp:9[m[K,
[5.035s]                  from [01m[K/opt/ros/humble/include/rclcpp/rclcpp/duration.hpp:20[m[K,
[5.035s]                  from [01m[K/opt/ros/humble/include/rclcpp/rclcpp/qos.hpp:20[m[K,
[5.035s]                  from [01m[K/opt/ros/humble/include/rclcpp/rclcpp/node_interfaces/node_graph_interface.hpp:32[m[K,
[5.035s]                  from [01m[K/opt/ros/humble/include/rclcpp/rclcpp/client.hpp:42[m[K,
[5.035s]                  from [01m[K/opt/ros/humble/include/rclcpp/rclcpp/callback_group.hpp:24[m[K,
[5.036s]                  from [01m[K/opt/ros/humble/include/rclcpp/rclcpp/any_executable.hpp:20[m[K,
[5.037s]                  from [01m[K/opt/ros/humble/include/rclcpp/rclcpp/memory_strategy.hpp:25[m[K,
[5.037s]                  from [01m[K/opt/ros/humble/include/rclcpp/rclcpp/memory_strategies.hpp:18[m[K,
[5.037s]                  from [01m[K/opt/ros/humble/include/rclcpp/rclcpp/executor_options.hpp:20[m[K,
[5.037s]                  from [01m[K/opt/ros/humble/include/rclcpp/rclcpp/executor.hpp:37[m[K,
[5.037s]                  from [01m[K/opt/ros/humble/include/rclcpp/rclcpp/executors/multi_threaded_executor.hpp:25[m[K,
[5.037s]                  from [01m[K/opt/ros/humble/include/rclcpp/rclcpp/executors.hpp:21[m[K,
[5.037s]                  from [01m[K/opt/ros/humble/include/rclcpp/rclcpp/rclcpp.hpp:155[m[K,
[5.037s]                  from [01m[K/home/shenhang/ros_study/chapter3/topic_practice_workspace/src/status_display/src/sys_status_display.cpp:4[m[K:
[5.037s] [01m[K/usr/include/c++/11/iomanip:311:5:[m[K [01;36m[Knote: [m[Kcandidate: ‘[01m[Ktemplate<class _CharT, class _Traits, class _MoneyT> std::basic_ostream<_CharT, _Traits>& std::operator<<(std::basic_ostream<_CharT, _Traits>&, std::_Put_money<_MoneyT>)[m[K’
[5.038s]   311 |     [01;36m[Koperator[m[K<<(basic_ostream<_CharT, _Traits>& __os, _Put_money<_MoneyT> __f)
[5.038s]       |     [01;36m[K^~~~~~~~[m[K
[5.038s] [01m[K/usr/include/c++/11/iomanip:311:5:[m[K [01;36m[Knote: [m[K  template argument deduction/substitution failed:
[5.038s] [01m[K/home/shenhang/ros_study/chapter3/topic_practice_workspace/src/status_display/src/sys_status_display.cpp:19:42:[m[K [01;36m[Knote: [m[K  ‘[01m[Kbuiltin_interfaces::msg::Time_<std::allocator<void> >[m[K’ is not derived from ‘[01m[Kstd::_Put_money<_MoneyT>[m[K’
[5.038s]    19 |                  << "数据时间: " << msg->[01;36m[Kstamp[m[K << " s\n"
[5.038s]       |                                          [01;36m[K^~~~~[m[K
[5.038s] In file included from [01m[K/opt/ros/humble/include/rosidl_runtime_cpp/rosidl_runtime_cpp/traits.hpp:19[m[K,
[5.038s]                  from [01m[K/opt/ros/humble/include/builtin_interfaces/builtin_interfaces/msg/detail/duration__traits.hpp:15[m[K,
[5.038s]                  from [01m[K/opt/ros/humble/include/builtin_interfaces/builtin_interfaces/msg/duration.hpp:9[m[K,
[5.038s]                  from [01m[K/opt/ros/humble/include/rclcpp/rclcpp/duration.hpp:20[m[K,
[5.038s]                  from [01m[K/opt/ros/humble/include/rclcpp/rclcpp/qos.hpp:20[m[K,
[5.039s]                  from [01m[K/opt/ros/humble/include/rclcpp/rclcpp/node_interfaces/node_graph_interface.hpp:32[m[K,
[5.039s]                  from [01m[K/opt/ros/humble/include/rclcpp/rclcpp/client.hpp:42[m[K,
[5.039s]                  from [01m[K/opt/ros/humble/include/rclcpp/rclcpp/callback_group.hpp:24[m[K,
[5.039s]                  from [01m[K/opt/ros/humble/include/rclcpp/rclcpp/any_executable.hpp:20[m[K,
[5.039s]                  from [01m[K/opt/ros/humble/include/rclcpp/rclcpp/memory_strategy.hpp:25[m[K,
[5.039s]                  from [01m[K/opt/ros/humble/include/rclcpp/rclcpp/memory_strategies.hpp:18[m[K,
[5.039s]                  from [01m[K/opt/ros/humble/include/rclcpp/rclcpp/executor_options.hpp:20[m[K,
[5.039s]                  from [01m[K/opt/ros/humble/include/rclcpp/rclcpp/executor.hpp:37[m[K,
[5.039s]                  from [01m[K/opt/ros/humble/include/rclcpp/rclcpp/executors/multi_threaded_executor.hpp:25[m[K,
[5.039s]                  from [01m[K/opt/ros/humble/include/rclcpp/rclcpp/executors.hpp:21[m[K,
[5.039s]                  from [01m[K/opt/ros/humble/include/rclcpp/rclcpp/rclcpp.hpp:155[m[K,
[5.040s]                  from [01m[K/home/shenhang/ros_study/chapter3/topic_practice_workspace/src/status_display/src/sys_status_display.cpp:4[m[K:
[5.040s] [01m[K/usr/include/c++/11/iomanip:363:5:[m[K [01;36m[Knote: [m[Kcandidate: ‘[01m[Ktemplate<class _CharT, class _Traits> std::basic_ostream<_CharT, _Traits>& std::operator<<(std::basic_ostream<_CharT, _Traits>&, std::_Put_time<_CharT>)[m[K’
[5.040s]   363 |     [01;36m[Koperator[m[K<<(basic_ostream<_CharT, _Traits>& __os, _Put_time<_CharT> __f)
[5.040s]       |     [01;36m[K^~~~~~~~[m[K
[5.040s] [01m[K/usr/include/c++/11/iomanip:363:5:[m[K [01;36m[Knote: [m[K  template argument deduction/substitution failed:
[5.040s] [01m[K/home/shenhang/ros_study/chapter3/topic_practice_workspace/src/status_display/src/sys_status_display.cpp:19:42:[m[K [01;36m[Knote: [m[K  ‘[01m[Kbuiltin_interfaces::msg::Time_<std::allocator<void> >[m[K’ is not derived from ‘[01m[Kstd::_Put_time<_CharT>[m[K’
[5.040s]    19 |                  << "数据时间: " << msg->[01;36m[Kstamp[m[K << " s\n"
[5.040s]       |                                          [01;36m[K^~~~~[m[K
[5.041s] In file included from [01m[K/usr/include/x86_64-linux-gnu/qt5/QtCore/qstring.h:49[m[K,
[5.041s]                  from [01m[K/usr/include/x86_64-linux-gnu/qt5/QtCore/qcoreapplication.h:44[m[K,
[5.041s]                  from [01m[K/usr/include/x86_64-linux-gnu/qt5/QtWidgets/qapplication.h:44[m[K,
[5.041s]                  from [01m[K/usr/include/x86_64-linux-gnu/qt5/QtWidgets/QApplication:1[m[K,
[5.041s]                  from [01m[K/home/shenhang/ros_study/chapter3/topic_practice_workspace/src/status_display/src/sys_status_display.cpp:1[m[K:
[5.041s] [01m[K/usr/include/x86_64-linux-gnu/qt5/QtCore/qchar.h:662:28:[m[K [01;36m[Knote: [m[Kcandidate: ‘[01m[KQDataStream& operator<<(QDataStream&, QChar)[m[K’
[5.041s]   662 | Q_CORE_EXPORT QDataStream &[01;36m[Koperator[m[K<<(QDataStream &, QChar);
[5.041s]       |                            [01;36m[K^~~~~~~~[m[K
[5.041s] [01m[K/usr/include/x86_64-linux-gnu/qt5/QtCore/qchar.h:662:39:[m[K [01;36m[Knote: [m[K  no known conversion for argument 1 from ‘[01m[Kstd::basic_ostream<char>[m[K’ to ‘[01m[KQDataStream&[m[K’
[5.042s]   662 | Q_CORE_EXPORT QDataStream &operator<<([01;36m[KQDataStream &[m[K, QChar);
[5.042s]       |                                       [01;36m[K^~~~~~~~~~~~~[m[K
[5.042s] In file included from [01m[K/usr/include/x86_64-linux-gnu/qt5/QtCore/qstring.h:50[m[K,
[5.042s]                  from [01m[K/usr/include/x86_64-linux-gnu/qt5/QtCore/qcoreapplication.h:44[m[K,
[5.042s]                  from [01m[K/usr/include/x86_64-linux-gnu/qt5/QtWidgets/qapplication.h:44[m[K,
[5.042s]                  from [01m[K/usr/include/x86_64-linux-gnu/qt5/QtWidgets/QApplication:1[m[K,
[5.042s]                  from [01m[K/home/shenhang/ros_study/chapter3/topic_practice_workspace/src/status_display/src/sys_status_display.cpp:1[m[K:
[5.042s] [01m[K/usr/include/x86_64-linux-gnu/qt5/QtCore/qbytearray.h:759:28:[m[K [01;36m[Knote: [m[Kcandidate: ‘[01m[KQDataStream& operator<<(QDataStream&, const QByteArray&)[m[K’
[5.043s]   759 | Q_CORE_EXPORT QDataStream &[01;36m[Koperator[m[K<<(QDataStream &, const QByteArray &);
[5.043s]       |                            [01;36m[K^~~~~~~~[m[K
[5.043s] [01m[K/usr/include/x86_64-linux-gnu/qt5/QtCore/qbytearray.h:759:39:[m[K [01;36m[Knote: [m[K  no known conversion for argument 1 from ‘[01m[Kstd::basic_ostream<char>[m[K’ to ‘[01m[KQDataStream&[m[K’
[5.043s]   759 | Q_CORE_EXPORT QDataStream &operator<<([01;36m[KQDataStream &[m[K, const QByteArray &);
[5.043s]       |                                       [01;36m[K^~~~~~~~~~~~~[m[K
[5.043s] In file included from [01m[K/usr/include/x86_64-linux-gnu/qt5/QtCore/qcoreapplication.h:44[m[K,
[5.043s]                  from [01m[K/usr/include/x86_64-linux-gnu/qt5/QtWidgets/qapplication.h:44[m[K,
[5.043s]                  from [01m[K/usr/include/x86_64-linux-gnu/qt5/QtWidgets/QApplication:1[m[K,
[5.043s]                  from [01m[K/home/shenhang/ros_study/chapter3/topic_practice_workspace/src/status_display/src/sys_status_display.cpp:1[m[K:
[5.043s] [01m[K/usr/include/x86_64-linux-gnu/qt5/QtCore/qstring.h:1594:28:[m[K [01;36m[Knote: [m[Kcandidate: ‘[01m[KQDataStream& operator<<(QDataStream&, const QString&)[m[K’
[5.044s]  1594 | Q_CORE_EXPORT QDataStream &[01;36m[Koperator[m[K<<(QDataStream &, const QString &);
[5.044s]       |                            [01;36m[K^~~~~~~~[m[K
[5.044s] [01m[K/usr/include/x86_64-linux-gnu/qt5/QtCore/qstring.h:1594:39:[m[K [01;36m[Knote: [m[K  no known conversion for argument 1 from ‘[01m[Kstd::basic_ostream<char>[m[K’ to ‘[01m[KQDataStream&[m[K’
[5.044s]  1594 | Q_CORE_EXPORT QDataStream &operator<<([01;36m[KQDataStream &[m[K, const QString &);
[5.044s]       |                                       [01;36m[K^~~~~~~~~~~~~[m[K
[5.044s] In file included from [01m[K/usr/include/x86_64-linux-gnu/qt5/QtCore/qstringlist.h:48[m[K,
[5.044s]                  from [01m[K/usr/include/x86_64-linux-gnu/qt5/QtCore/qlist.h:1196[m[K,
[5.044s]                  from [01m[K/usr/include/x86_64-linux-gnu/qt5/QtCore/qobject.h:49[m[K,
[5.044s]                  from [01m[K/usr/include/x86_64-linux-gnu/qt5/QtCore/qcoreapplication.h:46[m[K,
[5.044s]                  from [01m[K/usr/include/x86_64-linux-gnu/qt5/QtWidgets/qapplication.h:44[m[K,
[5.045s]                  from [01m[K/usr/include/x86_64-linux-gnu/qt5/QtWidgets/QApplication:1[m[K,
[5.045s]                  from [01m[K/home/shenhang/ros_study/chapter3/topic_practice_workspace/src/status_display/src/sys_status_display.cpp:1[m[K:
[5.045s] [01m[K/usr/include/x86_64-linux-gnu/qt5/QtCore/qregexp.h:122:28:[m[K [01;36m[Knote: [m[Kcandidate: ‘[01m[KQDataStream& operator<<(QDataStream&, const QRegExp&)[m[K’
[5.045s]   122 | Q_CORE_EXPORT QDataStream &[01;36m[Koperator[m[K<<(QDataStream &out, const QRegExp &regExp);
[5.045s]       |                            [01;36m[K^~~~~~~~[m[K
[5.045s] [01m[K/usr/include/x86_64-linux-gnu/qt5/QtCore/qregexp.h:122:52:[m[K [01;36m[Knote: [m[K  no known conversion for argument 1 from ‘[01m[Kstd::basic_ostream<char>[m[K’ to ‘[01m[KQDataStream&[m[K’
[5.045s]   122 | Q_CORE_EXPORT QDataStream &operator<<([01;36m[KQDataStream &out[m[K, const QRegExp &regExp);
[5.045s]       |                                       [01;36m[K~~~~~~~~~~~~~^~~[m[K
[5.045s] [01m[K/usr/include/x86_64-linux-gnu/qt5/QtCore/qregexp.h:127:22:[m[K [01;36m[Knote: [m[Kcandidate: ‘[01m[KQDebug operator<<(QDebug, const QRegExp&)[m[K’
[5.045s]   127 | Q_CORE_EXPORT QDebug [01;36m[Koperator[m[K<<(QDebug, const QRegExp &);
[5.046s]       |                      [01;36m[K^~~~~~~~[m[K
[5.046s] [01m[K/usr/include/x86_64-linux-gnu/qt5/QtCore/qregexp.h:127:33:[m[K [01;36m[Knote: [m[K  no known conversion for argument 1 from ‘[01m[Kstd::basic_ostream<char>[m[K’ to ‘[01m[KQDebug[m[K’
[5.046s]   127 | Q_CORE_EXPORT QDebug operator<<([01;36m[KQDebug[m[K, const QRegExp &);
[5.046s]       |                                 [01;36m[K^~~~~~[m[K
[5.046s] In file included from [01m[K/usr/include/x86_64-linux-gnu/qt5/QtCore/qcoreapplication.h:46[m[K,
[5.046s]                  from [01m[K/usr/include/x86_64-linux-gnu/qt5/QtWidgets/qapplication.h:44[m[K,
[5.046s]                  from [01m[K/usr/include/x86_64-linux-gnu/qt5/QtWidgets/QApplication:1[m[K,
[5.046s]                  from [01m[K/home/shenhang/ros_study/chapter3/topic_practice_workspace/src/status_display/src/sys_status_display.cpp:1[m[K:
[5.046s] [01m[K/usr/include/x86_64-linux-gnu/qt5/QtCore/qobject.h:554:22:[m[K [01;36m[Knote: [m[Kcandidate: ‘[01m[KQDebug operator<<(QDebug, const QObject*)[m[K’
[5.046s]   554 | Q_CORE_EXPORT QDebug [01;36m[Koperator[m[K<<(QDebug, const QObject *);
[5.047s]       |                      [01;36m[K^~~~~~~~[m[K
[5.047s] [01m[K/usr/include/x86_64-linux-gnu/qt5/QtCore/qobject.h:554:33:[m[K [01;36m[Knote: [m[K  no known conversion for argument 1 from ‘[01m[Kstd::basic_ostream<char>[m[K’ to ‘[01m[KQDebug[m[K’
[5.047s]   554 | Q_CORE_EXPORT QDebug operator<<([01;36m[KQDebug[m[K, const QObject *);
[5.047s]       |                                 [01;36m[K^~~~~~[m[K
[5.047s] In file included from [01m[K/usr/include/x86_64-linux-gnu/qt5/QtWidgets/qapplication.h:46[m[K,
[5.047s]                  from [01m[K/usr/include/x86_64-linux-gnu/qt5/QtWidgets/QApplication:1[m[K,
[5.047s]                  from [01m[K/home/shenhang/ros_study/chapter3/topic_practice_workspace/src/status_display/src/sys_status_display.cpp:1[m[K:
[5.047s] [01m[K/usr/include/x86_64-linux-gnu/qt5/QtCore/qpoint.h:114:28:[m[K [01;36m[Knote: [m[Kcandidate: ‘[01m[KQDataStream& operator<<(QDataStream&, const QPoint&)[m[K’
[5.047s]   114 | Q_CORE_EXPORT QDataStream &[01;36m[Koperator[m[K<<(QDataStream &, const QPoint &);
[5.047s]       |                            [01;36m[K^~~~~~~~[m[K
[5.048s] [01m[K/usr/include/x86_64-linux-gnu/qt5/QtCore/qpoint.h:114:39:[m[K [01;36m[Knote: [m[K  no known conversion for argument 1 from ‘[01m[Kstd::basic_ostream<char>[m[K’ to ‘[01m[KQDataStream&[m[K’
[5.048s]   114 | Q_CORE_EXPORT QDataStream &operator<<([01;36m[KQDataStream &[m[K, const QPoint &);
[5.048s]       |                                       [01;36m[K^~~~~~~~~~~~~[m[K
[5.048s] [01m[K/usr/include/x86_64-linux-gnu/qt5/QtCore/qpoint.h:214:22:[m[K [01;36m[Knote: [m[Kcandidate: ‘[01m[KQDebug operator<<(QDebug, const QPoint&)[m[K’
[5.048s]   214 | Q_CORE_EXPORT QDebug [01;36m[Koperator[m[K<<(QDebug, const QPoint &);
[5.048s]       |                      [01;36m[K^~~~~~~~[m[K
[5.048s] [01m[K/usr/include/x86_64-linux-gnu/qt5/QtCore/qpoint.h:214:33:[m[K [01;36m[Knote: [m[K  no known conversion for argument 1 from ‘[01m[Kstd::basic_ostream<char>[m[K’ to ‘[01m[KQDebug[m[K’
[5.048s]   214 | Q_CORE_EXPORT QDebug operator<<([01;36m[KQDebug[m[K, const QPoint &);
[5.048s]       |                                 [01;36m[K^~~~~~[m[K
[5.048s] [01m[K/usr/include/x86_64-linux-gnu/qt5/QtCore/qpoint.h:281:28:[m[K [01;36m[Knote: [m[Kcandidate: ‘[01m[KQDataStream& operator<<(QDataStream&, const QPointF&)[m[K’
[5.049s]   281 | Q_CORE_EXPORT QDataStream &[01;36m[Koperator[m[K<<(QDataStream &, const QPointF &);
[5.049s]       |                            [01;36m[K^~~~~~~~[m[K
[5.049s] [01m[K/usr/include/x86_64-linux-gnu/qt5/QtCore/qpoint.h:281:39:[m[K [01;36m[Knote: [m[K  no known conversion for argument 1 from ‘[01m[Kstd::basic_ostream<char>[m[K’ to ‘[01m[KQDataStream&[m[K’
[5.049s]   281 | Q_CORE_EXPORT QDataStream &operator<<([01;36m[KQDataStream &[m[K, const QPointF &);
[5.049s]       |                                       [01;36m[K^~~~~~~~~~~~~[m[K
[5.049s] [01m[K/usr/include/x86_64-linux-gnu/qt5/QtCore/qpoint.h:418:22:[m[K [01;36m[Knote: [m[Kcandidate: ‘[01m[KQDebug operator<<(QDebug, const QPointF&)[m[K’
[5.049s]   418 | Q_CORE_EXPORT QDebug [01;36m[Koperator[m[K<<(QDebug d, const QPointF &p);
[5.049s]       |                      [01;36m[K^~~~~~~~[m[K
[5.049s] [01m[K/usr/include/x86_64-linux-gnu/qt5/QtCore/qpoint.h:418:40:[m[K [01;36m[Knote: [m[K  no known conversion for argument 1 from ‘[01m[Kstd::basic_ostream<char>[m[K’ to ‘[01m[KQDebug[m[K’
[5.050s]   418 | Q_CORE_EXPORT QDebug operator<<([01;36m[KQDebug d[m[K, const QPointF &p);
[5.050s]       |                                 [01;36m[K~~~~~~~^[m[K
[5.051s] In file included from [01m[K/usr/include/x86_64-linux-gnu/qt5/QtCore/qsize.h:44[m[K,
[5.051s]                  from [01m[K/usr/include/x86_64-linux-gnu/qt5/QtWidgets/qapplication.h:47[m[K,
[5.051s]                  from [01m[K/usr/include/x86_64-linux-gnu/qt5/QtWidgets/QApplication:1[m[K,
[5.051s]                  from [01m[K/home/shenhang/ros_study/chapter3/topic_practice_workspace/src/status_display/src/sys_status_display.cpp:1[m[K:
[5.051s] [01m[K/usr/include/x86_64-linux-gnu/qt5/QtCore/qmargins.h:94:28:[m[K [01;36m[Knote: [m[Kcandidate: ‘[01m[KQDataStream& operator<<(QDataStream&, const QMargins&)[m[K’
[5.051s]    94 | Q_CORE_EXPORT QDataStream &[01;36m[Koperator[m[K<<(QDataStream &, const QMargins &);
[5.051s]       |                            [01;36m[K^~~~~~~~[m[K
[5.051s] [01m[K/usr/include/x86_64-linux-gnu/qt5/QtCore/qmargins.h:94:39:[m[K [01;36m[Knote: [m[K  no known conversion for argument 1 from ‘[01m[Kstd::basic_ostream<char>[m[K’ to ‘[01m[KQDataStream&[m[K’
[5.051s]    94 | Q_CORE_EXPORT QDataStream &operator<<([01;36m[KQDataStream &[m[K, const QMargins &);
[5.052s]       |                                       [01;36m[K^~~~~~~~~~~~~[m[K
[5.052s] [01m[K/usr/include/x86_64-linux-gnu/qt5/QtCore/qmargins.h:278:22:[m[K [01;36m[Knote: [m[Kcandidate: ‘[01m[KQDebug operator<<(QDebug, const QMargins&)[m[K’
[5.052s]   278 | Q_CORE_EXPORT QDebug [01;36m[Koperator[m[K<<(QDebug, const QMargins &);
[5.052s]       |                      [01;36m[K^~~~~~~~[m[K
[5.052s] [01m[K/usr/include/x86_64-linux-gnu/qt5/QtCore/qmargins.h:278:33:[m[K [01;36m[Knote: [m[K  no known conversion for argument 1 from ‘[01m[Kstd::basic_ostream<char>[m[K’ to ‘[01m[KQDebug[m[K’
[5.052s]   278 | Q_CORE_EXPORT QDebug operator<<([01;36m[KQDebug[m[K, const QMargins &);
[5.052s]       |                                 [01;36m[K^~~~~~[m[K
[5.052s] [01m[K/usr/include/x86_64-linux-gnu/qt5/QtCore/qmargins.h:327:28:[m[K [01;36m[Knote: [m[Kcandidate: ‘[01m[KQDataStream& operator<<(QDataStream&, const QMarginsF&)[m[K’
[5.053s]   327 | Q_CORE_EXPORT QDataStream &[01;36m[Koperator[m[K<<(QDataStream &, const QMarginsF &);
[5.053s]       |                            [01;36m[K^~~~~~~~[m[K
[5.053s] [01m[K/usr/include/x86_64-linux-gnu/qt5/QtCore/qmargins.h:327:39:[m[K [01;36m[Knote: [m[K  no known conversion for argument 1 from ‘[01m[Kstd::basic_ostream<char>[m[K’ to ‘[01m[KQDataStream&[m[K’
[5.053s]   327 | Q_CORE_EXPORT QDataStream &operator<<([01;36m[KQDataStream &[m[K, const QMarginsF &);
[5.053s]       |                                       [01;36m[K^~~~~~~~~~~~~[m[K
[5.053s] [01m[K/usr/include/x86_64-linux-gnu/qt5/QtCore/qmargins.h:487:22:[m[K [01;36m[Knote: [m[Kcandidate: ‘[01m[KQDebug operator<<(QDebug, const QMarginsF&)[m[K’
[5.053s]   487 | Q_CORE_EXPORT QDebug [01;36m[Koperator[m[K<<(QDebug, const QMarginsF &);
[5.053s]       |                      [01;36m[K^~~~~~~~[m[K
[5.053s] [01m[K/usr/include/x86_64-linux-gnu/qt5/QtCore/qmargins.h:487:33:[m[K [01;36m[Knote: [m[K  no known conversion for argument 1 from ‘[01m[Kstd::basic_ostream<char>[m[K’ to ‘[01m[KQDebug[m[K’
[5.053s]   487 | Q_CORE_EXPORT QDebug operator<<([01;36m[KQDebug[m[K, const QMarginsF &);
[5.054s]       |                                 [01;36m[K^~~~~~[m[K
[5.054s] In file included from [01m[K/usr/include/x86_64-linux-gnu/qt5/QtWidgets/qapplication.h:47[m[K,
[5.054s]                  from [01m[K/usr/include/x86_64-linux-gnu/qt5/QtWidgets/QApplication:1[m[K,
[5.054s]                  from [01m[K/home/shenhang/ros_study/chapter3/topic_practice_workspace/src/status_display/src/sys_status_display.cpp:1[m[K:
[5.054s] [01m[K/usr/include/x86_64-linux-gnu/qt5/QtCore/qsize.h:114:28:[m[K [01;36m[Knote: [m[Kcandidate: ‘[01m[KQDataStream& operator<<(QDataStream&, const QSize&)[m[K’
[5.054s]   114 | Q_CORE_EXPORT QDataStream &[01;36m[Koperator[m[K<<(QDataStream &, const QSize &);
[5.054s]       |                            [01;36m[K^~~~~~~~[m[K
[5.054s] [01m[K/usr/include/x86_64-linux-gnu/qt5/QtCore/qsize.h:114:39:[m[K [01;36m[Knote: [m[K  no known conversion for argument 1 from ‘[01m[Kstd::basic_ostream<char>[m[K’ to ‘[01m[KQDataStream&[m[K’
[5.054s]   114 | Q_CORE_EXPORT QDataStream &operator<<([01;36m[KQDataStream &[m[K, const QSize &);
[5.054s]       |                                       [01;36m[K^~~~~~~~~~~~~[m[K
[5.055s] [01m[K/usr/include/x86_64-linux-gnu/qt5/QtCore/qsize.h:217:22:[m[K [01;36m[Knote: [m[Kcandidate: ‘[01m[KQDebug operator<<(QDebug, const QSize&)[m[K’
[5.055s]   217 | Q_CORE_EXPORT QDebug [01;36m[Koperator[m[K<<(QDebug, const QSize &);
[5.055s]       |                      [01;36m[K^~~~~~~~[m[K
[5.055s] [01m[K/usr/include/x86_64-linux-gnu/qt5/QtCore/qsize.h:217:33:[m[K [01;36m[Knote: [m[K  no known conversion for argument 1 from ‘[01m[Kstd::basic_ostream<char>[m[K’ to ‘[01m[KQDebug[m[K’
[5.055s]   217 | Q_CORE_EXPORT QDebug operator<<([01;36m[KQDebug[m[K, const QSize &);
[5.055s]       |                                 [01;36m[K^~~~~~[m[K
[5.055s] [01m[K/usr/include/x86_64-linux-gnu/qt5/QtCore/qsize.h:287:28:[m[K [01;36m[Knote: [m[Kcandidate: ‘[01m[KQDataStream& operator<<(QDataStream&, const QSizeF&)[m[K’
[5.055s]   287 | Q_CORE_EXPORT QDataStream &[01;36m[Koperator[m[K<<(QDataStream &, const QSizeF &);
[5.055s]       |                            [01;36m[K^~~~~~~~[m[K
[5.055s] [01m[K/usr/include/x86_64-linux-gnu/qt5/QtCore/qsize.h:287:39:[m[K [01;36m[Knote: [m[K  no known conversion for argument 1 from ‘[01m[Kstd::basic_ostream<char>[m[K’ to ‘[01m[KQDataStream&[m[K’
[5.056s]   287 | Q_CORE_EXPORT QDataStream &operator<<([01;36m[KQDataStream &[m[K, const QSizeF &);
[5.056s]       |                                       [01;36m[K^~~~~~~~~~~~~[m[K
[5.056s] [01m[K/usr/include/x86_64-linux-gnu/qt5/QtCore/qsize.h:397:22:[m[K [01;36m[Knote: [m[Kcandidate: ‘[01m[KQDebug operator<<(QDebug, const QSizeF&)[m[K’
[5.056s]   397 | Q_CORE_EXPORT QDebug [01;36m[Koperator[m[K<<(QDebug, const QSizeF &);
[5.056s]       |                      [01;36m[K^~~~~~~~[m[K
[5.056s] [01m[K/usr/include/x86_64-linux-gnu/qt5/QtCore/qsize.h:397:33:[m[K [01;36m[Knote: [m[K  no known conversion for argument 1 from ‘[01m[Kstd::basic_ostream<char>[m[K’ to ‘[01m[KQDebug[m[K’
[5.056s]   397 | Q_CORE_EXPORT QDebug operator<<([01;36m[KQDebug[m[K, const QSizeF &);
[5.056s]       |                                 [01;36m[K^~~~~~[m[K
[5.056s] In file included from [01m[K/usr/include/x86_64-linux-gnu/qt5/QtWidgets/qapplication.h:48[m[K,
[5.056s]                  from [01m[K/usr/include/x86_64-linux-gnu/qt5/QtWidgets/QApplication:1[m[K,
[5.056s]                  from [01m[K/home/shenhang/ros_study/chapter3/topic_practice_workspace/src/status_display/src/sys_status_display.cpp:1[m[K:
[5.057s] [01m[K/usr/include/x86_64-linux-gnu/qt5/QtGui/qcursor.h:136:27:[m[K [01;36m[Knote: [m[Kcandidate: ‘[01m[KQDataStream& operator<<(QDataStream&, const QCursor&)[m[K’
[5.057s]   136 | Q_GUI_EXPORT QDataStream &[01;36m[Koperator[m[K<<(QDataStream &outS, const QCursor &cursor);
[5.057s]       |                           [01;36m[K^~~~~~~~[m[K
[5.057s] [01m[K/usr/include/x86_64-linux-gnu/qt5/QtGui/qcursor.h:136:51:[m[K [01;36m[Knote: [m[K  no known conversion for argument 1 from ‘[01m[Kstd::basic_ostream<char>[m[K’ to ‘[01m[KQDataStream&[m[K’
[5.057s]   136 | Q_GUI_EXPORT QDataStream &operator<<([01;36m[KQDataStream &outS[m[K, const QCursor &cursor);
[5.057s]       |                                      [01;36m[K~~~~~~~~~~~~~^~~~[m[K
[5.057s] [01m[K/usr/include/x86_64-linux-gnu/qt5/QtGui/qcursor.h:141:21:[m[K [01;36m[Knote: [m[Kcandidate: ‘[01m[KQDebug operator<<(QDebug, const QCursor&)[m[K’
[5.057s]   141 | Q_GUI_EXPORT QDebug [01;36m[Koperator[m[K<<(QDebug, const QCursor &);
[5.058s]       |                     [01;36m[K^~~~~~~~[m[K
[5.058s] [01m[K/usr/include/x86_64-linux-gnu/qt5/QtGui/qcursor.h:141:32:[m[K [01;36m[Knote: [m[K  no known conversion for argument 1 from ‘[01m[Kstd::basic_ostream<char>[m[K’ to ‘[01m[KQDebug[m[K’
[5.058s]   141 | Q_GUI_EXPORT QDebug operator<<([01;36m[KQDebug[m[K, const QCursor &);
[5.058s]       |                                [01;36m[K^~~~~~[m[K
[5.058s] In file included from [01m[K/usr/include/x86_64-linux-gnu/qt5/QtCore/qlocale.h:43[m[K,
[5.058s]                  from [01m[K/usr/include/x86_64-linux-gnu/qt5/QtGui/qguiapplication.h:47[m[K,
[5.058s]                  from [01m[K/usr/include/x86_64-linux-gnu/qt5/QtWidgets/qapplication.h:52[m[K,
[5.058s]                  from [01m[K/usr/include/x86_64-linux-gnu/qt5/QtWidgets/QApplication:1[m[K,
[5.058s]                  from [01m[K/home/shenhang/ros_study/chapter3/topic_practice_workspace/src/status_display/src/sys_status_display.cpp:1[m[K:
[5.059s] [01m[K/usr/include/x86_64-linux-gnu/qt5/QtCore/qvariant.h:584:28:[m[K [01;36m[Knote: [m[Kcandidate: ‘[01m[KQDataStream& operator<<(QDataStream&, const QVariant&)[m[K’
[5.059s]   584 | Q_CORE_EXPORT QDataStream& [01;36m[Koperator[m[K<< (QDataStream& s, const QVariant& p);
[5.059s]       |                            [01;36m[K^~~~~~~~[m[K
[5.059s] [01m[K/usr/include/x86_64-linux-gnu/qt5/QtCore/qvariant.h:584:53:[m[K [01;36m[Knote: [m[K  no known conversion for argument 1 from ‘[01m[Kstd::basic_ostream<char>[m[K’ to ‘[01m[KQDataStream&[m[K’
[5.059s]   584 | Q_CORE_EXPORT QDataStream& operator<< ([01;36m[KQDataStream& s[m[K, const QVariant& p);
[5.059s]       |                                        [01;36m[K~~~~~~~~~~~~~^[m[K
[5.059s] [01m[K/usr/include/x86_64-linux-gnu/qt5/QtCore/qvariant.h:586:28:[m[K [01;36m[Knote: [m[Kcandidate: ‘[01m[KQDataStream& operator<<(QDataStream&, QVariant::Type)[m[K’
[5.059s]   586 | Q_CORE_EXPORT QDataStream& [01;36m[Koperator[m[K<< (QDataStream& s, const QVariant::Type p);
[5.059s]       |                            [01;36m[K^~~~~~~~[m[K
[5.060s] [01m[K/usr/include/x86_64-linux-gnu/qt5/QtCore/qvariant.h:586:53:[m[K [01;36m[Knote: [m[K  no known conversion for argument 1 from ‘[01m[Kstd::basic_ostream<char>[m[K’ to ‘[01m[KQDataStream&[m[K’
[5.060s]   586 | Q_CORE_EXPORT QDataStream& operator<< ([01;36m[KQDataStream& s[m[K, const QVariant::Type p);
[5.060s]       |                                        [01;36m[K~~~~~~~~~~~~~^[m[K
[5.060s] In file included from [01m[K/usr/include/x86_64-linux-gnu/qt5/QtCore/qlocale.h:43[m[K,
[5.060s]                  from [01m[K/usr/include/x86_64-linux-gnu/qt5/QtGui/qguiapplication.h:47[m[K,
[5.060s]                  from [01m[K/usr/include/x86_64-linux-gnu/qt5/QtWidgets/qapplication.h:52[m[K,
[5.060s]                  from [01m[K/usr/include/x86_64-linux-gnu/qt5/QtWidgets/QApplication:1[m[K,
[5.060s]                  from [01m[K/home/shenhang/ros_study/chapter3/topic_practice_workspace/src/status_display/src/sys_status_display.cpp:1[m[K:
[5.060s] [01m[K/usr/include/x86_64-linux-gnu/qt5/QtCore/qvariant.h:902:22:[m[K [01;36m[Knote: [m[Kcandidate: ‘[01m[KQDebug operator<<(QDebug, const QVariant&)[m[K’
[5.060s]   902 | Q_CORE_EXPORT QDebug [01;36m[Koperator[m[K<<(QDebug, const QVariant &);
[5.060s]       |                      [01;36m[K^~~~~~~~[m[K
[5.061s] In file included from [01m[K/usr/include/x86_64-linux-gnu/qt5/QtCore/qlocale.h:43[m[K,
[5.061s]                  from [01m[K/usr/include/x86_64-linux-gnu/qt5/QtGui/qguiapplication.h:47[m[K,
[5.061s]                  from [01m[K/usr/include/x86_64-linux-gnu/qt5/QtWidgets/qapplication.h:52[m[K,
[5.061s]                  from [01m[K/usr/include/x86_64-linux-gnu/qt5/QtWidgets/QApplication:1[m[K,
[5.061s]                  from [01m[K/home/shenhang/ros_study/chapter3/topic_practice_workspace/src/status_display/src/sys_status_display.cpp:1[m[K:
[5.061s] [01m[K/usr/include/x86_64-linux-gnu/qt5/QtCore/qvariant.h:480:44:[m[K [01;36m[Knote: [m[K  no known conversion for argument 1 from ‘[01m[Kstd::basic_ostream<char>[m[K’ to ‘[01m[KQDebug[m[K’
[5.061s]   480 |     friend Q_CORE_EXPORT QDebug operator<<([01;36m[KQDebug[m[K, const QVariant &);
[5.061s]       |                                            [01;36m[K^~~~~~[m[K
[5.061s] In file included from [01m[K/usr/include/x86_64-linux-gnu/qt5/QtCore/qlocale.h:43[m[K,
[5.061s]                  from [01m[K/usr/include/x86_64-linux-gnu/qt5/QtGui/qguiapplication.h:47[m[K,
[5.062s]                  from [01m[K/usr/include/x86_64-linux-gnu/qt5/QtWidgets/qapplication.h:52[m[K,
[5.062s]                  from [01m[K/usr/include/x86_64-linux-gnu/qt5/QtWidgets/QApplication:1[m[K,
[5.062s]                  from [01m[K/home/shenhang/ros_study/chapter3/topic_practice_workspace/src/status_display/src/sys_status_display.cpp:1[m[K:
[5.062s] [01m[K/usr/include/x86_64-linux-gnu/qt5/QtCore/qvariant.h:903:22:[m[K [01;36m[Knote: [m[Kcandidate: ‘[01m[KQDebug operator<<(QDebug, QVariant::Type)[m[K’
[5.062s]   903 | Q_CORE_EXPORT QDebug [01;36m[Koperator[m[K<<(QDebug, const QVariant::Type);
[5.062s]       |                      [01;36m[K^~~~~~~~[m[K
[5.062s] [01m[K/usr/include/x86_64-linux-gnu/qt5/QtCore/qvariant.h:903:33:[m[K [01;36m[Knote: [m[K  no known conversion for argument 1 from ‘[01m[Kstd::basic_ostream<char>[m[K’ to ‘[01m[KQDebug[m[K’
[5.062s]   903 | Q_CORE_EXPORT QDebug operator<<([01;36m[KQDebug[m[K, const QVariant::Type);
[5.062s]       |                                 [01;36m[K^~~~~~[m[K
[5.062s] In file included from [01m[K/usr/include/x86_64-linux-gnu/qt5/QtGui/qguiapplication.h:47[m[K,
[5.062s]                  from [01m[K/usr/include/x86_64-linux-gnu/qt5/QtWidgets/qapplication.h:52[m[K,
[5.063s]                  from [01m[K/usr/include/x86_64-linux-gnu/qt5/QtWidgets/QApplication:1[m[K,
[5.063s]                  from [01m[K/home/shenhang/ros_study/chapter3/topic_practice_workspace/src/status_display/src/sys_status_display.cpp:1[m[K:
[5.063s] [01m[K/usr/include/x86_64-linux-gnu/qt5/QtCore/qlocale.h:1222:28:[m[K [01;36m[Knote: [m[Kcandidate: ‘[01m[KQDataStream& operator<<(QDataStream&, const QLocale&)[m[K’
[5.063s]  1222 | Q_CORE_EXPORT QDataStream &[01;36m[Koperator[m[K<<(QDataStream &, const QLocale &);
[5.063s]       |                            [01;36m[K^~~~~~~~[m[K
[5.063s] [01m[K/usr/include/x86_64-linux-gnu/qt5/QtCore/qlocale.h:1222:39:[m[K [01;36m[Knote: [m[K  no known conversion for argument 1 from ‘[01m[Kstd::basic_ostream<char>[m[K’ to ‘[01m[KQDataStream&[m[K’
[5.063s]  1222 | Q_CORE_EXPORT QDataStream &operator<<([01;36m[KQDataStream &[m[K, const QLocale &);
[5.064s]       |                                       [01;36m[K^~~~~~~~~~~~~[m[K
[5.064s] [01m[K/usr/include/x86_64-linux-gnu/qt5/QtCore/qlocale.h:1227:22:[m[K [01;36m[Knote: [m[Kcandidate: ‘[01m[KQDebug operator<<(QDebug, const QLocale&)[m[K’
[5.064s]  1227 | Q_CORE_EXPORT QDebug [01;36m[Koperator[m[K<<(QDebug, const QLocale &);
[5.064s]       |                      [01;36m[K^~~~~~~~[m[K
[5.064s] [01m[K/usr/include/x86_64-linux-gnu/qt5/QtCore/qlocale.h:1227:33:[m[K [01;36m[Knote: [m[K  no known conversion for argument 1 from ‘[01m[Kstd::basic_ostream<char>[m[K’ to ‘[01m[KQDebug[m[K’
[5.064s]  1227 | Q_CORE_EXPORT QDebug operator<<([01;36m[KQDebug[m[K, const QLocale &);
[5.064s]       |                                 [01;36m[K^~~~~~[m[K
[5.064s] In file included from [01m[K/usr/include/x86_64-linux-gnu/qt5/QtGui/qpaintdevice.h:45[m[K,
[5.064s]                  from [01m[K/usr/include/x86_64-linux-gnu/qt5/QtWidgets/qwidget.h:47[m[K,
[5.064s]                  from [01m[K/usr/include/x86_64-linux-gnu/qt5/QtWidgets/qframe.h:44[m[K,
[5.064s]                  from [01m[K/usr/include/x86_64-linux-gnu/qt5/QtWidgets/qlabel.h:44[m[K,
[5.065s]                  from [01m[K/usr/include/x86_64-linux-gnu/qt5/QtWidgets/QLabel:1[m[K,
[5.065s]                  from [01m[K/home/shenhang/ros_study/chapter3/topic_practice_workspace/src/status_display/src/sys_status_display.cpp:2[m[K:
[5.065s] [01m[K/usr/include/x86_64-linux-gnu/qt5/QtCore/qrect.h:176:28:[m[K [01;36m[Knote: [m[Kcandidate: ‘[01m[KQDataStream& operator<<(QDataStream&, const QRect&)[m[K’
[5.065s]   176 | Q_CORE_EXPORT QDataStream &[01;36m[Koperator[m[K<<(QDataStream &, const QRect &);
[5.065s]       |                            [01;36m[K^~~~~~~~[m[K
[5.065s] [01m[K/usr/include/x86_64-linux-gnu/qt5/QtCore/qrect.h:176:39:[m[K [01;36m[Knote: [m[K  no known conversion for argument 1 from ‘[01m[Kstd::basic_ostream<char>[m[K’ to ‘[01m[KQDataStream&[m[K’
[5.065s]   176 | Q_CORE_EXPORT QDataStream &operator<<([01;36m[KQDataStream &[m[K, const QRect &);
[5.065s]       |                                       [01;36m[K^~~~~~~~~~~~~[m[K
[5.065s] [01m[K/usr/include/x86_64-linux-gnu/qt5/QtCore/qrect.h:507:22:[m[K [01;36m[Knote: [m[Kcandidate: ‘[01m[KQDebug operator<<(QDebug, const QRect&)[m[K’
[5.065s]   507 | Q_CORE_EXPORT QDebug [01;36m[Koperator[m[K<<(QDebug, const QRect &);
[5.065s]       |                      [01;36m[K^~~~~~~~[m[K
[5.066s] [01m[K/usr/include/x86_64-linux-gnu/qt5/QtCore/qrect.h:507:33:[m[K [01;36m[Knote: [m[K  no known conversion for argument 1 from ‘[01m[Kstd::basic_ostream<char>[m[K’ to ‘[01m[KQDebug[m[K’
[5.066s]   507 | Q_CORE_EXPORT QDebug operator<<([01;36m[KQDebug[m[K, const QRect &);
[5.066s]       |                                 [01;36m[K^~~~~~[m[K
[5.066s] [01m[K/usr/include/x86_64-linux-gnu/qt5/QtCore/qrect.h:636:28:[m[K [01;36m[Knote: [m[Kcandidate: ‘[01m[KQDataStream& operator<<(QDataStream&, const QRectF&)[m[K’
[5.066s]   636 | Q_CORE_EXPORT QDataStream &[01;36m[Koperator[m[K<<(QDataStream &, const QRectF &);
[5.066s]       |                            [01;36m[K^~~~~~~~[m[K
[5.067s] [01m[K/usr/include/x86_64-linux-gnu/qt5/QtCore/qrect.h:636:39:[m[K [01;36m[Knote: [m[K  no known conversion for argument 1 from ‘[01m[Kstd::basic_ostream<char>[m[K’ to ‘[01m[KQDataStream&[m[K’
[5.067s]   636 | Q_CORE_EXPORT QDataStream &operator<<([01;36m[KQDataStream &[m[K, const QRectF &);
[5.067s]       |                                       [01;36m[K^~~~~~~~~~~~~[m[K
[5.067s] [01m[K/usr/include/x86_64-linux-gnu/qt5/QtCore/qrect.h:920:22:[m[K [01;36m[Knote: [m[Kcandidate: ‘[01m[KQDebug operator<<(QDebug, const QRectF&)[m[K’
[5.067s]   920 | Q_CORE_EXPORT QDebug [01;36m[Koperator[m[K<<(QDebug, const QRectF &);
[5.067s]       |                      [01;36m[K^~~~~~~~[m[K
[5.067s] [01m[K/usr/include/x86_64-linux-gnu/qt5/QtCore/qrect.h:920:33:[m[K [01;36m[Knote: [m[K  no known conversion for argument 1 from ‘[01m[Kstd::basic_ostream<char>[m[K’ to ‘[01m[KQDebug[m[K’
[5.067s]   920 | Q_CORE_EXPORT QDebug operator<<([01;36m[KQDebug[m[K, const QRectF &);
[5.068s]       |                                 [01;36m[K^~~~~~[m[K
[5.068s] In file included from [01m[K/usr/include/x86_64-linux-gnu/qt5/QtGui/qpalette.h:45[m[K,
[5.068s]                  from [01m[K/usr/include/x86_64-linux-gnu/qt5/QtWidgets/qwidget.h:48[m[K,
[5.068s]                  from [01m[K/usr/include/x86_64-linux-gnu/qt5/QtWidgets/qframe.h:44[m[K,
[5.068s]                  from [01m[K/usr/include/x86_64-linux-gnu/qt5/QtWidgets/qlabel.h:44[m[K,
[5.068s]                  from [01m[K/usr/include/x86_64-linux-gnu/qt5/QtWidgets/QLabel:1[m[K,
[5.068s]                  from [01m[K/home/shenhang/ros_study/chapter3/topic_practice_workspace/src/status_display/src/sys_status_display.cpp:2[m[K:
[5.068s] [01m[K/usr/include/x86_64-linux-gnu/qt5/QtGui/qcolor.h:57:21:[m[K [01;36m[Knote: [m[Kcandidate: ‘[01m[KQDebug operator<<(QDebug, const QColor&)[m[K’
[5.068s]    57 | Q_GUI_EXPORT QDebug [01;36m[Koperator[m[K<<(QDebug, const QColor &);
[5.069s]       |                     [01;36m[K^~~~~~~~[m[K
[5.069s] [01m[K/usr/include/x86_64-linux-gnu/qt5/QtGui/qcolor.h:57:32:[m[K [01;36m[Knote: [m[K  no known conversion for argument 1 from ‘[01m[Kstd::basic_ostream<char>[m[K’ to ‘[01m[KQDebug[m[K’
[5.069s]    57 | Q_GUI_EXPORT QDebug operator<<([01;36m[KQDebug[m[K, const QColor &);
[5.069s]       |                                [01;36m[K^~~~~~[m[K
[5.069s] [01m[K/usr/include/x86_64-linux-gnu/qt5/QtGui/qcolor.h:309:38:[m[K [01;36m[Knote: [m[Kcandidate: ‘[01m[KQDataStream& operator<<(QDataStream&, const QColor&)[m[K’
[5.069s]   309 |     friend Q_GUI_EXPORT QDataStream &[01;36m[Koperator[m[K<<(QDataStream &, const QColor &);
[5.069s]       |                                      [01;36m[K^~~~~~~~[m[K
[5.070s] [01m[K/usr/include/x86_64-linux-gnu/qt5/QtGui/qcolor.h:60:38:[m[K [01;36m[Knote: [m[K  no known conversion for argument 1 from ‘[01m[Kstd::basic_ostream<char>[m[K’ to ‘[01m[KQDataStream&[m[K’
[5.070s]    60 | Q_GUI_EXPORT QDataStream &operator<<([01;36m[KQDataStream &[m[K, const QColor &);
[5.070s]       |                                      [01;36m[K^~~~~~~~~~~~~[m[K
[5.070s] In file included from [01m[K/usr/include/x86_64-linux-gnu/qt5/QtGui/qmatrix.h:44[m[K,
[5.070s]                  from [01m[K/usr/include/x86_64-linux-gnu/qt5/QtGui/qbrush.h:49[m[K,
[5.070s]                  from [01m[K/usr/include/x86_64-linux-gnu/qt5/QtGui/qpalette.h:46[m[K,
[5.070s]                  from [01m[K/usr/include/x86_64-linux-gnu/qt5/QtWidgets/qwidget.h:48[m[K,
[5.070s]                  from [01m[K/usr/include/x86_64-linux-gnu/qt5/QtWidgets/qframe.h:44[m[K,
[5.070s]                  from [01m[K/usr/include/x86_64-linux-gnu/qt5/QtWidgets/qlabel.h:44[m[K,
[5.070s]                  from [01m[K/usr/include/x86_64-linux-gnu/qt5/QtWidgets/QLabel:1[m[K,
[5.070s]                  from [01m[K/home/shenhang/ros_study/chapter3/topic_practice_workspace/src/status_display/src/sys_status_display.cpp:2[m[K:
[5.071s] [01m[K/usr/include/x86_64-linux-gnu/qt5/QtGui/qpolygon.h:105:21:[m[K [01;36m[Knote: [m[Kcandidate: ‘[01m[KQDebug operator<<(QDebug, const QPolygon&)[m[K’
[5.071s]   105 | Q_GUI_EXPORT QDebug [01;36m[Koperator[m[K<<(QDebug, const QPolygon &);
[5.071s]       |                     [01;36m[K^~~~~~~~[m[K
[5.071s] [01m[K/usr/include/x86_64-linux-gnu/qt5/QtGui/qpolygon.h:105:32:[m[K [01;36m[Knote: [m[K  no known conversion for argument 1 from ‘[01m[Kstd::basic_ostream<char>[m[K’ to ‘[01m[KQDebug[m[K’
[5.071s]   105 | Q_GUI_EXPORT QDebug operator<<([01;36m[KQDebug[m[K, const QPolygon &);
[5.071s]       |                                [01;36m[K^~~~~~[m[K
[5.071s] [01m[K/usr/include/x86_64-linux-gnu/qt5/QtGui/qpolygon.h:112:27:[m[K [01;36m[Knote: [m[Kcandidate: ‘[01m[KQDataStream& operator<<(QDataStream&, const QPolygon&)[m[K’
[5.071s]   112 | Q_GUI_EXPORT QDataStream &[01;36m[Koperator[m[K<<(QDataStream &stream, const QPolygon &polygon);
[5.072s]       |                           [01;36m[K^~~~~~~~[m[K
[5.072s] [01m[K/usr/include/x86_64-linux-gnu/qt5/QtGui/qpolygon.h:112:51:[m[K [01;36m[Knote: [m[K  no known conversion for argument 1 from ‘[01m[Kstd::basic_ostream<char>[m[K’ to ‘[01m[KQDataStream&[m[K’
[5.072s]   112 | Q_GUI_EXPORT QDataStream &operator<<([01;36m[KQDataStream &stream[m[K, const QPolygon &polygon);
[5.072s]       |                                      [01;36m[K~~~~~~~~~~~~~^~~~~~[m[K
[5.072s] [01m[K/usr/include/x86_64-linux-gnu/qt5/QtGui/qpolygon.h:180:21:[m[K [01;36m[Knote: [m[Kcandidate: ‘[01m[KQDebug operator<<(QDebug, const QPolygonF&)[m[K’
[5.072s]   180 | Q_GUI_EXPORT QDebug [01;36m[Koperator[m[K<<(QDebug, const QPolygonF &);
[5.072s]       |                     [01;36m[K^~~~~~~~[m[K
[5.072s] [01m[K/usr/include/x86_64-linux-gnu/qt5/QtGui/qpolygon.h:180:32:[m[K [01;36m[Knote: [m[K  no known conversion for argument 1 from ‘[01m[Kstd::basic_ostream<char>[m[K’ to ‘[01m[KQDebug[m[K’
[5.072s]   180 | Q_GUI_EXPORT QDebug operator<<([01;36m[KQDebug[m[K, const QPolygonF &);
[5.072s]       |                                [01;36m[K^~~~~~[m[K
[5.073s] [01m[K/usr/include/x86_64-linux-gnu/qt5/QtGui/qpolygon.h:187:27:[m[K [01;36m[Knote: [m[Kcandidate: ‘[01m[KQDataStream& operator<<(QDataStream&, const QPolygonF&)[m[K’
[5.073s]   187 | Q_GUI_EXPORT QDataStream &[01;36m[Koperator[m[K<<(QDataStream &stream, const QPolygonF &array);
[5.073s]       |                           [01;36m[K^~~~~~~~[m[K
[5.073s] [01m[K/usr/include/x86_64-linux-gnu/qt5/QtGui/qpolygon.h:187:51:[m[K [01;36m[Knote: [m[K  no known conversion for argument 1 from ‘[01m[Kstd::basic_ostream<char>[m[K’ to ‘[01m[KQDataStream&[m[K’
[5.073s]   187 | Q_GUI_EXPORT QDataStream &operator<<([01;36m[KQDataStream &stream[m[K, const QPolygonF &array);
[5.073s]       |                                      [01;36m[K~~~~~~~~~~~~~^~~~~~[m[K
[5.073s] In file included from [01m[K/usr/include/x86_64-linux-gnu/qt5/QtCore/qdatastream.h:44[m[K,
[5.073s]                  from [01m[K/usr/include/x86_64-linux-gnu/qt5/QtGui/qregion.h:49[m[K,
[5.073s]                  from [01m[K/usr/include/x86_64-linux-gnu/qt5/QtGui/qmatrix.h:45[m[K,
[5.074s]                  from [01m[K/usr/include/x86_64-linux-gnu/qt5/QtGui/qbrush.h:49[m[K,
[5.074s]                  from [01m[K/usr/include/x86_64-linux-gnu/qt5/QtGui/qpalette.h:46[m[K,
[5.074s]                  from [01m[K/usr/include/x86_64-linux-gnu/qt5/QtWidgets/qwidget.h:48[m[K,
[5.074s]                  from [01m[K/usr/include/x86_64-linux-gnu/qt5/QtWidgets/qframe.h:44[m[K,
[5.074s]                  from [01m[K/usr/include/x86_64-linux-gnu/qt5/QtWidgets/qlabel.h:44[m[K,
[5.074s]                  from [01m[K/usr/include/x86_64-linux-gnu/qt5/QtWidgets/QLabel:1[m[K,
[5.074s]                  from [01m[K/home/shenhang/ros_study/chapter3/topic_practice_workspace/src/status_display/src/sys_status_display.cpp:2[m[K:
[5.074s] [01m[K/usr/include/x86_64-linux-gnu/qt5/QtCore/qiodevice.h:189:22:[m[K [01;36m[Knote: [m[Kcandidate: ‘[01m[KQDebug operator<<(QDebug, QIODevice::OpenMode)[m[K’
[5.074s]   189 | Q_CORE_EXPORT QDebug [01;36m[Koperator[m[K<<(QDebug debug, QIODevice::OpenMode modes);
[5.074s]       |                      [01;36m[K^~~~~~~~[m[K
[5.075s] [01m[K/usr/include/x86_64-linux-gnu/qt5/QtCore/qiodevice.h:189:40:[m[K [01;36m[Knote: [m[K  no known conversion for argument 1 from ‘[01m[Kstd::basic_ostream<char>[m[K’ to ‘[01m[KQDebug[m[K’
[5.075s]   189 | Q_CORE_EXPORT QDebug operator<<([01;36m[KQDebug debug[m[K, QIODevice::OpenMode modes);
[5.075s]       |                                 [01;36m[K~~~~~~~^~~~~[m[K
[5.075s] In file included from [01m[K/usr/include/x86_64-linux-gnu/qt5/QtGui/qmatrix.h:45[m[K,
[5.075s]                  from [01m[K/usr/include/x86_64-linux-gnu/qt5/QtGui/qbrush.h:49[m[K,
[5.075s]                  from [01m[K/usr/include/x86_64-linux-gnu/qt5/QtGui/qpalette.h:46[m[K,
[5.075s]                  from [01m[K/usr/include/x86_64-linux-gnu/qt5/QtWidgets/qwidget.h:48[m[K,
[5.075s]                  from [01m[K/usr/include/x86_64-linux-gnu/qt5/QtWidgets/qframe.h:44[m[K,
[5.075s]                  from [01m[K/usr/include/x86_64-linux-gnu/qt5/QtWidgets/qlabel.h:44[m[K,
[5.075s]                  from [01m[K/usr/include/x86_64-linux-gnu/qt5/QtWidgets/QLabel:1[m[K,
[5.076s]                  from [01m[K/home/shenhang/ros_study/chapter3/topic_practice_workspace/src/status_display/src/sys_status_display.cpp:2[m[K:
[5.076s] [01m[K/usr/include/x86_64-linux-gnu/qt5/QtGui/qregion.h:189:27:[m[K [01;36m[Knote: [m[Kcandidate: ‘[01m[KQDataStream& operator<<(QDataStream&, const QRegion&)[m[K’
[5.076s]   189 | Q_GUI_EXPORT QDataStream &[01;36m[Koperator[m[K<<(QDataStream &, const QRegion &);
[5.076s]       |                           [01;36m[K^~~~~~~~[m[K
[5.076s] [01m[K/usr/include/x86_64-linux-gnu/qt5/QtGui/qregion.h:160:49:[m[K [01;36m[Knote: [m[K  no known conversion for argument 1 from ‘[01m[Kstd::basic_ostream<char>[m[K’ to ‘[01m[KQDataStream&[m[K’
[5.076s]   160 |     friend Q_GUI_EXPORT QDataStream &operator<<([01;36m[KQDataStream &[m[K, const QRegion &);
[5.076s]       |                                                 [01;36m[K^~~~~~~~~~~~~[m[K
[5.076s] [01m[K/usr/include/x86_64-linux-gnu/qt5/QtGui/qregion.h:194:21:[m[K [01;36m[Knote: [m[Kcandidate: ‘[01m[KQDebug operator<<(QDebug, const QRegion&)[m[K’
[5.077s]   194 | Q_GUI_EXPORT QDebug [01;36m[Koperator[m[K<<(QDebug, const QRegion &);
[5.077s]       |                     [01;36m[K^~~~~~~~[m[K
[5.077s] [01m[K/usr/include/x86_64-linux-gnu/qt5/QtGui/qregion.h:194:32:[m[K [01;36m[Knote: [m[K  no known conversion for argument 1 from ‘[01m[Kstd::basic_ostream<char>[m[K’ to ‘[01m[KQDebug[m[K’
[5.077s]   194 | Q_GUI_EXPORT QDebug operator<<([01;36m[KQDebug[m[K, const QRegion &);
[5.077s]       |                                [01;36m[K^~~~~~[m[K
[5.077s] In file included from [01m[K/usr/include/x86_64-linux-gnu/qt5/QtGui/qmatrix.h:47[m[K,
[5.077s]                  from [01m[K/usr/include/x86_64-linux-gnu/qt5/QtGui/qbrush.h:49[m[K,
[5.077s]                  from [01m[K/usr/include/x86_64-linux-gnu/qt5/QtGui/qpalette.h:46[m[K,
[5.077s]                  from [01m[K/usr/include/x86_64-linux-gnu/qt5/QtWidgets/qwidget.h:48[m[K,
[5.078s]                  from [01m[K/usr/include/x86_64-linux-gnu/qt5/QtWidgets/qframe.h:44[m[K,
[5.078s]                  from [01m[K/usr/include/x86_64-linux-gnu/qt5/QtWidgets/qlabel.h:44[m[K,
[5.078s]                  from [01m[K/usr/include/x86_64-linux-gnu/qt5/QtWidgets/QLabel:1[m[K,
[5.078s]                  from [01m[K/home/shenhang/ros_study/chapter3/topic_practice_workspace/src/status_display/src/sys_status_display.cpp:2[m[K:
[5.078s] [01m[K/usr/include/x86_64-linux-gnu/qt5/QtCore/qline.h:203:22:[m[K [01;36m[Knote: [m[Kcandidate: ‘[01m[KQDebug operator<<(QDebug, const QLine&)[m[K’
[5.078s]   203 | Q_CORE_EXPORT QDebug [01;36m[Koperator[m[K<<(QDebug d, const QLine &p);
[5.078s]       |                      [01;36m[K^~~~~~~~[m[K
[5.078s] [01m[K/usr/include/x86_64-linux-gnu/qt5/QtCore/qline.h:203:40:[m[K [01;36m[Knote: [m[K  no known conversion for argument 1 from ‘[01m[Kstd::basic_ostream<char>[m[K’ to ‘[01m[KQDebug[m[K’
[5.078s]   203 | Q_CORE_EXPORT QDebug operator<<([01;36m[KQDebug d[m[K, const QLine &p);
[5.078s]       |                                 [01;36m[K~~~~~~~^[m[K
[5.079s] [01m[K/usr/include/x86_64-linux-gnu/qt5/QtCore/qline.h:207:28:[m[K [01;36m[Knote: [m[Kcandidate: ‘[01m[KQDataStream& operator<<(QDataStream&, const QLine&)[m[K’
[5.079s]   207 | Q_CORE_EXPORT QDataStream &[01;36m[Koperator[m[K<<(QDataStream &, const QLine &);
[5.079s]       |                            [01;36m[K^~~~~~~~[m[K
[5.079s] [01m[K/usr/include/x86_64-linux-gnu/qt5/QtCore/qline.h:207:39:[m[K [01;36m[Knote: [m[K  no known conversion for argument 1 from ‘[01m[Kstd::basic_ostream<char>[m[K’ to ‘[01m[KQDataStream&[m[K’
[5.079s]   207 | Q_CORE_EXPORT QDataStream &operator<<([01;36m[KQDataStream &[m[K, const QLine &);
[5.079s]       |                                       [01;36m[K^~~~~~~~~~~~~[m[K
[5.079s] [01m[K/usr/include/x86_64-linux-gnu/qt5/QtCore/qline.h:430:22:[m[K [01;36m[Knote: [m[Kcandidate: ‘[01m[KQDebug operator<<(QDebug, const QLineF&)[m[K’
[5.079s]   430 | Q_CORE_EXPORT QDebug [01;36m[Koperator[m[K<<(QDebug d, const QLineF &p);
[5.079s]       |                      [01;36m[K^~~~~~~~[m[K
[5.079s] [01m[K/usr/include/x86_64-linux-gnu/qt5/QtCore/qline.h:430:40:[m[K [01;36m[Knote: [m[K  no known conversion for argument 1 from ‘[01m[Kstd::basic_ostream<char>[m[K’ to ‘[01m[KQDebug[m[K’
[5.080s]   430 | Q_CORE_EXPORT QDebug operator<<([01;36m[KQDebug d[m[K, const QLineF &p);
[5.080s]       |                                 [01;36m[K~~~~~~~^[m[K
[5.080s] [01m[K/usr/include/x86_64-linux-gnu/qt5/QtCore/qline.h:434:28:[m[K [01;36m[Knote: [m[Kcandidate: ‘[01m[KQDataStream& operator<<(QDataStream&, const QLineF&)[m[K’
[5.080s]   434 | Q_CORE_EXPORT QDataStream &[01;36m[Koperator[m[K<<(QDataStream &, const QLineF &);
[5.080s]       |                            [01;36m[K^~~~~~~~[m[K
[5.080s] [01m[K/usr/include/x86_64-linux-gnu/qt5/QtCore/qline.h:434:39:[m[K [01;36m[Knote: [m[K  no known conversion for argument 1 from ‘[01m[Kstd::basic_ostream<char>[m[K’ to ‘[01m[KQDataStream&[m[K’
[5.080s]   434 | Q_CORE_EXPORT QDataStream &operator<<([01;36m[KQDataStream &[m[K, const QLineF &);
[5.080s]       |                                       [01;36m[K^~~~~~~~~~~~~[m[K
[5.080s] In file included from [01m[K/usr/include/x86_64-linux-gnu/qt5/QtGui/qbrush.h:49[m[K,
[5.080s]                  from [01m[K/usr/include/x86_64-linux-gnu/qt5/QtGui/qpalette.h:46[m[K,
[5.081s]                  from [01m[K/usr/include/x86_64-linux-gnu/qt5/QtWidgets/qwidget.h:48[m[K,
[5.081s]                  from [01m[K/usr/include/x86_64-linux-gnu/qt5/QtWidgets/qframe.h:44[m[K,
[5.081s]                  from [01m[K/usr/include/x86_64-linux-gnu/qt5/QtWidgets/qlabel.h:44[m[K,
[5.081s]                  from [01m[K/usr/include/x86_64-linux-gnu/qt5/QtWidgets/QLabel:1[m[K,
[5.081s]                  from [01m[K/home/shenhang/ros_study/chapter3/topic_practice_workspace/src/status_display/src/sys_status_display.cpp:2[m[K:
[5.081s] [01m[K/usr/include/x86_64-linux-gnu/qt5/QtGui/qmatrix.h:184:27:[m[K [01;36m[Knote: [m[Kcandidate: ‘[01m[KQDataStream& operator<<(QDataStream&, const QMatrix&)[m[K’
[5.081s]   184 | Q_GUI_EXPORT QDataStream &[01;36m[Koperator[m[K<<(QDataStream &, const QMatrix &);
[5.081s]       |                           [01;36m[K^~~~~~~~[m[K
[5.081s] [01m[K/usr/include/x86_64-linux-gnu/qt5/QtGui/qmatrix.h:184:38:[m[K [01;36m[Knote: [m[K  no known conversion for argument 1 from ‘[01m[Kstd::basic_ostream<char>[m[K’ to ‘[01m[KQDataStream&[m[K’
[5.082s]   184 | Q_GUI_EXPORT QDataStream &operator<<([01;36m[KQDataStream &[m[K, const QMatrix &);
[5.082s]       |                                      [01;36m[K^~~~~~~~~~~~~[m[K
[5.082s] [01m[K/usr/include/x86_64-linux-gnu/qt5/QtGui/qmatrix.h:189:21:[m[K [01;36m[Knote: [m[Kcandidate: ‘[01m[KQDebug operator<<(QDebug, const QMatrix&)[m[K’
[5.082s]   189 | Q_GUI_EXPORT QDebug [01;36m[Koperator[m[K<<(QDebug, const QMatrix &);
[5.082s]       |                     [01;36m[K^~~~~~~~[m[K
[5.082s] [01m[K/usr/include/x86_64-linux-gnu/qt5/QtGui/qmatrix.h:189:32:[m[K [01;36m[Knote: [m[K  no known conversion for argument 1 from ‘[01m[Kstd::basic_ostream<char>[m[K’ to ‘[01m[KQDebug[m[K’
[5.082s]   189 | Q_GUI_EXPORT QDebug operator<<([01;36m[KQDebug[m[K, const QMatrix &);
[5.082s]       |                                [01;36m[K^~~~~~[m[K
[5.082s] In file included from [01m[K/usr/include/x86_64-linux-gnu/qt5/QtGui/qbrush.h:50[m[K,
[5.082s]                  from [01m[K/usr/include/x86_64-linux-gnu/qt5/QtGui/qpalette.h:46[m[K,
[5.083s]                  from [01m[K/usr/include/x86_64-linux-gnu/qt5/QtWidgets/qwidget.h:48[m[K,
[5.083s]                  from [01m[K/usr/include/x86_64-linux-gnu/qt5/QtWidgets/qframe.h:44[m[K,
[5.083s]                  from [01m[K/usr/include/x86_64-linux-gnu/qt5/QtWidgets/qlabel.h:44[m[K,
[5.083s]                  from [01m[K/usr/include/x86_64-linux-gnu/qt5/QtWidgets/QLabel:1[m[K,
[5.083s]                  from [01m[K/home/shenhang/ros_study/chapter3/topic_practice_workspace/src/status_display/src/sys_status_display.cpp:2[m[K:
[5.083s] [01m[K/usr/include/x86_64-linux-gnu/qt5/QtGui/qtransform.h:386:27:[m[K [01;36m[Knote: [m[Kcandidate: ‘[01m[KQDataStream& operator<<(QDataStream&, const QTransform&)[m[K’
[5.083s]   386 | Q_GUI_EXPORT QDataStream &[01;36m[Koperator[m[K<<(QDataStream &, const QTransform &);
[5.083s]       |                           [01;36m[K^~~~~~~~[m[K
[5.084s] [01m[K/usr/include/x86_64-linux-gnu/qt5/QtGui/qtransform.h:386:38:[m[K [01;36m[Knote: [m[K  no known conversion for argument 1 from ‘[01m[Kstd::basic_ostream<char>[m[K’ to ‘[01m[KQDataStream&[m[K’
[5.084s]   386 | Q_GUI_EXPORT QDataStream &operator<<([01;36m[KQDataStream &[m[K, const QTransform &);
[5.084s]       |                                      [01;36m[K^~~~~~~~~~~~~[m[K
[5.084s] [01m[K/usr/include/x86_64-linux-gnu/qt5/QtGui/qtransform.h:391:21:[m[K [01;36m[Knote: [m[Kcandidate: ‘[01m[KQDebug operator<<(QDebug, const QTransform&)[m[K’
[5.084s]   391 | Q_GUI_EXPORT QDebug [01;36m[Koperator[m[K<<(QDebug, const QTransform &);
[5.084s]       |                     [01;36m[K^~~~~~~~[m[K
[5.084s] [01m[K/usr/include/x86_64-linux-gnu/qt5/QtGui/qtransform.h:391:32:[m[K [01;36m[Knote: [m[K  no known conversion for argument 1 from ‘[01m[Kstd::basic_ostream<char>[m[K’ to ‘[01m[KQDebug[m[K’
[5.085s]   391 | Q_GUI_EXPORT QDebug operator<<([01;36m[KQDebug[m[K, const QTransform &);
[5.085s]       |                                [01;36m[K^~~~~~[m[K
[5.085s] In file included from [01m[K/usr/include/x86_64-linux-gnu/qt5/QtGui/qbrush.h:51[m[K,
[5.085s]                  from [01m[K/usr/include/x86_64-linux-gnu/qt5/QtGui/qpalette.h:46[m[K,
[5.085s]                  from [01m[K/usr/include/x86_64-linux-gnu/qt5/QtWidgets/qwidget.h:48[m[K,
[5.085s]                  from [01m[K/usr/include/x86_64-linux-gnu/qt5/QtWidgets/qframe.h:44[m[K,
[5.085s]                  from [01m[K/usr/include/x86_64-linux-gnu/qt5/QtWidgets/qlabel.h:44[m[K,
[5.086s]                  from [01m[K/usr/include/x86_64-linux-gnu/qt5/QtWidgets/QLabel:1[m[K,
[5.086s]                  from [01m[K/home/shenhang/ros_study/chapter3/topic_practice_workspace/src/status_display/src/sys_status_display.cpp:2[m[K:
[5.086s] [01m[K/usr/include/x86_64-linux-gnu/qt5/QtGui/qimage.h:502:27:[m[K [01;36m[Knote: [m[Kcandidate: ‘[01m[KQDataStream& operator<<(QDataStream&, const QImage&)[m[K’
[5.086s]   502 | Q_GUI_EXPORT QDataStream &[01;36m[Koperator[m[K<<(QDataStream &, const QImage &);
[5.086s]       |                           [01;36m[K^~~~~~~~[m[K
[5.086s] [01m[K/usr/include/x86_64-linux-gnu/qt5/QtGui/qimage.h:502:38:[m[K [01;36m[Knote: [m[K  no known conversion for argument 1 from ‘[01m[Kstd::basic_ostream<char>[m[K’ to ‘[01m[KQDataStream&[m[K’
[5.086s]   502 | Q_GUI_EXPORT QDataStream &operator<<([01;36m[KQDataStream &[m[K, const QImage &);
[5.086s]       |                                      [01;36m[K^~~~~~~~~~~~~[m[K
[5.087s] [01m[K/usr/include/x86_64-linux-gnu/qt5/QtGui/qimage.h:507:21:[m[K [01;36m[Knote: [m[Kcandidate: ‘[01m[KQDebug operator<<(QDebug, const QImage&)[m[K’
[5.087s]   507 | Q_GUI_EXPORT QDebug [01;36m[Koperator[m[K<<(QDebug, const QImage &);
[5.087s]       |                     [01;36m[K^~~~~~~~[m[K
[5.087s] [01m[K/usr/include/x86_64-linux-gnu/qt5/QtGui/qimage.h:507:32:[m[K [01;36m[Knote: [m[K  no known conversion for argument 1 from ‘[01m[Kstd::basic_ostream<char>[m[K’ to ‘[01m[KQDebug[m[K’
[5.087s]   507 | Q_GUI_EXPORT QDebug operator<<([01;36m[KQDebug[m[K, const QImage &);
[5.087s]       |                                [01;36m[K^~~~~~[m[K
[5.087s] In file included from [01m[K/usr/include/x86_64-linux-gnu/qt5/QtGui/qbrush.h:52[m[K,
[5.087s]                  from [01m[K/usr/include/x86_64-linux-gnu/qt5/QtGui/qpalette.h:46[m[K,
[5.087s]                  from [01m[K/usr/include/x86_64-linux-gnu/qt5/QtWidgets/qwidget.h:48[m[K,
[5.087s]                  from [01m[K/usr/include/x86_64-linux-gnu/qt5/QtWidgets/qframe.h:44[m[K,
[5.088s]                  from [01m[K/usr/include/x86_64-linux-gnu/qt5/QtWidgets/qlabel.h:44[m[K,
[5.088s]                  from [01m[K/usr/include/x86_64-linux-gnu/qt5/QtWidgets/QLabel:1[m[K,
[5.088s]                  from [01m[K/home/shenhang/ros_study/chapter3/topic_practice_workspace/src/status_display/src/sys_status_display.cpp:2[m[K:
[5.088s] [01m[K/usr/include/x86_64-linux-gnu/qt5/QtGui/qpixmap.h:254:27:[m[K [01;36m[Knote: [m[Kcandidate: ‘[01m[KQDataStream& operator<<(QDataStream&, const QPixmap&)[m[K’
[5.088s]   254 | Q_GUI_EXPORT QDataStream &[01;36m[Koperator[m[K<<(QDataStream &, const QPixmap &);
[5.088s]       |                           [01;36m[K^~~~~~~~[m[K
[5.088s] [01m[K/usr/include/x86_64-linux-gnu/qt5/QtGui/qpixmap.h:254:38:[m[K [01;36m[Knote: [m[K  no known conversion for argument 1 from ‘[01m[Kstd::basic_ostream<char>[m[K’ to ‘[01m[KQDataStream&[m[K’
[5.088s]   254 | Q_GUI_EXPORT QDataStream &operator<<([01;36m[KQDataStream &[m[K, const QPixmap &);
[5.088s]       |                                      [01;36m[K^~~~~~~~~~~~~[m[K
[5.088s] [01m[K/usr/include/x86_64-linux-gnu/qt5/QtGui/qpixmap.h:259:21:[m[K [01;36m[Knote: [m[Kcandidate: ‘[01m[KQDebug operator<<(QDebug, const QPixmap&)[m[K’
[5.088s]   259 | Q_GUI_EXPORT QDebug [01;36m[Koperator[m[K<<(QDebug, const QPixmap &);
[5.089s]       |                     [01;36m[K^~~~~~~~[m[K
[5.089s] [01m[K/usr/include/x86_64-linux-gnu/qt5/QtGui/qpixmap.h:259:32:[m[K [01;36m[Knote: [m[K  no known conversion for argument 1 from ‘[01m[Kstd::basic_ostream<char>[m[K’ to ‘[01m[KQDebug[m[K’
[5.089s]   259 | Q_GUI_EXPORT QDebug operator<<([01;36m[KQDebug[m[K, const QPixmap &);
[5.089s]       |                                [01;36m[K^~~~~~[m[K
[5.089s] In file included from [01m[K/usr/include/x86_64-linux-gnu/qt5/QtGui/qpalette.h:46[m[K,
[5.089s]                  from [01m[K/usr/include/x86_64-linux-gnu/qt5/QtWidgets/qwidget.h:48[m[K,
[5.089s]                  from [01m[K/usr/include/x86_64-linux-gnu/qt5/QtWidgets/qframe.h:44[m[K,
[5.089s]                  from [01m[K/usr/include/x86_64-linux-gnu/qt5/QtWidgets/qlabel.h:44[m[K,
[5.090s]                  from [01m[K/usr/include/x86_64-linux-gnu/qt5/QtWidgets/QLabel:1[m[K,
[5.090s]                  from [01m[K/home/shenhang/ros_study/chapter3/topic_practice_workspace/src/status_display/src/sys_status_display.cpp:2[m[K:
[5.090s] [01m[K/usr/include/x86_64-linux-gnu/qt5/QtGui/qbrush.h:144:27:[m[K [01;36m[Knote: [m[Kcandidate: ‘[01m[KQDataStream& operator<<(QDataStream&, const QBrush&)[m[K’
[5.090s]   144 | Q_GUI_EXPORT QDataStream &[01;36m[Koperator[m[K<<(QDataStream &, const QBrush &);
[5.090s]       |                           [01;36m[K^~~~~~~~[m[K
[5.090s] [01m[K/usr/include/x86_64-linux-gnu/qt5/QtGui/qbrush.h:144:38:[m[K [01;36m[Knote: [m[K  no known conversion for argument 1 from ‘[01m[Kstd::basic_ostream<char>[m[K’ to ‘[01m[KQDataStream&[m[K’
[5.090s]   144 | Q_GUI_EXPORT QDataStream &operator<<([01;36m[KQDataStream &[m[K, const QBrush &);
[5.091s]       |                                      [01;36m[K^~~~~~~~~~~~~[m[K
[5.091s] [01m[K/usr/include/x86_64-linux-gnu/qt5/QtGui/qbrush.h:149:21:[m[K [01;36m[Knote: [m[Kcandidate: ‘[01m[KQDebug operator<<(QDebug, const QBrush&)[m[K’
[5.091s]   149 | Q_GUI_EXPORT QDebug [01;36m[Koperator[m[K<<(QDebug, const QBrush &);
[5.091s]       |                     [01;36m[K^~~~~~~~[m[K
[5.091s] [01m[K/usr/include/x86_64-linux-gnu/qt5/QtGui/qbrush.h:149:32:[m[K [01;36m[Knote: [m[K  no known conversion for argument 1 from ‘[01m[Kstd::basic_ostream<char>[m[K’ to ‘[01m[KQDebug[m[K’
[5.091s]   149 | Q_GUI_EXPORT QDebug operator<<([01;36m[KQDebug[m[K, const QBrush &);
[5.091s]       |                                [01;36m[K^~~~~~[m[K
[5.091s] In file included from [01m[K/usr/include/x86_64-linux-gnu/qt5/QtWidgets/qwidget.h:48[m[K,
[5.092s]                  from [01m[K/usr/include/x86_64-linux-gnu/qt5/QtWidgets/qframe.h:44[m[K,
[5.092s]                  from [01m[K/usr/include/x86_64-linux-gnu/qt5/QtWidgets/qlabel.h:44[m[K,
[5.092s]                  from [01m[K/usr/include/x86_64-linux-gnu/qt5/QtWidgets/QLabel:1[m[K,
[5.092s]                  from [01m[K/home/shenhang/ros_study/chapter3/topic_practice_workspace/src/status_display/src/sys_status_display.cpp:2[m[K:
[5.092s] [01m[K/usr/include/x86_64-linux-gnu/qt5/QtGui/qpalette.h:212:27:[m[K [01;36m[Knote: [m[Kcandidate: ‘[01m[KQDataStream& operator<<(QDataStream&, const QPalette&)[m[K’
[5.092s]   212 | Q_GUI_EXPORT QDataStream &[01;36m[Koperator[m[K<<(QDataStream &ds, const QPalette &p);
[5.092s]       |                           [01;36m[K^~~~~~~~[m[K
[5.092s] [01m[K/usr/include/x86_64-linux-gnu/qt5/QtGui/qpalette.h:195:62:[m[K [01;36m[Knote: [m[K  no known conversion for argument 1 from ‘[01m[Kstd::basic_ostream<char>[m[K’ to ‘[01m[KQDataStream&[m[K’
[5.092s]   195 |     friend Q_GUI_EXPORT QDataStream &operator<<([01;36m[KQDataStream &s[m[K, const QPalette &p);
[5.092s]       |                                                 [01;36m[K~~~~~~~~~~~~~^[m[K
[5.093s] [01m[K/usr/include/x86_64-linux-gnu/qt5/QtGui/qpalette.h:217:21:[m[K [01;36m[Knote: [m[Kcandidate: ‘[01m[KQDebug operator<<(QDebug, const QPalette&)[m[K’
[5.093s]   217 | Q_GUI_EXPORT QDebug [01;36m[Koperator[m[K<<(QDebug, const QPalette &);
[5.093s]       |                     [01;36m[K^~~~~~~~[m[K
[5.093s] [01m[K/usr/include/x86_64-linux-gnu/qt5/QtGui/qpalette.h:217:32:[m[K [01;36m[Knote: [m[K  no known conversion for argument 1 from ‘[01m[Kstd::basic_ostream<char>[m[K’ to ‘[01m[KQDebug[m[K’
[5.093s]   217 | Q_GUI_EXPORT QDebug operator<<([01;36m[KQDebug[m[K, const QPalette &);
[5.093s]       |                                [01;36m[K^~~~~~[m[K
[5.093s] In file included from [01m[K/usr/include/x86_64-linux-gnu/qt5/QtWidgets/qwidget.h:49[m[K,
[5.093s]                  from [01m[K/usr/include/x86_64-linux-gnu/qt5/QtWidgets/qframe.h:44[m[K,
[5.093s]                  from [01m[K/usr/include/x86_64-linux-gnu/qt5/QtWidgets/qlabel.h:44[m[K,
[5.093s]                  from [01m[K/usr/include/x86_64-linux-gnu/qt5/QtWidgets/QLabel:1[m[K,
[5.094s]                  from [01m[K/home/shenhang/ros_study/chapter3/topic_practice_workspace/src/status_display/src/sys_status_display.cpp:2[m[K:
[5.094s] [01m[K/usr/include/x86_64-linux-gnu/qt5/QtGui/qfont.h:374:27:[m[K [01;36m[Knote: [m[Kcandidate: ‘[01m[KQDataStream& operator<<(QDataStream&, const QFont&)[m[K’
[5.094s]   374 | Q_GUI_EXPORT QDataStream &[01;36m[Koperator[m[K<<(QDataStream &, const QFont &);
[5.094s]       |                           [01;36m[K^~~~~~~~[m[K
[5.094s] [01m[K/usr/include/x86_64-linux-gnu/qt5/QtGui/qfont.h:336:49:[m[K [01;36m[Knote: [m[K  no known conversion for argument 1 from ‘[01m[Kstd::basic_ostream<char>[m[K’ to ‘[01m[KQDataStream&[m[K’
[5.094s]   336 |     friend Q_GUI_EXPORT QDataStream &operator<<([01;36m[KQDataStream &[m[K, const QFont &);
[5.094s]       |                                                 [01;36m[K^~~~~~~~~~~~~[m[K
[5.095s] [01m[K/usr/include/x86_64-linux-gnu/qt5/QtGui/qfont.h:379:21:[m[K [01;36m[Knote: [m[Kcandidate: ‘[01m[KQDebug operator<<(QDebug, const QFont&)[m[K’
[5.095s]   379 | Q_GUI_EXPORT QDebug [01;36m[Koperator[m[K<<(QDebug, const QFont &);
[5.095s]       |                     [01;36m[K^~~~~~~~[m[K
[5.095s] [01m[K/usr/include/x86_64-linux-gnu/qt5/QtGui/qfont.h:341:43:[m[K [01;36m[Knote: [m[K  no known conversion for argument 1 from ‘[01m[Kstd::basic_ostream<char>[m[K’ to ‘[01m[KQDebug[m[K’
[5.095s]   341 |     friend Q_GUI_EXPORT QDebug operator<<([01;36m[KQDebug[m[K, const QFont &);
[5.095s]       |                                           [01;36m[K^~~~~~[m[K
[5.095s] In file included from [01m[K/usr/include/x86_64-linux-gnu/qt5/QtWidgets/qwidget.h:52[m[K,
[5.095s]                  from [01m[K/usr/include/x86_64-linux-gnu/qt5/QtWidgets/qframe.h:44[m[K,
[5.095s]                  from [01m[K/usr/include/x86_64-linux-gnu/qt5/QtWidgets/qlabel.h:44[m[K,
[5.095s]                  from [01m[K/usr/include/x86_64-linux-gnu/qt5/QtWidgets/QLabel:1[m[K,
[5.096s]                  from [01m[K/home/shenhang/ros_study/chapter3/topic_practice_workspace/src/status_display/src/sys_status_display.cpp:2[m[K:
[5.096s] [01m[K/usr/include/x86_64-linux-gnu/qt5/QtWidgets/qsizepolicy.h:237:31:[m[K [01;36m[Knote: [m[Kcandidate: ‘[01m[KQDataStream& operator<<(QDataStream&, const QSizePolicy&)[m[K’
[5.096s]   237 | Q_WIDGETS_EXPORT QDataStream &[01;36m[Koperator[m[K<<(QDataStream &, const QSizePolicy &);
[5.096s]       |                               [01;36m[K^~~~~~~~[m[K
[5.096s] [01m[K/usr/include/x86_64-linux-gnu/qt5/QtWidgets/qsizepolicy.h:173:53:[m[K [01;36m[Knote: [m[K  no known conversion for argument 1 from ‘[01m[Kstd::basic_ostream<char>[m[K’ to ‘[01m[KQDataStream&[m[K’
[5.096s]   173 |     friend Q_WIDGETS_EXPORT QDataStream &operator<<([01;36m[KQDataStream &[m[K, const QSizePolicy &);
[5.097s]       |                                                     [01;36m[K^~~~~~~~~~~~~[m[K
[5.097s] [01m[K/usr/include/x86_64-linux-gnu/qt5/QtWidgets/qsizepolicy.h:242:25:[m[K [01;36m[Knote: [m[Kcandidate: ‘[01m[KQDebug operator<<(QDebug, const QSizePolicy&)[m[K’
[5.097s]   242 | Q_WIDGETS_EXPORT QDebug [01;36m[Koperator[m[K<<(QDebug dbg, const QSizePolicy &);
[5.097s]       |                         [01;36m[K^~~~~~~~[m[K
[5.097s] [01m[K/usr/include/x86_64-linux-gnu/qt5/QtWidgets/qsizepolicy.h:242:43:[m[K [01;36m[Knote: [m[K  no known conversion for argument 1 from ‘[01m[Kstd::basic_ostream<char>[m[K’ to ‘[01m[KQDebug[m[K’
[5.097s]   242 | Q_WIDGETS_EXPORT QDebug operator<<([01;36m[KQDebug dbg[m[K, const QSizePolicy &);
[5.097s]       |                                    [01;36m[K~~~~~~~^~~[m[K
[5.097s] In file included from [01m[K/usr/include/x86_64-linux-gnu/qt5/QtWidgets/qwidget.h:56[m[K,
[5.097s]                  from [01m[K/usr/include/x86_64-linux-gnu/qt5/QtWidgets/qframe.h:44[m[K,
[5.098s]                  from [01m[K/usr/include/x86_64-linux-gnu/qt5/QtWidgets/qlabel.h:44[m[K,
[5.098s]                  from [01m[K/usr/include/x86_64-linux-gnu/qt5/QtWidgets/QLabel:1[m[K,
[5.098s]                  from [01m[K/home/shenhang/ros_study/chapter3/topic_practice_workspace/src/status_display/src/sys_status_display.cpp:2[m[K:
[5.098s] [01m[K/usr/include/x86_64-linux-gnu/qt5/QtGui/qkeysequence.h:213:38:[m[K [01;36m[Knote: [m[Kcandidate: ‘[01m[KQDataStream& operator<<(QDataStream&, const QKeySequence&)[m[K’
[5.098s]   213 |     friend Q_GUI_EXPORT QDataStream &[01;36m[Koperator[m[K<<(QDataStream &in, const QKeySequence &ks);
[5.098s]       |                                      [01;36m[K^~~~~~~~[m[K
[5.098s] [01m[K/usr/include/x86_64-linux-gnu/qt5/QtGui/qkeysequence.h:58:51:[m[K [01;36m[Knote: [m[K  no known conversion for argument 1 from ‘[01m[Kstd::basic_ostream<char>[m[K’ to ‘[01m[KQDataStream&[m[K’
[5.098s]    58 | Q_GUI_EXPORT QDataStream &operator<<([01;36m[KQDataStream &in[m[K, const QKeySequence &ks);
[5.098s]       |                                      [01;36m[K~~~~~~~~~~~~~^~[m[K
[5.099s] [01m[K/usr/include/x86_64-linux-gnu/qt5/QtGui/qkeysequence.h:227:21:[m[K [01;36m[Knote: [m[Kcandidate: ‘[01m[KQDebug operator<<(QDebug, const QKeySequence&)[m[K’
[5.099s]   227 | Q_GUI_EXPORT QDebug [01;36m[Koperator[m[K<<(QDebug, const QKeySequence &);
[5.099s]       |                     [01;36m[K^~~~~~~~[m[K
[5.099s] [01m[K/usr/include/x86_64-linux-gnu/qt5/QtGui/qkeysequence.h:227:32:[m[K [01;36m[Knote: [m[K  no known conversion for argument 1 from ‘[01m[Kstd::basic_ostream<char>[m[K’ to ‘[01m[KQDebug[m[K’
[5.099s]   227 | Q_GUI_EXPORT QDebug operator<<([01;36m[KQDebug[m[K, const QKeySequence &);
[5.099s]       |                                [01;36m[K^~~~~~[m[K
[5.100s] In file included from [01m[K/usr/include/x86_64-linux-gnu/qt5/QtWidgets/qframe.h:44[m[K,
[5.100s]                  from [01m[K/usr/include/x86_64-linux-gnu/qt5/QtWidgets/qlabel.h:44[m[K,
[5.100s]                  from [01m[K/usr/include/x86_64-linux-gnu/qt5/QtWidgets/QLabel:1[m[K,
[5.100s]                  from [01m[K/home/shenhang/ros_study/chapter3/topic_practice_workspace/src/status_display/src/sys_status_display.cpp:2[m[K:
[5.100s] [01m[K/usr/include/x86_64-linux-gnu/qt5/QtWidgets/qwidget.h:891:25:[m[K [01;36m[Knote: [m[Kcandidate: ‘[01m[KQDebug operator<<(QDebug, const QWidget*)[m[K’
[5.100s]   891 | Q_WIDGETS_EXPORT QDebug [01;36m[Koperator[m[K<<(QDebug, const QWidget *);
[5.100s]       |                         [01;36m[K^~~~~~~~[m[K
[5.101s] [01m[K/usr/include/x86_64-linux-gnu/qt5/QtWidgets/qwidget.h:891:36:[m[K [01;36m[Knote: [m[K  no known conversion for argument 1 from ‘[01m[Kstd::basic_ostream<char>[m[K’ to ‘[01m[KQDebug[m[K’
[5.101s]   891 | Q_WIDGETS_EXPORT QDebug operator<<([01;36m[KQDebug[m[K, const QWidget *);
[5.101s]       |                                    [01;36m[K^~~~~~[m[K
[5.101s] [01m[K/home/shenhang/ros_study/chapter3/topic_practice_workspace/src/status_display/src/sys_status_display.cpp:28:5:[m[K [01;35m[Kwarning: [m[Kno return statement in function returning non-void [[01;35m[K]8;;https://gcc.gnu.org/onlinedocs/gcc/Warning-Options.html#index-Wreturn-type-Wreturn-type]8;;[m[K]
[5.101s]    28 |     [01;35m[K}[m[K
[5.101s]       |     [01;35m[K^[m[K
[5.101s] [01m[K/home/shenhang/ros_study/chapter3/topic_practice_workspace/src/status_display/src/sys_status_display.cpp:[m[K In lambda function:
[5.101s] [01m[K/home/shenhang/ros_study/chapter3/topic_practice_workspace/src/status_display/src/sys_status_display.cpp:35:99:[m[K [01;31m[Kerror: [m[K‘[01m[Kmsg[m[K’ was not declared in this scope
[5.101s]    35 |                                                               { label_->setText(get_qstr_from_msg([01;31m[Kmsg[m[K)); });//订阅sys_status话题
[5.102s]       |                                                                                                   [01;31m[K^~~[m[K
[5.102s] [01m[K/home/shenhang/ros_study/chapter3/topic_practice_workspace/src/status_display/src/sys_status_display.cpp:35:99:[m[K [01;36m[Knote: [m[Ksuggested alternatives:
[5.102s] In file included from [01m[K/opt/ros/humble/include/builtin_interfaces/builtin_interfaces/msg/duration.hpp:7[m[K,
[5.102s]                  from [01m[K/opt/ros/humble/include/rclcpp/rclcpp/duration.hpp:20[m[K,
[5.102s]                  from [01m[K/opt/ros/humble/include/rclcpp/rclcpp/qos.hpp:20[m[K,
[5.102s]                  from [01m[K/opt/ros/humble/include/rclcpp/rclcpp/node_interfaces/node_graph_interface.hpp:32[m[K,
[5.102s]                  from [01m[K/opt/ros/humble/include/rclcpp/rclcpp/client.hpp:42[m[K,
[5.102s]                  from [01m[K/opt/ros/humble/include/rclcpp/rclcpp/callback_group.hpp:24[m[K,
[5.102s]                  from [01m[K/opt/ros/humble/include/rclcpp/rclcpp/any_executable.hpp:20[m[K,
[5.102s]                  from [01m[K/opt/ros/humble/include/rclcpp/rclcpp/memory_strategy.hpp:25[m[K,
[5.102s]                  from [01m[K/opt/ros/humble/include/rclcpp/rclcpp/memory_strategies.hpp:18[m[K,
[5.102s]                  from [01m[K/opt/ros/humble/include/rclcpp/rclcpp/executor_options.hpp:20[m[K,
[5.103s]                  from [01m[K/opt/ros/humble/include/rclcpp/rclcpp/executor.hpp:37[m[K,
[5.103s]                  from [01m[K/opt/ros/humble/include/rclcpp/rclcpp/executors/multi_threaded_executor.hpp:25[m[K,
[5.103s]                  from [01m[K/opt/ros/humble/include/rclcpp/rclcpp/executors.hpp:21[m[K,
[5.103s]                  from [01m[K/opt/ros/humble/include/rclcpp/rclcpp/rclcpp.hpp:155[m[K,
[5.103s]                  from [01m[K/home/shenhang/ros_study/chapter3/topic_practice_workspace/src/status_display/src/sys_status_display.cpp:4[m[K:
[5.103s] [01m[K/opt/ros/humble/include/builtin_interfaces/builtin_interfaces/msg/detail/duration__struct.hpp:27:11:[m[K [01;36m[Knote: [m[K  ‘[01m[Kbuiltin_interfaces::msg[m[K’
[5.103s]    27 | namespace [01;36m[Kmsg[m[K
[5.103s]       |           [01;36m[K^~~[m[K
[5.103s] In file included from [01m[K/opt/ros/humble/include/rcl_interfaces/rcl_interfaces/msg/set_parameters_result.hpp:7[m[K,
[5.103s]                  from [01m[K/opt/ros/humble/include/rclcpp/rclcpp/qos_overriding_options.hpp:28[m[K,
[5.104s]                  from [01m[K/opt/ros/humble/include/rclcpp/rclcpp/subscription_options.hpp:30[m[K,
[5.104s]                  from [01m[K/opt/ros/humble/include/rclcpp/rclcpp/subscription.hpp:45[m[K,
[5.104s]                  from [01m[K/opt/ros/humble/include/rclcpp/rclcpp/any_executable.hpp:25[m[K,
[5.104s]                  from [01m[K/opt/ros/humble/include/rclcpp/rclcpp/memory_strategy.hpp:25[m[K,
[5.104s]                  from [01m[K/opt/ros/humble/include/rclcpp/rclcpp/memory_strategies.hpp:18[m[K,
[5.104s]                  from [01m[K/opt/ros/humble/include/rclcpp/rclcpp/executor_options.hpp:20[m[K,
[5.104s]                  from [01m[K/opt/ros/humble/include/rclcpp/rclcpp/executor.hpp:37[m[K,
[5.105s]                  from [01m[K/opt/ros/humble/include/rclcpp/rclcpp/executors/multi_threaded_executor.hpp:25[m[K,
[5.105s]                  from [01m[K/opt/ros/humble/include/rclcpp/rclcpp/executors.hpp:21[m[K,
[5.105s]                  from [01m[K/opt/ros/humble/include/rclcpp/rclcpp/rclcpp.hpp:155[m[K,
[5.105s]                  from [01m[K/home/shenhang/ros_study/chapter3/topic_practice_workspace/src/status_display/src/sys_status_display.cpp:4[m[K:
[5.105s] [01m[K/opt/ros/humble/include/rcl_interfaces/rcl_interfaces/msg/detail/set_parameters_result__struct.hpp:27:11:[m[K [01;36m[Knote: [m[K  ‘[01m[Krcl_interfaces::msg[m[K’
[5.105s]    27 | namespace [01;36m[Kmsg[m[K
[5.106s]       |           [01;36m[K^~~[m[K
[5.106s] In file included from [01m[K/opt/ros/humble/include/statistics_msgs/statistics_msgs/msg/detail/metrics_message__struct.hpp:23[m[K,
[5.106s]                  from [01m[K/opt/ros/humble/include/statistics_msgs/statistics_msgs/msg/metrics_message.hpp:7[m[K,
[5.106s]                  from [01m[K/opt/ros/humble/include/libstatistics_collector/libstatistics_collector/collector/generate_statistics_message.hpp:21[m[K,
[5.106s]                  from [01m[K/opt/ros/humble/include/rclcpp/rclcpp/topic_statistics/subscription_topic_statistics.hpp:23[m[K,
[5.106s]                  from [01m[K/opt/ros/humble/include/rclcpp/rclcpp/subscription.hpp:50[m[K,
[5.106s]                  from [01m[K/opt/ros/humble/include/rclcpp/rclcpp/any_executable.hpp:25[m[K,
[5.107s]                  from [01m[K/opt/ros/humble/include/rclcpp/rclcpp/memory_strategy.hpp:25[m[K,
[5.107s]                  from [01m[K/opt/ros/humble/include/rclcpp/rclcpp/memory_strategies.hpp:18[m[K,
[5.107s]                  from [01m[K/opt/ros/humble/include/rclcpp/rclcpp/executor_options.hpp:20[m[K,
[5.107s]                  from [01m[K/opt/ros/humble/include/rclcpp/rclcpp/executor.hpp:37[m[K,
[5.107s]                  from [01m[K/opt/ros/humble/include/rclcpp/rclcpp/executors/multi_threaded_executor.hpp:25[m[K,
[5.107s]                  from [01m[K/opt/ros/humble/include/rclcpp/rclcpp/executors.hpp:21[m[K,
[5.107s]                  from [01m[K/opt/ros/humble/include/rclcpp/rclcpp/rclcpp.hpp:155[m[K,
[5.107s]                  from [01m[K/home/shenhang/ros_study/chapter3/topic_practice_workspace/src/status_display/src/sys_status_display.cpp:4[m[K:
[5.107s] [01m[K/opt/ros/humble/include/statistics_msgs/statistics_msgs/msg/detail/statistic_data_point__struct.hpp:27:11:[m[K [01;36m[Knote: [m[K  ‘[01m[Kstatistics_msgs::msg[m[K’
[5.107s]    27 | namespace [01;36m[Kmsg[m[K
[5.107s]       |           [01;36m[K^~~[m[K
[5.108s] In file included from [01m[K/home/shenhang/ros_study/chapter3/topic_practice_workspace/install/status_interfaces/include/status_interfaces/status_interfaces/msg/system_status.hpp:7[m[K,
[5.108s]                  from [01m[K/home/shenhang/ros_study/chapter3/topic_practice_workspace/src/status_display/src/sys_status_display.cpp:5[m[K:
[5.108s] [01m[K/home/shenhang/ros_study/chapter3/topic_practice_workspace/install/status_interfaces/include/status_interfaces/status_interfaces/msg/detail/system_status__struct.hpp:31:11:[m[K [01;36m[Knote: [m[K  ‘[01m[Kstatus_interfaces::msg[m[K’
[5.108s]    31 | namespace [01;36m[Kmsg[m[K
[5.108s]       |           [01;36m[K^~~[m[K
[8.547s] gmake[2]: *** [CMakeFiles/sys_status_display_exe.dir/build.make:76：CMakeFiles/sys_status_display_exe.dir/src/sys_status_display.cpp.o] 错误 1
[8.548s] gmake[1]: *** [CMakeFiles/Makefile2:165：CMakeFiles/sys_status_display_exe.dir/all] 错误 2
[8.548s] gmake: *** [Makefile:146：all] 错误 2
[8.554s] Invoked command in '/home/shenhang/ros_study/chapter3/topic_practice_workspace/build/status_display' returned '2': CMAKE_PREFIX_PATH=/home/shenhang/ros_study/chapter3/topic_practice_workspace/install/status_interfaces:/home/shenhang/ros_study/chapter3/topic_practice_workspace/install/status_display:/home/shenhang/ros_study/chapter3/topic_practice_workspace/install/status_publisher:/opt/ros/humble /usr/bin/cmake --build /home/shenhang/ros_study/chapter3/topic_practice_workspace/build/status_display -- -j6 -l6
