[0.000000] (-) TimerEvent: {}
[0.000233] (status_interfaces) JobQueued: {'identifier': 'status_interfaces', 'dependencies': OrderedDict()}
[0.000301] (status_display) JobQueued: {'identifier': 'status_display', 'dependencies': OrderedDict([('status_interfaces', '/home/shenhang/ros_study/chapter3/topic_practice_workspace/install/status_interfaces')])}
[0.000342] (status_publisher) JobQueued: {'identifier': 'status_publisher', 'dependencies': OrderedDict([('status_interfaces', '/home/shenhang/ros_study/chapter3/topic_practice_workspace/install/status_interfaces')])}
[0.001105] (status_interfaces) JobStarted: {'identifier': 'status_interfaces'}
[0.065584] (status_interfaces) JobProgress: {'identifier': 'status_interfaces', 'progress': 'cmake'}
[0.068343] (status_interfaces) JobProgress: {'identifier': 'status_interfaces', 'progress': 'build'}
[0.070192] (status_interfaces) Command: {'cmd': ['/usr/bin/cmake', '--build', '/home/shenhang/ros_study/chapter3/topic_practice_workspace/build/status_interfaces', '--', '-j6', '-l6'], 'cwd': '/home/shenhang/ros_study/chapter3/topic_practice_workspace/build/status_interfaces', 'env': OrderedDict([('GJS_DEBUG_TOPICS', 'JS ERROR;JS LOG'), ('PYTHON_BASIC_REPL', '1'), ('LESSOPEN', '| /usr/bin/lesspipe %s'), ('LANGUAGE', 'zh_CN:zh'), ('USER', 'shenhang'), ('XDG_SESSION_TYPE', 'wayland'), ('GIT_ASKPASS', '/usr/share/code/resources/app/extensions/git/dist/askpass.sh'), ('SHLVL', '1'), ('LD_LIBRARY_PATH', '/home/shenhang/ros_study/chapter3/topic_practice_workspace/install/status_interfaces/lib:/opt/ros/humble/opt/rviz_ogre_vendor/lib:/opt/ros/humble/lib/x86_64-linux-gnu:/opt/ros/humble/lib'), ('HOME', '/home/shenhang'), ('CHROME_DESKTOP', 'code.desktop'), ('OLDPWD', '/home/shenhang/ros_study/chapter3/topic_practice_workspace/src'), ('TERM_PROGRAM_VERSION', '1.108.1'), ('DESKTOP_SESSION', 'ubuntu'), ('GIO_LAUNCHED_DESKTOP_FILE', '/usr/share/applications/code.desktop'), ('ROS_PYTHON_VERSION', '3'), ('GNOME_SHELL_SESSION_MODE', 'ubuntu'), ('GTK_MODULES', 'gail:atk-bridge'), ('VSCODE_GIT_ASKPASS_MAIN', '/usr/share/code/resources/app/extensions/git/dist/askpass-main.js'), ('VSCODE_GIT_ASKPASS_NODE', '/usr/share/code/code'), ('MANAGERPID', '2341'), ('PYDEVD_DISABLE_FILE_VALIDATION', '1'), ('SYSTEMD_EXEC_PID', '2505'), ('BUNDLED_DEBUGPY_PATH', '/home/shenhang/.vscode/extensions/ms-python.debugpy-2025.18.0-linux-x64/bundled/libs/debugpy'), ('IM_CONFIG_CHECK_ENV', '1'), ('VSCODE_PYTHON_AUTOACTIVATE_GUARD', '1'), ('DBUS_SESSION_BUS_ADDRESS', 'unix:path=/run/user/1000/bus'), ('COLORTERM', 'truecolor'), ('GIO_LAUNCHED_DESKTOP_FILE_PID', '9065'), ('IM_CONFIG_PHASE', '1'), ('WAYLAND_DISPLAY', 'wayland-0'), ('COLCON_PREFIX_PATH', '/home/shenhang/ros_study/chapter3/topic_practice_workspace/install'), ('ROS_DISTRO', 'humble'), ('LOGNAME', 'shenhang'), ('JOURNAL_STREAM', '8:12577'), ('_', '/usr/bin/colcon'), ('ROS_VERSION', '2'), ('XDG_SESSION_CLASS', 'user'), ('USERNAME', 'shenhang'), ('TERM', 'xterm-256color'), ('GNOME_DESKTOP_SESSION_ID', 'this-is-deprecated'), ('FC_FONTATIONS', '1'), ('ROS_LOCALHOST_ONLY', '0'), ('PATH', '/home/shenhang/.config/Code/User/globalStorage/github.copilot-chat/debugCommand:/home/shenhang/.config/Code/User/globalStorage/github.copilot-chat/copilotCli:/opt/ros/humble/bin:/usr/local/sbin:/usr/local/bin:/usr/sbin:/usr/bin:/sbin:/bin:/usr/games:/usr/local/games:/snap/bin:/snap/bin:/home/shenhang/.vscode/extensions/ms-python.debugpy-2025.18.0-linux-x64/bundled/scripts/noConfigScripts'), ('SESSION_MANAGER', 'local/shenhang-VirtualBox:@/tmp/.ICE-unix/2480,unix/shenhang-VirtualBox:/tmp/.ICE-unix/2480'), ('INVOCATION_ID', 'c3a81940805940c59e7ff094d6b33cb7'), ('XDG_MENU_PREFIX', 'gnome-'), ('GNOME_SETUP_DISPLAY', ':1'), ('XDG_RUNTIME_DIR', '/run/user/1000'), ('GDK_BACKEND', 'wayland'), ('DISPLAY', ':0'), ('VSCODE_DEBUGPY_ADAPTER_ENDPOINTS', '/home/shenhang/.vscode/extensions/ms-python.debugpy-2025.18.0-linux-x64/.noConfigDebugAdapterEndpoints/endpoint-51b4d5a485752e35.txt'), ('LANG', 'zh_CN.UTF-8'), ('XDG_CURRENT_DESKTOP', 'ubuntu:GNOME'), ('PYTHONSTARTUP', '/home/shenhang/.config/Code/User/workspaceStorage/ef4da6c00f614e73fdf73c604713ffa3/ms-python.python/pythonrc.py'), ('XMODIFIERS', '@im=ibus'), ('XDG_SESSION_DESKTOP', 'ubuntu'), ('XAUTHORITY', '/run/user/1000/.mutter-Xwaylandauth.OS4OJ3'), ('LS_COLORS', 'rs=0:di=01;34:ln=01;36:mh=00:pi=40;33:so=01;35:do=01;35:bd=40;33;01:cd=40;33;01:or=40;31;01:mi=00:su=37;41:sg=30;43:ca=30;41:tw=30;42:ow=34;42:st=37;44:ex=01;32:*.tar=01;31:*.tgz=01;31:*.arc=01;31:*.arj=01;31:*.taz=01;31:*.lha=01;31:*.lz4=01;31:*.lzh=01;31:*.lzma=01;31:*.tlz=01;31:*.txz=01;31:*.tzo=01;31:*.t7z=01;31:*.zip=01;31:*.z=01;31:*.dz=01;31:*.gz=01;31:*.lrz=01;31:*.lz=01;31:*.lzo=01;31:*.xz=01;31:*.zst=01;31:*.tzst=01;31:*.bz2=01;31:*.bz=01;31:*.tbz=01;31:*.tbz2=01;31:*.tz=01;31:*.deb=01;31:*.rpm=01;31:*.jar=01;31:*.war=01;31:*.ear=01;31:*.sar=01;31:*.rar=01;31:*.alz=01;31:*.ace=01;31:*.zoo=01;31:*.cpio=01;31:*.7z=01;31:*.rz=01;31:*.cab=01;31:*.wim=01;31:*.swm=01;31:*.dwm=01;31:*.esd=01;31:*.jpg=01;35:*.jpeg=01;35:*.mjpg=01;35:*.mjpeg=01;35:*.gif=01;35:*.bmp=01;35:*.pbm=01;35:*.pgm=01;35:*.ppm=01;35:*.tga=01;35:*.xbm=01;35:*.xpm=01;35:*.tif=01;35:*.tiff=01;35:*.png=01;35:*.svg=01;35:*.svgz=01;35:*.mng=01;35:*.pcx=01;35:*.mov=01;35:*.mpg=01;35:*.mpeg=01;35:*.m2v=01;35:*.mkv=01;35:*.webm=01;35:*.webp=01;35:*.ogm=01;35:*.mp4=01;35:*.m4v=01;35:*.mp4v=01;35:*.vob=01;35:*.qt=01;35:*.nuv=01;35:*.wmv=01;35:*.asf=01;35:*.rm=01;35:*.rmvb=01;35:*.flc=01;35:*.avi=01;35:*.fli=01;35:*.flv=01;35:*.gl=01;35:*.dl=01;35:*.xcf=01;35:*.xwd=01;35:*.yuv=01;35:*.cgm=01;35:*.emf=01;35:*.ogv=01;35:*.ogx=01;35:*.aac=00;36:*.au=00;36:*.flac=00;36:*.m4a=00;36:*.mid=00;36:*.midi=00;36:*.mka=00;36:*.mp3=00;36:*.mpc=00;36:*.ogg=00;36:*.ra=00;36:*.wav=00;36:*.oga=00;36:*.opus=00;36:*.spx=00;36:*.xspf=00;36:'), ('VSCODE_GIT_IPC_HANDLE', '/run/user/1000/vscode-git-cae9e6a9f3.sock'), ('TERM_PROGRAM', 'vscode'), ('SSH_AGENT_LAUNCHER', 'gnome-keyring'), ('SSH_AUTH_SOCK', '/run/user/1000/keyring/ssh'), ('AMENT_PREFIX_PATH', '/home/shenhang/ros_study/chapter3/topic_practice_workspace/install/status_display:/home/shenhang/ros_study/chapter3/topic_practice_workspace/install/status_publisher:/home/shenhang/ros_study/chapter3/topic_practice_workspace/install/status_interfaces:/opt/ros/humble'), ('SHELL', '/bin/bash'), ('QT_ACCESSIBILITY', '1'), ('GDMSESSION', 'ubuntu'), ('LESSCLOSE', '/usr/bin/lesspipe %s %s'), ('GJS_DEBUG_OUTPUT', 'stderr'), ('VSCODE_GIT_ASKPASS_EXTRA_ARGS', ''), ('QT_IM_MODULE', 'ibus'), ('PWD', '/home/shenhang/ros_study/chapter3/topic_practice_workspace/build/status_interfaces'), ('XDG_CONFIG_DIRS', '/etc/xdg/xdg-ubuntu:/etc/xdg'), ('XDG_DATA_DIRS', '/usr/share/ubuntu:/usr/local/share/:/usr/share/:/var/lib/snapd/desktop'), ('PYTHONPATH', '/home/shenhang/ros_study/chapter3/topic_practice_workspace/install/status_publisher/lib/python3.10/site-packages:/home/shenhang/ros_study/chapter3/topic_practice_workspace/install/status_interfaces/local/lib/python3.10/dist-packages:/opt/ros/humble/lib/python3.10/site-packages:/opt/ros/humble/local/lib/python3.10/dist-packages'), ('COLCON', '1'), ('CMAKE_PREFIX_PATH', '/home/shenhang/ros_study/chapter3/topic_practice_workspace/install/status_display:/home/shenhang/ros_study/chapter3/topic_practice_workspace/install/status_interfaces:/home/shenhang/ros_study/chapter3/topic_practice_workspace/install/status_publisher:/opt/ros/humble')]), 'shell': False}
[0.099641] (-) TimerEvent: {}
[0.201745] (-) TimerEvent: {}
[0.270143] (status_interfaces) StdoutLine: {'line': b'[  3%] Built target status_interfaces__cpp\n'}
[0.282808] (status_interfaces) StdoutLine: {'line': b'[ 12%] Built target status_interfaces__rosidl_generator_c\n'}
[0.301365] (status_interfaces) StdoutLine: {'line': b'[ 12%] Built target ament_cmake_python_copy_status_interfaces\n'}
[0.301807] (-) TimerEvent: {}
[0.336027] (status_interfaces) StdoutLine: {'line': b'[ 22%] Built target status_interfaces__rosidl_typesupport_c\n'}
[0.338465] (status_interfaces) StdoutLine: {'line': b'[ 41%] Built target status_interfaces__rosidl_typesupport_introspection_cpp\n'}
[0.340625] (status_interfaces) StdoutLine: {'line': b'[ 41%] Built target status_interfaces__rosidl_typesupport_cpp\n'}
[0.340902] (status_interfaces) StdoutLine: {'line': b'[ 61%] Built target status_interfaces__rosidl_typesupport_introspection_c\n'}
[0.342287] (status_interfaces) StdoutLine: {'line': b'[ 61%] Built target status_interfaces__rosidl_typesupport_fastrtps_c\n'}
[0.343655] (status_interfaces) StdoutLine: {'line': b'[ 70%] Built target status_interfaces__rosidl_typesupport_fastrtps_cpp\n'}
[0.401929] (-) TimerEvent: {}
[0.402687] (status_interfaces) StdoutLine: {'line': b'[ 70%] Built target status_interfaces\n'}
[0.449879] (status_interfaces) StdoutLine: {'line': b'[ 74%] Built target status_interfaces__py\n'}
[0.492313] (status_interfaces) StdoutLine: {'line': b'[ 80%] Built target status_interfaces__rosidl_generator_py\n'}
[0.503959] (-) TimerEvent: {}
[0.540056] (status_interfaces) StdoutLine: {'line': b'[ 87%] Built target status_interfaces__rosidl_typesupport_introspection_c__pyext\n'}
[0.545827] (status_interfaces) StdoutLine: {'line': b'[ 93%] Built target status_interfaces__rosidl_typesupport_fastrtps_c__pyext\n'}
[0.565602] (status_interfaces) StdoutLine: {'line': b'[100%] Built target status_interfaces__rosidl_typesupport_c__pyext\n'}
[0.604130] (-) TimerEvent: {}
[0.704944] (-) TimerEvent: {}
[0.805357] (-) TimerEvent: {}
[0.813835] (status_interfaces) StdoutLine: {'line': b'running egg_info\n'}
[0.816327] (status_interfaces) StdoutLine: {'line': b'writing status_interfaces.egg-info/PKG-INFO\n'}
[0.816735] (status_interfaces) StdoutLine: {'line': b'writing dependency_links to status_interfaces.egg-info/dependency_links.txt\n'}
[0.819597] (status_interfaces) StdoutLine: {'line': b'writing top-level names to status_interfaces.egg-info/top_level.txt\n'}
[0.822102] (status_interfaces) StdoutLine: {'line': b"reading manifest file 'status_interfaces.egg-info/SOURCES.txt'\n"}
[0.823618] (status_interfaces) StdoutLine: {'line': b"writing manifest file 'status_interfaces.egg-info/SOURCES.txt'\n"}
[0.883246] (status_interfaces) StdoutLine: {'line': b'[100%] Built target ament_cmake_python_build_status_interfaces_egg\n'}
[0.902167] (status_interfaces) CommandEnded: {'returncode': 0}
[0.903225] (status_interfaces) JobProgress: {'identifier': 'status_interfaces', 'progress': 'install'}
[0.906617] (-) TimerEvent: {}
[0.922092] (status_interfaces) Command: {'cmd': ['/usr/bin/cmake', '--install', '/home/shenhang/ros_study/chapter3/topic_practice_workspace/build/status_interfaces'], 'cwd': '/home/shenhang/ros_study/chapter3/topic_practice_workspace/build/status_interfaces', 'env': OrderedDict([('GJS_DEBUG_TOPICS', 'JS ERROR;JS LOG'), ('PYTHON_BASIC_REPL', '1'), ('LESSOPEN', '| /usr/bin/lesspipe %s'), ('LANGUAGE', 'zh_CN:zh'), ('USER', 'shenhang'), ('XDG_SESSION_TYPE', 'wayland'), ('GIT_ASKPASS', '/usr/share/code/resources/app/extensions/git/dist/askpass.sh'), ('SHLVL', '1'), ('LD_LIBRARY_PATH', '/home/shenhang/ros_study/chapter3/topic_practice_workspace/install/status_interfaces/lib:/opt/ros/humble/opt/rviz_ogre_vendor/lib:/opt/ros/humble/lib/x86_64-linux-gnu:/opt/ros/humble/lib'), ('HOME', '/home/shenhang'), ('CHROME_DESKTOP', 'code.desktop'), ('OLDPWD', '/home/shenhang/ros_study/chapter3/topic_practice_workspace/src'), ('TERM_PROGRAM_VERSION', '1.108.1'), ('DESKTOP_SESSION', 'ubuntu'), ('GIO_LAUNCHED_DESKTOP_FILE', '/usr/share/applications/code.desktop'), ('ROS_PYTHON_VERSION', '3'), ('GNOME_SHELL_SESSION_MODE', 'ubuntu'), ('GTK_MODULES', 'gail:atk-bridge'), ('VSCODE_GIT_ASKPASS_MAIN', '/usr/share/code/resources/app/extensions/git/dist/askpass-main.js'), ('VSCODE_GIT_ASKPASS_NODE', '/usr/share/code/code'), ('MANAGERPID', '2341'), ('PYDEVD_DISABLE_FILE_VALIDATION', '1'), ('SYSTEMD_EXEC_PID', '2505'), ('BUNDLED_DEBUGPY_PATH', '/home/shenhang/.vscode/extensions/ms-python.debugpy-2025.18.0-linux-x64/bundled/libs/debugpy'), ('IM_CONFIG_CHECK_ENV', '1'), ('VSCODE_PYTHON_AUTOACTIVATE_GUARD', '1'), ('DBUS_SESSION_BUS_ADDRESS', 'unix:path=/run/user/1000/bus'), ('COLORTERM', 'truecolor'), ('GIO_LAUNCHED_DESKTOP_FILE_PID', '9065'), ('IM_CONFIG_PHASE', '1'), ('WAYLAND_DISPLAY', 'wayland-0'), ('COLCON_PREFIX_PATH', '/home/shenhang/ros_study/chapter3/topic_practice_workspace/install'), ('ROS_DISTRO', 'humble'), ('LOGNAME', 'shenhang'), ('JOURNAL_STREAM', '8:12577'), ('_', '/usr/bin/colcon'), ('ROS_VERSION', '2'), ('XDG_SESSION_CLASS', 'user'), ('USERNAME', 'shenhang'), ('TERM', 'xterm-256color'), ('GNOME_DESKTOP_SESSION_ID', 'this-is-deprecated'), ('FC_FONTATIONS', '1'), ('ROS_LOCALHOST_ONLY', '0'), ('PATH', '/home/shenhang/.config/Code/User/globalStorage/github.copilot-chat/debugCommand:/home/shenhang/.config/Code/User/globalStorage/github.copilot-chat/copilotCli:/opt/ros/humble/bin:/usr/local/sbin:/usr/local/bin:/usr/sbin:/usr/bin:/sbin:/bin:/usr/games:/usr/local/games:/snap/bin:/snap/bin:/home/shenhang/.vscode/extensions/ms-python.debugpy-2025.18.0-linux-x64/bundled/scripts/noConfigScripts'), ('SESSION_MANAGER', 'local/shenhang-VirtualBox:@/tmp/.ICE-unix/2480,unix/shenhang-VirtualBox:/tmp/.ICE-unix/2480'), ('INVOCATION_ID', 'c3a81940805940c59e7ff094d6b33cb7'), ('XDG_MENU_PREFIX', 'gnome-'), ('GNOME_SETUP_DISPLAY', ':1'), ('XDG_RUNTIME_DIR', '/run/user/1000'), ('GDK_BACKEND', 'wayland'), ('DISPLAY', ':0'), ('VSCODE_DEBUGPY_ADAPTER_ENDPOINTS', '/home/shenhang/.vscode/extensions/ms-python.debugpy-2025.18.0-linux-x64/.noConfigDebugAdapterEndpoints/endpoint-51b4d5a485752e35.txt'), ('LANG', 'zh_CN.UTF-8'), ('XDG_CURRENT_DESKTOP', 'ubuntu:GNOME'), ('PYTHONSTARTUP', '/home/shenhang/.config/Code/User/workspaceStorage/ef4da6c00f614e73fdf73c604713ffa3/ms-python.python/pythonrc.py'), ('XMODIFIERS', '@im=ibus'), ('XDG_SESSION_DESKTOP', 'ubuntu'), ('XAUTHORITY', '/run/user/1000/.mutter-Xwaylandauth.OS4OJ3'), ('LS_COLORS', 'rs=0:di=01;34:ln=01;36:mh=00:pi=40;33:so=01;35:do=01;35:bd=40;33;01:cd=40;33;01:or=40;31;01:mi=00:su=37;41:sg=30;43:ca=30;41:tw=30;42:ow=34;42:st=37;44:ex=01;32:*.tar=01;31:*.tgz=01;31:*.arc=01;31:*.arj=01;31:*.taz=01;31:*.lha=01;31:*.lz4=01;31:*.lzh=01;31:*.lzma=01;31:*.tlz=01;31:*.txz=01;31:*.tzo=01;31:*.t7z=01;31:*.zip=01;31:*.z=01;31:*.dz=01;31:*.gz=01;31:*.lrz=01;31:*.lz=01;31:*.lzo=01;31:*.xz=01;31:*.zst=01;31:*.tzst=01;31:*.bz2=01;31:*.bz=01;31:*.tbz=01;31:*.tbz2=01;31:*.tz=01;31:*.deb=01;31:*.rpm=01;31:*.jar=01;31:*.war=01;31:*.ear=01;31:*.sar=01;31:*.rar=01;31:*.alz=01;31:*.ace=01;31:*.zoo=01;31:*.cpio=01;31:*.7z=01;31:*.rz=01;31:*.cab=01;31:*.wim=01;31:*.swm=01;31:*.dwm=01;31:*.esd=01;31:*.jpg=01;35:*.jpeg=01;35:*.mjpg=01;35:*.mjpeg=01;35:*.gif=01;35:*.bmp=01;35:*.pbm=01;35:*.pgm=01;35:*.ppm=01;35:*.tga=01;35:*.xbm=01;35:*.xpm=01;35:*.tif=01;35:*.tiff=01;35:*.png=01;35:*.svg=01;35:*.svgz=01;35:*.mng=01;35:*.pcx=01;35:*.mov=01;35:*.mpg=01;35:*.mpeg=01;35:*.m2v=01;35:*.mkv=01;35:*.webm=01;35:*.webp=01;35:*.ogm=01;35:*.mp4=01;35:*.m4v=01;35:*.mp4v=01;35:*.vob=01;35:*.qt=01;35:*.nuv=01;35:*.wmv=01;35:*.asf=01;35:*.rm=01;35:*.rmvb=01;35:*.flc=01;35:*.avi=01;35:*.fli=01;35:*.flv=01;35:*.gl=01;35:*.dl=01;35:*.xcf=01;35:*.xwd=01;35:*.yuv=01;35:*.cgm=01;35:*.emf=01;35:*.ogv=01;35:*.ogx=01;35:*.aac=00;36:*.au=00;36:*.flac=00;36:*.m4a=00;36:*.mid=00;36:*.midi=00;36:*.mka=00;36:*.mp3=00;36:*.mpc=00;36:*.ogg=00;36:*.ra=00;36:*.wav=00;36:*.oga=00;36:*.opus=00;36:*.spx=00;36:*.xspf=00;36:'), ('VSCODE_GIT_IPC_HANDLE', '/run/user/1000/vscode-git-cae9e6a9f3.sock'), ('TERM_PROGRAM', 'vscode'), ('SSH_AGENT_LAUNCHER', 'gnome-keyring'), ('SSH_AUTH_SOCK', '/run/user/1000/keyring/ssh'), ('AMENT_PREFIX_PATH', '/home/shenhang/ros_study/chapter3/topic_practice_workspace/install/status_display:/home/shenhang/ros_study/chapter3/topic_practice_workspace/install/status_publisher:/home/shenhang/ros_study/chapter3/topic_practice_workspace/install/status_interfaces:/opt/ros/humble'), ('SHELL', '/bin/bash'), ('QT_ACCESSIBILITY', '1'), ('GDMSESSION', 'ubuntu'), ('LESSCLOSE', '/usr/bin/lesspipe %s %s'), ('GJS_DEBUG_OUTPUT', 'stderr'), ('VSCODE_GIT_ASKPASS_EXTRA_ARGS', ''), ('QT_IM_MODULE', 'ibus'), ('PWD', '/home/shenhang/ros_study/chapter3/topic_practice_workspace/build/status_interfaces'), ('XDG_CONFIG_DIRS', '/etc/xdg/xdg-ubuntu:/etc/xdg'), ('XDG_DATA_DIRS', '/usr/share/ubuntu:/usr/local/share/:/usr/share/:/var/lib/snapd/desktop'), ('PYTHONPATH', '/home/shenhang/ros_study/chapter3/topic_practice_workspace/install/status_publisher/lib/python3.10/site-packages:/home/shenhang/ros_study/chapter3/topic_practice_workspace/install/status_interfaces/local/lib/python3.10/dist-packages:/opt/ros/humble/lib/python3.10/site-packages:/opt/ros/humble/local/lib/python3.10/dist-packages'), ('COLCON', '1'), ('CMAKE_PREFIX_PATH', '/home/shenhang/ros_study/chapter3/topic_practice_workspace/install/status_display:/home/shenhang/ros_study/chapter3/topic_practice_workspace/install/status_interfaces:/home/shenhang/ros_study/chapter3/topic_practice_workspace/install/status_publisher:/opt/ros/humble')]), 'shell': False}
[0.932731] (status_interfaces) StdoutLine: {'line': b'-- Install configuration: ""\n'}
[0.932912] (status_interfaces) StdoutLine: {'line': b'-- Up-to-date: /home/shenhang/ros_study/chapter3/topic_practice_workspace/install/status_interfaces/share/ament_index/resource_index/rosidl_interfaces/status_interfaces\n'}
[0.933008] (status_interfaces) StdoutLine: {'line': b'-- Up-to-date: /home/shenhang/ros_study/chapter3/topic_practice_workspace/install/status_interfaces/include/status_interfaces/status_interfaces\n'}
[0.935108] (status_interfaces) StdoutLine: {'line': b'-- Up-to-date: /home/shenhang/ros_study/chapter3/topic_practice_workspace/install/status_interfaces/include/status_interfaces/status_interfaces/msg\n'}
[0.935286] (status_interfaces) StdoutLine: {'line': b'-- Up-to-date: /home/shenhang/ros_study/chapter3/topic_practice_workspace/install/status_interfaces/include/status_interfaces/status_interfaces/msg/rosidl_generator_c__visibility_control.h\n'}
[0.935384] (status_interfaces) StdoutLine: {'line': b'-- Up-to-date: /home/shenhang/ros_study/chapter3/topic_practice_workspace/install/status_interfaces/include/status_interfaces/status_interfaces/msg/system_status.h\n'}
[0.935474] (status_interfaces) StdoutLine: {'line': b'-- Up-to-date: /home/shenhang/ros_study/chapter3/topic_practice_workspace/install/status_interfaces/include/status_interfaces/status_interfaces/msg/detail\n'}
[0.936691] (status_interfaces) StdoutLine: {'line': b'-- Up-to-date: /home/shenhang/ros_study/chapter3/topic_practice_workspace/install/status_interfaces/include/status_interfaces/status_interfaces/msg/detail/system_status__struct.h\n'}
[0.936801] (status_interfaces) StdoutLine: {'line': b'-- Up-to-date: /home/shenhang/ros_study/chapter3/topic_practice_workspace/install/status_interfaces/include/status_interfaces/status_interfaces/msg/detail/system_status__functions.c\n'}
[0.936892] (status_interfaces) StdoutLine: {'line': b'-- Up-to-date: /home/shenhang/ros_study/chapter3/topic_practice_workspace/install/status_interfaces/include/status_interfaces/status_interfaces/msg/detail/system_status__type_support.h\n'}
[0.936990] (status_interfaces) StdoutLine: {'line': b'-- Up-to-date: /home/shenhang/ros_study/chapter3/topic_practice_workspace/install/status_interfaces/include/status_interfaces/status_interfaces/msg/detail/system_status__functions.h\n'}
[0.937078] (status_interfaces) StdoutLine: {'line': b'-- Up-to-date: /home/shenhang/ros_study/chapter3/topic_practice_workspace/install/status_interfaces/share/status_interfaces/environment/library_path.sh\n'}
[0.937192] (status_interfaces) StdoutLine: {'line': b'-- Up-to-date: /home/shenhang/ros_study/chapter3/topic_practice_workspace/install/status_interfaces/share/status_interfaces/environment/library_path.dsv\n'}
[0.937281] (status_interfaces) StdoutLine: {'line': b'-- Up-to-date: /home/shenhang/ros_study/chapter3/topic_practice_workspace/install/status_interfaces/lib/libstatus_interfaces__rosidl_generator_c.so\n'}
[0.937366] (status_interfaces) StdoutLine: {'line': b'-- Up-to-date: /home/shenhang/ros_study/chapter3/topic_practice_workspace/install/status_interfaces/include/status_interfaces/status_interfaces\n'}
[0.937452] (status_interfaces) StdoutLine: {'line': b'-- Up-to-date: /home/shenhang/ros_study/chapter3/topic_practice_workspace/install/status_interfaces/include/status_interfaces/status_interfaces/msg\n'}
[0.937604] (status_interfaces) StdoutLine: {'line': b'-- Up-to-date: /home/shenhang/ros_study/chapter3/topic_practice_workspace/install/status_interfaces/include/status_interfaces/status_interfaces/msg/rosidl_typesupport_fastrtps_c__visibility_control.h\n'}
[0.937715] (status_interfaces) StdoutLine: {'line': b'-- Up-to-date: /home/shenhang/ros_study/chapter3/topic_practice_workspace/install/status_interfaces/include/status_interfaces/status_interfaces/msg/detail\n'}
[0.937811] (status_interfaces) StdoutLine: {'line': b'-- Up-to-date: /home/shenhang/ros_study/chapter3/topic_practice_workspace/install/status_interfaces/include/status_interfaces/status_interfaces/msg/detail/system_status__rosidl_typesupport_fastrtps_c.h\n'}
[0.937895] (status_interfaces) StdoutLine: {'line': b'-- Up-to-date: /home/shenhang/ros_study/chapter3/topic_practice_workspace/install/status_interfaces/lib/libstatus_interfaces__rosidl_typesupport_fastrtps_c.so\n'}
[0.937979] (status_interfaces) StdoutLine: {'line': b'-- Up-to-date: /home/shenhang/ros_study/chapter3/topic_practice_workspace/install/status_interfaces/include/status_interfaces/status_interfaces\n'}
[0.938064] (status_interfaces) StdoutLine: {'line': b'-- Up-to-date: /home/shenhang/ros_study/chapter3/topic_practice_workspace/install/status_interfaces/include/status_interfaces/status_interfaces/msg\n'}
[0.938178] (status_interfaces) StdoutLine: {'line': b'-- Up-to-date: /home/shenhang/ros_study/chapter3/topic_practice_workspace/install/status_interfaces/include/status_interfaces/status_interfaces/msg/rosidl_generator_cpp__visibility_control.hpp\n'}
[0.938288] (status_interfaces) StdoutLine: {'line': b'-- Up-to-date: /home/shenhang/ros_study/chapter3/topic_practice_workspace/install/status_interfaces/include/status_interfaces/status_interfaces/msg/detail\n'}
[0.938407] (status_interfaces) StdoutLine: {'line': b'-- Up-to-date: /home/shenhang/ros_study/chapter3/topic_practice_workspace/install/status_interfaces/include/status_interfaces/status_interfaces/msg/detail/system_status__struct.hpp\n'}
[0.938511] (status_interfaces) StdoutLine: {'line': b'-- Up-to-date: /home/shenhang/ros_study/chapter3/topic_practice_workspace/install/status_interfaces/include/status_interfaces/status_interfaces/msg/detail/system_status__builder.hpp\n'}
[0.938673] (status_interfaces) StdoutLine: {'line': b'-- Up-to-date: /home/shenhang/ros_study/chapter3/topic_practice_workspace/install/status_interfaces/include/status_interfaces/status_interfaces/msg/detail/system_status__type_support.hpp\n'}
[0.938763] (status_interfaces) StdoutLine: {'line': b'-- Up-to-date: /home/shenhang/ros_study/chapter3/topic_practice_workspace/install/status_interfaces/include/status_interfaces/status_interfaces/msg/detail/system_status__traits.hpp\n'}
[0.938848] (status_interfaces) StdoutLine: {'line': b'-- Up-to-date: /home/shenhang/ros_study/chapter3/topic_practice_workspace/install/status_interfaces/include/status_interfaces/status_interfaces/msg/system_status.hpp\n'}
[0.938933] (status_interfaces) StdoutLine: {'line': b'-- Up-to-date: /home/shenhang/ros_study/chapter3/topic_practice_workspace/install/status_interfaces/include/status_interfaces/status_interfaces\n'}
[0.939018] (status_interfaces) StdoutLine: {'line': b'-- Up-to-date: /home/shenhang/ros_study/chapter3/topic_practice_workspace/install/status_interfaces/include/status_interfaces/status_interfaces/msg\n'}
[0.939123] (status_interfaces) StdoutLine: {'line': b'-- Up-to-date: /home/shenhang/ros_study/chapter3/topic_practice_workspace/install/status_interfaces/include/status_interfaces/status_interfaces/msg/rosidl_typesupport_fastrtps_cpp__visibility_control.h\n'}
[0.939215] (status_interfaces) StdoutLine: {'line': b'-- Up-to-date: /home/shenhang/ros_study/chapter3/topic_practice_workspace/install/status_interfaces/include/status_interfaces/status_interfaces/msg/detail\n'}
[0.939307] (status_interfaces) StdoutLine: {'line': b'-- Up-to-date: /home/shenhang/ros_study/chapter3/topic_practice_workspace/install/status_interfaces/include/status_interfaces/status_interfaces/msg/detail/dds_fastrtps\n'}
[0.939397] (status_interfaces) StdoutLine: {'line': b'-- Up-to-date: /home/shenhang/ros_study/chapter3/topic_practice_workspace/install/status_interfaces/include/status_interfaces/status_interfaces/msg/detail/system_status__rosidl_typesupport_fastrtps_cpp.hpp\n'}
[0.939482] (status_interfaces) StdoutLine: {'line': b'-- Up-to-date: /home/shenhang/ros_study/chapter3/topic_practice_workspace/install/status_interfaces/lib/libstatus_interfaces__rosidl_typesupport_fastrtps_cpp.so\n'}
[0.941942] (status_interfaces) StdoutLine: {'line': b'-- Up-to-date: /home/shenhang/ros_study/chapter3/topic_practice_workspace/install/status_interfaces/include/status_interfaces/status_interfaces\n'}
[0.942110] (status_interfaces) StdoutLine: {'line': b'-- Up-to-date: /home/shenhang/ros_study/chapter3/topic_practice_workspace/install/status_interfaces/include/status_interfaces/status_interfaces/msg\n'}
[0.942224] (status_interfaces) StdoutLine: {'line': b'-- Up-to-date: /home/shenhang/ros_study/chapter3/topic_practice_workspace/install/status_interfaces/include/status_interfaces/status_interfaces/msg/rosidl_typesupport_introspection_c__visibility_control.h\n'}
[0.942331] (status_interfaces) StdoutLine: {'line': b'-- Up-to-date: /home/shenhang/ros_study/chapter3/topic_practice_workspace/install/status_interfaces/include/status_interfaces/status_interfaces/msg/detail\n'}
[0.942435] (status_interfaces) StdoutLine: {'line': b'-- Up-to-date: /home/shenhang/ros_study/chapter3/topic_practice_workspace/install/status_interfaces/include/status_interfaces/status_interfaces/msg/detail/system_status__type_support.c\n'}
[0.942558] (status_interfaces) StdoutLine: {'line': b'-- Up-to-date: /home/shenhang/ros_study/chapter3/topic_practice_workspace/install/status_interfaces/include/status_interfaces/status_interfaces/msg/detail/system_status__rosidl_typesupport_introspection_c.h\n'}
[0.942679] (status_interfaces) StdoutLine: {'line': b'-- Up-to-date: /home/shenhang/ros_study/chapter3/topic_practice_workspace/install/status_interfaces/lib/libstatus_interfaces__rosidl_typesupport_introspection_c.so\n'}
[0.942768] (status_interfaces) StdoutLine: {'line': b'-- Up-to-date: /home/shenhang/ros_study/chapter3/topic_practice_workspace/install/status_interfaces/lib/libstatus_interfaces__rosidl_typesupport_c.so\n'}
[0.942975] (status_interfaces) StdoutLine: {'line': b'-- Up-to-date: /home/shenhang/ros_study/chapter3/topic_practice_workspace/install/status_interfaces/include/status_interfaces/status_interfaces\n'}
[0.943113] (status_interfaces) StdoutLine: {'line': b'-- Up-to-date: /home/shenhang/ros_study/chapter3/topic_practice_workspace/install/status_interfaces/include/status_interfaces/status_interfaces/msg\n'}
[0.943241] (status_interfaces) StdoutLine: {'line': b'-- Up-to-date: /home/shenhang/ros_study/chapter3/topic_practice_workspace/install/status_interfaces/include/status_interfaces/status_interfaces/msg/detail\n'}
[0.943353] (status_interfaces) StdoutLine: {'line': b'-- Up-to-date: /home/shenhang/ros_study/chapter3/topic_practice_workspace/install/status_interfaces/include/status_interfaces/status_interfaces/msg/detail/system_status__rosidl_typesupport_introspection_cpp.hpp\n'}
[0.943463] (status_interfaces) StdoutLine: {'line': b'-- Up-to-date: /home/shenhang/ros_study/chapter3/topic_practice_workspace/install/status_interfaces/include/status_interfaces/status_interfaces/msg/detail/system_status__type_support.cpp\n'}
[0.943683] (status_interfaces) StdoutLine: {'line': b'-- Up-to-date: /home/shenhang/ros_study/chapter3/topic_practice_workspace/install/status_interfaces/lib/libstatus_interfaces__rosidl_typesupport_introspection_cpp.so\n'}
[0.943815] (status_interfaces) StdoutLine: {'line': b'-- Up-to-date: /home/shenhang/ros_study/chapter3/topic_practice_workspace/install/status_interfaces/lib/libstatus_interfaces__rosidl_typesupport_cpp.so\n'}
[0.943932] (status_interfaces) StdoutLine: {'line': b'-- Up-to-date: /home/shenhang/ros_study/chapter3/topic_practice_workspace/install/status_interfaces/share/status_interfaces/environment/pythonpath.sh\n'}
[0.944092] (status_interfaces) StdoutLine: {'line': b'-- Up-to-date: /home/shenhang/ros_study/chapter3/topic_practice_workspace/install/status_interfaces/share/status_interfaces/environment/pythonpath.dsv\n'}
[0.944237] (status_interfaces) StdoutLine: {'line': b'-- Up-to-date: /home/shenhang/ros_study/chapter3/topic_practice_workspace/install/status_interfaces/local/lib/python3.10/dist-packages/status_interfaces-0.0.0-py3.10.egg-info\n'}
[0.944357] (status_interfaces) StdoutLine: {'line': b'-- Installing: /home/shenhang/ros_study/chapter3/topic_practice_workspace/install/status_interfaces/local/lib/python3.10/dist-packages/status_interfaces-0.0.0-py3.10.egg-info/top_level.txt\n'}
[0.944471] (status_interfaces) StdoutLine: {'line': b'-- Installing: /home/shenhang/ros_study/chapter3/topic_practice_workspace/install/status_interfaces/local/lib/python3.10/dist-packages/status_interfaces-0.0.0-py3.10.egg-info/SOURCES.txt\n'}
[0.944680] (status_interfaces) StdoutLine: {'line': b'-- Installing: /home/shenhang/ros_study/chapter3/topic_practice_workspace/install/status_interfaces/local/lib/python3.10/dist-packages/status_interfaces-0.0.0-py3.10.egg-info/dependency_links.txt\n'}
[0.946778] (status_interfaces) StdoutLine: {'line': b'-- Installing: /home/shenhang/ros_study/chapter3/topic_practice_workspace/install/status_interfaces/local/lib/python3.10/dist-packages/status_interfaces-0.0.0-py3.10.egg-info/PKG-INFO\n'}
[0.946983] (status_interfaces) StdoutLine: {'line': b'-- Up-to-date: /home/shenhang/ros_study/chapter3/topic_practice_workspace/install/status_interfaces/local/lib/python3.10/dist-packages/status_interfaces\n'}
[0.947086] (status_interfaces) StdoutLine: {'line': b'-- Up-to-date: /home/shenhang/ros_study/chapter3/topic_practice_workspace/install/status_interfaces/local/lib/python3.10/dist-packages/status_interfaces/msg\n'}
[0.947179] (status_interfaces) StdoutLine: {'line': b'-- Up-to-date: /home/shenhang/ros_study/chapter3/topic_practice_workspace/install/status_interfaces/local/lib/python3.10/dist-packages/status_interfaces/msg/_system_status.py\n'}
[0.947270] (status_interfaces) StdoutLine: {'line': b'-- Up-to-date: /home/shenhang/ros_study/chapter3/topic_practice_workspace/install/status_interfaces/local/lib/python3.10/dist-packages/status_interfaces/msg/__init__.py\n'}
[0.947358] (status_interfaces) StdoutLine: {'line': b'-- Up-to-date: /home/shenhang/ros_study/chapter3/topic_practice_workspace/install/status_interfaces/local/lib/python3.10/dist-packages/status_interfaces/msg/_system_status_s.c\n'}
[0.947448] (status_interfaces) StdoutLine: {'line': b'-- Up-to-date: /home/shenhang/ros_study/chapter3/topic_practice_workspace/install/status_interfaces/local/lib/python3.10/dist-packages/status_interfaces/__init__.py\n'}
[0.947582] (status_interfaces) StdoutLine: {'line': b'-- Up-to-date: /home/shenhang/ros_study/chapter3/topic_practice_workspace/install/status_interfaces/local/lib/python3.10/dist-packages/status_interfaces/_status_interfaces_s.ep.rosidl_typesupport_fastrtps_c.c\n'}
[0.947680] (status_interfaces) StdoutLine: {'line': b'-- Up-to-date: /home/shenhang/ros_study/chapter3/topic_practice_workspace/install/status_interfaces/local/lib/python3.10/dist-packages/status_interfaces/status_interfaces_s__rosidl_typesupport_c.cpython-310-x86_64-linux-gnu.so\n'}
[0.947782] (status_interfaces) StdoutLine: {'line': b'-- Up-to-date: /home/shenhang/ros_study/chapter3/topic_practice_workspace/install/status_interfaces/local/lib/python3.10/dist-packages/status_interfaces/libstatus_interfaces__rosidl_generator_py.so\n'}
[0.947904] (status_interfaces) StdoutLine: {'line': b'-- Up-to-date: /home/shenhang/ros_study/chapter3/topic_practice_workspace/install/status_interfaces/local/lib/python3.10/dist-packages/status_interfaces/_status_interfaces_s.ep.rosidl_typesupport_c.c\n'}
[0.948035] (status_interfaces) StdoutLine: {'line': b'-- Up-to-date: /home/shenhang/ros_study/chapter3/topic_practice_workspace/install/status_interfaces/local/lib/python3.10/dist-packages/status_interfaces/_status_interfaces_s.ep.rosidl_typesupport_introspection_c.c\n'}
[0.948133] (status_interfaces) StdoutLine: {'line': b'-- Up-to-date: /home/shenhang/ros_study/chapter3/topic_practice_workspace/install/status_interfaces/local/lib/python3.10/dist-packages/status_interfaces/status_interfaces_s__rosidl_typesupport_fastrtps_c.cpython-310-x86_64-linux-gnu.so\n'}
[0.948220] (status_interfaces) StdoutLine: {'line': b'-- Up-to-date: /home/shenhang/ros_study/chapter3/topic_practice_workspace/install/status_interfaces/local/lib/python3.10/dist-packages/status_interfaces/status_interfaces_s__rosidl_typesupport_introspection_c.cpython-310-x86_64-linux-gnu.so\n'}
[0.995562] (status_interfaces) StdoutLine: {'line': b"Listing '/home/shenhang/ros_study/chapter3/topic_practice_workspace/install/status_interfaces/local/lib/python3.10/dist-packages/status_interfaces'...\n"}
[0.995788] (status_interfaces) StdoutLine: {'line': b"Listing '/home/shenhang/ros_study/chapter3/topic_practice_workspace/install/status_interfaces/local/lib/python3.10/dist-packages/status_interfaces/msg'...\n"}
[1.007583] (status_interfaces) StdoutLine: {'line': b'-- Up-to-date: /home/shenhang/ros_study/chapter3/topic_practice_workspace/install/status_interfaces/local/lib/python3.10/dist-packages/status_interfaces/status_interfaces_s__rosidl_typesupport_fastrtps_c.cpython-310-x86_64-linux-gnu.so\n'}
[1.007866] (-) TimerEvent: {}
[1.008037] (status_interfaces) StdoutLine: {'line': b'-- Up-to-date: /home/shenhang/ros_study/chapter3/topic_practice_workspace/install/status_interfaces/local/lib/python3.10/dist-packages/status_interfaces/status_interfaces_s__rosidl_typesupport_introspection_c.cpython-310-x86_64-linux-gnu.so\n'}
[1.008193] (status_interfaces) StdoutLine: {'line': b'-- Up-to-date: /home/shenhang/ros_study/chapter3/topic_practice_workspace/install/status_interfaces/local/lib/python3.10/dist-packages/status_interfaces/status_interfaces_s__rosidl_typesupport_c.cpython-310-x86_64-linux-gnu.so\n'}
[1.008348] (status_interfaces) StdoutLine: {'line': b'-- Up-to-date: /home/shenhang/ros_study/chapter3/topic_practice_workspace/install/status_interfaces/lib/libstatus_interfaces__rosidl_generator_py.so\n'}
[1.008485] (status_interfaces) StdoutLine: {'line': b'-- Up-to-date: /home/shenhang/ros_study/chapter3/topic_practice_workspace/install/status_interfaces/share/status_interfaces/msg/SystemStatus.idl\n'}
[1.008641] (status_interfaces) StdoutLine: {'line': b'-- Up-to-date: /home/shenhang/ros_study/chapter3/topic_practice_workspace/install/status_interfaces/share/status_interfaces/msg/SystemStatus.msg\n'}
[1.008840] (status_interfaces) StdoutLine: {'line': b'-- Up-to-date: /home/shenhang/ros_study/chapter3/topic_practice_workspace/install/status_interfaces/share/ament_index/resource_index/package_run_dependencies/status_interfaces\n'}
[1.008996] (status_interfaces) StdoutLine: {'line': b'-- Up-to-date: /home/shenhang/ros_study/chapter3/topic_practice_workspace/install/status_interfaces/share/ament_index/resource_index/parent_prefix_path/status_interfaces\n'}
[1.009145] (status_interfaces) StdoutLine: {'line': b'-- Up-to-date: /home/shenhang/ros_study/chapter3/topic_practice_workspace/install/status_interfaces/share/status_interfaces/environment/ament_prefix_path.sh\n'}
[1.009280] (status_interfaces) StdoutLine: {'line': b'-- Up-to-date: /home/shenhang/ros_study/chapter3/topic_practice_workspace/install/status_interfaces/share/status_interfaces/environment/ament_prefix_path.dsv\n'}
[1.009446] (status_interfaces) StdoutLine: {'line': b'-- Up-to-date: /home/shenhang/ros_study/chapter3/topic_practice_workspace/install/status_interfaces/share/status_interfaces/environment/path.sh\n'}
[1.009740] (status_interfaces) StdoutLine: {'line': b'-- Up-to-date: /home/shenhang/ros_study/chapter3/topic_practice_workspace/install/status_interfaces/share/status_interfaces/environment/path.dsv\n'}
[1.009860] (status_interfaces) StdoutLine: {'line': b'-- Up-to-date: /home/shenhang/ros_study/chapter3/topic_practice_workspace/install/status_interfaces/share/status_interfaces/local_setup.bash\n'}
[1.010036] (status_interfaces) StdoutLine: {'line': b'-- Up-to-date: /home/shenhang/ros_study/chapter3/topic_practice_workspace/install/status_interfaces/share/status_interfaces/local_setup.sh\n'}
[1.010203] (status_interfaces) StdoutLine: {'line': b'-- Up-to-date: /home/shenhang/ros_study/chapter3/topic_practice_workspace/install/status_interfaces/share/status_interfaces/local_setup.zsh\n'}
[1.010371] (status_interfaces) StdoutLine: {'line': b'-- Up-to-date: /home/shenhang/ros_study/chapter3/topic_practice_workspace/install/status_interfaces/share/status_interfaces/local_setup.dsv\n'}
[1.010479] (status_interfaces) StdoutLine: {'line': b'-- Installing: /home/shenhang/ros_study/chapter3/topic_practice_workspace/install/status_interfaces/share/status_interfaces/package.dsv\n'}
[1.010610] (status_interfaces) StdoutLine: {'line': b'-- Up-to-date: /home/shenhang/ros_study/chapter3/topic_practice_workspace/install/status_interfaces/share/ament_index/resource_index/packages/status_interfaces\n'}
[1.010701] (status_interfaces) StdoutLine: {'line': b'-- Up-to-date: /home/shenhang/ros_study/chapter3/topic_practice_workspace/install/status_interfaces/share/status_interfaces/cmake/export_status_interfaces__rosidl_generator_cExport.cmake\n'}
[1.010788] (status_interfaces) StdoutLine: {'line': b'-- Up-to-date: /home/shenhang/ros_study/chapter3/topic_practice_workspace/install/status_interfaces/share/status_interfaces/cmake/export_status_interfaces__rosidl_generator_cExport-noconfig.cmake\n'}
[1.010905] (status_interfaces) StdoutLine: {'line': b'-- Up-to-date: /home/shenhang/ros_study/chapter3/topic_practice_workspace/install/status_interfaces/share/status_interfaces/cmake/export_status_interfaces__rosidl_typesupport_fastrtps_cExport.cmake\n'}
[1.010995] (status_interfaces) StdoutLine: {'line': b'-- Up-to-date: /home/shenhang/ros_study/chapter3/topic_practice_workspace/install/status_interfaces/share/status_interfaces/cmake/export_status_interfaces__rosidl_typesupport_fastrtps_cExport-noconfig.cmake\n'}
[1.011086] (status_interfaces) StdoutLine: {'line': b'-- Up-to-date: /home/shenhang/ros_study/chapter3/topic_practice_workspace/install/status_interfaces/share/status_interfaces/cmake/export_status_interfaces__rosidl_generator_cppExport.cmake\n'}
[1.011219] (status_interfaces) StdoutLine: {'line': b'-- Up-to-date: /home/shenhang/ros_study/chapter3/topic_practice_workspace/install/status_interfaces/share/status_interfaces/cmake/export_status_interfaces__rosidl_typesupport_fastrtps_cppExport.cmake\n'}
[1.011389] (status_interfaces) StdoutLine: {'line': b'-- Up-to-date: /home/shenhang/ros_study/chapter3/topic_practice_workspace/install/status_interfaces/share/status_interfaces/cmake/export_status_interfaces__rosidl_typesupport_fastrtps_cppExport-noconfig.cmake\n'}
[1.011482] (status_interfaces) StdoutLine: {'line': b'-- Up-to-date: /home/shenhang/ros_study/chapter3/topic_practice_workspace/install/status_interfaces/share/status_interfaces/cmake/status_interfaces__rosidl_typesupport_introspection_cExport.cmake\n'}
[1.011641] (status_interfaces) StdoutLine: {'line': b'-- Up-to-date: /home/shenhang/ros_study/chapter3/topic_practice_workspace/install/status_interfaces/share/status_interfaces/cmake/status_interfaces__rosidl_typesupport_introspection_cExport-noconfig.cmake\n'}
[1.011743] (status_interfaces) StdoutLine: {'line': b'-- Up-to-date: /home/shenhang/ros_study/chapter3/topic_practice_workspace/install/status_interfaces/share/status_interfaces/cmake/status_interfaces__rosidl_typesupport_cExport.cmake\n'}
[1.011833] (status_interfaces) StdoutLine: {'line': b'-- Up-to-date: /home/shenhang/ros_study/chapter3/topic_practice_workspace/install/status_interfaces/share/status_interfaces/cmake/status_interfaces__rosidl_typesupport_cExport-noconfig.cmake\n'}
[1.011922] (status_interfaces) StdoutLine: {'line': b'-- Up-to-date: /home/shenhang/ros_study/chapter3/topic_practice_workspace/install/status_interfaces/share/status_interfaces/cmake/status_interfaces__rosidl_typesupport_introspection_cppExport.cmake\n'}
[1.012010] (status_interfaces) StdoutLine: {'line': b'-- Up-to-date: /home/shenhang/ros_study/chapter3/topic_practice_workspace/install/status_interfaces/share/status_interfaces/cmake/status_interfaces__rosidl_typesupport_introspection_cppExport-noconfig.cmake\n'}
[1.012111] (status_interfaces) StdoutLine: {'line': b'-- Up-to-date: /home/shenhang/ros_study/chapter3/topic_practice_workspace/install/status_interfaces/share/status_interfaces/cmake/status_interfaces__rosidl_typesupport_cppExport.cmake\n'}
[1.012225] (status_interfaces) StdoutLine: {'line': b'-- Up-to-date: /home/shenhang/ros_study/chapter3/topic_practice_workspace/install/status_interfaces/share/status_interfaces/cmake/status_interfaces__rosidl_typesupport_cppExport-noconfig.cmake\n'}
[1.012352] (status_interfaces) StdoutLine: {'line': b'-- Up-to-date: /home/shenhang/ros_study/chapter3/topic_practice_workspace/install/status_interfaces/share/status_interfaces/cmake/export_status_interfaces__rosidl_generator_pyExport.cmake\n'}
[1.012442] (status_interfaces) StdoutLine: {'line': b'-- Up-to-date: /home/shenhang/ros_study/chapter3/topic_practice_workspace/install/status_interfaces/share/status_interfaces/cmake/export_status_interfaces__rosidl_generator_pyExport-noconfig.cmake\n'}
[1.012604] (status_interfaces) StdoutLine: {'line': b'-- Up-to-date: /home/shenhang/ros_study/chapter3/topic_practice_workspace/install/status_interfaces/share/status_interfaces/cmake/rosidl_cmake-extras.cmake\n'}
[1.012793] (status_interfaces) StdoutLine: {'line': b'-- Up-to-date: /home/shenhang/ros_study/chapter3/topic_practice_workspace/install/status_interfaces/share/status_interfaces/cmake/ament_cmake_export_dependencies-extras.cmake\n'}
[1.012936] (status_interfaces) StdoutLine: {'line': b'-- Up-to-date: /home/shenhang/ros_study/chapter3/topic_practice_workspace/install/status_interfaces/share/status_interfaces/cmake/ament_cmake_export_include_directories-extras.cmake\n'}
[1.013091] (status_interfaces) StdoutLine: {'line': b'-- Up-to-date: /home/shenhang/ros_study/chapter3/topic_practice_workspace/install/status_interfaces/share/status_interfaces/cmake/ament_cmake_export_libraries-extras.cmake\n'}
[1.013219] (status_interfaces) StdoutLine: {'line': b'-- Up-to-date: /home/shenhang/ros_study/chapter3/topic_practice_workspace/install/status_interfaces/share/status_interfaces/cmake/ament_cmake_export_targets-extras.cmake\n'}
[1.013421] (status_interfaces) StdoutLine: {'line': b'-- Up-to-date: /home/shenhang/ros_study/chapter3/topic_practice_workspace/install/status_interfaces/share/status_interfaces/cmake/rosidl_cmake_export_typesupport_targets-extras.cmake\n'}
[1.013723] (status_interfaces) StdoutLine: {'line': b'-- Up-to-date: /home/shenhang/ros_study/chapter3/topic_practice_workspace/install/status_interfaces/share/status_interfaces/cmake/rosidl_cmake_export_typesupport_libraries-extras.cmake\n'}
[1.014030] (status_interfaces) StdoutLine: {'line': b'-- Up-to-date: /home/shenhang/ros_study/chapter3/topic_practice_workspace/install/status_interfaces/share/status_interfaces/cmake/status_interfacesConfig.cmake\n'}
[1.014327] (status_interfaces) StdoutLine: {'line': b'-- Up-to-date: /home/shenhang/ros_study/chapter3/topic_practice_workspace/install/status_interfaces/share/status_interfaces/cmake/status_interfacesConfig-version.cmake\n'}
[1.014598] (status_interfaces) StdoutLine: {'line': b'-- Up-to-date: /home/shenhang/ros_study/chapter3/topic_practice_workspace/install/status_interfaces/share/status_interfaces/package.xml\n'}
[1.022710] (status_interfaces) CommandEnded: {'returncode': 0}
[1.070759] (status_interfaces) JobEnded: {'identifier': 'status_interfaces', 'rc': 0}
[1.071679] (status_display) JobStarted: {'identifier': 'status_display'}
[1.077883] (status_publisher) JobStarted: {'identifier': 'status_publisher'}
[1.093187] (status_display) JobProgress: {'identifier': 'status_display', 'progress': 'cmake'}
[1.093920] (status_display) JobProgress: {'identifier': 'status_display', 'progress': 'build'}
[1.095679] (status_display) Command: {'cmd': ['/usr/bin/cmake', '--build', '/home/shenhang/ros_study/chapter3/topic_practice_workspace/build/status_display', '--', '-j6', '-l6'], 'cwd': '/home/shenhang/ros_study/chapter3/topic_practice_workspace/build/status_display', 'env': OrderedDict([('GJS_DEBUG_TOPICS', 'JS ERROR;JS LOG'), ('PYTHON_BASIC_REPL', '1'), ('LESSOPEN', '| /usr/bin/lesspipe %s'), ('LANGUAGE', 'zh_CN:zh'), ('USER', 'shenhang'), ('XDG_SESSION_TYPE', 'wayland'), ('GIT_ASKPASS', '/usr/share/code/resources/app/extensions/git/dist/askpass.sh'), ('SHLVL', '1'), ('LD_LIBRARY_PATH', '/home/shenhang/ros_study/chapter3/topic_practice_workspace/install/status_interfaces/lib:/opt/ros/humble/opt/rviz_ogre_vendor/lib:/opt/ros/humble/lib/x86_64-linux-gnu:/opt/ros/humble/lib'), ('HOME', '/home/shenhang'), ('CHROME_DESKTOP', 'code.desktop'), ('OLDPWD', '/home/shenhang/ros_study/chapter3/topic_practice_workspace/src'), ('TERM_PROGRAM_VERSION', '1.108.1'), ('DESKTOP_SESSION', 'ubuntu'), ('GIO_LAUNCHED_DESKTOP_FILE', '/usr/share/applications/code.desktop'), ('ROS_PYTHON_VERSION', '3'), ('GNOME_SHELL_SESSION_MODE', 'ubuntu'), ('GTK_MODULES', 'gail:atk-bridge'), ('VSCODE_GIT_ASKPASS_MAIN', '/usr/share/code/resources/app/extensions/git/dist/askpass-main.js'), ('VSCODE_GIT_ASKPASS_NODE', '/usr/share/code/code'), ('MANAGERPID', '2341'), ('PYDEVD_DISABLE_FILE_VALIDATION', '1'), ('SYSTEMD_EXEC_PID', '2505'), ('BUNDLED_DEBUGPY_PATH', '/home/shenhang/.vscode/extensions/ms-python.debugpy-2025.18.0-linux-x64/bundled/libs/debugpy'), ('IM_CONFIG_CHECK_ENV', '1'), ('VSCODE_PYTHON_AUTOACTIVATE_GUARD', '1'), ('DBUS_SESSION_BUS_ADDRESS', 'unix:path=/run/user/1000/bus'), ('COLORTERM', 'truecolor'), ('GIO_LAUNCHED_DESKTOP_FILE_PID', '9065'), ('IM_CONFIG_PHASE', '1'), ('WAYLAND_DISPLAY', 'wayland-0'), ('COLCON_PREFIX_PATH', '/home/shenhang/ros_study/chapter3/topic_practice_workspace/install'), ('ROS_DISTRO', 'humble'), ('LOGNAME', 'shenhang'), ('JOURNAL_STREAM', '8:12577'), ('_', '/usr/bin/colcon'), ('ROS_VERSION', '2'), ('XDG_SESSION_CLASS', 'user'), ('USERNAME', 'shenhang'), ('TERM', 'xterm-256color'), ('GNOME_DESKTOP_SESSION_ID', 'this-is-deprecated'), ('FC_FONTATIONS', '1'), ('ROS_LOCALHOST_ONLY', '0'), ('PATH', '/home/shenhang/.config/Code/User/globalStorage/github.copilot-chat/debugCommand:/home/shenhang/.config/Code/User/globalStorage/github.copilot-chat/copilotCli:/opt/ros/humble/bin:/usr/local/sbin:/usr/local/bin:/usr/sbin:/usr/bin:/sbin:/bin:/usr/games:/usr/local/games:/snap/bin:/snap/bin:/home/shenhang/.vscode/extensions/ms-python.debugpy-2025.18.0-linux-x64/bundled/scripts/noConfigScripts'), ('SESSION_MANAGER', 'local/shenhang-VirtualBox:@/tmp/.ICE-unix/2480,unix/shenhang-VirtualBox:/tmp/.ICE-unix/2480'), ('INVOCATION_ID', 'c3a81940805940c59e7ff094d6b33cb7'), ('XDG_MENU_PREFIX', 'gnome-'), ('GNOME_SETUP_DISPLAY', ':1'), ('XDG_RUNTIME_DIR', '/run/user/1000'), ('GDK_BACKEND', 'wayland'), ('DISPLAY', ':0'), ('VSCODE_DEBUGPY_ADAPTER_ENDPOINTS', '/home/shenhang/.vscode/extensions/ms-python.debugpy-2025.18.0-linux-x64/.noConfigDebugAdapterEndpoints/endpoint-51b4d5a485752e35.txt'), ('LANG', 'zh_CN.UTF-8'), ('XDG_CURRENT_DESKTOP', 'ubuntu:GNOME'), ('PYTHONSTARTUP', '/home/shenhang/.config/Code/User/workspaceStorage/ef4da6c00f614e73fdf73c604713ffa3/ms-python.python/pythonrc.py'), ('XMODIFIERS', '@im=ibus'), ('XDG_SESSION_DESKTOP', 'ubuntu'), ('XAUTHORITY', '/run/user/1000/.mutter-Xwaylandauth.OS4OJ3'), ('LS_COLORS', 'rs=0:di=01;34:ln=01;36:mh=00:pi=40;33:so=01;35:do=01;35:bd=40;33;01:cd=40;33;01:or=40;31;01:mi=00:su=37;41:sg=30;43:ca=30;41:tw=30;42:ow=34;42:st=37;44:ex=01;32:*.tar=01;31:*.tgz=01;31:*.arc=01;31:*.arj=01;31:*.taz=01;31:*.lha=01;31:*.lz4=01;31:*.lzh=01;31:*.lzma=01;31:*.tlz=01;31:*.txz=01;31:*.tzo=01;31:*.t7z=01;31:*.zip=01;31:*.z=01;31:*.dz=01;31:*.gz=01;31:*.lrz=01;31:*.lz=01;31:*.lzo=01;31:*.xz=01;31:*.zst=01;31:*.tzst=01;31:*.bz2=01;31:*.bz=01;31:*.tbz=01;31:*.tbz2=01;31:*.tz=01;31:*.deb=01;31:*.rpm=01;31:*.jar=01;31:*.war=01;31:*.ear=01;31:*.sar=01;31:*.rar=01;31:*.alz=01;31:*.ace=01;31:*.zoo=01;31:*.cpio=01;31:*.7z=01;31:*.rz=01;31:*.cab=01;31:*.wim=01;31:*.swm=01;31:*.dwm=01;31:*.esd=01;31:*.jpg=01;35:*.jpeg=01;35:*.mjpg=01;35:*.mjpeg=01;35:*.gif=01;35:*.bmp=01;35:*.pbm=01;35:*.pgm=01;35:*.ppm=01;35:*.tga=01;35:*.xbm=01;35:*.xpm=01;35:*.tif=01;35:*.tiff=01;35:*.png=01;35:*.svg=01;35:*.svgz=01;35:*.mng=01;35:*.pcx=01;35:*.mov=01;35:*.mpg=01;35:*.mpeg=01;35:*.m2v=01;35:*.mkv=01;35:*.webm=01;35:*.webp=01;35:*.ogm=01;35:*.mp4=01;35:*.m4v=01;35:*.mp4v=01;35:*.vob=01;35:*.qt=01;35:*.nuv=01;35:*.wmv=01;35:*.asf=01;35:*.rm=01;35:*.rmvb=01;35:*.flc=01;35:*.avi=01;35:*.fli=01;35:*.flv=01;35:*.gl=01;35:*.dl=01;35:*.xcf=01;35:*.xwd=01;35:*.yuv=01;35:*.cgm=01;35:*.emf=01;35:*.ogv=01;35:*.ogx=01;35:*.aac=00;36:*.au=00;36:*.flac=00;36:*.m4a=00;36:*.mid=00;36:*.midi=00;36:*.mka=00;36:*.mp3=00;36:*.mpc=00;36:*.ogg=00;36:*.ra=00;36:*.wav=00;36:*.oga=00;36:*.opus=00;36:*.spx=00;36:*.xspf=00;36:'), ('VSCODE_GIT_IPC_HANDLE', '/run/user/1000/vscode-git-cae9e6a9f3.sock'), ('TERM_PROGRAM', 'vscode'), ('SSH_AGENT_LAUNCHER', 'gnome-keyring'), ('SSH_AUTH_SOCK', '/run/user/1000/keyring/ssh'), ('AMENT_PREFIX_PATH', '/home/shenhang/ros_study/chapter3/topic_practice_workspace/install/status_display:/home/shenhang/ros_study/chapter3/topic_practice_workspace/install/status_publisher:/home/shenhang/ros_study/chapter3/topic_practice_workspace/install/status_interfaces:/opt/ros/humble'), ('SHELL', '/bin/bash'), ('QT_ACCESSIBILITY', '1'), ('GDMSESSION', 'ubuntu'), ('LESSCLOSE', '/usr/bin/lesspipe %s %s'), ('GJS_DEBUG_OUTPUT', 'stderr'), ('VSCODE_GIT_ASKPASS_EXTRA_ARGS', ''), ('QT_IM_MODULE', 'ibus'), ('PWD', '/home/shenhang/ros_study/chapter3/topic_practice_workspace/build/status_display'), ('XDG_CONFIG_DIRS', '/etc/xdg/xdg-ubuntu:/etc/xdg'), ('XDG_DATA_DIRS', '/usr/share/ubuntu:/usr/local/share/:/usr/share/:/var/lib/snapd/desktop'), ('PYTHONPATH', '/home/shenhang/ros_study/chapter3/topic_practice_workspace/install/status_publisher/lib/python3.10/site-packages:/home/shenhang/ros_study/chapter3/topic_practice_workspace/install/status_interfaces/local/lib/python3.10/dist-packages:/opt/ros/humble/lib/python3.10/site-packages:/opt/ros/humble/local/lib/python3.10/dist-packages'), ('COLCON', '1'), ('CMAKE_PREFIX_PATH', '/home/shenhang/ros_study/chapter3/topic_practice_workspace/install/status_interfaces:/home/shenhang/ros_study/chapter3/topic_practice_workspace/install/status_display:/home/shenhang/ros_study/chapter3/topic_practice_workspace/install/status_publisher:/opt/ros/humble')]), 'shell': False}
[1.110640] (-) TimerEvent: {}
[1.211048] (-) TimerEvent: {}
[1.224574] (status_display) StdoutLine: {'line': b'[ 50%] Built target hello_qt_exe\n'}
[1.235704] (status_display) StdoutLine: {'line': b'\x1b[35m\x1b[1mConsolidate compiler generated dependencies of target sys_status_display_exe\x1b[0m\n'}
[1.264670] (status_display) StdoutLine: {'line': b'[ 75%] \x1b[32mBuilding CXX object CMakeFiles/sys_status_display_exe.dir/src/sys_status_display.cpp.o\x1b[0m\n'}
[1.311219] (-) TimerEvent: {}
[1.413129] (-) TimerEvent: {}
[1.514156] (-) TimerEvent: {}
[1.619686] (-) TimerEvent: {}
[1.723363] (-) TimerEvent: {}
[1.823715] (-) TimerEvent: {}
[1.924108] (-) TimerEvent: {}
[2.024805] (-) TimerEvent: {}
[2.126960] (-) TimerEvent: {}
[2.224044] (status_publisher) Command: {'cmd': ['/usr/bin/python3', '-W', 'ignore:setup.py install is deprecated', '-W', 'ignore:easy_install command is deprecated', 'setup.py', 'egg_info', '--egg-base', '../../build/status_publisher', 'build', '--build-base', '/home/shenhang/ros_study/chapter3/topic_practice_workspace/build/status_publisher/build', 'install', '--record', '/home/shenhang/ros_study/chapter3/topic_practice_workspace/build/status_publisher/install.log', '--single-version-externally-managed', 'install_data'], 'cwd': '/home/shenhang/ros_study/chapter3/topic_practice_workspace/src/status_publisher', 'env': {'GJS_DEBUG_TOPICS': 'JS ERROR;JS LOG', 'PYTHON_BASIC_REPL': '1', 'LESSOPEN': '| /usr/bin/lesspipe %s', 'LANGUAGE': 'zh_CN:zh', 'USER': 'shenhang', 'XDG_SESSION_TYPE': 'wayland', 'GIT_ASKPASS': '/usr/share/code/resources/app/extensions/git/dist/askpass.sh', 'SHLVL': '1', 'LD_LIBRARY_PATH': '/home/shenhang/ros_study/chapter3/topic_practice_workspace/install/status_interfaces/lib:/opt/ros/humble/opt/rviz_ogre_vendor/lib:/opt/ros/humble/lib/x86_64-linux-gnu:/opt/ros/humble/lib', 'HOME': '/home/shenhang', 'CHROME_DESKTOP': 'code.desktop', 'OLDPWD': '/home/shenhang/ros_study/chapter3/topic_practice_workspace/src', 'TERM_PROGRAM_VERSION': '1.108.1', 'DESKTOP_SESSION': 'ubuntu', 'GIO_LAUNCHED_DESKTOP_FILE': '/usr/share/applications/code.desktop', 'ROS_PYTHON_VERSION': '3', 'GNOME_SHELL_SESSION_MODE': 'ubuntu', 'GTK_MODULES': 'gail:atk-bridge', 'VSCODE_GIT_ASKPASS_MAIN': '/usr/share/code/resources/app/extensions/git/dist/askpass-main.js', 'VSCODE_GIT_ASKPASS_NODE': '/usr/share/code/code', 'MANAGERPID': '2341', 'PYDEVD_DISABLE_FILE_VALIDATION': '1', 'SYSTEMD_EXEC_PID': '2505', 'BUNDLED_DEBUGPY_PATH': '/home/shenhang/.vscode/extensions/ms-python.debugpy-2025.18.0-linux-x64/bundled/libs/debugpy', 'IM_CONFIG_CHECK_ENV': '1', 'VSCODE_PYTHON_AUTOACTIVATE_GUARD': '1', 'DBUS_SESSION_BUS_ADDRESS': 'unix:path=/run/user/1000/bus', 'COLORTERM': 'truecolor', 'GIO_LAUNCHED_DESKTOP_FILE_PID': '9065', 'IM_CONFIG_PHASE': '1', 'WAYLAND_DISPLAY': 'wayland-0', 'COLCON_PREFIX_PATH': '/home/shenhang/ros_study/chapter3/topic_practice_workspace/install', 'ROS_DISTRO': 'humble', 'LOGNAME': 'shenhang', 'JOURNAL_STREAM': '8:12577', '_': '/usr/bin/colcon', 'ROS_VERSION': '2', 'XDG_SESSION_CLASS': 'user', 'USERNAME': 'shenhang', 'TERM': 'xterm-256color', 'GNOME_DESKTOP_SESSION_ID': 'this-is-deprecated', 'FC_FONTATIONS': '1', 'ROS_LOCALHOST_ONLY': '0', 'PATH': '/home/shenhang/.config/Code/User/globalStorage/github.copilot-chat/debugCommand:/home/shenhang/.config/Code/User/globalStorage/github.copilot-chat/copilotCli:/opt/ros/humble/bin:/usr/local/sbin:/usr/local/bin:/usr/sbin:/usr/bin:/sbin:/bin:/usr/games:/usr/local/games:/snap/bin:/snap/bin:/home/shenhang/.vscode/extensions/ms-python.debugpy-2025.18.0-linux-x64/bundled/scripts/noConfigScripts', 'SESSION_MANAGER': 'local/shenhang-VirtualBox:@/tmp/.ICE-unix/2480,unix/shenhang-VirtualBox:/tmp/.ICE-unix/2480', 'INVOCATION_ID': 'c3a81940805940c59e7ff094d6b33cb7', 'XDG_MENU_PREFIX': 'gnome-', 'GNOME_SETUP_DISPLAY': ':1', 'XDG_RUNTIME_DIR': '/run/user/1000', 'GDK_BACKEND': 'wayland', 'DISPLAY': ':0', 'VSCODE_DEBUGPY_ADAPTER_ENDPOINTS': '/home/shenhang/.vscode/extensions/ms-python.debugpy-2025.18.0-linux-x64/.noConfigDebugAdapterEndpoints/endpoint-51b4d5a485752e35.txt', 'LANG': 'zh_CN.UTF-8', 'XDG_CURRENT_DESKTOP': 'ubuntu:GNOME', 'PYTHONSTARTUP': '/home/shenhang/.config/Code/User/workspaceStorage/ef4da6c00f614e73fdf73c604713ffa3/ms-python.python/pythonrc.py', 'XMODIFIERS': '@im=ibus', 'XDG_SESSION_DESKTOP': 'ubuntu', 'XAUTHORITY': '/run/user/1000/.mutter-Xwaylandauth.OS4OJ3', 'LS_COLORS': 'rs=0:di=01;34:ln=01;36:mh=00:pi=40;33:so=01;35:do=01;35:bd=40;33;01:cd=40;33;01:or=40;31;01:mi=00:su=37;41:sg=30;43:ca=30;41:tw=30;42:ow=34;42:st=37;44:ex=01;32:*.tar=01;31:*.tgz=01;31:*.arc=01;31:*.arj=01;31:*.taz=01;31:*.lha=01;31:*.lz4=01;31:*.lzh=01;31:*.lzma=01;31:*.tlz=01;31:*.txz=01;31:*.tzo=01;31:*.t7z=01;31:*.zip=01;31:*.z=01;31:*.dz=01;31:*.gz=01;31:*.lrz=01;31:*.lz=01;31:*.lzo=01;31:*.xz=01;31:*.zst=01;31:*.tzst=01;31:*.bz2=01;31:*.bz=01;31:*.tbz=01;31:*.tbz2=01;31:*.tz=01;31:*.deb=01;31:*.rpm=01;31:*.jar=01;31:*.war=01;31:*.ear=01;31:*.sar=01;31:*.rar=01;31:*.alz=01;31:*.ace=01;31:*.zoo=01;31:*.cpio=01;31:*.7z=01;31:*.rz=01;31:*.cab=01;31:*.wim=01;31:*.swm=01;31:*.dwm=01;31:*.esd=01;31:*.jpg=01;35:*.jpeg=01;35:*.mjpg=01;35:*.mjpeg=01;35:*.gif=01;35:*.bmp=01;35:*.pbm=01;35:*.pgm=01;35:*.ppm=01;35:*.tga=01;35:*.xbm=01;35:*.xpm=01;35:*.tif=01;35:*.tiff=01;35:*.png=01;35:*.svg=01;35:*.svgz=01;35:*.mng=01;35:*.pcx=01;35:*.mov=01;35:*.mpg=01;35:*.mpeg=01;35:*.m2v=01;35:*.mkv=01;35:*.webm=01;35:*.webp=01;35:*.ogm=01;35:*.mp4=01;35:*.m4v=01;35:*.mp4v=01;35:*.vob=01;35:*.qt=01;35:*.nuv=01;35:*.wmv=01;35:*.asf=01;35:*.rm=01;35:*.rmvb=01;35:*.flc=01;35:*.avi=01;35:*.fli=01;35:*.flv=01;35:*.gl=01;35:*.dl=01;35:*.xcf=01;35:*.xwd=01;35:*.yuv=01;35:*.cgm=01;35:*.emf=01;35:*.ogv=01;35:*.ogx=01;35:*.aac=00;36:*.au=00;36:*.flac=00;36:*.m4a=00;36:*.mid=00;36:*.midi=00;36:*.mka=00;36:*.mp3=00;36:*.mpc=00;36:*.ogg=00;36:*.ra=00;36:*.wav=00;36:*.oga=00;36:*.opus=00;36:*.spx=00;36:*.xspf=00;36:', 'VSCODE_GIT_IPC_HANDLE': '/run/user/1000/vscode-git-cae9e6a9f3.sock', 'TERM_PROGRAM': 'vscode', 'SSH_AGENT_LAUNCHER': 'gnome-keyring', 'SSH_AUTH_SOCK': '/run/user/1000/keyring/ssh', 'AMENT_PREFIX_PATH': '/home/shenhang/ros_study/chapter3/topic_practice_workspace/install/status_display:/home/shenhang/ros_study/chapter3/topic_practice_workspace/install/status_publisher:/home/shenhang/ros_study/chapter3/topic_practice_workspace/install/status_interfaces:/opt/ros/humble', 'SHELL': '/bin/bash', 'QT_ACCESSIBILITY': '1', 'GDMSESSION': 'ubuntu', 'LESSCLOSE': '/usr/bin/lesspipe %s %s', 'GJS_DEBUG_OUTPUT': 'stderr', 'VSCODE_GIT_ASKPASS_EXTRA_ARGS': '', 'QT_IM_MODULE': 'ibus', 'PWD': '/home/shenhang/ros_study/chapter3/topic_practice_workspace/build/status_publisher', 'XDG_CONFIG_DIRS': '/etc/xdg/xdg-ubuntu:/etc/xdg', 'XDG_DATA_DIRS': '/usr/share/ubuntu:/usr/local/share/:/usr/share/:/var/lib/snapd/desktop', 'PYTHONPATH': '/home/shenhang/ros_study/chapter3/topic_practice_workspace/build/status_publisher/prefix_override:/usr/lib/python3/dist-packages/colcon_core/task/python/colcon_distutils_commands:/home/shenhang/ros_study/chapter3/topic_practice_workspace/install/status_publisher/lib/python3.10/site-packages:/home/shenhang/ros_study/chapter3/topic_practice_workspace/install/status_publisher/lib/python3.10/site-packages:/home/shenhang/ros_study/chapter3/topic_practice_workspace/install/status_interfaces/local/lib/python3.10/dist-packages:/opt/ros/humble/lib/python3.10/site-packages:/opt/ros/humble/local/lib/python3.10/dist-packages', 'COLCON': '1', 'CMAKE_PREFIX_PATH': '/home/shenhang/ros_study/chapter3/topic_practice_workspace/install/status_interfaces:/home/shenhang/ros_study/chapter3/topic_practice_workspace/install/status_display'}, 'shell': False}
[2.227183] (-) TimerEvent: {}
[2.328638] (-) TimerEvent: {}
[2.429021] (-) TimerEvent: {}
[2.529421] (-) TimerEvent: {}
[2.618753] (status_publisher) StdoutLine: {'line': b'running egg_info\n'}
[2.622180] (status_publisher) StdoutLine: {'line': b'writing ../../build/status_publisher/status_publisher.egg-info/PKG-INFO\n'}
[2.622366] (status_publisher) StdoutLine: {'line': b'writing dependency_links to ../../build/status_publisher/status_publisher.egg-info/dependency_links.txt\n'}
[2.622461] (status_publisher) StdoutLine: {'line': b'writing entry points to ../../build/status_publisher/status_publisher.egg-info/entry_points.txt\n'}
[2.622695] (status_publisher) StdoutLine: {'line': b'writing requirements to ../../build/status_publisher/status_publisher.egg-info/requires.txt\n'}
[2.622790] (status_publisher) StdoutLine: {'line': b'writing top-level names to ../../build/status_publisher/status_publisher.egg-info/top_level.txt\n'}
[2.624051] (status_publisher) StdoutLine: {'line': b"reading manifest file '../../build/status_publisher/status_publisher.egg-info/SOURCES.txt'\n"}
[2.624325] (status_publisher) StdoutLine: {'line': b"adding license file 'LICENSE'\n"}
[2.625820] (status_publisher) StdoutLine: {'line': b"writing manifest file '../../build/status_publisher/status_publisher.egg-info/SOURCES.txt'\n"}
[2.626039] (status_publisher) StdoutLine: {'line': b'running build\n'}
[2.626143] (status_publisher) StdoutLine: {'line': b'running build_py\n'}
[2.626583] (status_publisher) StdoutLine: {'line': b'running install\n'}
[2.627094] (status_publisher) StdoutLine: {'line': b'running install_lib\n'}
[2.628641] (status_publisher) StdoutLine: {'line': b'running install_data\n'}
[2.628857] (status_publisher) StdoutLine: {'line': b'running install_egg_info\n'}
[2.629525] (-) TimerEvent: {}
[2.631704] (status_publisher) StdoutLine: {'line': b"removing '/home/shenhang/ros_study/chapter3/topic_practice_workspace/install/status_publisher/lib/python3.10/site-packages/status_publisher-0.0.0-py3.10.egg-info' (and everything under it)\n"}
[2.632777] (status_publisher) StdoutLine: {'line': b'Copying ../../build/status_publisher/status_publisher.egg-info to /home/shenhang/ros_study/chapter3/topic_practice_workspace/install/status_publisher/lib/python3.10/site-packages/status_publisher-0.0.0-py3.10.egg-info\n'}
[2.633679] (status_publisher) StdoutLine: {'line': b'running install_scripts\n'}
[2.670703] (status_publisher) StdoutLine: {'line': b'Installing sys_status_pub_exe script to /home/shenhang/ros_study/chapter3/topic_practice_workspace/install/status_publisher/lib/status_publisher\n'}
[2.670894] (status_publisher) StdoutLine: {'line': b"writing list of installed files to '/home/shenhang/ros_study/chapter3/topic_practice_workspace/build/status_publisher/install.log'\n"}
[2.729865] (-) TimerEvent: {}
[2.731882] (status_publisher) CommandEnded: {'returncode': 0}
[2.750051] (status_publisher) JobEnded: {'identifier': 'status_publisher', 'rc': 0}
[2.832625] (-) TimerEvent: {}
[2.933066] (-) TimerEvent: {}
[3.033484] (-) TimerEvent: {}
[3.133996] (-) TimerEvent: {}
[3.234482] (-) TimerEvent: {}
[3.334994] (-) TimerEvent: {}
[3.435381] (-) TimerEvent: {}
[3.536892] (-) TimerEvent: {}
[3.637332] (-) TimerEvent: {}
[3.737992] (-) TimerEvent: {}
[3.838682] (-) TimerEvent: {}
[3.939943] (-) TimerEvent: {}
[4.040774] (-) TimerEvent: {}
[4.141485] (-) TimerEvent: {}
[4.242736] (-) TimerEvent: {}
[4.343342] (-) TimerEvent: {}
[4.443886] (-) TimerEvent: {}
[4.545247] (-) TimerEvent: {}
[4.646756] (-) TimerEvent: {}
[4.748378] (-) TimerEvent: {}
[4.849473] (-) TimerEvent: {}
[4.950939] (-) TimerEvent: {}
[5.051501] (-) TimerEvent: {}
[5.151997] (-) TimerEvent: {}
[5.252578] (-) TimerEvent: {}
[5.353012] (-) TimerEvent: {}
[5.453574] (-) TimerEvent: {}
[5.554428] (-) TimerEvent: {}
[5.654891] (-) TimerEvent: {}
[5.756689] (-) TimerEvent: {}
[5.857113] (status_display) StderrLine: {'line': b'\x1b[01m\x1b[K/home/shenhang/ros_study/chapter3/topic_practice_workspace/src/status_display/src/sys_status_display.cpp:\x1b[m\x1b[K In member function \xe2\x80\x98\x1b[01m\x1b[KQString SysStatusDisplay::get_qstr_from_msg(status_interfaces::msg::SystemStatus_<std::allocator<void> >::SharedPtr)\x1b[m\x1b[K\xe2\x80\x99:\n'}
[5.857472] (-) TimerEvent: {}
[5.857607] (status_display) StderrLine: {'line': b'\x1b[01m\x1b[K/home/shenhang/ros_study/chapter3/topic_practice_workspace/src/status_display/src/sys_status_display.cpp:19:34:\x1b[m\x1b[K \x1b[01;31m\x1b[Kerror: \x1b[m\x1b[Kno match for \xe2\x80\x98\x1b[01m\x1b[Koperator<<\x1b[m\x1b[K\xe2\x80\x99 (operand types are \xe2\x80\x98\x1b[01m\x1b[Kstd::basic_ostream<char>\x1b[m\x1b[K\xe2\x80\x99 and \xe2\x80\x98\x1b[01m\x1b[Kstatus_interfaces::msg::SystemStatus_<std::allocator<void> >::_stamp_type\x1b[m\x1b[K\xe2\x80\x99 {aka \xe2\x80\x98\x1b[01m\x1b[Kbuiltin_interfaces::msg::Time_<std::allocator<void> >\x1b[m\x1b[K\xe2\x80\x99})\n'}
[5.857787] (status_display) StderrLine: {'line': b'   18 |         \x1b[32m\x1b[Kshow_str << "==================\xe7\xb3\xbb\xe7\xbb\x9f\xe7\x8a\xb6\xe6\x80\x81\xe6\x98\xbe\xe7\xa4\xba======================\\n"\x1b[m\x1b[K\n'}
[5.857916] (status_display) StderrLine: {'line': b'      |         \x1b[32m\x1b[K~~~~~~~~~~~~~~~~~~~~~~~~~~~~~~~~~~~~~~~~~~~~~~~~~~~~~~~~~~~~~~~~~~~~\x1b[m\x1b[K\n'}
[5.858026] (status_display) StderrLine: {'line': b'   19 | \x1b[32m\x1b[K                 << "\xe6\x95\xb0\xe6\x8d\xae\xe6\x97\xb6\xe9\x97\xb4: "\x1b[m\x1b[K \x1b[01;31m\x1b[K<<\x1b[m\x1b[K \x1b[34m\x1b[Kmsg->stamp\x1b[m\x1b[K << " s\\n"\n'}
[5.858119] (status_display) StderrLine: {'line': b'      |                  \x1b[32m\x1b[K~~~~~~~~~~~~~~~\x1b[m\x1b[K \x1b[01;31m\x1b[K^~\x1b[m\x1b[K \x1b[34m\x1b[K~~~~~~~~~~\x1b[m\x1b[K\n'}
[5.858211] (status_display) StderrLine: {'line': b'      |                  \x1b[32m\x1b[K|\x1b[m\x1b[K                       \x1b[34m\x1b[K|\x1b[m\x1b[K\n'}
[5.858306] (status_display) StderrLine: {'line': b'      |                  \x1b[32m\x1b[K|\x1b[m\x1b[K                       \x1b[34m\x1b[Kstatus_interfaces::msg::SystemStatus_<std::allocator<void> >::_stamp_type {aka builtin_interfaces::msg::Time_<std::allocator<void> >}\x1b[m\x1b[K\n'}
[5.858954] (status_display) StderrLine: {'line': b'      |                  \x1b[32m\x1b[Kstd::basic_ostream<char>\x1b[m\x1b[K\n'}
[5.859202] (status_display) StderrLine: {'line': b'In file included from \x1b[01m\x1b[K/usr/include/c++/11/iostream:39\x1b[m\x1b[K,\n'}
[5.859316] (status_display) StderrLine: {'line': b'                 from \x1b[01m\x1b[K/opt/ros/humble/include/rclcpp/rclcpp/executor.hpp:22\x1b[m\x1b[K,\n'}
[5.859415] (status_display) StderrLine: {'line': b'                 from \x1b[01m\x1b[K/opt/ros/humble/include/rclcpp/rclcpp/executors/multi_threaded_executor.hpp:25\x1b[m\x1b[K,\n'}
[5.860709] (status_display) StderrLine: {'line': b'                 from \x1b[01m\x1b[K/opt/ros/humble/include/rclcpp/rclcpp/executors.hpp:21\x1b[m\x1b[K,\n'}
[5.860772] (status_display) StderrLine: {'line': b'                 from \x1b[01m\x1b[K/opt/ros/humble/include/rclcpp/rclcpp/rclcpp.hpp:155\x1b[m\x1b[K,\n'}
[5.860904] (status_display) StderrLine: {'line': b'                 from \x1b[01m\x1b[K/home/shenhang/ros_study/chapter3/topic_practice_workspace/src/status_display/src/sys_status_display.cpp:4\x1b[m\x1b[K:\n'}
[5.860992] (status_display) StderrLine: {'line': b'\x1b[01m\x1b[K/usr/include/c++/11/ostream:108:7:\x1b[m\x1b[K \x1b[01;36m\x1b[Knote: \x1b[m\x1b[Kcandidate: \xe2\x80\x98\x1b[01m\x1b[Kstd::basic_ostream<_CharT, _Traits>::__ostream_type& std::basic_ostream<_CharT, _Traits>::operator<<(std::basic_ostream<_CharT, _Traits>::__ostream_type& (*)(std::basic_ostream<_CharT, _Traits>::__ostream_type&)) [with _CharT = char; _Traits = std::char_traits<char>; std::basic_ostream<_CharT, _Traits>::__ostream_type = std::basic_ostream<char>]\x1b[m\x1b[K\xe2\x80\x99\n'}
[5.861080] (status_display) StderrLine: {'line': b'  108 |       \x1b[01;36m\x1b[Koperator\x1b[m\x1b[K<<(__ostream_type& (*__pf)(__ostream_type&))\n'}
[5.861174] (status_display) StderrLine: {'line': b'      |       \x1b[01;36m\x1b[K^~~~~~~~\x1b[m\x1b[K\n'}
[5.861274] (status_display) StderrLine: {'line': b'\x1b[01m\x1b[K/usr/include/c++/11/ostream:108:36:\x1b[m\x1b[K \x1b[01;36m\x1b[Knote: \x1b[m\x1b[K  no known conversion for argument 1 from \xe2\x80\x98\x1b[01m\x1b[Kstatus_interfaces::msg::SystemStatus_<std::allocator<void> >::_stamp_type\x1b[m\x1b[K\xe2\x80\x99 {aka \xe2\x80\x98\x1b[01m\x1b[Kbuiltin_interfaces::msg::Time_<std::allocator<void> >\x1b[m\x1b[K\xe2\x80\x99} to \xe2\x80\x98\x1b[01m\x1b[Kstd::basic_ostream<char>::__ostream_type& (*)(std::basic_ostream<char>::__ostream_type&)\x1b[m\x1b[K\xe2\x80\x99 {aka \xe2\x80\x98\x1b[01m\x1b[Kstd::basic_ostream<char>& (*)(std::basic_ostream<char>&)\x1b[m\x1b[K\xe2\x80\x99}\n'}
[5.861371] (status_display) StderrLine: {'line': b'  108 |       operator<<(\x1b[01;36m\x1b[K__ostream_type& (*__pf)(__ostream_type&)\x1b[m\x1b[K)\n'}
[5.861472] (status_display) StderrLine: {'line': b'      |                  \x1b[01;36m\x1b[K~~~~~~~~~~~~~~~~~~^~~~~~~~~~~~~~~~~~~~~~\x1b[m\x1b[K\n'}
[5.862013] (status_display) StderrLine: {'line': b'\x1b[01m\x1b[K/usr/include/c++/11/ostream:117:7:\x1b[m\x1b[K \x1b[01;36m\x1b[Knote: \x1b[m\x1b[Kcandidate: \xe2\x80\x98\x1b[01m\x1b[Kstd::basic_ostream<_CharT, _Traits>::__ostream_type& std::basic_ostream<_CharT, _Traits>::operator<<(std::basic_ostream<_CharT, _Traits>::__ios_type& (*)(std::basic_ostream<_CharT, _Traits>::__ios_type&)) [with _CharT = char; _Traits = std::char_traits<char>; std::basic_ostream<_CharT, _Traits>::__ostream_type = std::basic_ostream<char>; std::basic_ostream<_CharT, _Traits>::__ios_type = std::basic_ios<char>]\x1b[m\x1b[K\xe2\x80\x99\n'}
[5.862273] (status_display) StderrLine: {'line': b'  117 |       \x1b[01;36m\x1b[Koperator\x1b[m\x1b[K<<(__ios_type& (*__pf)(__ios_type&))\n'}
[5.862704] (status_display) StderrLine: {'line': b'      |       \x1b[01;36m\x1b[K^~~~~~~~\x1b[m\x1b[K\n'}
[5.862837] (status_display) StderrLine: {'line': b'\x1b[01m\x1b[K/usr/include/c++/11/ostream:117:32:\x1b[m\x1b[K \x1b[01;36m\x1b[Knote: \x1b[m\x1b[K  no known conversion for argument 1 from \xe2\x80\x98\x1b[01m\x1b[Kstatus_interfaces::msg::SystemStatus_<std::allocator<void> >::_stamp_type\x1b[m\x1b[K\xe2\x80\x99 {aka \xe2\x80\x98\x1b[01m\x1b[Kbuiltin_interfaces::msg::Time_<std::allocator<void> >\x1b[m\x1b[K\xe2\x80\x99} to \xe2\x80\x98\x1b[01m\x1b[Kstd::basic_ostream<char>::__ios_type& (*)(std::basic_ostream<char>::__ios_type&)\x1b[m\x1b[K\xe2\x80\x99 {aka \xe2\x80\x98\x1b[01m\x1b[Kstd::basic_ios<char>& (*)(std::basic_ios<char>&)\x1b[m\x1b[K\xe2\x80\x99}\n'}
[5.862945] (status_display) StderrLine: {'line': b'  117 |       operator<<(\x1b[01;36m\x1b[K__ios_type& (*__pf)(__ios_type&)\x1b[m\x1b[K)\n'}
[5.863032] (status_display) StderrLine: {'line': b'      |                  \x1b[01;36m\x1b[K~~~~~~~~~~~~~~^~~~~~~~~~~~~~~~~~\x1b[m\x1b[K\n'}
[5.863118] (status_display) StderrLine: {'line': b'\x1b[01m\x1b[K/usr/include/c++/11/ostream:127:7:\x1b[m\x1b[K \x1b[01;36m\x1b[Knote: \x1b[m\x1b[Kcandidate: \xe2\x80\x98\x1b[01m\x1b[Kstd::basic_ostream<_CharT, _Traits>::__ostream_type& std::basic_ostream<_CharT, _Traits>::operator<<(std::ios_base& (*)(std::ios_base&)) [with _CharT = char; _Traits = std::char_traits<char>; std::basic_ostream<_CharT, _Traits>::__ostream_type = std::basic_ostream<char>]\x1b[m\x1b[K\xe2\x80\x99\n'}
[5.863213] (status_display) StderrLine: {'line': b'  127 |       \x1b[01;36m\x1b[Koperator\x1b[m\x1b[K<<(ios_base& (*__pf) (ios_base&))\n'}
[5.863297] (status_display) StderrLine: {'line': b'      |       \x1b[01;36m\x1b[K^~~~~~~~\x1b[m\x1b[K\n'}
[5.863380] (status_display) StderrLine: {'line': b'\x1b[01m\x1b[K/usr/include/c++/11/ostream:127:30:\x1b[m\x1b[K \x1b[01;36m\x1b[Knote: \x1b[m\x1b[K  no known conversion for argument 1 from \xe2\x80\x98\x1b[01m\x1b[Kstatus_interfaces::msg::SystemStatus_<std::allocator<void> >::_stamp_type\x1b[m\x1b[K\xe2\x80\x99 {aka \xe2\x80\x98\x1b[01m\x1b[Kbuiltin_interfaces::msg::Time_<std::allocator<void> >\x1b[m\x1b[K\xe2\x80\x99} to \xe2\x80\x98\x1b[01m\x1b[Kstd::ios_base& (*)(std::ios_base&)\x1b[m\x1b[K\xe2\x80\x99\n'}
[5.863486] (status_display) StderrLine: {'line': b'  127 |       operator<<(\x1b[01;36m\x1b[Kios_base& (*__pf) (ios_base&)\x1b[m\x1b[K)\n'}
[5.863645] (status_display) StderrLine: {'line': b'      |                  \x1b[01;36m\x1b[K~~~~~~~~~~~~^~~~~~~~~~~~~~~~~\x1b[m\x1b[K\n'}
[5.863779] (status_display) StderrLine: {'line': b'\x1b[01m\x1b[K/usr/include/c++/11/ostream:166:7:\x1b[m\x1b[K \x1b[01;36m\x1b[Knote: \x1b[m\x1b[Kcandidate: \xe2\x80\x98\x1b[01m\x1b[Kstd::basic_ostream<_CharT, _Traits>::__ostream_type& std::basic_ostream<_CharT, _Traits>::operator<<(long int) [with _CharT = char; _Traits = std::char_traits<char>; std::basic_ostream<_CharT, _Traits>::__ostream_type = std::basic_ostream<char>]\x1b[m\x1b[K\xe2\x80\x99\n'}
[5.863882] (status_display) StderrLine: {'line': b'  166 |       \x1b[01;36m\x1b[Koperator\x1b[m\x1b[K<<(long __n)\n'}
[5.863996] (status_display) StderrLine: {'line': b'      |       \x1b[01;36m\x1b[K^~~~~~~~\x1b[m\x1b[K\n'}
[5.864103] (status_display) StderrLine: {'line': b'\x1b[01m\x1b[K/usr/include/c++/11/ostream:166:23:\x1b[m\x1b[K \x1b[01;36m\x1b[Knote: \x1b[m\x1b[K  no known conversion for argument 1 from \xe2\x80\x98\x1b[01m\x1b[Kstatus_interfaces::msg::SystemStatus_<std::allocator<void> >::_stamp_type\x1b[m\x1b[K\xe2\x80\x99 {aka \xe2\x80\x98\x1b[01m\x1b[Kbuiltin_interfaces::msg::Time_<std::allocator<void> >\x1b[m\x1b[K\xe2\x80\x99} to \xe2\x80\x98\x1b[01m\x1b[Klong int\x1b[m\x1b[K\xe2\x80\x99\n'}
[5.864206] (status_display) StderrLine: {'line': b'  166 |       operator<<(\x1b[01;36m\x1b[Klong __n\x1b[m\x1b[K)\n'}
[5.864600] (status_display) StderrLine: {'line': b'      |                  \x1b[01;36m\x1b[K~~~~~^~~\x1b[m\x1b[K\n'}
[5.864757] (status_display) StderrLine: {'line': b'\x1b[01m\x1b[K/usr/include/c++/11/ostream:170:7:\x1b[m\x1b[K \x1b[01;36m\x1b[Knote: \x1b[m\x1b[Kcandidate: \xe2\x80\x98\x1b[01m\x1b[Kstd::basic_ostream<_CharT, _Traits>::__ostream_type& std::basic_ostream<_CharT, _Traits>::operator<<(long unsigned int) [with _CharT = char; _Traits = std::char_traits<char>; std::basic_ostream<_CharT, _Traits>::__ostream_type = std::basic_ostream<char>]\x1b[m\x1b[K\xe2\x80\x99\n'}
[5.864889] (status_display) StderrLine: {'line': b'  170 |       \x1b[01;36m\x1b[Koperator\x1b[m\x1b[K<<(unsigned long __n)\n'}
[5.864989] (status_display) StderrLine: {'line': b'      |       \x1b[01;36m\x1b[K^~~~~~~~\x1b[m\x1b[K\n'}
[5.865095] (status_display) StderrLine: {'line': b'\x1b[01m\x1b[K/usr/include/c++/11/ostream:170:32:\x1b[m\x1b[K \x1b[01;36m\x1b[Knote: \x1b[m\x1b[K  no known conversion for argument 1 from \xe2\x80\x98\x1b[01m\x1b[Kstatus_interfaces::msg::SystemStatus_<std::allocator<void> >::_stamp_type\x1b[m\x1b[K\xe2\x80\x99 {aka \xe2\x80\x98\x1b[01m\x1b[Kbuiltin_interfaces::msg::Time_<std::allocator<void> >\x1b[m\x1b[K\xe2\x80\x99} to \xe2\x80\x98\x1b[01m\x1b[Klong unsigned int\x1b[m\x1b[K\xe2\x80\x99\n'}
[5.865559] (status_display) StderrLine: {'line': b'  170 |       operator<<(\x1b[01;36m\x1b[Kunsigned long __n\x1b[m\x1b[K)\n'}
[5.866967] (status_display) StderrLine: {'line': b'      |                  \x1b[01;36m\x1b[K~~~~~~~~~~~~~~^~~\x1b[m\x1b[K\n'}
[5.867047] (status_display) StderrLine: {'line': b'\x1b[01m\x1b[K/usr/include/c++/11/ostream:174:7:\x1b[m\x1b[K \x1b[01;36m\x1b[Knote: \x1b[m\x1b[Kcandidate: \xe2\x80\x98\x1b[01m\x1b[Kstd::basic_ostream<_CharT, _Traits>::__ostream_type& std::basic_ostream<_CharT, _Traits>::operator<<(bool) [with _CharT = char; _Traits = std::char_traits<char>; std::basic_ostream<_CharT, _Traits>::__ostream_type = std::basic_ostream<char>]\x1b[m\x1b[K\xe2\x80\x99\n'}
[5.867115] (status_display) StderrLine: {'line': b'  174 |       \x1b[01;36m\x1b[Koperator\x1b[m\x1b[K<<(bool __n)\n'}
[5.867174] (status_display) StderrLine: {'line': b'      |       \x1b[01;36m\x1b[K^~~~~~~~\x1b[m\x1b[K\n'}
[5.867232] (status_display) StderrLine: {'line': b'\x1b[01m\x1b[K/usr/include/c++/11/ostream:174:23:\x1b[m\x1b[K \x1b[01;36m\x1b[Knote: \x1b[m\x1b[K  no known conversion for argument 1 from \xe2\x80\x98\x1b[01m\x1b[Kstatus_interfaces::msg::SystemStatus_<std::allocator<void> >::_stamp_type\x1b[m\x1b[K\xe2\x80\x99 {aka \xe2\x80\x98\x1b[01m\x1b[Kbuiltin_interfaces::msg::Time_<std::allocator<void> >\x1b[m\x1b[K\xe2\x80\x99} to \xe2\x80\x98\x1b[01m\x1b[Kbool\x1b[m\x1b[K\xe2\x80\x99\n'}
[5.867349] (status_display) StderrLine: {'line': b'  174 |       operator<<(\x1b[01;36m\x1b[Kbool __n\x1b[m\x1b[K)\n'}
[5.867401] (status_display) StderrLine: {'line': b'      |                  \x1b[01;36m\x1b[K~~~~~^~~\x1b[m\x1b[K\n'}
[5.867448] (status_display) StderrLine: {'line': b'In file included from \x1b[01m\x1b[K/usr/include/c++/11/ostream:829\x1b[m\x1b[K,\n'}
[5.867531] (status_display) StderrLine: {'line': b'                 from \x1b[01m\x1b[K/usr/include/c++/11/iostream:39\x1b[m\x1b[K,\n'}
[5.867660] (status_display) StderrLine: {'line': b'                 from \x1b[01m\x1b[K/opt/ros/humble/include/rclcpp/rclcpp/executor.hpp:22\x1b[m\x1b[K,\n'}
[5.867750] (status_display) StderrLine: {'line': b'                 from \x1b[01m\x1b[K/opt/ros/humble/include/rclcpp/rclcpp/executors/multi_threaded_executor.hpp:25\x1b[m\x1b[K,\n'}
[5.867835] (status_display) StderrLine: {'line': b'                 from \x1b[01m\x1b[K/opt/ros/humble/include/rclcpp/rclcpp/executors.hpp:21\x1b[m\x1b[K,\n'}
[5.867926] (status_display) StderrLine: {'line': b'                 from \x1b[01m\x1b[K/opt/ros/humble/include/rclcpp/rclcpp/rclcpp.hpp:155\x1b[m\x1b[K,\n'}
[5.868025] (status_display) StderrLine: {'line': b'                 from \x1b[01m\x1b[K/home/shenhang/ros_study/chapter3/topic_practice_workspace/src/status_display/src/sys_status_display.cpp:4\x1b[m\x1b[K:\n'}
[5.868124] (status_display) StderrLine: {'line': b'\x1b[01m\x1b[K/usr/include/c++/11/bits/ostream.tcc:91:5:\x1b[m\x1b[K \x1b[01;36m\x1b[Knote: \x1b[m\x1b[Kcandidate: \xe2\x80\x98\x1b[01m\x1b[Kstd::basic_ostream<_CharT, _Traits>& std::basic_ostream<_CharT, _Traits>::operator<<(short int) [with _CharT = char; _Traits = std::char_traits<char>]\x1b[m\x1b[K\xe2\x80\x99\n'}
[5.868215] (status_display) StderrLine: {'line': b'   91 |     \x1b[01;36m\x1b[Kbasic_ostream<_CharT, _Traits>\x1b[m\x1b[K::\n'}
[5.868308] (status_display) StderrLine: {'line': b'      |     \x1b[01;36m\x1b[K^~~~~~~~~~~~~~~~~~~~~~~~~~~~~~\x1b[m\x1b[K\n'}
[5.868396] (status_display) StderrLine: {'line': b'\x1b[01m\x1b[K/usr/include/c++/11/bits/ostream.tcc:92:22:\x1b[m\x1b[K \x1b[01;36m\x1b[Knote: \x1b[m\x1b[K  no known conversion for argument 1 from \xe2\x80\x98\x1b[01m\x1b[Kstatus_interfaces::msg::SystemStatus_<std::allocator<void> >::_stamp_type\x1b[m\x1b[K\xe2\x80\x99 {aka \xe2\x80\x98\x1b[01m\x1b[Kbuiltin_interfaces::msg::Time_<std::allocator<void> >\x1b[m\x1b[K\xe2\x80\x99} to \xe2\x80\x98\x1b[01m\x1b[Kshort int\x1b[m\x1b[K\xe2\x80\x99\n'}
[5.868495] (status_display) StderrLine: {'line': b'   92 |     operator<<(\x1b[01;36m\x1b[Kshort __n\x1b[m\x1b[K)\n'}
[5.871734] (status_display) StderrLine: {'line': b'      |                \x1b[01;36m\x1b[K~~~~~~^~~\x1b[m\x1b[K\n'}
[5.871833] (status_display) StderrLine: {'line': b'In file included from \x1b[01m\x1b[K/usr/include/c++/11/iostream:39\x1b[m\x1b[K,\n'}
[5.871922] (status_display) StderrLine: {'line': b'                 from \x1b[01m\x1b[K/opt/ros/humble/include/rclcpp/rclcpp/executor.hpp:22\x1b[m\x1b[K,\n'}
[5.872008] (status_display) StderrLine: {'line': b'                 from \x1b[01m\x1b[K/opt/ros/humble/include/rclcpp/rclcpp/executors/multi_threaded_executor.hpp:25\x1b[m\x1b[K,\n'}
[5.872093] (status_display) StderrLine: {'line': b'                 from \x1b[01m\x1b[K/opt/ros/humble/include/rclcpp/rclcpp/executors.hpp:21\x1b[m\x1b[K,\n'}
[5.872176] (status_display) StderrLine: {'line': b'                 from \x1b[01m\x1b[K/opt/ros/humble/include/rclcpp/rclcpp/rclcpp.hpp:155\x1b[m\x1b[K,\n'}
[5.872260] (status_display) StderrLine: {'line': b'                 from \x1b[01m\x1b[K/home/shenhang/ros_study/chapter3/topic_practice_workspace/src/status_display/src/sys_status_display.cpp:4\x1b[m\x1b[K:\n'}
[5.872344] (status_display) StderrLine: {'line': b'\x1b[01m\x1b[K/usr/include/c++/11/ostream:181:7:\x1b[m\x1b[K \x1b[01;36m\x1b[Knote: \x1b[m\x1b[Kcandidate: \xe2\x80\x98\x1b[01m\x1b[Kstd::basic_ostream<_CharT, _Traits>::__ostream_type& std::basic_ostream<_CharT, _Traits>::operator<<(short unsigned int) [with _CharT = char; _Traits = std::char_traits<char>; std::basic_ostream<_CharT, _Traits>::__ostream_type = std::basic_ostream<char>]\x1b[m\x1b[K\xe2\x80\x99\n'}
[5.872430] (status_display) StderrLine: {'line': b'  181 |       \x1b[01;36m\x1b[Koperator\x1b[m\x1b[K<<(unsigned short __n)\n'}
[5.872574] (status_display) StderrLine: {'line': b'      |       \x1b[01;36m\x1b[K^~~~~~~~\x1b[m\x1b[K\n'}
[5.872679] (status_display) StderrLine: {'line': b'\x1b[01m\x1b[K/usr/include/c++/11/ostream:181:33:\x1b[m\x1b[K \x1b[01;36m\x1b[Knote: \x1b[m\x1b[K  no known conversion for argument 1 from \xe2\x80\x98\x1b[01m\x1b[Kstatus_interfaces::msg::SystemStatus_<std::allocator<void> >::_stamp_type\x1b[m\x1b[K\xe2\x80\x99 {aka \xe2\x80\x98\x1b[01m\x1b[Kbuiltin_interfaces::msg::Time_<std::allocator<void> >\x1b[m\x1b[K\xe2\x80\x99} to \xe2\x80\x98\x1b[01m\x1b[Kshort unsigned int\x1b[m\x1b[K\xe2\x80\x99\n'}
[5.872776] (status_display) StderrLine: {'line': b'  181 |       operator<<(\x1b[01;36m\x1b[Kunsigned short __n\x1b[m\x1b[K)\n'}
[5.872860] (status_display) StderrLine: {'line': b'      |                  \x1b[01;36m\x1b[K~~~~~~~~~~~~~~~^~~\x1b[m\x1b[K\n'}
[5.872957] (status_display) StderrLine: {'line': b'In file included from \x1b[01m\x1b[K/usr/include/c++/11/ostream:829\x1b[m\x1b[K,\n'}
[5.873047] (status_display) StderrLine: {'line': b'                 from \x1b[01m\x1b[K/usr/include/c++/11/iostream:39\x1b[m\x1b[K,\n'}
[5.873248] (status_display) StderrLine: {'line': b'                 from \x1b[01m\x1b[K/opt/ros/humble/include/rclcpp/rclcpp/executor.hpp:22\x1b[m\x1b[K,\n'}
[5.873344] (status_display) StderrLine: {'line': b'                 from \x1b[01m\x1b[K/opt/ros/humble/include/rclcpp/rclcpp/executors/multi_threaded_executor.hpp:25\x1b[m\x1b[K,\n'}
[5.873435] (status_display) StderrLine: {'line': b'                 from \x1b[01m\x1b[K/opt/ros/humble/include/rclcpp/rclcpp/executors.hpp:21\x1b[m\x1b[K,\n'}
[5.873563] (status_display) StderrLine: {'line': b'                 from \x1b[01m\x1b[K/opt/ros/humble/include/rclcpp/rclcpp/rclcpp.hpp:155\x1b[m\x1b[K,\n'}
[5.873666] (status_display) StderrLine: {'line': b'                 from \x1b[01m\x1b[K/home/shenhang/ros_study/chapter3/topic_practice_workspace/src/status_display/src/sys_status_display.cpp:4\x1b[m\x1b[K:\n'}
[5.873950] (status_display) StderrLine: {'line': b'\x1b[01m\x1b[K/usr/include/c++/11/bits/ostream.tcc:105:5:\x1b[m\x1b[K \x1b[01;36m\x1b[Knote: \x1b[m\x1b[Kcandidate: \xe2\x80\x98\x1b[01m\x1b[Kstd::basic_ostream<_CharT, _Traits>& std::basic_ostream<_CharT, _Traits>::operator<<(int) [with _CharT = char; _Traits = std::char_traits<char>]\x1b[m\x1b[K\xe2\x80\x99\n'}
[5.874065] (status_display) StderrLine: {'line': b'  105 |     \x1b[01;36m\x1b[Kbasic_ostream<_CharT, _Traits>\x1b[m\x1b[K::\n'}
[5.874166] (status_display) StderrLine: {'line': b'      |     \x1b[01;36m\x1b[K^~~~~~~~~~~~~~~~~~~~~~~~~~~~~~\x1b[m\x1b[K\n'}
[5.874262] (status_display) StderrLine: {'line': b'\x1b[01m\x1b[K/usr/include/c++/11/bits/ostream.tcc:106:20:\x1b[m\x1b[K \x1b[01;36m\x1b[Knote: \x1b[m\x1b[K  no known conversion for argument 1 from \xe2\x80\x98\x1b[01m\x1b[Kstatus_interfaces::msg::SystemStatus_<std::allocator<void> >::_stamp_type\x1b[m\x1b[K\xe2\x80\x99 {aka \xe2\x80\x98\x1b[01m\x1b[Kbuiltin_interfaces::msg::Time_<std::allocator<void> >\x1b[m\x1b[K\xe2\x80\x99} to \xe2\x80\x98\x1b[01m\x1b[Kint\x1b[m\x1b[K\xe2\x80\x99\n'}
[5.874441] (status_display) StderrLine: {'line': b'  106 |     operator<<(\x1b[01;36m\x1b[Kint __n\x1b[m\x1b[K)\n'}
[5.874643] (status_display) StderrLine: {'line': b'      |                \x1b[01;36m\x1b[K~~~~^~~\x1b[m\x1b[K\n'}
[5.874744] (status_display) StderrLine: {'line': b'In file included from \x1b[01m\x1b[K/usr/include/c++/11/iostream:39\x1b[m\x1b[K,\n'}
[5.874832] (status_display) StderrLine: {'line': b'                 from \x1b[01m\x1b[K/opt/ros/humble/include/rclcpp/rclcpp/executor.hpp:22\x1b[m\x1b[K,\n'}
[5.874918] (status_display) StderrLine: {'line': b'                 from \x1b[01m\x1b[K/opt/ros/humble/include/rclcpp/rclcpp/executors/multi_threaded_executor.hpp:25\x1b[m\x1b[K,\n'}
[5.875002] (status_display) StderrLine: {'line': b'                 from \x1b[01m\x1b[K/opt/ros/humble/include/rclcpp/rclcpp/executors.hpp:21\x1b[m\x1b[K,\n'}
[5.875087] (status_display) StderrLine: {'line': b'                 from \x1b[01m\x1b[K/opt/ros/humble/include/rclcpp/rclcpp/rclcpp.hpp:155\x1b[m\x1b[K,\n'}
[5.875171] (status_display) StderrLine: {'line': b'                 from \x1b[01m\x1b[K/home/shenhang/ros_study/chapter3/topic_practice_workspace/src/status_display/src/sys_status_display.cpp:4\x1b[m\x1b[K:\n'}
[5.875256] (status_display) StderrLine: {'line': b'\x1b[01m\x1b[K/usr/include/c++/11/ostream:192:7:\x1b[m\x1b[K \x1b[01;36m\x1b[Knote: \x1b[m\x1b[Kcandidate: \xe2\x80\x98\x1b[01m\x1b[Kstd::basic_ostream<_CharT, _Traits>::__ostream_type& std::basic_ostream<_CharT, _Traits>::operator<<(unsigned int) [with _CharT = char; _Traits = std::char_traits<char>; std::basic_ostream<_CharT, _Traits>::__ostream_type = std::basic_ostream<char>]\x1b[m\x1b[K\xe2\x80\x99\n'}
[5.875343] (status_display) StderrLine: {'line': b'  192 |       \x1b[01;36m\x1b[Koperator\x1b[m\x1b[K<<(unsigned int __n)\n'}
[5.875456] (status_display) StderrLine: {'line': b'      |       \x1b[01;36m\x1b[K^~~~~~~~\x1b[m\x1b[K\n'}
[5.875610] (status_display) StderrLine: {'line': b'\x1b[01m\x1b[K/usr/include/c++/11/ostream:192:31:\x1b[m\x1b[K \x1b[01;36m\x1b[Knote: \x1b[m\x1b[K  no known conversion for argument 1 from \xe2\x80\x98\x1b[01m\x1b[Kstatus_interfaces::msg::SystemStatus_<std::allocator<void> >::_stamp_type\x1b[m\x1b[K\xe2\x80\x99 {aka \xe2\x80\x98\x1b[01m\x1b[Kbuiltin_interfaces::msg::Time_<std::allocator<void> >\x1b[m\x1b[K\xe2\x80\x99} to \xe2\x80\x98\x1b[01m\x1b[Kunsigned int\x1b[m\x1b[K\xe2\x80\x99\n'}
[5.875705] (status_display) StderrLine: {'line': b'  192 |       operator<<(\x1b[01;36m\x1b[Kunsigned int __n\x1b[m\x1b[K)\n'}
[5.875789] (status_display) StderrLine: {'line': b'      |                  \x1b[01;36m\x1b[K~~~~~~~~~~~~~^~~\x1b[m\x1b[K\n'}
[5.875874] (status_display) StderrLine: {'line': b'\x1b[01m\x1b[K/usr/include/c++/11/ostream:201:7:\x1b[m\x1b[K \x1b[01;36m\x1b[Knote: \x1b[m\x1b[Kcandidate: \xe2\x80\x98\x1b[01m\x1b[Kstd::basic_ostream<_CharT, _Traits>::__ostream_type& std::basic_ostream<_CharT, _Traits>::operator<<(long long int) [with _CharT = char; _Traits = std::char_traits<char>; std::basic_ostream<_CharT, _Traits>::__ostream_type = std::basic_ostream<char>]\x1b[m\x1b[K\xe2\x80\x99\n'}
[5.875969] (status_display) StderrLine: {'line': b'  201 |       \x1b[01;36m\x1b[Koperator\x1b[m\x1b[K<<(long long __n)\n'}
[5.876053] (status_display) StderrLine: {'line': b'      |       \x1b[01;36m\x1b[K^~~~~~~~\x1b[m\x1b[K\n'}
[5.876178] (status_display) StderrLine: {'line': b'\x1b[01m\x1b[K/usr/include/c++/11/ostream:201:28:\x1b[m\x1b[K \x1b[01;36m\x1b[Knote: \x1b[m\x1b[K  no known conversion for argument 1 from \xe2\x80\x98\x1b[01m\x1b[Kstatus_interfaces::msg::SystemStatus_<std::allocator<void> >::_stamp_type\x1b[m\x1b[K\xe2\x80\x99 {aka \xe2\x80\x98\x1b[01m\x1b[Kbuiltin_interfaces::msg::Time_<std::allocator<void> >\x1b[m\x1b[K\xe2\x80\x99} to \xe2\x80\x98\x1b[01m\x1b[Klong long int\x1b[m\x1b[K\xe2\x80\x99\n'}
[5.876287] (status_display) StderrLine: {'line': b'  201 |       operator<<(\x1b[01;36m\x1b[Klong long __n\x1b[m\x1b[K)\n'}
[5.876373] (status_display) StderrLine: {'line': b'      |                  \x1b[01;36m\x1b[K~~~~~~~~~~^~~\x1b[m\x1b[K\n'}
[5.876484] (status_display) StderrLine: {'line': b'\x1b[01m\x1b[K/usr/include/c++/11/ostream:205:7:\x1b[m\x1b[K \x1b[01;36m\x1b[Knote: \x1b[m\x1b[Kcandidate: \xe2\x80\x98\x1b[01m\x1b[Kstd::basic_ostream<_CharT, _Traits>::__ostream_type& std::basic_ostream<_CharT, _Traits>::operator<<(long long unsigned int) [with _CharT = char; _Traits = std::char_traits<char>; std::basic_ostream<_CharT, _Traits>::__ostream_type = std::basic_ostream<char>]\x1b[m\x1b[K\xe2\x80\x99\n'}
[5.876639] (status_display) StderrLine: {'line': b'  205 |       \x1b[01;36m\x1b[Koperator\x1b[m\x1b[K<<(unsigned long long __n)\n'}
[5.876730] (status_display) StderrLine: {'line': b'      |       \x1b[01;36m\x1b[K^~~~~~~~\x1b[m\x1b[K\n'}
[5.876814] (status_display) StderrLine: {'line': b'\x1b[01m\x1b[K/usr/include/c++/11/ostream:205:37:\x1b[m\x1b[K \x1b[01;36m\x1b[Knote: \x1b[m\x1b[K  no known conversion for argument 1 from \xe2\x80\x98\x1b[01m\x1b[Kstatus_interfaces::msg::SystemStatus_<std::allocator<void> >::_stamp_type\x1b[m\x1b[K\xe2\x80\x99 {aka \xe2\x80\x98\x1b[01m\x1b[Kbuiltin_interfaces::msg::Time_<std::allocator<void> >\x1b[m\x1b[K\xe2\x80\x99} to \xe2\x80\x98\x1b[01m\x1b[Klong long unsigned int\x1b[m\x1b[K\xe2\x80\x99\n'}
[5.876900] (status_display) StderrLine: {'line': b'  205 |       operator<<(\x1b[01;36m\x1b[Kunsigned long long __n\x1b[m\x1b[K)\n'}
[5.876983] (status_display) StderrLine: {'line': b'      |                  \x1b[01;36m\x1b[K~~~~~~~~~~~~~~~~~~~^~~\x1b[m\x1b[K\n'}
[5.877066] (status_display) StderrLine: {'line': b'\x1b[01m\x1b[K/usr/include/c++/11/ostream:220:7:\x1b[m\x1b[K \x1b[01;36m\x1b[Knote: \x1b[m\x1b[Kcandidate: \xe2\x80\x98\x1b[01m\x1b[Kstd::basic_ostream<_CharT, _Traits>::__ostream_type& std::basic_ostream<_CharT, _Traits>::operator<<(double) [with _CharT = char; _Traits = std::char_traits<char>; std::basic_ostream<_CharT, _Traits>::__ostream_type = std::basic_ostream<char>]\x1b[m\x1b[K\xe2\x80\x99\n'}
[5.877158] (status_display) StderrLine: {'line': b'  220 |       \x1b[01;36m\x1b[Koperator\x1b[m\x1b[K<<(double __f)\n'}
[5.877243] (status_display) StderrLine: {'line': b'      |       \x1b[01;36m\x1b[K^~~~~~~~\x1b[m\x1b[K\n'}
[5.877330] (status_display) StderrLine: {'line': b'\x1b[01m\x1b[K/usr/include/c++/11/ostream:220:25:\x1b[m\x1b[K \x1b[01;36m\x1b[Knote: \x1b[m\x1b[K  no known conversion for argument 1 from \xe2\x80\x98\x1b[01m\x1b[Kstatus_interfaces::msg::SystemStatus_<std::allocator<void> >::_stamp_type\x1b[m\x1b[K\xe2\x80\x99 {aka \xe2\x80\x98\x1b[01m\x1b[Kbuiltin_interfaces::msg::Time_<std::allocator<void> >\x1b[m\x1b[K\xe2\x80\x99} to \xe2\x80\x98\x1b[01m\x1b[Kdouble\x1b[m\x1b[K\xe2\x80\x99\n'}
[5.877442] (status_display) StderrLine: {'line': b'  220 |       operator<<(\x1b[01;36m\x1b[Kdouble __f\x1b[m\x1b[K)\n'}
[5.877531] (status_display) StderrLine: {'line': b'      |                  \x1b[01;36m\x1b[K~~~~~~~^~~\x1b[m\x1b[K\n'}
[5.877665] (status_display) StderrLine: {'line': b'\x1b[01m\x1b[K/usr/include/c++/11/ostream:224:7:\x1b[m\x1b[K \x1b[01;36m\x1b[Knote: \x1b[m\x1b[Kcandidate: \xe2\x80\x98\x1b[01m\x1b[Kstd::basic_ostream<_CharT, _Traits>::__ostream_type& std::basic_ostream<_CharT, _Traits>::operator<<(float) [with _CharT = char; _Traits = std::char_traits<char>; std::basic_ostream<_CharT, _Traits>::__ostream_type = std::basic_ostream<char>]\x1b[m\x1b[K\xe2\x80\x99\n'}
[5.877755] (status_display) StderrLine: {'line': b'  224 |       \x1b[01;36m\x1b[Koperator\x1b[m\x1b[K<<(float __f)\n'}
[5.877840] (status_display) StderrLine: {'line': b'      |       \x1b[01;36m\x1b[K^~~~~~~~\x1b[m\x1b[K\n'}
[5.877923] (status_display) StderrLine: {'line': b'\x1b[01m\x1b[K/usr/include/c++/11/ostream:224:24:\x1b[m\x1b[K \x1b[01;36m\x1b[Knote: \x1b[m\x1b[K  no known conversion for argument 1 from \xe2\x80\x98\x1b[01m\x1b[Kstatus_interfaces::msg::SystemStatus_<std::allocator<void> >::_stamp_type\x1b[m\x1b[K\xe2\x80\x99 {aka \xe2\x80\x98\x1b[01m\x1b[Kbuiltin_interfaces::msg::Time_<std::allocator<void> >\x1b[m\x1b[K\xe2\x80\x99} to \xe2\x80\x98\x1b[01m\x1b[Kfloat\x1b[m\x1b[K\xe2\x80\x99\n'}
[5.878009] (status_display) StderrLine: {'line': b'  224 |       operator<<(\x1b[01;36m\x1b[Kfloat __f\x1b[m\x1b[K)\n'}
[5.878092] (status_display) StderrLine: {'line': b'      |                  \x1b[01;36m\x1b[K~~~~~~^~~\x1b[m\x1b[K\n'}
[5.878176] (status_display) StderrLine: {'line': b'\x1b[01m\x1b[K/usr/include/c++/11/ostream:232:7:\x1b[m\x1b[K \x1b[01;36m\x1b[Knote: \x1b[m\x1b[Kcandidate: \xe2\x80\x98\x1b[01m\x1b[Kstd::basic_ostream<_CharT, _Traits>::__ostream_type& std::basic_ostream<_CharT, _Traits>::operator<<(long double) [with _CharT = char; _Traits = std::char_traits<char>; std::basic_ostream<_CharT, _Traits>::__ostream_type = std::basic_ostream<char>]\x1b[m\x1b[K\xe2\x80\x99\n'}
[5.878269] (status_display) StderrLine: {'line': b'  232 |       \x1b[01;36m\x1b[Koperator\x1b[m\x1b[K<<(long double __f)\n'}
[5.878368] (status_display) StderrLine: {'line': b'      |       \x1b[01;36m\x1b[K^~~~~~~~\x1b[m\x1b[K\n'}
[5.878462] (status_display) StderrLine: {'line': b'\x1b[01m\x1b[K/usr/include/c++/11/ostream:232:30:\x1b[m\x1b[K \x1b[01;36m\x1b[Knote: \x1b[m\x1b[K  no known conversion for argument 1 from \xe2\x80\x98\x1b[01m\x1b[Kstatus_interfaces::msg::SystemStatus_<std::allocator<void> >::_stamp_type\x1b[m\x1b[K\xe2\x80\x99 {aka \xe2\x80\x98\x1b[01m\x1b[Kbuiltin_interfaces::msg::Time_<std::allocator<void> >\x1b[m\x1b[K\xe2\x80\x99} to \xe2\x80\x98\x1b[01m\x1b[Klong double\x1b[m\x1b[K\xe2\x80\x99\n'}
[5.878591] (status_display) StderrLine: {'line': b'  232 |       operator<<(\x1b[01;36m\x1b[Klong double __f\x1b[m\x1b[K)\n'}
[5.878683] (status_display) StderrLine: {'line': b'      |                  \x1b[01;36m\x1b[K~~~~~~~~~~~~^~~\x1b[m\x1b[K\n'}
[5.878772] (status_display) StderrLine: {'line': b'\x1b[01m\x1b[K/usr/include/c++/11/ostream:245:7:\x1b[m\x1b[K \x1b[01;36m\x1b[Knote: \x1b[m\x1b[Kcandidate: \xe2\x80\x98\x1b[01m\x1b[Kstd::basic_ostream<_CharT, _Traits>::__ostream_type& std::basic_ostream<_CharT, _Traits>::operator<<(const void*) [with _CharT = char; _Traits = std::char_traits<char>; std::basic_ostream<_CharT, _Traits>::__ostream_type = std::basic_ostream<char>]\x1b[m\x1b[K\xe2\x80\x99\n'}
[5.878859] (status_display) StderrLine: {'line': b'  245 |       \x1b[01;36m\x1b[Koperator\x1b[m\x1b[K<<(const void* __p)\n'}
[5.878943] (status_display) StderrLine: {'line': b'      |       \x1b[01;36m\x1b[K^~~~~~~~\x1b[m\x1b[K\n'}
[5.879025] (status_display) StderrLine: {'line': b'\x1b[01m\x1b[K/usr/include/c++/11/ostream:245:30:\x1b[m\x1b[K \x1b[01;36m\x1b[Knote: \x1b[m\x1b[K  no known conversion for argument 1 from \xe2\x80\x98\x1b[01m\x1b[Kstatus_interfaces::msg::SystemStatus_<std::allocator<void> >::_stamp_type\x1b[m\x1b[K\xe2\x80\x99 {aka \xe2\x80\x98\x1b[01m\x1b[Kbuiltin_interfaces::msg::Time_<std::allocator<void> >\x1b[m\x1b[K\xe2\x80\x99} to \xe2\x80\x98\x1b[01m\x1b[Kconst void*\x1b[m\x1b[K\xe2\x80\x99\n'}
[5.879116] (status_display) StderrLine: {'line': b'  245 |       operator<<(\x1b[01;36m\x1b[Kconst void* __p\x1b[m\x1b[K)\n'}
[5.879204] (status_display) StderrLine: {'line': b'      |                  \x1b[01;36m\x1b[K~~~~~~~~~~~~^~~\x1b[m\x1b[K\n'}
[5.879292] (status_display) StderrLine: {'line': b'\x1b[01m\x1b[K/usr/include/c++/11/ostream:250:7:\x1b[m\x1b[K \x1b[01;36m\x1b[Knote: \x1b[m\x1b[Kcandidate: \xe2\x80\x98\x1b[01m\x1b[Kstd::basic_ostream<_CharT, _Traits>::__ostream_type& std::basic_ostream<_CharT, _Traits>::operator<<(std::nullptr_t) [with _CharT = char; _Traits = std::char_traits<char>; std::basic_ostream<_CharT, _Traits>::__ostream_type = std::basic_ostream<char>; std::nullptr_t = std::nullptr_t]\x1b[m\x1b[K\xe2\x80\x99\n'}
[5.879410] (status_display) StderrLine: {'line': b'  250 |       \x1b[01;36m\x1b[Koperator\x1b[m\x1b[K<<(nullptr_t)\n'}
[5.879753] (status_display) StderrLine: {'line': b'      |       \x1b[01;36m\x1b[K^~~~~~~~\x1b[m\x1b[K\n'}
[5.879862] (status_display) StderrLine: {'line': b'\x1b[01m\x1b[K/usr/include/c++/11/ostream:250:18:\x1b[m\x1b[K \x1b[01;36m\x1b[Knote: \x1b[m\x1b[K  no known conversion for argument 1 from \xe2\x80\x98\x1b[01m\x1b[Kstatus_interfaces::msg::SystemStatus_<std::allocator<void> >::_stamp_type\x1b[m\x1b[K\xe2\x80\x99 {aka \xe2\x80\x98\x1b[01m\x1b[Kbuiltin_interfaces::msg::Time_<std::allocator<void> >\x1b[m\x1b[K\xe2\x80\x99} to \xe2\x80\x98\x1b[01m\x1b[Kstd::nullptr_t\x1b[m\x1b[K\xe2\x80\x99\n'}
[5.879962] (status_display) StderrLine: {'line': b'  250 |       operator<<(\x1b[01;36m\x1b[Knullptr_t\x1b[m\x1b[K)\n'}
[5.880047] (status_display) StderrLine: {'line': b'      |                  \x1b[01;36m\x1b[K^~~~~~~~~\x1b[m\x1b[K\n'}
[5.880131] (status_display) StderrLine: {'line': b'In file included from \x1b[01m\x1b[K/usr/include/c++/11/ostream:829\x1b[m\x1b[K,\n'}
[5.880217] (status_display) StderrLine: {'line': b'                 from \x1b[01m\x1b[K/usr/include/c++/11/iostream:39\x1b[m\x1b[K,\n'}
[5.880326] (status_display) StderrLine: {'line': b'                 from \x1b[01m\x1b[K/opt/ros/humble/include/rclcpp/rclcpp/executor.hpp:22\x1b[m\x1b[K,\n'}
[5.880526] (status_display) StderrLine: {'line': b'                 from \x1b[01m\x1b[K/opt/ros/humble/include/rclcpp/rclcpp/executors/multi_threaded_executor.hpp:25\x1b[m\x1b[K,\n'}
[5.880665] (status_display) StderrLine: {'line': b'                 from \x1b[01m\x1b[K/opt/ros/humble/include/rclcpp/rclcpp/executors.hpp:21\x1b[m\x1b[K,\n'}
[5.880755] (status_display) StderrLine: {'line': b'                 from \x1b[01m\x1b[K/opt/ros/humble/include/rclcpp/rclcpp/rclcpp.hpp:155\x1b[m\x1b[K,\n'}
[5.880844] (status_display) StderrLine: {'line': b'                 from \x1b[01m\x1b[K/home/shenhang/ros_study/chapter3/topic_practice_workspace/src/status_display/src/sys_status_display.cpp:4\x1b[m\x1b[K:\n'}
[5.880931] (status_display) StderrLine: {'line': b'\x1b[01m\x1b[K/usr/include/c++/11/bits/ostream.tcc:119:5:\x1b[m\x1b[K \x1b[01;36m\x1b[Knote: \x1b[m\x1b[Kcandidate: \xe2\x80\x98\x1b[01m\x1b[Kstd::basic_ostream<_CharT, _Traits>& std::basic_ostream<_CharT, _Traits>::operator<<(std::basic_ostream<_CharT, _Traits>::__streambuf_type*) [with _CharT = char; _Traits = std::char_traits<char>; std::basic_ostream<_CharT, _Traits>::__streambuf_type = std::basic_streambuf<char>]\x1b[m\x1b[K\xe2\x80\x99\n'}
[5.881020] (status_display) StderrLine: {'line': b'  119 |     \x1b[01;36m\x1b[Kbasic_ostream<_CharT, _Traits>\x1b[m\x1b[K::\n'}
[5.881104] (status_display) StderrLine: {'line': b'      |     \x1b[01;36m\x1b[K^~~~~~~~~~~~~~~~~~~~~~~~~~~~~~\x1b[m\x1b[K\n'}
[5.881187] (status_display) StderrLine: {'line': b'\x1b[01m\x1b[K/usr/include/c++/11/bits/ostream.tcc:120:34:\x1b[m\x1b[K \x1b[01;36m\x1b[Knote: \x1b[m\x1b[K  no known conversion for argument 1 from \xe2\x80\x98\x1b[01m\x1b[Kstatus_interfaces::msg::SystemStatus_<std::allocator<void> >::_stamp_type\x1b[m\x1b[K\xe2\x80\x99 {aka \xe2\x80\x98\x1b[01m\x1b[Kbuiltin_interfaces::msg::Time_<std::allocator<void> >\x1b[m\x1b[K\xe2\x80\x99} to \xe2\x80\x98\x1b[01m\x1b[Kstd::basic_ostream<char>::__streambuf_type*\x1b[m\x1b[K\xe2\x80\x99 {aka \xe2\x80\x98\x1b[01m\x1b[Kstd::basic_streambuf<char>*\x1b[m\x1b[K\xe2\x80\x99}\n'}
[5.881301] (status_display) StderrLine: {'line': b'  120 |     operator<<(\x1b[01;36m\x1b[K__streambuf_type* __sbin\x1b[m\x1b[K)\n'}
[5.881398] (status_display) StderrLine: {'line': b'      |                \x1b[01;36m\x1b[K~~~~~~~~~~~~~~~~~~^~~~~~\x1b[m\x1b[K\n'}
[5.881490] (status_display) StderrLine: {'line': b'In file included from \x1b[01m\x1b[K/usr/include/x86_64-linux-gnu/qt5/QtGui/qregion.h:49\x1b[m\x1b[K,\n'}
[5.881727] (status_display) StderrLine: {'line': b'                 from \x1b[01m\x1b[K/usr/include/x86_64-linux-gnu/qt5/QtGui/qmatrix.h:45\x1b[m\x1b[K,\n'}
[5.881832] (status_display) StderrLine: {'line': b'                 from \x1b[01m\x1b[K/usr/include/x86_64-linux-gnu/qt5/QtGui/qbrush.h:49\x1b[m\x1b[K,\n'}
[5.881933] (status_display) StderrLine: {'line': b'                 from \x1b[01m\x1b[K/usr/include/x86_64-linux-gnu/qt5/QtGui/qpalette.h:46\x1b[m\x1b[K,\n'}
[5.882049] (status_display) StderrLine: {'line': b'                 from \x1b[01m\x1b[K/usr/include/x86_64-linux-gnu/qt5/QtWidgets/qwidget.h:48\x1b[m\x1b[K,\n'}
[5.882150] (status_display) StderrLine: {'line': b'                 from \x1b[01m\x1b[K/usr/include/x86_64-linux-gnu/qt5/QtWidgets/qframe.h:44\x1b[m\x1b[K,\n'}
[5.882243] (status_display) StderrLine: {'line': b'                 from \x1b[01m\x1b[K/usr/include/x86_64-linux-gnu/qt5/QtWidgets/qlabel.h:44\x1b[m\x1b[K,\n'}
[5.882363] (status_display) StderrLine: {'line': b'                 from \x1b[01m\x1b[K/usr/include/x86_64-linux-gnu/qt5/QtWidgets/QLabel:1\x1b[m\x1b[K,\n'}
[5.882449] (status_display) StderrLine: {'line': b'                 from \x1b[01m\x1b[K/home/shenhang/ros_study/chapter3/topic_practice_workspace/src/status_display/src/sys_status_display.cpp:2\x1b[m\x1b[K:\n'}
[5.882584] (status_display) StderrLine: {'line': b'\x1b[01m\x1b[K/usr/include/x86_64-linux-gnu/qt5/QtCore/qdatastream.h:405:21:\x1b[m\x1b[K \x1b[01;36m\x1b[Knote: \x1b[m\x1b[Kcandidate: \xe2\x80\x98\x1b[01m\x1b[Ktemplate<class E> QDataStream& operator<<(QDataStream&, QFlags<T>)\x1b[m\x1b[K\xe2\x80\x99\n'}
[5.882717] (status_display) StderrLine: {'line': b'  405 | inline QDataStream &\x1b[01;36m\x1b[Koperator\x1b[m\x1b[K<<(QDataStream &s, QFlags<Enum> e)\n'}
[5.882805] (status_display) StderrLine: {'line': b'      |                     \x1b[01;36m\x1b[K^~~~~~~~\x1b[m\x1b[K\n'}
[5.882889] (status_display) StderrLine: {'line': b'\x1b[01m\x1b[K/usr/include/x86_64-linux-gnu/qt5/QtCore/qdatastream.h:405:21:\x1b[m\x1b[K \x1b[01;36m\x1b[Knote: \x1b[m\x1b[K  template argument deduction/substitution failed:\n'}
[5.884423] (status_display) StderrLine: {'line': b'\x1b[01m\x1b[K/home/shenhang/ros_study/chapter3/topic_practice_workspace/src/status_display/src/sys_status_display.cpp:19:42:\x1b[m\x1b[K \x1b[01;36m\x1b[Knote: \x1b[m\x1b[K  \xe2\x80\x98\x1b[01m\x1b[Kbuiltin_interfaces::msg::Time_<std::allocator<void> >\x1b[m\x1b[K\xe2\x80\x99 is not derived from \xe2\x80\x98\x1b[01m\x1b[KQFlags<T>\x1b[m\x1b[K\xe2\x80\x99\n'}
[5.884512] (status_display) StderrLine: {'line': b'   19 |                  << "\xe6\x95\xb0\xe6\x8d\xae\xe6\x97\xb6\xe9\x97\xb4: " << msg->\x1b[01;36m\x1b[Kstamp\x1b[m\x1b[K << " s\\n"\n'}
[5.884640] (status_display) StderrLine: {'line': b'      |                                          \x1b[01;36m\x1b[K^~~~~\x1b[m\x1b[K\n'}
[5.884733] (status_display) StderrLine: {'line': b'In file included from \x1b[01m\x1b[K/usr/include/x86_64-linux-gnu/qt5/QtGui/qregion.h:49\x1b[m\x1b[K,\n'}
[5.884817] (status_display) StderrLine: {'line': b'                 from \x1b[01m\x1b[K/usr/include/x86_64-linux-gnu/qt5/QtGui/qmatrix.h:45\x1b[m\x1b[K,\n'}
[5.884900] (status_display) StderrLine: {'line': b'                 from \x1b[01m\x1b[K/usr/include/x86_64-linux-gnu/qt5/QtGui/qbrush.h:49\x1b[m\x1b[K,\n'}
[5.884982] (status_display) StderrLine: {'line': b'                 from \x1b[01m\x1b[K/usr/include/x86_64-linux-gnu/qt5/QtGui/qpalette.h:46\x1b[m\x1b[K,\n'}
[5.885065] (status_display) StderrLine: {'line': b'                 from \x1b[01m\x1b[K/usr/include/x86_64-linux-gnu/qt5/QtWidgets/qwidget.h:48\x1b[m\x1b[K,\n'}
[5.885163] (status_display) StderrLine: {'line': b'                 from \x1b[01m\x1b[K/usr/include/x86_64-linux-gnu/qt5/QtWidgets/qframe.h:44\x1b[m\x1b[K,\n'}
[5.885293] (status_display) StderrLine: {'line': b'                 from \x1b[01m\x1b[K/usr/include/x86_64-linux-gnu/qt5/QtWidgets/qlabel.h:44\x1b[m\x1b[K,\n'}
[5.885379] (status_display) StderrLine: {'line': b'                 from \x1b[01m\x1b[K/usr/include/x86_64-linux-gnu/qt5/QtWidgets/QLabel:1\x1b[m\x1b[K,\n'}
[5.885468] (status_display) StderrLine: {'line': b'                 from \x1b[01m\x1b[K/home/shenhang/ros_study/chapter3/topic_practice_workspace/src/status_display/src/sys_status_display.cpp:2\x1b[m\x1b[K:\n'}
[5.885584] (status_display) StderrLine: {'line': b'\x1b[01m\x1b[K/usr/include/x86_64-linux-gnu/qt5/QtCore/qdatastream.h:414:1:\x1b[m\x1b[K \x1b[01;36m\x1b[Knote: \x1b[m\x1b[Kcandidate: \xe2\x80\x98\x1b[01m\x1b[Ktemplate<class T> typename std::enable_if<std::is_enum<_Tp>::value, QDataStream&>::type& operator<<(QDataStream&, const T&)\x1b[m\x1b[K\xe2\x80\x99\n'}
[5.885689] (status_display) StderrLine: {'line': b'  414 | \x1b[01;36m\x1b[Koperator\x1b[m\x1b[K<<(QDataStream &s, const T &t)\n'}
[5.885773] (status_display) StderrLine: {'line': b'      | \x1b[01;36m\x1b[K^~~~~~~~\x1b[m\x1b[K\n'}
[5.885855] (status_display) StderrLine: {'line': b'\x1b[01m\x1b[K/usr/include/x86_64-linux-gnu/qt5/QtCore/qdatastream.h:414:1:\x1b[m\x1b[K \x1b[01;36m\x1b[Knote: \x1b[m\x1b[K  template argument deduction/substitution failed:\n'}
[5.885939] (status_display) StderrLine: {'line': b'\x1b[01m\x1b[K/home/shenhang/ros_study/chapter3/topic_practice_workspace/src/status_display/src/sys_status_display.cpp:19:18:\x1b[m\x1b[K \x1b[01;36m\x1b[Knote: \x1b[m\x1b[K  cannot convert \xe2\x80\x98\x1b[01m\x1b[Kstd::operator<< <std::char_traits<char> >((* & std::operator<< <std::char_traits<char> >(show_str.std::__cxx11::basic_stringstream<char>::<anonymous>.std::basic_iostream<char>::<anonymous>, ((const char*)"==================\\37777777747\\37777777663\\37777777673\\37777777747\\37777777673\\37777777637\\37777777747\\37777777612\\37777777666\\37777777746\\37777777600\\37777777601\\37777777746\\37777777630\\37777777676\\37777777747\\37777777644\\37777777672======================\\012"))), ((const char*)"\\37777777746\\37777777625\\37777777660\\37777777746\\37777777615\\37777777656\\37777777746\\37777777627\\37777777666\\37777777751\\37777777627\\37777777664: "))\x1b[m\x1b[K\xe2\x80\x99 (type \xe2\x80\x98\x1b[01m\x1b[Kstd::basic_ostream<char>\x1b[m\x1b[K\xe2\x80\x99) to type \xe2\x80\x98\x1b[01m\x1b[KQDataStream&\x1b[m\x1b[K\xe2\x80\x99\n'}
[5.886027] (status_display) StderrLine: {'line': b'   18 |         \x1b[01;36m\x1b[Kshow_str << "==================\xe7\xb3\xbb\xe7\xbb\x9f\xe7\x8a\xb6\xe6\x80\x81\xe6\x98\xbe\xe7\xa4\xba======================\\n"\x1b[m\x1b[K\n'}
[5.886115] (status_display) StderrLine: {'line': b'      |         \x1b[01;36m\x1b[K~~~~~~~~~~~~~~~~~~~~~~~~~~~~~~~~~~~~~~~~~~~~~~~~~~~~~~~~~~~~~~~~~~~~\x1b[m\x1b[K\n'}
[5.886223] (status_display) StderrLine: {'line': b'   19 | \x1b[01;36m\x1b[K                 << "\xe6\x95\xb0\xe6\x8d\xae\xe6\x97\xb6\xe9\x97\xb4: "\x1b[m\x1b[K << msg->stamp << " s\\n"\n'}
[5.886310] (status_display) StderrLine: {'line': b'      |                  \x1b[01;36m\x1b[K^~~~~~~~~~~~~~~\x1b[m\x1b[K\n'}
[5.886393] (status_display) StderrLine: {'line': b'In file included from \x1b[01m\x1b[K/usr/include/x86_64-linux-gnu/qt5/QtGui/qregion.h:49\x1b[m\x1b[K,\n'}
[5.886476] (status_display) StderrLine: {'line': b'                 from \x1b[01m\x1b[K/usr/include/x86_64-linux-gnu/qt5/QtGui/qmatrix.h:45\x1b[m\x1b[K,\n'}
[5.886601] (status_display) StderrLine: {'line': b'                 from \x1b[01m\x1b[K/usr/include/x86_64-linux-gnu/qt5/QtGui/qbrush.h:49\x1b[m\x1b[K,\n'}
[5.886689] (status_display) StderrLine: {'line': b'                 from \x1b[01m\x1b[K/usr/include/x86_64-linux-gnu/qt5/QtGui/qpalette.h:46\x1b[m\x1b[K,\n'}
[5.886775] (status_display) StderrLine: {'line': b'                 from \x1b[01m\x1b[K/usr/include/x86_64-linux-gnu/qt5/QtWidgets/qwidget.h:48\x1b[m\x1b[K,\n'}
[5.886863] (status_display) StderrLine: {'line': b'                 from \x1b[01m\x1b[K/usr/include/x86_64-linux-gnu/qt5/QtWidgets/qframe.h:44\x1b[m\x1b[K,\n'}
[5.886946] (status_display) StderrLine: {'line': b'                 from \x1b[01m\x1b[K/usr/include/x86_64-linux-gnu/qt5/QtWidgets/qlabel.h:44\x1b[m\x1b[K,\n'}
[5.887028] (status_display) StderrLine: {'line': b'                 from \x1b[01m\x1b[K/usr/include/x86_64-linux-gnu/qt5/QtWidgets/QLabel:1\x1b[m\x1b[K,\n'}
[5.887111] (status_display) StderrLine: {'line': b'                 from \x1b[01m\x1b[K/home/shenhang/ros_study/chapter3/topic_practice_workspace/src/status_display/src/sys_status_display.cpp:2\x1b[m\x1b[K:\n'}
[5.887219] (status_display) StderrLine: {'line': b'\x1b[01m\x1b[K/usr/include/x86_64-linux-gnu/qt5/QtCore/qdatastream.h:429:21:\x1b[m\x1b[K \x1b[01;36m\x1b[Knote: \x1b[m\x1b[Kcandidate: \xe2\x80\x98\x1b[01m\x1b[Ktemplate<class T> QDataStream& operator<<(QDataStream&, const QList<T>&)\x1b[m\x1b[K\xe2\x80\x99\n'}
[5.887306] (status_display) StderrLine: {'line': b'  429 | inline QDataStream &\x1b[01;36m\x1b[Koperator\x1b[m\x1b[K<<(QDataStream &s, const QList<T> &l)\n'}
[5.887390] (status_display) StderrLine: {'line': b'      |                     \x1b[01;36m\x1b[K^~~~~~~~\x1b[m\x1b[K\n'}
[5.887471] (status_display) StderrLine: {'line': b'\x1b[01m\x1b[K/usr/include/x86_64-linux-gnu/qt5/QtCore/qdatastream.h:429:21:\x1b[m\x1b[K \x1b[01;36m\x1b[Knote: \x1b[m\x1b[K  template argument deduction/substitution failed:\n'}
[5.889235] (status_display) StderrLine: {'line': b'\x1b[01m\x1b[K/home/shenhang/ros_study/chapter3/topic_practice_workspace/src/status_display/src/sys_status_display.cpp:19:42:\x1b[m\x1b[K \x1b[01;36m\x1b[Knote: \x1b[m\x1b[K  \xe2\x80\x98\x1b[01m\x1b[Kstatus_interfaces::msg::SystemStatus_<std::allocator<void> >::_stamp_type\x1b[m\x1b[K\xe2\x80\x99 {aka \xe2\x80\x98\x1b[01m\x1b[Kbuiltin_interfaces::msg::Time_<std::allocator<void> >\x1b[m\x1b[K\xe2\x80\x99} is not derived from \xe2\x80\x98\x1b[01m\x1b[Kconst QList<T>\x1b[m\x1b[K\xe2\x80\x99\n'}
[5.889333] (status_display) StderrLine: {'line': b'   19 |                  << "\xe6\x95\xb0\xe6\x8d\xae\xe6\x97\xb6\xe9\x97\xb4: " << msg->\x1b[01;36m\x1b[Kstamp\x1b[m\x1b[K << " s\\n"\n'}
[5.889419] (status_display) StderrLine: {'line': b'      |                                          \x1b[01;36m\x1b[K^~~~~\x1b[m\x1b[K\n'}
[5.889515] (status_display) StderrLine: {'line': b'In file included from \x1b[01m\x1b[K/usr/include/x86_64-linux-gnu/qt5/QtGui/qregion.h:49\x1b[m\x1b[K,\n'}
[5.889641] (status_display) StderrLine: {'line': b'                 from \x1b[01m\x1b[K/usr/include/x86_64-linux-gnu/qt5/QtGui/qmatrix.h:45\x1b[m\x1b[K,\n'}
[5.889725] (status_display) StderrLine: {'line': b'                 from \x1b[01m\x1b[K/usr/include/x86_64-linux-gnu/qt5/QtGui/qbrush.h:49\x1b[m\x1b[K,\n'}
[5.889814] (status_display) StderrLine: {'line': b'                 from \x1b[01m\x1b[K/usr/include/x86_64-linux-gnu/qt5/QtGui/qpalette.h:46\x1b[m\x1b[K,\n'}
[5.889900] (status_display) StderrLine: {'line': b'                 from \x1b[01m\x1b[K/usr/include/x86_64-linux-gnu/qt5/QtWidgets/qwidget.h:48\x1b[m\x1b[K,\n'}
[5.889982] (status_display) StderrLine: {'line': b'                 from \x1b[01m\x1b[K/usr/include/x86_64-linux-gnu/qt5/QtWidgets/qframe.h:44\x1b[m\x1b[K,\n'}
[5.890080] (status_display) StderrLine: {'line': b'                 from \x1b[01m\x1b[K/usr/include/x86_64-linux-gnu/qt5/QtWidgets/qlabel.h:44\x1b[m\x1b[K,\n'}
[5.890173] (status_display) StderrLine: {'line': b'                 from \x1b[01m\x1b[K/usr/include/x86_64-linux-gnu/qt5/QtWidgets/QLabel:1\x1b[m\x1b[K,\n'}
[5.890256] (status_display) StderrLine: {'line': b'                 from \x1b[01m\x1b[K/home/shenhang/ros_study/chapter3/topic_practice_workspace/src/status_display/src/sys_status_display.cpp:2\x1b[m\x1b[K:\n'}
[5.890339] (status_display) StderrLine: {'line': b'\x1b[01m\x1b[K/usr/include/x86_64-linux-gnu/qt5/QtCore/qdatastream.h:441:21:\x1b[m\x1b[K \x1b[01;36m\x1b[Knote: \x1b[m\x1b[Kcandidate: \xe2\x80\x98\x1b[01m\x1b[Ktemplate<class T> QDataStream& operator<<(QDataStream&, const QVector<T>&)\x1b[m\x1b[K\xe2\x80\x99\n'}
[5.890428] (status_display) StderrLine: {'line': b'  441 | inline QDataStream &\x1b[01;36m\x1b[Koperator\x1b[m\x1b[K<<(QDataStream &s, const QVector<T> &v)\n'}
[5.890514] (status_display) StderrLine: {'line': b'      |                     \x1b[01;36m\x1b[K^~~~~~~~\x1b[m\x1b[K\n'}
[5.890638] (status_display) StderrLine: {'line': b'\x1b[01m\x1b[K/usr/include/x86_64-linux-gnu/qt5/QtCore/qdatastream.h:441:21:\x1b[m\x1b[K \x1b[01;36m\x1b[Knote: \x1b[m\x1b[K  template argument deduction/substitution failed:\n'}
[5.890726] (status_display) StderrLine: {'line': b'\x1b[01m\x1b[K/home/shenhang/ros_study/chapter3/topic_practice_workspace/src/status_display/src/sys_status_display.cpp:19:42:\x1b[m\x1b[K \x1b[01;36m\x1b[Knote: \x1b[m\x1b[K  \xe2\x80\x98\x1b[01m\x1b[Kstatus_interfaces::msg::SystemStatus_<std::allocator<void> >::_stamp_type\x1b[m\x1b[K\xe2\x80\x99 {aka \xe2\x80\x98\x1b[01m\x1b[Kbuiltin_interfaces::msg::Time_<std::allocator<void> >\x1b[m\x1b[K\xe2\x80\x99} is not derived from \xe2\x80\x98\x1b[01m\x1b[Kconst QVector<T>\x1b[m\x1b[K\xe2\x80\x99\n'}
[5.890819] (status_display) StderrLine: {'line': b'   19 |                  << "\xe6\x95\xb0\xe6\x8d\xae\xe6\x97\xb6\xe9\x97\xb4: " << msg->\x1b[01;36m\x1b[Kstamp\x1b[m\x1b[K << " s\\n"\n'}
[5.890902] (status_display) StderrLine: {'line': b'      |                                          \x1b[01;36m\x1b[K^~~~~\x1b[m\x1b[K\n'}
[5.890985] (status_display) StderrLine: {'line': b'In file included from \x1b[01m\x1b[K/usr/include/x86_64-linux-gnu/qt5/QtGui/qregion.h:49\x1b[m\x1b[K,\n'}
[5.891091] (status_display) StderrLine: {'line': b'                 from \x1b[01m\x1b[K/usr/include/x86_64-linux-gnu/qt5/QtGui/qmatrix.h:45\x1b[m\x1b[K,\n'}
[5.891176] (status_display) StderrLine: {'line': b'                 from \x1b[01m\x1b[K/usr/include/x86_64-linux-gnu/qt5/QtGui/qbrush.h:49\x1b[m\x1b[K,\n'}
[5.891258] (status_display) StderrLine: {'line': b'                 from \x1b[01m\x1b[K/usr/include/x86_64-linux-gnu/qt5/QtGui/qpalette.h:46\x1b[m\x1b[K,\n'}
[5.891342] (status_display) StderrLine: {'line': b'                 from \x1b[01m\x1b[K/usr/include/x86_64-linux-gnu/qt5/QtWidgets/qwidget.h:48\x1b[m\x1b[K,\n'}
[5.891424] (status_display) StderrLine: {'line': b'                 from \x1b[01m\x1b[K/usr/include/x86_64-linux-gnu/qt5/QtWidgets/qframe.h:44\x1b[m\x1b[K,\n'}
[5.893483] (status_display) StderrLine: {'line': b'                 from \x1b[01m\x1b[K/usr/include/x86_64-linux-gnu/qt5/QtWidgets/qlabel.h:44\x1b[m\x1b[K,\n'}
[5.893628] (status_display) StderrLine: {'line': b'                 from \x1b[01m\x1b[K/usr/include/x86_64-linux-gnu/qt5/QtWidgets/QLabel:1\x1b[m\x1b[K,\n'}
[5.893719] (status_display) StderrLine: {'line': b'                 from \x1b[01m\x1b[K/home/shenhang/ros_study/chapter3/topic_practice_workspace/src/status_display/src/sys_status_display.cpp:2\x1b[m\x1b[K:\n'}
[5.893803] (status_display) StderrLine: {'line': b'\x1b[01m\x1b[K/usr/include/x86_64-linux-gnu/qt5/QtCore/qdatastream.h:453:21:\x1b[m\x1b[K \x1b[01;36m\x1b[Knote: \x1b[m\x1b[Kcandidate: \xe2\x80\x98\x1b[01m\x1b[Ktemplate<class T> QDataStream& operator<<(QDataStream&, const QSet<T>&)\x1b[m\x1b[K\xe2\x80\x99\n'}
[5.893887] (status_display) StderrLine: {'line': b'  453 | inline QDataStream &\x1b[01;36m\x1b[Koperator\x1b[m\x1b[K<<(QDataStream &s, const QSet<T> &set)\n'}
[5.893987] (status_display) StderrLine: {'line': b'      |                     \x1b[01;36m\x1b[K^~~~~~~~\x1b[m\x1b[K\n'}
[5.894081] (status_display) StderrLine: {'line': b'\x1b[01m\x1b[K/usr/include/x86_64-linux-gnu/qt5/QtCore/qdatastream.h:453:21:\x1b[m\x1b[K \x1b[01;36m\x1b[Knote: \x1b[m\x1b[K  template argument deduction/substitution failed:\n'}
[5.894163] (status_display) StderrLine: {'line': b'\x1b[01m\x1b[K/home/shenhang/ros_study/chapter3/topic_practice_workspace/src/status_display/src/sys_status_display.cpp:19:42:\x1b[m\x1b[K \x1b[01;36m\x1b[Knote: \x1b[m\x1b[K  \xe2\x80\x98\x1b[01m\x1b[Kstatus_interfaces::msg::SystemStatus_<std::allocator<void> >::_stamp_type\x1b[m\x1b[K\xe2\x80\x99 {aka \xe2\x80\x98\x1b[01m\x1b[Kbuiltin_interfaces::msg::Time_<std::allocator<void> >\x1b[m\x1b[K\xe2\x80\x99} is not derived from \xe2\x80\x98\x1b[01m\x1b[Kconst QSet<T>\x1b[m\x1b[K\xe2\x80\x99\n'}
[5.894256] (status_display) StderrLine: {'line': b'   19 |                  << "\xe6\x95\xb0\xe6\x8d\xae\xe6\x97\xb6\xe9\x97\xb4: " << msg->\x1b[01;36m\x1b[Kstamp\x1b[m\x1b[K << " s\\n"\n'}
[5.894340] (status_display) StderrLine: {'line': b'      |                                          \x1b[01;36m\x1b[K^~~~~\x1b[m\x1b[K\n'}
[5.894427] (status_display) StderrLine: {'line': b'In file included from \x1b[01m\x1b[K/usr/include/x86_64-linux-gnu/qt5/QtGui/qregion.h:49\x1b[m\x1b[K,\n'}
[5.894514] (status_display) StderrLine: {'line': b'                 from \x1b[01m\x1b[K/usr/include/x86_64-linux-gnu/qt5/QtGui/qmatrix.h:45\x1b[m\x1b[K,\n'}
[5.894636] (status_display) StderrLine: {'line': b'                 from \x1b[01m\x1b[K/usr/include/x86_64-linux-gnu/qt5/QtGui/qbrush.h:49\x1b[m\x1b[K,\n'}
[5.894736] (status_display) StderrLine: {'line': b'                 from \x1b[01m\x1b[K/usr/include/x86_64-linux-gnu/qt5/QtGui/qpalette.h:46\x1b[m\x1b[K,\n'}
[5.894823] (status_display) StderrLine: {'line': b'                 from \x1b[01m\x1b[K/usr/include/x86_64-linux-gnu/qt5/QtWidgets/qwidget.h:48\x1b[m\x1b[K,\n'}
[5.894915] (status_display) StderrLine: {'line': b'                 from \x1b[01m\x1b[K/usr/include/x86_64-linux-gnu/qt5/QtWidgets/qframe.h:44\x1b[m\x1b[K,\n'}
[5.895022] (status_display) StderrLine: {'line': b'                 from \x1b[01m\x1b[K/usr/include/x86_64-linux-gnu/qt5/QtWidgets/qlabel.h:44\x1b[m\x1b[K,\n'}
[5.895107] (status_display) StderrLine: {'line': b'                 from \x1b[01m\x1b[K/usr/include/x86_64-linux-gnu/qt5/QtWidgets/QLabel:1\x1b[m\x1b[K,\n'}
[5.895190] (status_display) StderrLine: {'line': b'                 from \x1b[01m\x1b[K/home/shenhang/ros_study/chapter3/topic_practice_workspace/src/status_display/src/sys_status_display.cpp:2\x1b[m\x1b[K:\n'}
[5.895273] (status_display) StderrLine: {'line': b'\x1b[01m\x1b[K/usr/include/x86_64-linux-gnu/qt5/QtCore/qdatastream.h:465:21:\x1b[m\x1b[K \x1b[01;36m\x1b[Knote: \x1b[m\x1b[Kcandidate: \xe2\x80\x98\x1b[01m\x1b[Ktemplate<class Key, class T> QDataStream& operator<<(QDataStream&, const QHash<K, V>&)\x1b[m\x1b[K\xe2\x80\x99\n'}
[5.895358] (status_display) StderrLine: {'line': b'  465 | inline QDataStream &\x1b[01;36m\x1b[Koperator\x1b[m\x1b[K<<(QDataStream &s, const QHash<Key, T> &hash)\n'}
[5.895441] (status_display) StderrLine: {'line': b'      |                     \x1b[01;36m\x1b[K^~~~~~~~\x1b[m\x1b[K\n'}
[5.895552] (status_display) StderrLine: {'line': b'\x1b[01m\x1b[K/usr/include/x86_64-linux-gnu/qt5/QtCore/qdatastream.h:465:21:\x1b[m\x1b[K \x1b[01;36m\x1b[Knote: \x1b[m\x1b[K  template argument deduction/substitution failed:\n'}
[5.895654] (status_display) StderrLine: {'line': b'\x1b[01m\x1b[K/home/shenhang/ros_study/chapter3/topic_practice_workspace/src/status_display/src/sys_status_display.cpp:19:42:\x1b[m\x1b[K \x1b[01;36m\x1b[Knote: \x1b[m\x1b[K  \xe2\x80\x98\x1b[01m\x1b[Kstatus_interfaces::msg::SystemStatus_<std::allocator<void> >::_stamp_type\x1b[m\x1b[K\xe2\x80\x99 {aka \xe2\x80\x98\x1b[01m\x1b[Kbuiltin_interfaces::msg::Time_<std::allocator<void> >\x1b[m\x1b[K\xe2\x80\x99} is not derived from \xe2\x80\x98\x1b[01m\x1b[Kconst QHash<K, V>\x1b[m\x1b[K\xe2\x80\x99\n'}
[5.895747] (status_display) StderrLine: {'line': b'   19 |                  << "\xe6\x95\xb0\xe6\x8d\xae\xe6\x97\xb6\xe9\x97\xb4: " << msg->\x1b[01;36m\x1b[Kstamp\x1b[m\x1b[K << " s\\n"\n'}
[5.895830] (status_display) StderrLine: {'line': b'      |                                          \x1b[01;36m\x1b[K^~~~~\x1b[m\x1b[K\n'}
[5.895932] (status_display) StderrLine: {'line': b'In file included from \x1b[01m\x1b[K/usr/include/x86_64-linux-gnu/qt5/QtGui/qregion.h:49\x1b[m\x1b[K,\n'}
[5.896085] (status_display) StderrLine: {'line': b'                 from \x1b[01m\x1b[K/usr/include/x86_64-linux-gnu/qt5/QtGui/qmatrix.h:45\x1b[m\x1b[K,\n'}
[5.896201] (status_display) StderrLine: {'line': b'                 from \x1b[01m\x1b[K/usr/include/x86_64-linux-gnu/qt5/QtGui/qbrush.h:49\x1b[m\x1b[K,\n'}
[5.896306] (status_display) StderrLine: {'line': b'                 from \x1b[01m\x1b[K/usr/include/x86_64-linux-gnu/qt5/QtGui/qpalette.h:46\x1b[m\x1b[K,\n'}
[5.896394] (status_display) StderrLine: {'line': b'                 from \x1b[01m\x1b[K/usr/include/x86_64-linux-gnu/qt5/QtWidgets/qwidget.h:48\x1b[m\x1b[K,\n'}
[5.896477] (status_display) StderrLine: {'line': b'                 from \x1b[01m\x1b[K/usr/include/x86_64-linux-gnu/qt5/QtWidgets/qframe.h:44\x1b[m\x1b[K,\n'}
[5.896766] (status_display) StderrLine: {'line': b'                 from \x1b[01m\x1b[K/usr/include/x86_64-linux-gnu/qt5/QtWidgets/qlabel.h:44\x1b[m\x1b[K,\n'}
[5.898484] (status_display) StderrLine: {'line': b'                 from \x1b[01m\x1b[K/usr/include/x86_64-linux-gnu/qt5/QtWidgets/QLabel:1\x1b[m\x1b[K,\n'}
[5.898627] (status_display) StderrLine: {'line': b'                 from \x1b[01m\x1b[K/home/shenhang/ros_study/chapter3/topic_practice_workspace/src/status_display/src/sys_status_display.cpp:2\x1b[m\x1b[K:\n'}
[5.898739] (status_display) StderrLine: {'line': b'\x1b[01m\x1b[K/usr/include/x86_64-linux-gnu/qt5/QtCore/qdatastream.h:477:21:\x1b[m\x1b[K \x1b[01;36m\x1b[Knote: \x1b[m\x1b[Kcandidate: \xe2\x80\x98\x1b[01m\x1b[Ktemplate<class Key, class T> QDataStream& operator<<(QDataStream&, const QMap<K, V>&)\x1b[m\x1b[K\xe2\x80\x99\n'}
[5.898825] (status_display) StderrLine: {'line': b'  477 | inline QDataStream &\x1b[01;36m\x1b[Koperator\x1b[m\x1b[K<<(QDataStream &s, const QMap<Key, T> &map)\n'}
[5.898933] (status_display) StderrLine: {'line': b'      |                     \x1b[01;36m\x1b[K^~~~~~~~\x1b[m\x1b[K\n'}
[5.899019] (status_display) StderrLine: {'line': b'\x1b[01m\x1b[K/usr/include/x86_64-linux-gnu/qt5/QtCore/qdatastream.h:477:21:\x1b[m\x1b[K \x1b[01;36m\x1b[Knote: \x1b[m\x1b[K  template argument deduction/substitution failed:\n'}
[5.899103] (status_display) StderrLine: {'line': b'\x1b[01m\x1b[K/home/shenhang/ros_study/chapter3/topic_practice_workspace/src/status_display/src/sys_status_display.cpp:19:42:\x1b[m\x1b[K \x1b[01;36m\x1b[Knote: \x1b[m\x1b[K  \xe2\x80\x98\x1b[01m\x1b[Kstatus_interfaces::msg::SystemStatus_<std::allocator<void> >::_stamp_type\x1b[m\x1b[K\xe2\x80\x99 {aka \xe2\x80\x98\x1b[01m\x1b[Kbuiltin_interfaces::msg::Time_<std::allocator<void> >\x1b[m\x1b[K\xe2\x80\x99} is not derived from \xe2\x80\x98\x1b[01m\x1b[Kconst QMap<K, V>\x1b[m\x1b[K\xe2\x80\x99\n'}
[5.899199] (status_display) StderrLine: {'line': b'   19 |                  << "\xe6\x95\xb0\xe6\x8d\xae\xe6\x97\xb6\xe9\x97\xb4: " << msg->\x1b[01;36m\x1b[Kstamp\x1b[m\x1b[K << " s\\n"\n'}
[5.899284] (status_display) StderrLine: {'line': b'      |                                          \x1b[01;36m\x1b[K^~~~~\x1b[m\x1b[K\n'}
[5.899373] (status_display) StderrLine: {'line': b'In file included from \x1b[01m\x1b[K/usr/include/x86_64-linux-gnu/qt5/QtGui/qregion.h:49\x1b[m\x1b[K,\n'}
[5.899457] (status_display) StderrLine: {'line': b'                 from \x1b[01m\x1b[K/usr/include/x86_64-linux-gnu/qt5/QtGui/qmatrix.h:45\x1b[m\x1b[K,\n'}
[5.899570] (status_display) StderrLine: {'line': b'                 from \x1b[01m\x1b[K/usr/include/x86_64-linux-gnu/qt5/QtGui/qbrush.h:49\x1b[m\x1b[K,\n'}
[5.899672] (status_display) StderrLine: {'line': b'                 from \x1b[01m\x1b[K/usr/include/x86_64-linux-gnu/qt5/QtGui/qpalette.h:46\x1b[m\x1b[K,\n'}
[5.899759] (status_display) StderrLine: {'line': b'                 from \x1b[01m\x1b[K/usr/include/x86_64-linux-gnu/qt5/QtWidgets/qwidget.h:48\x1b[m\x1b[K,\n'}
[5.899872] (status_display) StderrLine: {'line': b'                 from \x1b[01m\x1b[K/usr/include/x86_64-linux-gnu/qt5/QtWidgets/qframe.h:44\x1b[m\x1b[K,\n'}
[5.899958] (status_display) StderrLine: {'line': b'                 from \x1b[01m\x1b[K/usr/include/x86_64-linux-gnu/qt5/QtWidgets/qlabel.h:44\x1b[m\x1b[K,\n'}
[5.900042] (status_display) StderrLine: {'line': b'                 from \x1b[01m\x1b[K/usr/include/x86_64-linux-gnu/qt5/QtWidgets/QLabel:1\x1b[m\x1b[K,\n'}
[5.900136] (status_display) StderrLine: {'line': b'                 from \x1b[01m\x1b[K/home/shenhang/ros_study/chapter3/topic_practice_workspace/src/status_display/src/sys_status_display.cpp:2\x1b[m\x1b[K:\n'}
[5.900220] (status_display) StderrLine: {'line': b'\x1b[01m\x1b[K/usr/include/x86_64-linux-gnu/qt5/QtCore/qdatastream.h:491:21:\x1b[m\x1b[K \x1b[01;36m\x1b[Knote: \x1b[m\x1b[Kcandidate: \xe2\x80\x98\x1b[01m\x1b[Ktemplate<class T1, class T2> QDataStream& operator<<(QDataStream&, const QPair<T1, T2>&)\x1b[m\x1b[K\xe2\x80\x99\n'}
[5.900304] (status_display) StderrLine: {'line': b'  491 | inline QDataStream& \x1b[01;36m\x1b[Koperator\x1b[m\x1b[K<<(QDataStream& s, const QPair<T1, T2>& p)\n'}
[5.900387] (status_display) StderrLine: {'line': b'      |                     \x1b[01;36m\x1b[K^~~~~~~~\x1b[m\x1b[K\n'}
[5.900469] (status_display) StderrLine: {'line': b'\x1b[01m\x1b[K/usr/include/x86_64-linux-gnu/qt5/QtCore/qdatastream.h:491:21:\x1b[m\x1b[K \x1b[01;36m\x1b[Knote: \x1b[m\x1b[K  template argument deduction/substitution failed:\n'}
[5.901568] (status_display) StderrLine: {'line': b'\x1b[01m\x1b[K/home/shenhang/ros_study/chapter3/topic_practice_workspace/src/status_display/src/sys_status_display.cpp:19:42:\x1b[m\x1b[K \x1b[01;36m\x1b[Knote: \x1b[m\x1b[K  \xe2\x80\x98\x1b[01m\x1b[Kstatus_interfaces::msg::SystemStatus_<std::allocator<void> >::_stamp_type\x1b[m\x1b[K\xe2\x80\x99 {aka \xe2\x80\x98\x1b[01m\x1b[Kbuiltin_interfaces::msg::Time_<std::allocator<void> >\x1b[m\x1b[K\xe2\x80\x99} is not derived from \xe2\x80\x98\x1b[01m\x1b[Kconst QPair<T1, T2>\x1b[m\x1b[K\xe2\x80\x99\n'}
[5.901674] (status_display) StderrLine: {'line': b'   19 |                  << "\xe6\x95\xb0\xe6\x8d\xae\xe6\x97\xb6\xe9\x97\xb4: " << msg->\x1b[01;36m\x1b[Kstamp\x1b[m\x1b[K << " s\\n"\n'}
[5.901760] (status_display) StderrLine: {'line': b'      |                                          \x1b[01;36m\x1b[K^~~~~\x1b[m\x1b[K\n'}
[5.901869] (status_display) StderrLine: {'line': b'In file included from \x1b[01m\x1b[K/usr/include/x86_64-linux-gnu/qt5/QtCore/qglobal.h:46\x1b[m\x1b[K,\n'}
[5.901952] (status_display) StderrLine: {'line': b'                 from \x1b[01m\x1b[K/usr/include/x86_64-linux-gnu/qt5/QtGui/qtguiglobal.h:43\x1b[m\x1b[K,\n'}
[5.902036] (status_display) StderrLine: {'line': b'                 from \x1b[01m\x1b[K/usr/include/x86_64-linux-gnu/qt5/QtWidgets/qtwidgetsglobal.h:43\x1b[m\x1b[K,\n'}
[5.902118] (status_display) StderrLine: {'line': b'                 from \x1b[01m\x1b[K/usr/include/x86_64-linux-gnu/qt5/QtWidgets/qapplication.h:43\x1b[m\x1b[K,\n'}
[5.902203] (status_display) StderrLine: {'line': b'                 from \x1b[01m\x1b[K/usr/include/x86_64-linux-gnu/qt5/QtWidgets/QApplication:1\x1b[m\x1b[K,\n'}
[5.902286] (status_display) StderrLine: {'line': b'                 from \x1b[01m\x1b[K/home/shenhang/ros_study/chapter3/topic_practice_workspace/src/status_display/src/sys_status_display.cpp:1\x1b[m\x1b[K:\n'}
[5.902368] (status_display) StderrLine: {'line': b'\x1b[01m\x1b[K/usr/include/c++/11/cstddef:126:5:\x1b[m\x1b[K \x1b[01;36m\x1b[Knote: \x1b[m\x1b[Kcandidate: \xe2\x80\x98\x1b[01m\x1b[Ktemplate<class _IntegerType> constexpr std::__byte_op_t<_IntegerType> std::operator<<(std::byte, _IntegerType)\x1b[m\x1b[K\xe2\x80\x99\n'}
[5.902452] (status_display) StderrLine: {'line': b'  126 |     \x1b[01;36m\x1b[Koperator\x1b[m\x1b[K<<(byte __b, _IntegerType __shift) noexcept\n'}
[5.902539] (status_display) StderrLine: {'line': b'      |     \x1b[01;36m\x1b[K^~~~~~~~\x1b[m\x1b[K\n'}
[5.902664] (status_display) StderrLine: {'line': b'\x1b[01m\x1b[K/usr/include/c++/11/cstddef:126:5:\x1b[m\x1b[K \x1b[01;36m\x1b[Knote: \x1b[m\x1b[K  template argument deduction/substitution failed:\n'}
[5.902764] (status_display) StderrLine: {'line': b'\x1b[01m\x1b[K/home/shenhang/ros_study/chapter3/topic_practice_workspace/src/status_display/src/sys_status_display.cpp:19:18:\x1b[m\x1b[K \x1b[01;36m\x1b[Knote: \x1b[m\x1b[K  cannot convert \xe2\x80\x98\x1b[01m\x1b[Kstd::operator<< <std::char_traits<char> >((* & std::operator<< <std::char_traits<char> >(show_str.std::__cxx11::basic_stringstream<char>::<anonymous>.std::basic_iostream<char>::<anonymous>, ((const char*)"==================\\37777777747\\37777777663\\37777777673\\37777777747\\37777777673\\37777777637\\37777777747\\37777777612\\37777777666\\37777777746\\37777777600\\37777777601\\37777777746\\37777777630\\37777777676\\37777777747\\37777777644\\37777777672======================\\012"))), ((const char*)"\\37777777746\\37777777625\\37777777660\\37777777746\\37777777615\\37777777656\\37777777746\\37777777627\\37777777666\\37777777751\\37777777627\\37777777664: "))\x1b[m\x1b[K\xe2\x80\x99 (type \xe2\x80\x98\x1b[01m\x1b[Kstd::basic_ostream<char>\x1b[m\x1b[K\xe2\x80\x99) to type \xe2\x80\x98\x1b[01m\x1b[Kstd::byte\x1b[m\x1b[K\xe2\x80\x99\n'}
[5.902875] (status_display) StderrLine: {'line': b'   18 |         \x1b[01;36m\x1b[Kshow_str << "==================\xe7\xb3\xbb\xe7\xbb\x9f\xe7\x8a\xb6\xe6\x80\x81\xe6\x98\xbe\xe7\xa4\xba======================\\n"\x1b[m\x1b[K\n'}
[5.902959] (status_display) StderrLine: {'line': b'      |         \x1b[01;36m\x1b[K~~~~~~~~~~~~~~~~~~~~~~~~~~~~~~~~~~~~~~~~~~~~~~~~~~~~~~~~~~~~~~~~~~~~\x1b[m\x1b[K\n'}
[5.903043] (status_display) StderrLine: {'line': b'   19 | \x1b[01;36m\x1b[K                 << "\xe6\x95\xb0\xe6\x8d\xae\xe6\x97\xb6\xe9\x97\xb4: "\x1b[m\x1b[K << msg->stamp << " s\\n"\n'}
[5.903126] (status_display) StderrLine: {'line': b'      |                  \x1b[01;36m\x1b[K^~~~~~~~~~~~~~~\x1b[m\x1b[K\n'}
[5.903211] (status_display) StderrLine: {'line': b'In file included from \x1b[01m\x1b[K/usr/include/c++/11/bits/basic_string.h:48\x1b[m\x1b[K,\n'}
[5.903299] (status_display) StderrLine: {'line': b'                 from \x1b[01m\x1b[K/usr/include/c++/11/string:55\x1b[m\x1b[K,\n'}
[5.903383] (status_display) StderrLine: {'line': b'                 from \x1b[01m\x1b[K/usr/include/x86_64-linux-gnu/qt5/QtCore/qbytearray.h:52\x1b[m\x1b[K,\n'}
[5.903466] (status_display) StderrLine: {'line': b'                 from \x1b[01m\x1b[K/usr/include/x86_64-linux-gnu/qt5/QtCore/qstring.h:50\x1b[m\x1b[K,\n'}
[5.903584] (status_display) StderrLine: {'line': b'                 from \x1b[01m\x1b[K/usr/include/x86_64-linux-gnu/qt5/QtCore/qcoreapplication.h:44\x1b[m\x1b[K,\n'}
[5.903689] (status_display) StderrLine: {'line': b'                 from \x1b[01m\x1b[K/usr/include/x86_64-linux-gnu/qt5/QtWidgets/qapplication.h:44\x1b[m\x1b[K,\n'}
[5.903802] (status_display) StderrLine: {'line': b'                 from \x1b[01m\x1b[K/usr/include/x86_64-linux-gnu/qt5/QtWidgets/QApplication:1\x1b[m\x1b[K,\n'}
[5.903888] (status_display) StderrLine: {'line': b'                 from \x1b[01m\x1b[K/home/shenhang/ros_study/chapter3/topic_practice_workspace/src/status_display/src/sys_status_display.cpp:1\x1b[m\x1b[K:\n'}
[5.903972] (status_display) StderrLine: {'line': b'\x1b[01m\x1b[K/usr/include/c++/11/string_view:667:5:\x1b[m\x1b[K \x1b[01;36m\x1b[Knote: \x1b[m\x1b[Kcandidate: \xe2\x80\x98\x1b[01m\x1b[Ktemplate<class _CharT, class _Traits> std::basic_ostream<_CharT, _Traits>& std::operator<<(std::basic_ostream<_CharT, _Traits>&, std::basic_string_view<_CharT, _Traits>)\x1b[m\x1b[K\xe2\x80\x99\n'}
[5.904063] (status_display) StderrLine: {'line': b'  667 |     \x1b[01;36m\x1b[Koperator\x1b[m\x1b[K<<(basic_ostream<_CharT, _Traits>& __os,\n'}
[5.904146] (status_display) StderrLine: {'line': b'      |     \x1b[01;36m\x1b[K^~~~~~~~\x1b[m\x1b[K\n'}
[5.904229] (status_display) StderrLine: {'line': b'\x1b[01m\x1b[K/usr/include/c++/11/string_view:667:5:\x1b[m\x1b[K \x1b[01;36m\x1b[Knote: \x1b[m\x1b[K  template argument deduction/substitution failed:\n'}
[5.904311] (status_display) StderrLine: {'line': b'\x1b[01m\x1b[K/home/shenhang/ros_study/chapter3/topic_practice_workspace/src/status_display/src/sys_status_display.cpp:19:42:\x1b[m\x1b[K \x1b[01;36m\x1b[Knote: \x1b[m\x1b[K  \xe2\x80\x98\x1b[01m\x1b[Kbuiltin_interfaces::msg::Time_<std::allocator<void> >\x1b[m\x1b[K\xe2\x80\x99 is not derived from \xe2\x80\x98\x1b[01m\x1b[Kstd::basic_string_view<_CharT, _Traits>\x1b[m\x1b[K\xe2\x80\x99\n'}
[5.904401] (status_display) StderrLine: {'line': b'   19 |                  << "\xe6\x95\xb0\xe6\x8d\xae\xe6\x97\xb6\xe9\x97\xb4: " << msg->\x1b[01;36m\x1b[Kstamp\x1b[m\x1b[K << " s\\n"\n'}
[5.904483] (status_display) StderrLine: {'line': b'      |                                          \x1b[01;36m\x1b[K^~~~~\x1b[m\x1b[K\n'}
[5.904641] (status_display) StderrLine: {'line': b'In file included from \x1b[01m\x1b[K/usr/include/c++/11/string:55\x1b[m\x1b[K,\n'}
[5.904734] (status_display) StderrLine: {'line': b'                 from \x1b[01m\x1b[K/usr/include/x86_64-linux-gnu/qt5/QtCore/qbytearray.h:52\x1b[m\x1b[K,\n'}
[5.904844] (status_display) StderrLine: {'line': b'                 from \x1b[01m\x1b[K/usr/include/x86_64-linux-gnu/qt5/QtCore/qstring.h:50\x1b[m\x1b[K,\n'}
[5.904927] (status_display) StderrLine: {'line': b'                 from \x1b[01m\x1b[K/usr/include/x86_64-linux-gnu/qt5/QtCore/qcoreapplication.h:44\x1b[m\x1b[K,\n'}
[5.905010] (status_display) StderrLine: {'line': b'                 from \x1b[01m\x1b[K/usr/include/x86_64-linux-gnu/qt5/QtWidgets/qapplication.h:44\x1b[m\x1b[K,\n'}
[5.905093] (status_display) StderrLine: {'line': b'                 from \x1b[01m\x1b[K/usr/include/x86_64-linux-gnu/qt5/QtWidgets/QApplication:1\x1b[m\x1b[K,\n'}
[5.905178] (status_display) StderrLine: {'line': b'                 from \x1b[01m\x1b[K/home/shenhang/ros_study/chapter3/topic_practice_workspace/src/status_display/src/sys_status_display.cpp:1\x1b[m\x1b[K:\n'}
[5.905262] (status_display) StderrLine: {'line': b'\x1b[01m\x1b[K/usr/include/c++/11/bits/basic_string.h:6531:5:\x1b[m\x1b[K \x1b[01;36m\x1b[Knote: \x1b[m\x1b[Kcandidate: \xe2\x80\x98\x1b[01m\x1b[Ktemplate<class _CharT, class _Traits, class _Alloc> std::basic_ostream<_CharT, _Traits>& std::operator<<(std::basic_ostream<_CharT, _Traits>&, const std::__cxx11::basic_string<_CharT, _Traits, _Allocator>&)\x1b[m\x1b[K\xe2\x80\x99\n'}
[5.905348] (status_display) StderrLine: {'line': b' 6531 |     \x1b[01;36m\x1b[Koperator\x1b[m\x1b[K<<(basic_ostream<_CharT, _Traits>& __os,\n'}
[5.905431] (status_display) StderrLine: {'line': b'      |     \x1b[01;36m\x1b[K^~~~~~~~\x1b[m\x1b[K\n'}
[5.905516] (status_display) StderrLine: {'line': b'\x1b[01m\x1b[K/usr/include/c++/11/bits/basic_string.h:6531:5:\x1b[m\x1b[K \x1b[01;36m\x1b[Knote: \x1b[m\x1b[K  template argument deduction/substitution failed:\n'}
[5.905605] (status_display) StderrLine: {'line': b'\x1b[01m\x1b[K/home/shenhang/ros_study/chapter3/topic_practice_workspace/src/status_display/src/sys_status_display.cpp:19:42:\x1b[m\x1b[K \x1b[01;36m\x1b[Knote: \x1b[m\x1b[K  \xe2\x80\x98\x1b[01m\x1b[Kstatus_interfaces::msg::SystemStatus_<std::allocator<void> >::_stamp_type\x1b[m\x1b[K\xe2\x80\x99 {aka \xe2\x80\x98\x1b[01m\x1b[Kbuiltin_interfaces::msg::Time_<std::allocator<void> >\x1b[m\x1b[K\xe2\x80\x99} is not derived from \xe2\x80\x98\x1b[01m\x1b[Kconst std::__cxx11::basic_string<_CharT, _Traits, _Allocator>\x1b[m\x1b[K\xe2\x80\x99\n'}
[5.905698] (status_display) StderrLine: {'line': b'   19 |                  << "\xe6\x95\xb0\xe6\x8d\xae\xe6\x97\xb6\xe9\x97\xb4: " << msg->\x1b[01;36m\x1b[Kstamp\x1b[m\x1b[K << " s\\n"\n'}
[5.905837] (status_display) StderrLine: {'line': b'      |                                          \x1b[01;36m\x1b[K^~~~~\x1b[m\x1b[K\n'}
[5.905927] (status_display) StderrLine: {'line': b'In file included from \x1b[01m\x1b[K/usr/include/c++/11/bits/ios_base.h:46\x1b[m\x1b[K,\n'}
[5.906011] (status_display) StderrLine: {'line': b'                 from \x1b[01m\x1b[K/usr/include/c++/11/streambuf:41\x1b[m\x1b[K,\n'}
[5.906094] (status_display) StderrLine: {'line': b'                 from \x1b[01m\x1b[K/usr/include/c++/11/bits/streambuf_iterator.h:35\x1b[m\x1b[K,\n'}
[5.906177] (status_display) StderrLine: {'line': b'                 from \x1b[01m\x1b[K/usr/include/c++/11/iterator:66\x1b[m\x1b[K,\n'}
[5.906260] (status_display) StderrLine: {'line': b'                 from \x1b[01m\x1b[K/usr/include/x86_64-linux-gnu/qt5/QtCore/qbytearray.h:53\x1b[m\x1b[K,\n'}
[5.906352] (status_display) StderrLine: {'line': b'                 from \x1b[01m\x1b[K/usr/include/x86_64-linux-gnu/qt5/QtCore/qstring.h:50\x1b[m\x1b[K,\n'}
[5.906434] (status_display) StderrLine: {'line': b'                 from \x1b[01m\x1b[K/usr/include/x86_64-linux-gnu/qt5/QtCore/qcoreapplication.h:44\x1b[m\x1b[K,\n'}
[5.906517] (status_display) StderrLine: {'line': b'                 from \x1b[01m\x1b[K/usr/include/x86_64-linux-gnu/qt5/QtWidgets/qapplication.h:44\x1b[m\x1b[K,\n'}
[5.906640] (status_display) StderrLine: {'line': b'                 from \x1b[01m\x1b[K/usr/include/x86_64-linux-gnu/qt5/QtWidgets/QApplication:1\x1b[m\x1b[K,\n'}
[5.906766] (status_display) StderrLine: {'line': b'                 from \x1b[01m\x1b[K/home/shenhang/ros_study/chapter3/topic_practice_workspace/src/status_display/src/sys_status_display.cpp:1\x1b[m\x1b[K:\n'}
[5.906854] (status_display) StderrLine: {'line': b'\x1b[01m\x1b[K/usr/include/c++/11/system_error:279:5:\x1b[m\x1b[K \x1b[01;36m\x1b[Knote: \x1b[m\x1b[Kcandidate: \xe2\x80\x98\x1b[01m\x1b[Ktemplate<class _CharT, class _Traits> std::basic_ostream<_CharT, _Traits>& std::operator<<(std::basic_ostream<_CharT, _Traits>&, const std::error_code&)\x1b[m\x1b[K\xe2\x80\x99\n'}
[5.906946] (status_display) StderrLine: {'line': b'  279 |     \x1b[01;36m\x1b[Koperator\x1b[m\x1b[K<<(basic_ostream<_CharT, _Traits>& __os, const error_code& __e)\n'}
[5.907034] (status_display) StderrLine: {'line': b'      |     \x1b[01;36m\x1b[K^~~~~~~~\x1b[m\x1b[K\n'}
[5.907118] (status_display) StderrLine: {'line': b'\x1b[01m\x1b[K/usr/include/c++/11/system_error:279:5:\x1b[m\x1b[K \x1b[01;36m\x1b[Knote: \x1b[m\x1b[K  template argument deduction/substitution failed:\n'}
[5.907200] (status_display) StderrLine: {'line': b'\x1b[01m\x1b[K/home/shenhang/ros_study/chapter3/topic_practice_workspace/src/status_display/src/sys_status_display.cpp:19:42:\x1b[m\x1b[K \x1b[01;36m\x1b[Knote: \x1b[m\x1b[K  cannot convert \xe2\x80\x98\x1b[01m\x1b[K((const std::__shared_ptr_access<status_interfaces::msg::SystemStatus_<std::allocator<void> >, __gnu_cxx::_S_atomic, false, false>*)(& msg))->std::__shared_ptr_access<status_interfaces::msg::SystemStatus_<std::allocator<void> >, __gnu_cxx::_S_atomic, false, false>::operator->()->status_interfaces::msg::SystemStatus_<std::allocator<void> >::stamp\x1b[m\x1b[K\xe2\x80\x99 (type \xe2\x80\x98\x1b[01m\x1b[Kstatus_interfaces::msg::SystemStatus_<std::allocator<void> >::_stamp_type\x1b[m\x1b[K\xe2\x80\x99 {aka \xe2\x80\x98\x1b[01m\x1b[Kbuiltin_interfaces::msg::Time_<std::allocator<void> >\x1b[m\x1b[K\xe2\x80\x99}) to type \xe2\x80\x98\x1b[01m\x1b[Kconst std::error_code&\x1b[m\x1b[K\xe2\x80\x99\n'}
[5.907299] (status_display) StderrLine: {'line': b'   19 |                  << "\xe6\x95\xb0\xe6\x8d\xae\xe6\x97\xb6\xe9\x97\xb4: " << \x1b[01;36m\x1b[Kmsg->stamp\x1b[m\x1b[K << " s\\n"\n'}
[5.907382] (status_display) StderrLine: {'line': b'      |                                     \x1b[01;36m\x1b[K~~~~~^~~~~\x1b[m\x1b[K\n'}
[5.907465] (status_display) StderrLine: {'line': b'In file included from \x1b[01m\x1b[K/usr/include/c++/11/memory:77\x1b[m\x1b[K,\n'}
[5.907554] (status_display) StderrLine: {'line': b'                 from \x1b[01m\x1b[K/usr/include/x86_64-linux-gnu/qt5/QtCore/qsharedpointer_impl.h:71\x1b[m\x1b[K,\n'}
[5.907687] (status_display) StderrLine: {'line': b'                 from \x1b[01m\x1b[K/usr/include/x86_64-linux-gnu/qt5/QtCore/qsharedpointer.h:48\x1b[m\x1b[K,\n'}
[5.907814] (status_display) StderrLine: {'line': b'                 from \x1b[01m\x1b[K/usr/include/x86_64-linux-gnu/qt5/QtGui/qpixmap.h:48\x1b[m\x1b[K,\n'}
[5.907898] (status_display) StderrLine: {'line': b'                 from \x1b[01m\x1b[K/usr/include/x86_64-linux-gnu/qt5/QtGui/qbrush.h:52\x1b[m\x1b[K,\n'}
[5.907980] (status_display) StderrLine: {'line': b'                 from \x1b[01m\x1b[K/usr/include/x86_64-linux-gnu/qt5/QtGui/qpalette.h:46\x1b[m\x1b[K,\n'}
[5.908069] (status_display) StderrLine: {'line': b'                 from \x1b[01m\x1b[K/usr/include/x86_64-linux-gnu/qt5/QtWidgets/qwidget.h:48\x1b[m\x1b[K,\n'}
[5.908165] (status_display) StderrLine: {'line': b'                 from \x1b[01m\x1b[K/usr/include/x86_64-linux-gnu/qt5/QtWidgets/qframe.h:44\x1b[m\x1b[K,\n'}
[5.908248] (status_display) StderrLine: {'line': b'                 from \x1b[01m\x1b[K/usr/include/x86_64-linux-gnu/qt5/QtWidgets/qlabel.h:44\x1b[m\x1b[K,\n'}
[5.908331] (status_display) StderrLine: {'line': b'                 from \x1b[01m\x1b[K/usr/include/x86_64-linux-gnu/qt5/QtWidgets/QLabel:1\x1b[m\x1b[K,\n'}
[5.908413] (status_display) StderrLine: {'line': b'                 from \x1b[01m\x1b[K/home/shenhang/ros_study/chapter3/topic_practice_workspace/src/status_display/src/sys_status_display.cpp:2\x1b[m\x1b[K:\n'}
[5.908498] (status_display) StderrLine: {'line': b'\x1b[01m\x1b[K/usr/include/c++/11/bits/shared_ptr.h:70:5:\x1b[m\x1b[K \x1b[01;36m\x1b[Knote: \x1b[m\x1b[Kcandidate: \xe2\x80\x98\x1b[01m\x1b[Ktemplate<class _Ch, class _Tr, class _Tp, __gnu_cxx::_Lock_policy _Lp> std::basic_ostream<_CharT, _Traits>& std::operator<<(std::basic_ostream<_CharT, _Traits>&, const std::__shared_ptr<_Tp, _Lp>&)\x1b[m\x1b[K\xe2\x80\x99\n'}
[5.908782] (status_display) StderrLine: {'line': b'   70 |     \x1b[01;36m\x1b[Koperator\x1b[m\x1b[K<<(std::basic_ostream<_Ch, _Tr>& __os,\n'}
[5.908889] (status_display) StderrLine: {'line': b'      |     \x1b[01;36m\x1b[K^~~~~~~~\x1b[m\x1b[K\n'}
[5.908976] (status_display) StderrLine: {'line': b'\x1b[01m\x1b[K/usr/include/c++/11/bits/shared_ptr.h:70:5:\x1b[m\x1b[K \x1b[01;36m\x1b[Knote: \x1b[m\x1b[K  template argument deduction/substitution failed:\n'}
[5.909061] (status_display) StderrLine: {'line': b'\x1b[01m\x1b[K/home/shenhang/ros_study/chapter3/topic_practice_workspace/src/status_display/src/sys_status_display.cpp:19:42:\x1b[m\x1b[K \x1b[01;36m\x1b[Knote: \x1b[m\x1b[K  \xe2\x80\x98\x1b[01m\x1b[Kstatus_interfaces::msg::SystemStatus_<std::allocator<void> >::_stamp_type\x1b[m\x1b[K\xe2\x80\x99 {aka \xe2\x80\x98\x1b[01m\x1b[Kbuiltin_interfaces::msg::Time_<std::allocator<void> >\x1b[m\x1b[K\xe2\x80\x99} is not derived from \xe2\x80\x98\x1b[01m\x1b[Kconst std::__shared_ptr<_Tp, _Lp>\x1b[m\x1b[K\xe2\x80\x99\n'}
[5.909150] (status_display) StderrLine: {'line': b'   19 |                  << "\xe6\x95\xb0\xe6\x8d\xae\xe6\x97\xb6\xe9\x97\xb4: " << msg->\x1b[01;36m\x1b[Kstamp\x1b[m\x1b[K << " s\\n"\n'}
[5.909235] (status_display) StderrLine: {'line': b'      |                                          \x1b[01;36m\x1b[K^~~~~\x1b[m\x1b[K\n'}
[5.909318] (status_display) StderrLine: {'line': b'In file included from \x1b[01m\x1b[K/opt/ros/humble/include/rclcpp/rclcpp/executors/multi_threaded_executor.hpp:22\x1b[m\x1b[K,\n'}
[5.909402] (status_display) StderrLine: {'line': b'                 from \x1b[01m\x1b[K/opt/ros/humble/include/rclcpp/rclcpp/executors.hpp:21\x1b[m\x1b[K,\n'}
[5.909485] (status_display) StderrLine: {'line': b'                 from \x1b[01m\x1b[K/opt/ros/humble/include/rclcpp/rclcpp/rclcpp.hpp:155\x1b[m\x1b[K,\n'}
[5.909569] (status_display) StderrLine: {'line': b'                 from \x1b[01m\x1b[K/home/shenhang/ros_study/chapter3/topic_practice_workspace/src/status_display/src/sys_status_display.cpp:4\x1b[m\x1b[K:\n'}
[5.909744] (status_display) StderrLine: {'line': b'\x1b[01m\x1b[K/usr/include/c++/11/thread:92:5:\x1b[m\x1b[K \x1b[01;36m\x1b[Knote: \x1b[m\x1b[Kcandidate: \xe2\x80\x98\x1b[01m\x1b[Ktemplate<class _CharT, class _Traits> std::basic_ostream<_CharT, _Traits>& std::operator<<(std::basic_ostream<_CharT, _Traits>&, std::thread::id)\x1b[m\x1b[K\xe2\x80\x99\n'}
[5.909852] (status_display) StderrLine: {'line': b'   92 |     \x1b[01;36m\x1b[Koperator\x1b[m\x1b[K<<(basic_ostream<_CharT, _Traits>& __out, thread::id __id)\n'}
[5.909936] (status_display) StderrLine: {'line': b'      |     \x1b[01;36m\x1b[K^~~~~~~~\x1b[m\x1b[K\n'}
[5.910019] (status_display) StderrLine: {'line': b'\x1b[01m\x1b[K/usr/include/c++/11/thread:92:5:\x1b[m\x1b[K \x1b[01;36m\x1b[Knote: \x1b[m\x1b[K  template argument deduction/substitution failed:\n'}
[5.910102] (status_display) StderrLine: {'line': b'\x1b[01m\x1b[K/home/shenhang/ros_study/chapter3/topic_practice_workspace/src/status_display/src/sys_status_display.cpp:19:42:\x1b[m\x1b[K \x1b[01;36m\x1b[Knote: \x1b[m\x1b[K  cannot convert \xe2\x80\x98\x1b[01m\x1b[K((const std::__shared_ptr_access<status_interfaces::msg::SystemStatus_<std::allocator<void> >, __gnu_cxx::_S_atomic, false, false>*)(& msg))->std::__shared_ptr_access<status_interfaces::msg::SystemStatus_<std::allocator<void> >, __gnu_cxx::_S_atomic, false, false>::operator->()->status_interfaces::msg::SystemStatus_<std::allocator<void> >::stamp\x1b[m\x1b[K\xe2\x80\x99 (type \xe2\x80\x98\x1b[01m\x1b[Kstatus_interfaces::msg::SystemStatus_<std::allocator<void> >::_stamp_type\x1b[m\x1b[K\xe2\x80\x99 {aka \xe2\x80\x98\x1b[01m\x1b[Kbuiltin_interfaces::msg::Time_<std::allocator<void> >\x1b[m\x1b[K\xe2\x80\x99}) to type \xe2\x80\x98\x1b[01m\x1b[Kstd::thread::id\x1b[m\x1b[K\xe2\x80\x99\n'}
[5.910195] (status_display) StderrLine: {'line': b'   19 |                  << "\xe6\x95\xb0\xe6\x8d\xae\xe6\x97\xb6\xe9\x97\xb4: " << \x1b[01;36m\x1b[Kmsg->stamp\x1b[m\x1b[K << " s\\n"\n'}
[5.910278] (status_display) StderrLine: {'line': b'      |                                     \x1b[01;36m\x1b[K~~~~~^~~~~\x1b[m\x1b[K\n'}
[5.910361] (status_display) StderrLine: {'line': b'In file included from \x1b[01m\x1b[K/usr/include/c++/11/iostream:39\x1b[m\x1b[K,\n'}
[5.910443] (status_display) StderrLine: {'line': b'                 from \x1b[01m\x1b[K/opt/ros/humble/include/rclcpp/rclcpp/executor.hpp:22\x1b[m\x1b[K,\n'}
[5.910530] (status_display) StderrLine: {'line': b'                 from \x1b[01m\x1b[K/opt/ros/humble/include/rclcpp/rclcpp/executors/multi_threaded_executor.hpp:25\x1b[m\x1b[K,\n'}
[5.910671] (status_display) StderrLine: {'line': b'                 from \x1b[01m\x1b[K/opt/ros/humble/include/rclcpp/rclcpp/executors.hpp:21\x1b[m\x1b[K,\n'}
[5.910760] (status_display) StderrLine: {'line': b'                 from \x1b[01m\x1b[K/opt/ros/humble/include/rclcpp/rclcpp/rclcpp.hpp:155\x1b[m\x1b[K,\n'}
[5.910843] (status_display) StderrLine: {'line': b'                 from \x1b[01m\x1b[K/home/shenhang/ros_study/chapter3/topic_practice_workspace/src/status_display/src/sys_status_display.cpp:4\x1b[m\x1b[K:\n'}
[5.910927] (status_display) StderrLine: {'line': b'\x1b[01m\x1b[K/usr/include/c++/11/ostream:513:5:\x1b[m\x1b[K \x1b[01;36m\x1b[Knote: \x1b[m\x1b[Kcandidate: \xe2\x80\x98\x1b[01m\x1b[Ktemplate<class _CharT, class _Traits> std::basic_ostream<_CharT, _Traits>& std::operator<<(std::basic_ostream<_CharT, _Traits>&, _CharT)\x1b[m\x1b[K\xe2\x80\x99\n'}
[5.911011] (status_display) StderrLine: {'line': b'  513 |     \x1b[01;36m\x1b[Koperator\x1b[m\x1b[K<<(basic_ostream<_CharT, _Traits>& __out, _CharT __c)\n'}
[5.911093] (status_display) StderrLine: {'line': b'      |     \x1b[01;36m\x1b[K^~~~~~~~\x1b[m\x1b[K\n'}
[5.911175] (status_display) StderrLine: {'line': b'\x1b[01m\x1b[K/usr/include/c++/11/ostream:513:5:\x1b[m\x1b[K \x1b[01;36m\x1b[Knote: \x1b[m\x1b[K  template argument deduction/substitution failed:\n'}
[5.911261] (status_display) StderrLine: {'line': b'\x1b[01m\x1b[K/home/shenhang/ros_study/chapter3/topic_practice_workspace/src/status_display/src/sys_status_display.cpp:19:42:\x1b[m\x1b[K \x1b[01;36m\x1b[Knote: \x1b[m\x1b[K  deduced conflicting types for parameter \xe2\x80\x98\x1b[01m\x1b[K_CharT\x1b[m\x1b[K\xe2\x80\x99 (\xe2\x80\x98\x1b[01m\x1b[Kchar\x1b[m\x1b[K\xe2\x80\x99 and \xe2\x80\x98\x1b[01m\x1b[Kbuiltin_interfaces::msg::Time_<std::allocator<void> >\x1b[m\x1b[K\xe2\x80\x99)\n'}
[5.911346] (status_display) StderrLine: {'line': b'   19 |                  << "\xe6\x95\xb0\xe6\x8d\xae\xe6\x97\xb6\xe9\x97\xb4: " << msg->\x1b[01;36m\x1b[Kstamp\x1b[m\x1b[K << " s\\n"\n'}
[5.911429] (status_display) StderrLine: {'line': b'      |                                          \x1b[01;36m\x1b[K^~~~~\x1b[m\x1b[K\n'}
[5.911510] (status_display) StderrLine: {'line': b'In file included from \x1b[01m\x1b[K/usr/include/c++/11/iostream:39\x1b[m\x1b[K,\n'}
[5.911636] (status_display) StderrLine: {'line': b'                 from \x1b[01m\x1b[K/opt/ros/humble/include/rclcpp/rclcpp/executor.hpp:22\x1b[m\x1b[K,\n'}
[5.911728] (status_display) StderrLine: {'line': b'                 from \x1b[01m\x1b[K/opt/ros/humble/include/rclcpp/rclcpp/executors/multi_threaded_executor.hpp:25\x1b[m\x1b[K,\n'}
[5.911811] (status_display) StderrLine: {'line': b'                 from \x1b[01m\x1b[K/opt/ros/humble/include/rclcpp/rclcpp/executors.hpp:21\x1b[m\x1b[K,\n'}
[5.911893] (status_display) StderrLine: {'line': b'                 from \x1b[01m\x1b[K/opt/ros/humble/include/rclcpp/rclcpp/rclcpp.hpp:155\x1b[m\x1b[K,\n'}
[5.911975] (status_display) StderrLine: {'line': b'                 from \x1b[01m\x1b[K/home/shenhang/ros_study/chapter3/topic_practice_workspace/src/status_display/src/sys_status_display.cpp:4\x1b[m\x1b[K:\n'}
[5.912057] (status_display) StderrLine: {'line': b'\x1b[01m\x1b[K/usr/include/c++/11/ostream:518:5:\x1b[m\x1b[K \x1b[01;36m\x1b[Knote: \x1b[m\x1b[Kcandidate: \xe2\x80\x98\x1b[01m\x1b[Ktemplate<class _CharT, class _Traits> std::basic_ostream<_CharT, _Traits>& std::operator<<(std::basic_ostream<_CharT, _Traits>&, char)\x1b[m\x1b[K\xe2\x80\x99\n'}
[5.912140] (status_display) StderrLine: {'line': b'  518 |     \x1b[01;36m\x1b[Koperator\x1b[m\x1b[K<<(basic_ostream<_CharT, _Traits>& __out, char __c)\n'}
[5.912222] (status_display) StderrLine: {'line': b'      |     \x1b[01;36m\x1b[K^~~~~~~~\x1b[m\x1b[K\n'}
[5.912311] (status_display) StderrLine: {'line': b'\x1b[01m\x1b[K/usr/include/c++/11/ostream:518:5:\x1b[m\x1b[K \x1b[01;36m\x1b[Knote: \x1b[m\x1b[K  template argument deduction/substitution failed:\n'}
[5.912395] (status_display) StderrLine: {'line': b'\x1b[01m\x1b[K/home/shenhang/ros_study/chapter3/topic_practice_workspace/src/status_display/src/sys_status_display.cpp:19:42:\x1b[m\x1b[K \x1b[01;36m\x1b[Knote: \x1b[m\x1b[K  cannot convert \xe2\x80\x98\x1b[01m\x1b[K((const std::__shared_ptr_access<status_interfaces::msg::SystemStatus_<std::allocator<void> >, __gnu_cxx::_S_atomic, false, false>*)(& msg))->std::__shared_ptr_access<status_interfaces::msg::SystemStatus_<std::allocator<void> >, __gnu_cxx::_S_atomic, false, false>::operator->()->status_interfaces::msg::SystemStatus_<std::allocator<void> >::stamp\x1b[m\x1b[K\xe2\x80\x99 (type \xe2\x80\x98\x1b[01m\x1b[Kstatus_interfaces::msg::SystemStatus_<std::allocator<void> >::_stamp_type\x1b[m\x1b[K\xe2\x80\x99 {aka \xe2\x80\x98\x1b[01m\x1b[Kbuiltin_interfaces::msg::Time_<std::allocator<void> >\x1b[m\x1b[K\xe2\x80\x99}) to type \xe2\x80\x98\x1b[01m\x1b[Kchar\x1b[m\x1b[K\xe2\x80\x99\n'}
[5.912487] (status_display) StderrLine: {'line': b'   19 |                  << "\xe6\x95\xb0\xe6\x8d\xae\xe6\x97\xb6\xe9\x97\xb4: " << \x1b[01;36m\x1b[Kmsg->stamp\x1b[m\x1b[K << " s\\n"\n'}
[5.912819] (status_display) StderrLine: {'line': b'      |                                     \x1b[01;36m\x1b[K~~~~~^~~~~\x1b[m\x1b[K\n'}
[5.912935] (status_display) StderrLine: {'line': b'In file included from \x1b[01m\x1b[K/usr/include/c++/11/iostream:39\x1b[m\x1b[K,\n'}
[5.913056] (status_display) StderrLine: {'line': b'                 from \x1b[01m\x1b[K/opt/ros/humble/include/rclcpp/rclcpp/executor.hpp:22\x1b[m\x1b[K,\n'}
[5.913147] (status_display) StderrLine: {'line': b'                 from \x1b[01m\x1b[K/opt/ros/humble/include/rclcpp/rclcpp/executors/multi_threaded_executor.hpp:25\x1b[m\x1b[K,\n'}
[5.913232] (status_display) StderrLine: {'line': b'                 from \x1b[01m\x1b[K/opt/ros/humble/include/rclcpp/rclcpp/executors.hpp:21\x1b[m\x1b[K,\n'}
[5.913316] (status_display) StderrLine: {'line': b'                 from \x1b[01m\x1b[K/opt/ros/humble/include/rclcpp/rclcpp/rclcpp.hpp:155\x1b[m\x1b[K,\n'}
[5.913399] (status_display) StderrLine: {'line': b'                 from \x1b[01m\x1b[K/home/shenhang/ros_study/chapter3/topic_practice_workspace/src/status_display/src/sys_status_display.cpp:4\x1b[m\x1b[K:\n'}
[5.913499] (status_display) StderrLine: {'line': b'\x1b[01m\x1b[K/usr/include/c++/11/ostream:524:5:\x1b[m\x1b[K \x1b[01;36m\x1b[Knote: \x1b[m\x1b[Kcandidate: \xe2\x80\x98\x1b[01m\x1b[Ktemplate<class _Traits> std::basic_ostream<char, _Traits>& std::operator<<(std::basic_ostream<char, _Traits>&, char)\x1b[m\x1b[K\xe2\x80\x99\n'}
[5.913657] (status_display) StderrLine: {'line': b'  524 |     \x1b[01;36m\x1b[Koperator\x1b[m\x1b[K<<(basic_ostream<char, _Traits>& __out, char __c)\n'}
[5.913747] (status_display) StderrLine: {'line': b'      |     \x1b[01;36m\x1b[K^~~~~~~~\x1b[m\x1b[K\n'}
[5.913830] (status_display) StderrLine: {'line': b'\x1b[01m\x1b[K/usr/include/c++/11/ostream:524:5:\x1b[m\x1b[K \x1b[01;36m\x1b[Knote: \x1b[m\x1b[K  template argument deduction/substitution failed:\n'}
[5.913920] (status_display) StderrLine: {'line': b'\x1b[01m\x1b[K/home/shenhang/ros_study/chapter3/topic_practice_workspace/src/status_display/src/sys_status_display.cpp:19:42:\x1b[m\x1b[K \x1b[01;36m\x1b[Knote: \x1b[m\x1b[K  cannot convert \xe2\x80\x98\x1b[01m\x1b[K((const std::__shared_ptr_access<status_interfaces::msg::SystemStatus_<std::allocator<void> >, __gnu_cxx::_S_atomic, false, false>*)(& msg))->std::__shared_ptr_access<status_interfaces::msg::SystemStatus_<std::allocator<void> >, __gnu_cxx::_S_atomic, false, false>::operator->()->status_interfaces::msg::SystemStatus_<std::allocator<void> >::stamp\x1b[m\x1b[K\xe2\x80\x99 (type \xe2\x80\x98\x1b[01m\x1b[Kstatus_interfaces::msg::SystemStatus_<std::allocator<void> >::_stamp_type\x1b[m\x1b[K\xe2\x80\x99 {aka \xe2\x80\x98\x1b[01m\x1b[Kbuiltin_interfaces::msg::Time_<std::allocator<void> >\x1b[m\x1b[K\xe2\x80\x99}) to type \xe2\x80\x98\x1b[01m\x1b[Kchar\x1b[m\x1b[K\xe2\x80\x99\n'}
[5.914014] (status_display) StderrLine: {'line': b'   19 |                  << "\xe6\x95\xb0\xe6\x8d\xae\xe6\x97\xb6\xe9\x97\xb4: " << \x1b[01;36m\x1b[Kmsg->stamp\x1b[m\x1b[K << " s\\n"\n'}
[5.914103] (status_display) StderrLine: {'line': b'      |                                     \x1b[01;36m\x1b[K~~~~~^~~~~\x1b[m\x1b[K\n'}
[5.914189] (status_display) StderrLine: {'line': b'In file included from \x1b[01m\x1b[K/usr/include/c++/11/iostream:39\x1b[m\x1b[K,\n'}
[5.914277] (status_display) StderrLine: {'line': b'                 from \x1b[01m\x1b[K/opt/ros/humble/include/rclcpp/rclcpp/executor.hpp:22\x1b[m\x1b[K,\n'}
[5.914366] (status_display) StderrLine: {'line': b'                 from \x1b[01m\x1b[K/opt/ros/humble/include/rclcpp/rclcpp/executors/multi_threaded_executor.hpp:25\x1b[m\x1b[K,\n'}
[5.914473] (status_display) StderrLine: {'line': b'                 from \x1b[01m\x1b[K/opt/ros/humble/include/rclcpp/rclcpp/executors.hpp:21\x1b[m\x1b[K,\n'}
[5.914628] (status_display) StderrLine: {'line': b'                 from \x1b[01m\x1b[K/opt/ros/humble/include/rclcpp/rclcpp/rclcpp.hpp:155\x1b[m\x1b[K,\n'}
[5.914717] (status_display) StderrLine: {'line': b'                 from \x1b[01m\x1b[K/home/shenhang/ros_study/chapter3/topic_practice_workspace/src/status_display/src/sys_status_display.cpp:4\x1b[m\x1b[K:\n'}
[5.914801] (status_display) StderrLine: {'line': b'\x1b[01m\x1b[K/usr/include/c++/11/ostream:530:5:\x1b[m\x1b[K \x1b[01;36m\x1b[Knote: \x1b[m\x1b[Kcandidate: \xe2\x80\x98\x1b[01m\x1b[Ktemplate<class _Traits> std::basic_ostream<char, _Traits>& std::operator<<(std::basic_ostream<char, _Traits>&, signed char)\x1b[m\x1b[K\xe2\x80\x99\n'}
[5.914886] (status_display) StderrLine: {'line': b'  530 |     \x1b[01;36m\x1b[Koperator\x1b[m\x1b[K<<(basic_ostream<char, _Traits>& __out, signed char __c)\n'}
[5.914976] (status_display) StderrLine: {'line': b'      |     \x1b[01;36m\x1b[K^~~~~~~~\x1b[m\x1b[K\n'}
[5.915060] (status_display) StderrLine: {'line': b'\x1b[01m\x1b[K/usr/include/c++/11/ostream:530:5:\x1b[m\x1b[K \x1b[01;36m\x1b[Knote: \x1b[m\x1b[K  template argument deduction/substitution failed:\n'}
[5.915146] (status_display) StderrLine: {'line': b'\x1b[01m\x1b[K/home/shenhang/ros_study/chapter3/topic_practice_workspace/src/status_display/src/sys_status_display.cpp:19:42:\x1b[m\x1b[K \x1b[01;36m\x1b[Knote: \x1b[m\x1b[K  cannot convert \xe2\x80\x98\x1b[01m\x1b[K((const std::__shared_ptr_access<status_interfaces::msg::SystemStatus_<std::allocator<void> >, __gnu_cxx::_S_atomic, false, false>*)(& msg))->std::__shared_ptr_access<status_interfaces::msg::SystemStatus_<std::allocator<void> >, __gnu_cxx::_S_atomic, false, false>::operator->()->status_interfaces::msg::SystemStatus_<std::allocator<void> >::stamp\x1b[m\x1b[K\xe2\x80\x99 (type \xe2\x80\x98\x1b[01m\x1b[Kstatus_interfaces::msg::SystemStatus_<std::allocator<void> >::_stamp_type\x1b[m\x1b[K\xe2\x80\x99 {aka \xe2\x80\x98\x1b[01m\x1b[Kbuiltin_interfaces::msg::Time_<std::allocator<void> >\x1b[m\x1b[K\xe2\x80\x99}) to type \xe2\x80\x98\x1b[01m\x1b[Ksigned char\x1b[m\x1b[K\xe2\x80\x99\n'}
[5.915298] (status_display) StderrLine: {'line': b'   19 |                  << "\xe6\x95\xb0\xe6\x8d\xae\xe6\x97\xb6\xe9\x97\xb4: " << \x1b[01;36m\x1b[Kmsg->stamp\x1b[m\x1b[K << " s\\n"\n'}
[5.915386] (status_display) StderrLine: {'line': b'      |                                     \x1b[01;36m\x1b[K~~~~~^~~~~\x1b[m\x1b[K\n'}
[5.915470] (status_display) StderrLine: {'line': b'In file included from \x1b[01m\x1b[K/usr/include/c++/11/iostream:39\x1b[m\x1b[K,\n'}
[5.915624] (status_display) StderrLine: {'line': b'                 from \x1b[01m\x1b[K/opt/ros/humble/include/rclcpp/rclcpp/executor.hpp:22\x1b[m\x1b[K,\n'}
[5.915717] (status_display) StderrLine: {'line': b'                 from \x1b[01m\x1b[K/opt/ros/humble/include/rclcpp/rclcpp/executors/multi_threaded_executor.hpp:25\x1b[m\x1b[K,\n'}
[5.915801] (status_display) StderrLine: {'line': b'                 from \x1b[01m\x1b[K/opt/ros/humble/include/rclcpp/rclcpp/executors.hpp:21\x1b[m\x1b[K,\n'}
[5.915883] (status_display) StderrLine: {'line': b'                 from \x1b[01m\x1b[K/opt/ros/humble/include/rclcpp/rclcpp/rclcpp.hpp:155\x1b[m\x1b[K,\n'}
[5.915966] (status_display) StderrLine: {'line': b'                 from \x1b[01m\x1b[K/home/shenhang/ros_study/chapter3/topic_practice_workspace/src/status_display/src/sys_status_display.cpp:4\x1b[m\x1b[K:\n'}
[5.916053] (status_display) StderrLine: {'line': b'\x1b[01m\x1b[K/usr/include/c++/11/ostream:535:5:\x1b[m\x1b[K \x1b[01;36m\x1b[Knote: \x1b[m\x1b[Kcandidate: \xe2\x80\x98\x1b[01m\x1b[Ktemplate<class _Traits> std::basic_ostream<char, _Traits>& std::operator<<(std::basic_ostream<char, _Traits>&, unsigned char)\x1b[m\x1b[K\xe2\x80\x99\n'}
[5.916138] (status_display) StderrLine: {'line': b'  535 |     \x1b[01;36m\x1b[Koperator\x1b[m\x1b[K<<(basic_ostream<char, _Traits>& __out, unsigned char __c)\n'}
[5.916221] (status_display) StderrLine: {'line': b'      |     \x1b[01;36m\x1b[K^~~~~~~~\x1b[m\x1b[K\n'}
[5.916303] (status_display) StderrLine: {'line': b'\x1b[01m\x1b[K/usr/include/c++/11/ostream:535:5:\x1b[m\x1b[K \x1b[01;36m\x1b[Knote: \x1b[m\x1b[K  template argument deduction/substitution failed:\n'}
[5.916386] (status_display) StderrLine: {'line': b'\x1b[01m\x1b[K/home/shenhang/ros_study/chapter3/topic_practice_workspace/src/status_display/src/sys_status_display.cpp:19:42:\x1b[m\x1b[K \x1b[01;36m\x1b[Knote: \x1b[m\x1b[K  cannot convert \xe2\x80\x98\x1b[01m\x1b[K((const std::__shared_ptr_access<status_interfaces::msg::SystemStatus_<std::allocator<void> >, __gnu_cxx::_S_atomic, false, false>*)(& msg))->std::__shared_ptr_access<status_interfaces::msg::SystemStatus_<std::allocator<void> >, __gnu_cxx::_S_atomic, false, false>::operator->()->status_interfaces::msg::SystemStatus_<std::allocator<void> >::stamp\x1b[m\x1b[K\xe2\x80\x99 (type \xe2\x80\x98\x1b[01m\x1b[Kstatus_interfaces::msg::SystemStatus_<std::allocator<void> >::_stamp_type\x1b[m\x1b[K\xe2\x80\x99 {aka \xe2\x80\x98\x1b[01m\x1b[Kbuiltin_interfaces::msg::Time_<std::allocator<void> >\x1b[m\x1b[K\xe2\x80\x99}) to type \xe2\x80\x98\x1b[01m\x1b[Kunsigned char\x1b[m\x1b[K\xe2\x80\x99\n'}
[5.916541] (status_display) StderrLine: {'line': b'   19 |                  << "\xe6\x95\xb0\xe6\x8d\xae\xe6\x97\xb6\xe9\x97\xb4: " << \x1b[01;36m\x1b[Kmsg->stamp\x1b[m\x1b[K << " s\\n"\n'}
[5.916642] (status_display) StderrLine: {'line': b'      |                                     \x1b[01;36m\x1b[K~~~~~^~~~~\x1b[m\x1b[K\n'}
[5.916725] (status_display) StderrLine: {'line': b'In file included from \x1b[01m\x1b[K/usr/include/c++/11/iostream:39\x1b[m\x1b[K,\n'}
[5.916816] (status_display) StderrLine: {'line': b'                 from \x1b[01m\x1b[K/opt/ros/humble/include/rclcpp/rclcpp/executor.hpp:22\x1b[m\x1b[K,\n'}
[5.916899] (status_display) StderrLine: {'line': b'                 from \x1b[01m\x1b[K/opt/ros/humble/include/rclcpp/rclcpp/executors/multi_threaded_executor.hpp:25\x1b[m\x1b[K,\n'}
[5.916983] (status_display) StderrLine: {'line': b'                 from \x1b[01m\x1b[K/opt/ros/humble/include/rclcpp/rclcpp/executors.hpp:21\x1b[m\x1b[K,\n'}
[5.917065] (status_display) StderrLine: {'line': b'                 from \x1b[01m\x1b[K/opt/ros/humble/include/rclcpp/rclcpp/rclcpp.hpp:155\x1b[m\x1b[K,\n'}
[5.917147] (status_display) StderrLine: {'line': b'                 from \x1b[01m\x1b[K/home/shenhang/ros_study/chapter3/topic_practice_workspace/src/status_display/src/sys_status_display.cpp:4\x1b[m\x1b[K:\n'}
[5.917230] (status_display) StderrLine: {'line': b'\x1b[01m\x1b[K/usr/include/c++/11/ostream:594:5:\x1b[m\x1b[K \x1b[01;36m\x1b[Knote: \x1b[m\x1b[Kcandidate: \xe2\x80\x98\x1b[01m\x1b[Ktemplate<class _CharT, class _Traits> std::basic_ostream<_CharT, _Traits>& std::operator<<(std::basic_ostream<_CharT, _Traits>&, const _CharT*)\x1b[m\x1b[K\xe2\x80\x99\n'}
[5.917320] (status_display) StderrLine: {'line': b'  594 |     \x1b[01;36m\x1b[Koperator\x1b[m\x1b[K<<(basic_ostream<_CharT, _Traits>& __out, const _CharT* __s)\n'}
[5.917403] (status_display) StderrLine: {'line': b'      |     \x1b[01;36m\x1b[K^~~~~~~~\x1b[m\x1b[K\n'}
[5.917557] (status_display) StderrLine: {'line': b'\x1b[01m\x1b[K/usr/include/c++/11/ostream:594:5:\x1b[m\x1b[K \x1b[01;36m\x1b[Knote: \x1b[m\x1b[K  template argument deduction/substitution failed:\n'}
[5.917653] (status_display) StderrLine: {'line': b'\x1b[01m\x1b[K/home/shenhang/ros_study/chapter3/topic_practice_workspace/src/status_display/src/sys_status_display.cpp:19:42:\x1b[m\x1b[K \x1b[01;36m\x1b[Knote: \x1b[m\x1b[K  mismatched types \xe2\x80\x98\x1b[01m\x1b[Kconst _CharT*\x1b[m\x1b[K\xe2\x80\x99 and \xe2\x80\x98\x1b[01m\x1b[Kbuiltin_interfaces::msg::Time_<std::allocator<void> >\x1b[m\x1b[K\xe2\x80\x99\n'}
[5.917750] (status_display) StderrLine: {'line': b'   19 |                  << "\xe6\x95\xb0\xe6\x8d\xae\xe6\x97\xb6\xe9\x97\xb4: " << msg->\x1b[01;36m\x1b[Kstamp\x1b[m\x1b[K << " s\\n"\n'}
[5.917844] (status_display) StderrLine: {'line': b'      |                                          \x1b[01;36m\x1b[K^~~~~\x1b[m\x1b[K\n'}
[5.917933] (status_display) StderrLine: {'line': b'In file included from \x1b[01m\x1b[K/usr/include/c++/11/ostream:829\x1b[m\x1b[K,\n'}
[5.918023] (status_display) StderrLine: {'line': b'                 from \x1b[01m\x1b[K/usr/include/c++/11/iostream:39\x1b[m\x1b[K,\n'}
[5.918110] (status_display) StderrLine: {'line': b'                 from \x1b[01m\x1b[K/opt/ros/humble/include/rclcpp/rclcpp/executor.hpp:22\x1b[m\x1b[K,\n'}
[5.918205] (status_display) StderrLine: {'line': b'                 from \x1b[01m\x1b[K/opt/ros/humble/include/rclcpp/rclcpp/executors/multi_threaded_executor.hpp:25\x1b[m\x1b[K,\n'}
[5.918295] (status_display) StderrLine: {'line': b'                 from \x1b[01m\x1b[K/opt/ros/humble/include/rclcpp/rclcpp/executors.hpp:21\x1b[m\x1b[K,\n'}
[5.918383] (status_display) StderrLine: {'line': b'                 from \x1b[01m\x1b[K/opt/ros/humble/include/rclcpp/rclcpp/rclcpp.hpp:155\x1b[m\x1b[K,\n'}
[5.918501] (status_display) StderrLine: {'line': b'                 from \x1b[01m\x1b[K/home/shenhang/ros_study/chapter3/topic_practice_workspace/src/status_display/src/sys_status_display.cpp:4\x1b[m\x1b[K:\n'}
[5.918631] (status_display) StderrLine: {'line': b'\x1b[01m\x1b[K/usr/include/c++/11/bits/ostream.tcc:321:5:\x1b[m\x1b[K \x1b[01;36m\x1b[Knote: \x1b[m\x1b[Kcandidate: \xe2\x80\x98\x1b[01m\x1b[Ktemplate<class _CharT, class _Traits> std::basic_ostream<_CharT, _Traits>& std::operator<<(std::basic_ostream<_CharT, _Traits>&, const char*)\x1b[m\x1b[K\xe2\x80\x99\n'}
[5.918720] (status_display) StderrLine: {'line': b'  321 |     \x1b[01;36m\x1b[Koperator\x1b[m\x1b[K<<(basic_ostream<_CharT, _Traits>& __out, const char* __s)\n'}
[5.918808] (status_display) StderrLine: {'line': b'      |     \x1b[01;36m\x1b[K^~~~~~~~\x1b[m\x1b[K\n'}
[5.918891] (status_display) StderrLine: {'line': b'\x1b[01m\x1b[K/usr/include/c++/11/bits/ostream.tcc:321:5:\x1b[m\x1b[K \x1b[01;36m\x1b[Knote: \x1b[m\x1b[K  template argument deduction/substitution failed:\n'}
[5.918973] (status_display) StderrLine: {'line': b'\x1b[01m\x1b[K/home/shenhang/ros_study/chapter3/topic_practice_workspace/src/status_display/src/sys_status_display.cpp:19:42:\x1b[m\x1b[K \x1b[01;36m\x1b[Knote: \x1b[m\x1b[K  cannot convert \xe2\x80\x98\x1b[01m\x1b[K((const std::__shared_ptr_access<status_interfaces::msg::SystemStatus_<std::allocator<void> >, __gnu_cxx::_S_atomic, false, false>*)(& msg))->std::__shared_ptr_access<status_interfaces::msg::SystemStatus_<std::allocator<void> >, __gnu_cxx::_S_atomic, false, false>::operator->()->status_interfaces::msg::SystemStatus_<std::allocator<void> >::stamp\x1b[m\x1b[K\xe2\x80\x99 (type \xe2\x80\x98\x1b[01m\x1b[Kstatus_interfaces::msg::SystemStatus_<std::allocator<void> >::_stamp_type\x1b[m\x1b[K\xe2\x80\x99 {aka \xe2\x80\x98\x1b[01m\x1b[Kbuiltin_interfaces::msg::Time_<std::allocator<void> >\x1b[m\x1b[K\xe2\x80\x99}) to type \xe2\x80\x98\x1b[01m\x1b[Kconst char*\x1b[m\x1b[K\xe2\x80\x99\n'}
[5.919064] (status_display) StderrLine: {'line': b'   19 |                  << "\xe6\x95\xb0\xe6\x8d\xae\xe6\x97\xb6\xe9\x97\xb4: " << \x1b[01;36m\x1b[Kmsg->stamp\x1b[m\x1b[K << " s\\n"\n'}
[5.919147] (status_display) StderrLine: {'line': b'      |                                     \x1b[01;36m\x1b[K~~~~~^~~~~\x1b[m\x1b[K\n'}
[5.919230] (status_display) StderrLine: {'line': b'In file included from \x1b[01m\x1b[K/usr/include/c++/11/iostream:39\x1b[m\x1b[K,\n'}
[5.919312] (status_display) StderrLine: {'line': b'                 from \x1b[01m\x1b[K/opt/ros/humble/include/rclcpp/rclcpp/executor.hpp:22\x1b[m\x1b[K,\n'}
[5.920056] (status_display) StderrLine: {'line': b'                 from \x1b[01m\x1b[K/opt/ros/humble/include/rclcpp/rclcpp/executors/multi_threaded_executor.hpp:25\x1b[m\x1b[K,\n'}
[5.920176] (status_display) StderrLine: {'line': b'                 from \x1b[01m\x1b[K/opt/ros/humble/include/rclcpp/rclcpp/executors.hpp:21\x1b[m\x1b[K,\n'}
[5.920264] (status_display) StderrLine: {'line': b'                 from \x1b[01m\x1b[K/opt/ros/humble/include/rclcpp/rclcpp/rclcpp.hpp:155\x1b[m\x1b[K,\n'}
[5.920349] (status_display) StderrLine: {'line': b'                 from \x1b[01m\x1b[K/home/shenhang/ros_study/chapter3/topic_practice_workspace/src/status_display/src/sys_status_display.cpp:4\x1b[m\x1b[K:\n'}
[5.920552] (status_display) StderrLine: {'line': b'\x1b[01m\x1b[K/usr/include/c++/11/ostream:611:5:\x1b[m\x1b[K \x1b[01;36m\x1b[Knote: \x1b[m\x1b[Kcandidate: \xe2\x80\x98\x1b[01m\x1b[Ktemplate<class _Traits> std::basic_ostream<char, _Traits>& std::operator<<(std::basic_ostream<char, _Traits>&, const char*)\x1b[m\x1b[K\xe2\x80\x99\n'}
[5.920649] (status_display) StderrLine: {'line': b'  611 |     \x1b[01;36m\x1b[Koperator\x1b[m\x1b[K<<(basic_ostream<char, _Traits>& __out, const char* __s)\n'}
[5.920739] (status_display) StderrLine: {'line': b'      |     \x1b[01;36m\x1b[K^~~~~~~~\x1b[m\x1b[K\n'}
[5.920822] (status_display) StderrLine: {'line': b'\x1b[01m\x1b[K/usr/include/c++/11/ostream:611:5:\x1b[m\x1b[K \x1b[01;36m\x1b[Knote: \x1b[m\x1b[K  template argument deduction/substitution failed:\n'}
[5.920905] (status_display) StderrLine: {'line': b'\x1b[01m\x1b[K/home/shenhang/ros_study/chapter3/topic_practice_workspace/src/status_display/src/sys_status_display.cpp:19:42:\x1b[m\x1b[K \x1b[01;36m\x1b[Knote: \x1b[m\x1b[K  cannot convert \xe2\x80\x98\x1b[01m\x1b[K((const std::__shared_ptr_access<status_interfaces::msg::SystemStatus_<std::allocator<void> >, __gnu_cxx::_S_atomic, false, false>*)(& msg))->std::__shared_ptr_access<status_interfaces::msg::SystemStatus_<std::allocator<void> >, __gnu_cxx::_S_atomic, false, false>::operator->()->status_interfaces::msg::SystemStatus_<std::allocator<void> >::stamp\x1b[m\x1b[K\xe2\x80\x99 (type \xe2\x80\x98\x1b[01m\x1b[Kstatus_interfaces::msg::SystemStatus_<std::allocator<void> >::_stamp_type\x1b[m\x1b[K\xe2\x80\x99 {aka \xe2\x80\x98\x1b[01m\x1b[Kbuiltin_interfaces::msg::Time_<std::allocator<void> >\x1b[m\x1b[K\xe2\x80\x99}) to type \xe2\x80\x98\x1b[01m\x1b[Kconst char*\x1b[m\x1b[K\xe2\x80\x99\n'}
[5.921010] (status_display) StderrLine: {'line': b'   19 |                  << "\xe6\x95\xb0\xe6\x8d\xae\xe6\x97\xb6\xe9\x97\xb4: " << \x1b[01;36m\x1b[Kmsg->stamp\x1b[m\x1b[K << " s\\n"\n'}
[5.921098] (status_display) StderrLine: {'line': b'      |                                     \x1b[01;36m\x1b[K~~~~~^~~~~\x1b[m\x1b[K\n'}
[5.921180] (status_display) StderrLine: {'line': b'In file included from \x1b[01m\x1b[K/usr/include/c++/11/iostream:39\x1b[m\x1b[K,\n'}
[5.921264] (status_display) StderrLine: {'line': b'                 from \x1b[01m\x1b[K/opt/ros/humble/include/rclcpp/rclcpp/executor.hpp:22\x1b[m\x1b[K,\n'}
[5.921362] (status_display) StderrLine: {'line': b'                 from \x1b[01m\x1b[K/opt/ros/humble/include/rclcpp/rclcpp/executors/multi_threaded_executor.hpp:25\x1b[m\x1b[K,\n'}
[5.921483] (status_display) StderrLine: {'line': b'                 from \x1b[01m\x1b[K/opt/ros/humble/include/rclcpp/rclcpp/executors.hpp:21\x1b[m\x1b[K,\n'}
[5.921567] (status_display) StderrLine: {'line': b'                 from \x1b[01m\x1b[K/opt/ros/humble/include/rclcpp/rclcpp/rclcpp.hpp:155\x1b[m\x1b[K,\n'}
[5.921649] (status_display) StderrLine: {'line': b'                 from \x1b[01m\x1b[K/home/shenhang/ros_study/chapter3/topic_practice_workspace/src/status_display/src/sys_status_display.cpp:4\x1b[m\x1b[K:\n'}
[5.921731] (status_display) StderrLine: {'line': b'\x1b[01m\x1b[K/usr/include/c++/11/ostream:624:5:\x1b[m\x1b[K \x1b[01;36m\x1b[Knote: \x1b[m\x1b[Kcandidate: \xe2\x80\x98\x1b[01m\x1b[Ktemplate<class _Traits> std::basic_ostream<char, _Traits>& std::operator<<(std::basic_ostream<char, _Traits>&, const signed char*)\x1b[m\x1b[K\xe2\x80\x99\n'}
[5.921814] (status_display) StderrLine: {'line': b'  624 |     \x1b[01;36m\x1b[Koperator\x1b[m\x1b[K<<(basic_ostream<char, _Traits>& __out, const signed char* __s)\n'}
[5.921896] (status_display) StderrLine: {'line': b'      |     \x1b[01;36m\x1b[K^~~~~~~~\x1b[m\x1b[K\n'}
[5.921978] (status_display) StderrLine: {'line': b'\x1b[01m\x1b[K/usr/include/c++/11/ostream:624:5:\x1b[m\x1b[K \x1b[01;36m\x1b[Knote: \x1b[m\x1b[K  template argument deduction/substitution failed:\n'}
[5.922059] (status_display) StderrLine: {'line': b'\x1b[01m\x1b[K/home/shenhang/ros_study/chapter3/topic_practice_workspace/src/status_display/src/sys_status_display.cpp:19:42:\x1b[m\x1b[K \x1b[01;36m\x1b[Knote: \x1b[m\x1b[K  cannot convert \xe2\x80\x98\x1b[01m\x1b[K((const std::__shared_ptr_access<status_interfaces::msg::SystemStatus_<std::allocator<void> >, __gnu_cxx::_S_atomic, false, false>*)(& msg))->std::__shared_ptr_access<status_interfaces::msg::SystemStatus_<std::allocator<void> >, __gnu_cxx::_S_atomic, false, false>::operator->()->status_interfaces::msg::SystemStatus_<std::allocator<void> >::stamp\x1b[m\x1b[K\xe2\x80\x99 (type \xe2\x80\x98\x1b[01m\x1b[Kstatus_interfaces::msg::SystemStatus_<std::allocator<void> >::_stamp_type\x1b[m\x1b[K\xe2\x80\x99 {aka \xe2\x80\x98\x1b[01m\x1b[Kbuiltin_interfaces::msg::Time_<std::allocator<void> >\x1b[m\x1b[K\xe2\x80\x99}) to type \xe2\x80\x98\x1b[01m\x1b[Kconst signed char*\x1b[m\x1b[K\xe2\x80\x99\n'}
[5.922145] (status_display) StderrLine: {'line': b'   19 |                  << "\xe6\x95\xb0\xe6\x8d\xae\xe6\x97\xb6\xe9\x97\xb4: " << \x1b[01;36m\x1b[Kmsg->stamp\x1b[m\x1b[K << " s\\n"\n'}
[5.922227] (status_display) StderrLine: {'line': b'      |                                     \x1b[01;36m\x1b[K~~~~~^~~~~\x1b[m\x1b[K\n'}
[5.922345] (status_display) StderrLine: {'line': b'In file included from \x1b[01m\x1b[K/usr/include/c++/11/iostream:39\x1b[m\x1b[K,\n'}
[5.922570] (status_display) StderrLine: {'line': b'                 from \x1b[01m\x1b[K/opt/ros/humble/include/rclcpp/rclcpp/executor.hpp:22\x1b[m\x1b[K,\n'}
[5.922659] (status_display) StderrLine: {'line': b'                 from \x1b[01m\x1b[K/opt/ros/humble/include/rclcpp/rclcpp/executors/multi_threaded_executor.hpp:25\x1b[m\x1b[K,\n'}
[5.922748] (status_display) StderrLine: {'line': b'                 from \x1b[01m\x1b[K/opt/ros/humble/include/rclcpp/rclcpp/executors.hpp:21\x1b[m\x1b[K,\n'}
[5.922833] (status_display) StderrLine: {'line': b'                 from \x1b[01m\x1b[K/opt/ros/humble/include/rclcpp/rclcpp/rclcpp.hpp:155\x1b[m\x1b[K,\n'}
[5.922915] (status_display) StderrLine: {'line': b'                 from \x1b[01m\x1b[K/home/shenhang/ros_study/chapter3/topic_practice_workspace/src/status_display/src/sys_status_display.cpp:4\x1b[m\x1b[K:\n'}
[5.922997] (status_display) StderrLine: {'line': b'\x1b[01m\x1b[K/usr/include/c++/11/ostream:629:5:\x1b[m\x1b[K \x1b[01;36m\x1b[Knote: \x1b[m\x1b[Kcandidate: \xe2\x80\x98\x1b[01m\x1b[Ktemplate<class _Traits> std::basic_ostream<char, _Traits>& std::operator<<(std::basic_ostream<char, _Traits>&, const unsigned char*)\x1b[m\x1b[K\xe2\x80\x99\n'}
[5.923084] (status_display) StderrLine: {'line': b'  629 |     \x1b[01;36m\x1b[Koperator\x1b[m\x1b[K<<(basic_ostream<char, _Traits>& __out, const unsigned char* __s)\n'}
[5.923167] (status_display) StderrLine: {'line': b'      |     \x1b[01;36m\x1b[K^~~~~~~~\x1b[m\x1b[K\n'}
[5.923248] (status_display) StderrLine: {'line': b'\x1b[01m\x1b[K/usr/include/c++/11/ostream:629:5:\x1b[m\x1b[K \x1b[01;36m\x1b[Knote: \x1b[m\x1b[K  template argument deduction/substitution failed:\n'}
[5.923355] (status_display) StderrLine: {'line': b'\x1b[01m\x1b[K/home/shenhang/ros_study/chapter3/topic_practice_workspace/src/status_display/src/sys_status_display.cpp:19:42:\x1b[m\x1b[K \x1b[01;36m\x1b[Knote: \x1b[m\x1b[K  cannot convert \xe2\x80\x98\x1b[01m\x1b[K((const std::__shared_ptr_access<status_interfaces::msg::SystemStatus_<std::allocator<void> >, __gnu_cxx::_S_atomic, false, false>*)(& msg))->std::__shared_ptr_access<status_interfaces::msg::SystemStatus_<std::allocator<void> >, __gnu_cxx::_S_atomic, false, false>::operator->()->status_interfaces::msg::SystemStatus_<std::allocator<void> >::stamp\x1b[m\x1b[K\xe2\x80\x99 (type \xe2\x80\x98\x1b[01m\x1b[Kstatus_interfaces::msg::SystemStatus_<std::allocator<void> >::_stamp_type\x1b[m\x1b[K\xe2\x80\x99 {aka \xe2\x80\x98\x1b[01m\x1b[Kbuiltin_interfaces::msg::Time_<std::allocator<void> >\x1b[m\x1b[K\xe2\x80\x99}) to type \xe2\x80\x98\x1b[01m\x1b[Kconst unsigned char*\x1b[m\x1b[K\xe2\x80\x99\n'}
[5.923458] (status_display) StderrLine: {'line': b'   19 |                  << "\xe6\x95\xb0\xe6\x8d\xae\xe6\x97\xb6\xe9\x97\xb4: " << \x1b[01;36m\x1b[Kmsg->stamp\x1b[m\x1b[K << " s\\n"\n'}
[5.923550] (status_display) StderrLine: {'line': b'      |                                     \x1b[01;36m\x1b[K~~~~~^~~~~\x1b[m\x1b[K\n'}
[5.923638] (status_display) StderrLine: {'line': b'In file included from \x1b[01m\x1b[K/usr/include/c++/11/iostream:39\x1b[m\x1b[K,\n'}
[5.923725] (status_display) StderrLine: {'line': b'                 from \x1b[01m\x1b[K/opt/ros/humble/include/rclcpp/rclcpp/executor.hpp:22\x1b[m\x1b[K,\n'}
[5.923811] (status_display) StderrLine: {'line': b'                 from \x1b[01m\x1b[K/opt/ros/humble/include/rclcpp/rclcpp/executors/multi_threaded_executor.hpp:25\x1b[m\x1b[K,\n'}
[5.923899] (status_display) StderrLine: {'line': b'                 from \x1b[01m\x1b[K/opt/ros/humble/include/rclcpp/rclcpp/executors.hpp:21\x1b[m\x1b[K,\n'}
[5.923987] (status_display) StderrLine: {'line': b'                 from \x1b[01m\x1b[K/opt/ros/humble/include/rclcpp/rclcpp/rclcpp.hpp:155\x1b[m\x1b[K,\n'}
[5.924073] (status_display) StderrLine: {'line': b'                 from \x1b[01m\x1b[K/home/shenhang/ros_study/chapter3/topic_practice_workspace/src/status_display/src/sys_status_display.cpp:4\x1b[m\x1b[K:\n'}
[5.924160] (status_display) StderrLine: {'line': b'\x1b[01m\x1b[K/usr/include/c++/11/ostream:750:5:\x1b[m\x1b[K \x1b[01;36m\x1b[Knote: \x1b[m\x1b[Kcandidate: \xe2\x80\x98\x1b[01m\x1b[Ktemplate<class _Ostream, class _Tp> _Ostream&& std::operator<<(_Ostream&&, const _Tp&)\x1b[m\x1b[K\xe2\x80\x99\n'}
[5.924251] (status_display) StderrLine: {'line': b'  750 |     \x1b[01;36m\x1b[Koperator\x1b[m\x1b[K<<(_Ostream&& __os, const _Tp& __x)\n'}
[5.924459] (status_display) StderrLine: {'line': b'      |     \x1b[01;36m\x1b[K^~~~~~~~\x1b[m\x1b[K\n'}
[5.924553] (status_display) StderrLine: {'line': b'\x1b[01m\x1b[K/usr/include/c++/11/ostream:750:5:\x1b[m\x1b[K \x1b[01;36m\x1b[Knote: \x1b[m\x1b[K  template argument deduction/substitution failed:\n'}
[5.924636] (status_display) StderrLine: {'line': b'/usr/include/c++/11/ostream: In substitution of \xe2\x80\x98\x1b[01m\x1b[Ktemplate<class _Ostream, class _Tp> _Ostream&& std::operator<<(_Ostream&&, const _Tp&) [with _Ostream = std::basic_ostream<char>&; _Tp = builtin_interfaces::msg::Time_<std::allocator<void> >]\x1b[m\x1b[K\xe2\x80\x99:\n'}
[5.924753] (status_display) StderrLine: {'line': b'\x1b[01m\x1b[K/home/shenhang/ros_study/chapter3/topic_practice_workspace/src/status_display/src/sys_status_display.cpp:19:46:\x1b[m\x1b[K   required from here\n'}
[5.924841] (status_display) StderrLine: {'line': b'\x1b[01m\x1b[K/usr/include/c++/11/ostream:750:5:\x1b[m\x1b[K \x1b[01;31m\x1b[Kerror: \x1b[m\x1b[Kno type named \xe2\x80\x98\x1b[01m\x1b[Ktype\x1b[m\x1b[K\xe2\x80\x99 in \xe2\x80\x98\x1b[01m\x1b[Kstruct std::enable_if<false, void>\x1b[m\x1b[K\xe2\x80\x99\n'}
[5.924924] (status_display) StderrLine: {'line': b'In file included from \x1b[01m\x1b[K/opt/ros/humble/include/rosidl_runtime_cpp/rosidl_runtime_cpp/traits.hpp:19\x1b[m\x1b[K,\n'}
[5.925007] (status_display) StderrLine: {'line': b'                 from \x1b[01m\x1b[K/opt/ros/humble/include/builtin_interfaces/builtin_interfaces/msg/detail/duration__traits.hpp:15\x1b[m\x1b[K,\n'}
[5.925090] (status_display) StderrLine: {'line': b'                 from \x1b[01m\x1b[K/opt/ros/humble/include/builtin_interfaces/builtin_interfaces/msg/duration.hpp:9\x1b[m\x1b[K,\n'}
[5.925172] (status_display) StderrLine: {'line': b'                 from \x1b[01m\x1b[K/opt/ros/humble/include/rclcpp/rclcpp/duration.hpp:20\x1b[m\x1b[K,\n'}
[5.925273] (status_display) StderrLine: {'line': b'                 from \x1b[01m\x1b[K/opt/ros/humble/include/rclcpp/rclcpp/qos.hpp:20\x1b[m\x1b[K,\n'}
[5.925362] (status_display) StderrLine: {'line': b'                 from \x1b[01m\x1b[K/opt/ros/humble/include/rclcpp/rclcpp/node_interfaces/node_graph_interface.hpp:32\x1b[m\x1b[K,\n'}
[5.925444] (status_display) StderrLine: {'line': b'                 from \x1b[01m\x1b[K/opt/ros/humble/include/rclcpp/rclcpp/client.hpp:42\x1b[m\x1b[K,\n'}
[5.925529] (status_display) StderrLine: {'line': b'                 from \x1b[01m\x1b[K/opt/ros/humble/include/rclcpp/rclcpp/callback_group.hpp:24\x1b[m\x1b[K,\n'}
[5.925616] (status_display) StderrLine: {'line': b'                 from \x1b[01m\x1b[K/opt/ros/humble/include/rclcpp/rclcpp/any_executable.hpp:20\x1b[m\x1b[K,\n'}
[5.925703] (status_display) StderrLine: {'line': b'                 from \x1b[01m\x1b[K/opt/ros/humble/include/rclcpp/rclcpp/memory_strategy.hpp:25\x1b[m\x1b[K,\n'}
[5.925798] (status_display) StderrLine: {'line': b'                 from \x1b[01m\x1b[K/opt/ros/humble/include/rclcpp/rclcpp/memory_strategies.hpp:18\x1b[m\x1b[K,\n'}
[5.925887] (status_display) StderrLine: {'line': b'                 from \x1b[01m\x1b[K/opt/ros/humble/include/rclcpp/rclcpp/executor_options.hpp:20\x1b[m\x1b[K,\n'}
[5.925972] (status_display) StderrLine: {'line': b'                 from \x1b[01m\x1b[K/opt/ros/humble/include/rclcpp/rclcpp/executor.hpp:37\x1b[m\x1b[K,\n'}
[5.926060] (status_display) StderrLine: {'line': b'                 from \x1b[01m\x1b[K/opt/ros/humble/include/rclcpp/rclcpp/executors/multi_threaded_executor.hpp:25\x1b[m\x1b[K,\n'}
[5.926148] (status_display) StderrLine: {'line': b'                 from \x1b[01m\x1b[K/opt/ros/humble/include/rclcpp/rclcpp/executors.hpp:21\x1b[m\x1b[K,\n'}
[5.926279] (status_display) StderrLine: {'line': b'                 from \x1b[01m\x1b[K/opt/ros/humble/include/rclcpp/rclcpp/rclcpp.hpp:155\x1b[m\x1b[K,\n'}
[5.926425] (status_display) StderrLine: {'line': b'                 from \x1b[01m\x1b[K/home/shenhang/ros_study/chapter3/topic_practice_workspace/src/status_display/src/sys_status_display.cpp:4\x1b[m\x1b[K:\n'}
[5.926516] (status_display) StderrLine: {'line': b'\x1b[01m\x1b[K/usr/include/c++/11/iomanip:79:5:\x1b[m\x1b[K \x1b[01;36m\x1b[Knote: \x1b[m\x1b[Kcandidate: \xe2\x80\x98\x1b[01m\x1b[Ktemplate<class _CharT, class _Traits> std::basic_ostream<_CharT, _Traits>& std::operator<<(std::basic_ostream<_CharT, _Traits>&, std::_Resetiosflags)\x1b[m\x1b[K\xe2\x80\x99\n'}
[5.926602] (status_display) StderrLine: {'line': b'   79 |     \x1b[01;36m\x1b[Koperator\x1b[m\x1b[K<<(basic_ostream<_CharT, _Traits>& __os, _Resetiosflags __f)\n'}
[5.926685] (status_display) StderrLine: {'line': b'      |     \x1b[01;36m\x1b[K^~~~~~~~\x1b[m\x1b[K\n'}
[5.926767] (status_display) StderrLine: {'line': b'\x1b[01m\x1b[K/usr/include/c++/11/iomanip:79:5:\x1b[m\x1b[K \x1b[01;36m\x1b[Knote: \x1b[m\x1b[K  template argument deduction/substitution failed:\n'}
[5.926853] (status_display) StderrLine: {'line': b'\x1b[01m\x1b[K/home/shenhang/ros_study/chapter3/topic_practice_workspace/src/status_display/src/sys_status_display.cpp:19:42:\x1b[m\x1b[K \x1b[01;36m\x1b[Knote: \x1b[m\x1b[K  cannot convert \xe2\x80\x98\x1b[01m\x1b[K((const std::__shared_ptr_access<status_interfaces::msg::SystemStatus_<std::allocator<void> >, __gnu_cxx::_S_atomic, false, false>*)(& msg))->std::__shared_ptr_access<status_interfaces::msg::SystemStatus_<std::allocator<void> >, __gnu_cxx::_S_atomic, false, false>::operator->()->status_interfaces::msg::SystemStatus_<std::allocator<void> >::stamp\x1b[m\x1b[K\xe2\x80\x99 (type \xe2\x80\x98\x1b[01m\x1b[Kstatus_interfaces::msg::SystemStatus_<std::allocator<void> >::_stamp_type\x1b[m\x1b[K\xe2\x80\x99 {aka \xe2\x80\x98\x1b[01m\x1b[Kbuiltin_interfaces::msg::Time_<std::allocator<void> >\x1b[m\x1b[K\xe2\x80\x99}) to type \xe2\x80\x98\x1b[01m\x1b[Kstd::_Resetiosflags\x1b[m\x1b[K\xe2\x80\x99\n'}
[5.926945] (status_display) StderrLine: {'line': b'   19 |                  << "\xe6\x95\xb0\xe6\x8d\xae\xe6\x97\xb6\xe9\x97\xb4: " << \x1b[01;36m\x1b[Kmsg->stamp\x1b[m\x1b[K << " s\\n"\n'}
[5.927027] (status_display) StderrLine: {'line': b'      |                                     \x1b[01;36m\x1b[K~~~~~^~~~~\x1b[m\x1b[K\n'}
[5.927109] (status_display) StderrLine: {'line': b'In file included from \x1b[01m\x1b[K/opt/ros/humble/include/rosidl_runtime_cpp/rosidl_runtime_cpp/traits.hpp:19\x1b[m\x1b[K,\n'}
[5.927229] (status_display) StderrLine: {'line': b'                 from \x1b[01m\x1b[K/opt/ros/humble/include/builtin_interfaces/builtin_interfaces/msg/detail/duration__traits.hpp:15\x1b[m\x1b[K,\n'}
[5.927373] (status_display) StderrLine: {'line': b'                 from \x1b[01m\x1b[K/opt/ros/humble/include/builtin_interfaces/builtin_interfaces/msg/duration.hpp:9\x1b[m\x1b[K,\n'}
[5.927568] (status_display) StderrLine: {'line': b'                 from \x1b[01m\x1b[K/opt/ros/humble/include/rclcpp/rclcpp/duration.hpp:20\x1b[m\x1b[K,\n'}
[5.927661] (status_display) StderrLine: {'line': b'                 from \x1b[01m\x1b[K/opt/ros/humble/include/rclcpp/rclcpp/qos.hpp:20\x1b[m\x1b[K,\n'}
[5.927743] (status_display) StderrLine: {'line': b'                 from \x1b[01m\x1b[K/opt/ros/humble/include/rclcpp/rclcpp/node_interfaces/node_graph_interface.hpp:32\x1b[m\x1b[K,\n'}
[5.927825] (status_display) StderrLine: {'line': b'                 from \x1b[01m\x1b[K/opt/ros/humble/include/rclcpp/rclcpp/client.hpp:42\x1b[m\x1b[K,\n'}
[5.927911] (status_display) StderrLine: {'line': b'                 from \x1b[01m\x1b[K/opt/ros/humble/include/rclcpp/rclcpp/callback_group.hpp:24\x1b[m\x1b[K,\n'}
[5.928000] (status_display) StderrLine: {'line': b'                 from \x1b[01m\x1b[K/opt/ros/humble/include/rclcpp/rclcpp/any_executable.hpp:20\x1b[m\x1b[K,\n'}
[5.928086] (status_display) StderrLine: {'line': b'                 from \x1b[01m\x1b[K/opt/ros/humble/include/rclcpp/rclcpp/memory_strategy.hpp:25\x1b[m\x1b[K,\n'}
[5.928199] (status_display) StderrLine: {'line': b'                 from \x1b[01m\x1b[K/opt/ros/humble/include/rclcpp/rclcpp/memory_strategies.hpp:18\x1b[m\x1b[K,\n'}
[5.928293] (status_display) StderrLine: {'line': b'                 from \x1b[01m\x1b[K/opt/ros/humble/include/rclcpp/rclcpp/executor_options.hpp:20\x1b[m\x1b[K,\n'}
[5.928382] (status_display) StderrLine: {'line': b'                 from \x1b[01m\x1b[K/opt/ros/humble/include/rclcpp/rclcpp/executor.hpp:37\x1b[m\x1b[K,\n'}
[5.928464] (status_display) StderrLine: {'line': b'                 from \x1b[01m\x1b[K/opt/ros/humble/include/rclcpp/rclcpp/executors/multi_threaded_executor.hpp:25\x1b[m\x1b[K,\n'}
[5.928547] (status_display) StderrLine: {'line': b'                 from \x1b[01m\x1b[K/opt/ros/humble/include/rclcpp/rclcpp/executors.hpp:21\x1b[m\x1b[K,\n'}
[5.928629] (status_display) StderrLine: {'line': b'                 from \x1b[01m\x1b[K/opt/ros/humble/include/rclcpp/rclcpp/rclcpp.hpp:155\x1b[m\x1b[K,\n'}
[5.928715] (status_display) StderrLine: {'line': b'                 from \x1b[01m\x1b[K/home/shenhang/ros_study/chapter3/topic_practice_workspace/src/status_display/src/sys_status_display.cpp:4\x1b[m\x1b[K:\n'}
[5.928799] (status_display) StderrLine: {'line': b'\x1b[01m\x1b[K/usr/include/c++/11/iomanip:109:5:\x1b[m\x1b[K \x1b[01;36m\x1b[Knote: \x1b[m\x1b[Kcandidate: \xe2\x80\x98\x1b[01m\x1b[Ktemplate<class _CharT, class _Traits> std::basic_ostream<_CharT, _Traits>& std::operator<<(std::basic_ostream<_CharT, _Traits>&, std::_Setiosflags)\x1b[m\x1b[K\xe2\x80\x99\n'}
[5.928893] (status_display) StderrLine: {'line': b'  109 |     \x1b[01;36m\x1b[Koperator\x1b[m\x1b[K<<(basic_ostream<_CharT, _Traits>& __os, _Setiosflags __f)\n'}
[5.932445] (status_display) StderrLine: {'line': b'      |     \x1b[01;36m\x1b[K^~~~~~~~\x1b[m\x1b[K\n'}
[5.932732] (status_display) StderrLine: {'line': b'\x1b[01m\x1b[K/usr/include/c++/11/iomanip:109:5:\x1b[m\x1b[K \x1b[01;36m\x1b[Knote: \x1b[m\x1b[K  template argument deduction/substitution failed:\n'}
[5.932838] (status_display) StderrLine: {'line': b'\x1b[01m\x1b[K/home/shenhang/ros_study/chapter3/topic_practice_workspace/src/status_display/src/sys_status_display.cpp:19:42:\x1b[m\x1b[K \x1b[01;36m\x1b[Knote: \x1b[m\x1b[K  cannot convert \xe2\x80\x98\x1b[01m\x1b[K((const std::__shared_ptr_access<status_interfaces::msg::SystemStatus_<std::allocator<void> >, __gnu_cxx::_S_atomic, false, false>*)(& msg))->std::__shared_ptr_access<status_interfaces::msg::SystemStatus_<std::allocator<void> >, __gnu_cxx::_S_atomic, false, false>::operator->()->status_interfaces::msg::SystemStatus_<std::allocator<void> >::stamp\x1b[m\x1b[K\xe2\x80\x99 (type \xe2\x80\x98\x1b[01m\x1b[Kstatus_interfaces::msg::SystemStatus_<std::allocator<void> >::_stamp_type\x1b[m\x1b[K\xe2\x80\x99 {aka \xe2\x80\x98\x1b[01m\x1b[Kbuiltin_interfaces::msg::Time_<std::allocator<void> >\x1b[m\x1b[K\xe2\x80\x99}) to type \xe2\x80\x98\x1b[01m\x1b[Kstd::_Setiosflags\x1b[m\x1b[K\xe2\x80\x99\n'}
[5.932932] (status_display) StderrLine: {'line': b'   19 |                  << "\xe6\x95\xb0\xe6\x8d\xae\xe6\x97\xb6\xe9\x97\xb4: " << \x1b[01;36m\x1b[Kmsg->stamp\x1b[m\x1b[K << " s\\n"\n'}
[5.933028] (status_display) StderrLine: {'line': b'      |                                     \x1b[01;36m\x1b[K~~~~~^~~~~\x1b[m\x1b[K\n'}
[5.933139] (status_display) StderrLine: {'line': b'In file included from \x1b[01m\x1b[K/opt/ros/humble/include/rosidl_runtime_cpp/rosidl_runtime_cpp/traits.hpp:19\x1b[m\x1b[K,\n'}
[5.933239] (status_display) StderrLine: {'line': b'                 from \x1b[01m\x1b[K/opt/ros/humble/include/builtin_interfaces/builtin_interfaces/msg/detail/duration__traits.hpp:15\x1b[m\x1b[K,\n'}
[5.933328] (status_display) StderrLine: {'line': b'                 from \x1b[01m\x1b[K/opt/ros/humble/include/builtin_interfaces/builtin_interfaces/msg/duration.hpp:9\x1b[m\x1b[K,\n'}
[5.933414] (status_display) StderrLine: {'line': b'                 from \x1b[01m\x1b[K/opt/ros/humble/include/rclcpp/rclcpp/duration.hpp:20\x1b[m\x1b[K,\n'}
[5.933502] (status_display) StderrLine: {'line': b'                 from \x1b[01m\x1b[K/opt/ros/humble/include/rclcpp/rclcpp/qos.hpp:20\x1b[m\x1b[K,\n'}
[5.933589] (status_display) StderrLine: {'line': b'                 from \x1b[01m\x1b[K/opt/ros/humble/include/rclcpp/rclcpp/node_interfaces/node_graph_interface.hpp:32\x1b[m\x1b[K,\n'}
[5.933681] (status_display) StderrLine: {'line': b'                 from \x1b[01m\x1b[K/opt/ros/humble/include/rclcpp/rclcpp/client.hpp:42\x1b[m\x1b[K,\n'}
[5.933767] (status_display) StderrLine: {'line': b'                 from \x1b[01m\x1b[K/opt/ros/humble/include/rclcpp/rclcpp/callback_group.hpp:24\x1b[m\x1b[K,\n'}
[5.933855] (status_display) StderrLine: {'line': b'                 from \x1b[01m\x1b[K/opt/ros/humble/include/rclcpp/rclcpp/any_executable.hpp:20\x1b[m\x1b[K,\n'}
[5.933942] (status_display) StderrLine: {'line': b'                 from \x1b[01m\x1b[K/opt/ros/humble/include/rclcpp/rclcpp/memory_strategy.hpp:25\x1b[m\x1b[K,\n'}
[5.934096] (status_display) StderrLine: {'line': b'                 from \x1b[01m\x1b[K/opt/ros/humble/include/rclcpp/rclcpp/memory_strategies.hpp:18\x1b[m\x1b[K,\n'}
[5.934237] (status_display) StderrLine: {'line': b'                 from \x1b[01m\x1b[K/opt/ros/humble/include/rclcpp/rclcpp/executor_options.hpp:20\x1b[m\x1b[K,\n'}
[5.934334] (status_display) StderrLine: {'line': b'                 from \x1b[01m\x1b[K/opt/ros/humble/include/rclcpp/rclcpp/executor.hpp:37\x1b[m\x1b[K,\n'}
[5.934422] (status_display) StderrLine: {'line': b'                 from \x1b[01m\x1b[K/opt/ros/humble/include/rclcpp/rclcpp/executors/multi_threaded_executor.hpp:25\x1b[m\x1b[K,\n'}
[5.934510] (status_display) StderrLine: {'line': b'                 from \x1b[01m\x1b[K/opt/ros/humble/include/rclcpp/rclcpp/executors.hpp:21\x1b[m\x1b[K,\n'}
[5.934598] (status_display) StderrLine: {'line': b'                 from \x1b[01m\x1b[K/opt/ros/humble/include/rclcpp/rclcpp/rclcpp.hpp:155\x1b[m\x1b[K,\n'}
[5.934684] (status_display) StderrLine: {'line': b'                 from \x1b[01m\x1b[K/home/shenhang/ros_study/chapter3/topic_practice_workspace/src/status_display/src/sys_status_display.cpp:4\x1b[m\x1b[K:\n'}
[5.934772] (status_display) StderrLine: {'line': b'\x1b[01m\x1b[K/usr/include/c++/11/iomanip:143:5:\x1b[m\x1b[K \x1b[01;36m\x1b[Knote: \x1b[m\x1b[Kcandidate: \xe2\x80\x98\x1b[01m\x1b[Ktemplate<class _CharT, class _Traits> std::basic_ostream<_CharT, _Traits>& std::operator<<(std::basic_ostream<_CharT, _Traits>&, std::_Setbase)\x1b[m\x1b[K\xe2\x80\x99\n'}
[5.934865] (status_display) StderrLine: {'line': b'  143 |     \x1b[01;36m\x1b[Koperator\x1b[m\x1b[K<<(basic_ostream<_CharT, _Traits>& __os, _Setbase __f)\n'}
[5.935001] (status_display) StderrLine: {'line': b'      |     \x1b[01;36m\x1b[K^~~~~~~~\x1b[m\x1b[K\n'}
[5.935088] (status_display) StderrLine: {'line': b'\x1b[01m\x1b[K/usr/include/c++/11/iomanip:143:5:\x1b[m\x1b[K \x1b[01;36m\x1b[Knote: \x1b[m\x1b[K  template argument deduction/substitution failed:\n'}
[5.935180] (status_display) StderrLine: {'line': b'\x1b[01m\x1b[K/home/shenhang/ros_study/chapter3/topic_practice_workspace/src/status_display/src/sys_status_display.cpp:19:42:\x1b[m\x1b[K \x1b[01;36m\x1b[Knote: \x1b[m\x1b[K  cannot convert \xe2\x80\x98\x1b[01m\x1b[K((const std::__shared_ptr_access<status_interfaces::msg::SystemStatus_<std::allocator<void> >, __gnu_cxx::_S_atomic, false, false>*)(& msg))->std::__shared_ptr_access<status_interfaces::msg::SystemStatus_<std::allocator<void> >, __gnu_cxx::_S_atomic, false, false>::operator->()->status_interfaces::msg::SystemStatus_<std::allocator<void> >::stamp\x1b[m\x1b[K\xe2\x80\x99 (type \xe2\x80\x98\x1b[01m\x1b[Kstatus_interfaces::msg::SystemStatus_<std::allocator<void> >::_stamp_type\x1b[m\x1b[K\xe2\x80\x99 {aka \xe2\x80\x98\x1b[01m\x1b[Kbuiltin_interfaces::msg::Time_<std::allocator<void> >\x1b[m\x1b[K\xe2\x80\x99}) to type \xe2\x80\x98\x1b[01m\x1b[Kstd::_Setbase\x1b[m\x1b[K\xe2\x80\x99\n'}
[5.935282] (status_display) StderrLine: {'line': b'   19 |                  << "\xe6\x95\xb0\xe6\x8d\xae\xe6\x97\xb6\xe9\x97\xb4: " << \x1b[01;36m\x1b[Kmsg->stamp\x1b[m\x1b[K << " s\\n"\n'}
[5.935369] (status_display) StderrLine: {'line': b'      |                                     \x1b[01;36m\x1b[K~~~~~^~~~~\x1b[m\x1b[K\n'}
[5.935453] (status_display) StderrLine: {'line': b'In file included from \x1b[01m\x1b[K/opt/ros/humble/include/rosidl_runtime_cpp/rosidl_runtime_cpp/traits.hpp:19\x1b[m\x1b[K,\n'}
[5.935587] (status_display) StderrLine: {'line': b'                 from \x1b[01m\x1b[K/opt/ros/humble/include/builtin_interfaces/builtin_interfaces/msg/detail/duration__traits.hpp:15\x1b[m\x1b[K,\n'}
[5.935687] (status_display) StderrLine: {'line': b'                 from \x1b[01m\x1b[K/opt/ros/humble/include/builtin_interfaces/builtin_interfaces/msg/duration.hpp:9\x1b[m\x1b[K,\n'}
[5.935770] (status_display) StderrLine: {'line': b'                 from \x1b[01m\x1b[K/opt/ros/humble/include/rclcpp/rclcpp/duration.hpp:20\x1b[m\x1b[K,\n'}
[5.935853] (status_display) StderrLine: {'line': b'                 from \x1b[01m\x1b[K/opt/ros/humble/include/rclcpp/rclcpp/qos.hpp:20\x1b[m\x1b[K,\n'}
[5.935954] (status_display) StderrLine: {'line': b'                 from \x1b[01m\x1b[K/opt/ros/humble/include/rclcpp/rclcpp/node_interfaces/node_graph_interface.hpp:32\x1b[m\x1b[K,\n'}
[5.936075] (status_display) StderrLine: {'line': b'                 from \x1b[01m\x1b[K/opt/ros/humble/include/rclcpp/rclcpp/client.hpp:42\x1b[m\x1b[K,\n'}
[5.936160] (status_display) StderrLine: {'line': b'                 from \x1b[01m\x1b[K/opt/ros/humble/include/rclcpp/rclcpp/callback_group.hpp:24\x1b[m\x1b[K,\n'}
[5.936254] (status_display) StderrLine: {'line': b'                 from \x1b[01m\x1b[K/opt/ros/humble/include/rclcpp/rclcpp/any_executable.hpp:20\x1b[m\x1b[K,\n'}
[5.936337] (status_display) StderrLine: {'line': b'                 from \x1b[01m\x1b[K/opt/ros/humble/include/rclcpp/rclcpp/memory_strategy.hpp:25\x1b[m\x1b[K,\n'}
[5.936424] (status_display) StderrLine: {'line': b'                 from \x1b[01m\x1b[K/opt/ros/humble/include/rclcpp/rclcpp/memory_strategies.hpp:18\x1b[m\x1b[K,\n'}
[5.936510] (status_display) StderrLine: {'line': b'                 from \x1b[01m\x1b[K/opt/ros/humble/include/rclcpp/rclcpp/executor_options.hpp:20\x1b[m\x1b[K,\n'}
[5.936600] (status_display) StderrLine: {'line': b'                 from \x1b[01m\x1b[K/opt/ros/humble/include/rclcpp/rclcpp/executor.hpp:37\x1b[m\x1b[K,\n'}
[5.936688] (status_display) StderrLine: {'line': b'                 from \x1b[01m\x1b[K/opt/ros/humble/include/rclcpp/rclcpp/executors/multi_threaded_executor.hpp:25\x1b[m\x1b[K,\n'}
[5.936777] (status_display) StderrLine: {'line': b'                 from \x1b[01m\x1b[K/opt/ros/humble/include/rclcpp/rclcpp/executors.hpp:21\x1b[m\x1b[K,\n'}
[5.936866] (status_display) StderrLine: {'line': b'                 from \x1b[01m\x1b[K/opt/ros/humble/include/rclcpp/rclcpp/rclcpp.hpp:155\x1b[m\x1b[K,\n'}
[5.937006] (status_display) StderrLine: {'line': b'                 from \x1b[01m\x1b[K/home/shenhang/ros_study/chapter3/topic_practice_workspace/src/status_display/src/sys_status_display.cpp:4\x1b[m\x1b[K:\n'}
[5.937099] (status_display) StderrLine: {'line': b'\x1b[01m\x1b[K/usr/include/c++/11/iomanip:178:5:\x1b[m\x1b[K \x1b[01;36m\x1b[Knote: \x1b[m\x1b[Kcandidate: \xe2\x80\x98\x1b[01m\x1b[Ktemplate<class _CharT, class _Traits> std::basic_ostream<_CharT, _Traits>& std::operator<<(std::basic_ostream<_CharT, _Traits>&, std::_Setfill<_CharT>)\x1b[m\x1b[K\xe2\x80\x99\n'}
[5.937190] (status_display) StderrLine: {'line': b'  178 |     \x1b[01;36m\x1b[Koperator\x1b[m\x1b[K<<(basic_ostream<_CharT, _Traits>& __os, _Setfill<_CharT> __f)\n'}
[5.937273] (status_display) StderrLine: {'line': b'      |     \x1b[01;36m\x1b[K^~~~~~~~\x1b[m\x1b[K\n'}
[5.937356] (status_display) StderrLine: {'line': b'\x1b[01m\x1b[K/usr/include/c++/11/iomanip:178:5:\x1b[m\x1b[K \x1b[01;36m\x1b[Knote: \x1b[m\x1b[K  template argument deduction/substitution failed:\n'}
[5.937439] (status_display) StderrLine: {'line': b'\x1b[01m\x1b[K/home/shenhang/ros_study/chapter3/topic_practice_workspace/src/status_display/src/sys_status_display.cpp:19:42:\x1b[m\x1b[K \x1b[01;36m\x1b[Knote: \x1b[m\x1b[K  \xe2\x80\x98\x1b[01m\x1b[Kbuiltin_interfaces::msg::Time_<std::allocator<void> >\x1b[m\x1b[K\xe2\x80\x99 is not derived from \xe2\x80\x98\x1b[01m\x1b[Kstd::_Setfill<_CharT>\x1b[m\x1b[K\xe2\x80\x99\n'}
[5.937533] (status_display) StderrLine: {'line': b'   19 |                  << "\xe6\x95\xb0\xe6\x8d\xae\xe6\x97\xb6\xe9\x97\xb4: " << msg->\x1b[01;36m\x1b[Kstamp\x1b[m\x1b[K << " s\\n"\n'}
[5.937617] (status_display) StderrLine: {'line': b'      |                                          \x1b[01;36m\x1b[K^~~~~\x1b[m\x1b[K\n'}
[5.937700] (status_display) StderrLine: {'line': b'In file included from \x1b[01m\x1b[K/opt/ros/humble/include/rosidl_runtime_cpp/rosidl_runtime_cpp/traits.hpp:19\x1b[m\x1b[K,\n'}
[5.937784] (status_display) StderrLine: {'line': b'                 from \x1b[01m\x1b[K/opt/ros/humble/include/builtin_interfaces/builtin_interfaces/msg/detail/duration__traits.hpp:15\x1b[m\x1b[K,\n'}
[5.937872] (status_display) StderrLine: {'line': b'                 from \x1b[01m\x1b[K/opt/ros/humble/include/builtin_interfaces/builtin_interfaces/msg/duration.hpp:9\x1b[m\x1b[K,\n'}
[5.938169] (status_display) StderrLine: {'line': b'                 from \x1b[01m\x1b[K/opt/ros/humble/include/rclcpp/rclcpp/duration.hpp:20\x1b[m\x1b[K,\n'}
[5.938267] (status_display) StderrLine: {'line': b'                 from \x1b[01m\x1b[K/opt/ros/humble/include/rclcpp/rclcpp/qos.hpp:20\x1b[m\x1b[K,\n'}
[5.938396] (status_display) StderrLine: {'line': b'                 from \x1b[01m\x1b[K/opt/ros/humble/include/rclcpp/rclcpp/node_interfaces/node_graph_interface.hpp:32\x1b[m\x1b[K,\n'}
[5.938485] (status_display) StderrLine: {'line': b'                 from \x1b[01m\x1b[K/opt/ros/humble/include/rclcpp/rclcpp/client.hpp:42\x1b[m\x1b[K,\n'}
[5.938574] (status_display) StderrLine: {'line': b'                 from \x1b[01m\x1b[K/opt/ros/humble/include/rclcpp/rclcpp/callback_group.hpp:24\x1b[m\x1b[K,\n'}
[5.938664] (status_display) StderrLine: {'line': b'                 from \x1b[01m\x1b[K/opt/ros/humble/include/rclcpp/rclcpp/any_executable.hpp:20\x1b[m\x1b[K,\n'}
[5.938752] (status_display) StderrLine: {'line': b'                 from \x1b[01m\x1b[K/opt/ros/humble/include/rclcpp/rclcpp/memory_strategy.hpp:25\x1b[m\x1b[K,\n'}
[5.938848] (status_display) StderrLine: {'line': b'                 from \x1b[01m\x1b[K/opt/ros/humble/include/rclcpp/rclcpp/memory_strategies.hpp:18\x1b[m\x1b[K,\n'}
[5.939287] (status_display) StderrLine: {'line': b'                 from \x1b[01m\x1b[K/opt/ros/humble/include/rclcpp/rclcpp/executor_options.hpp:20\x1b[m\x1b[K,\n'}
[5.939389] (status_display) StderrLine: {'line': b'                 from \x1b[01m\x1b[K/opt/ros/humble/include/rclcpp/rclcpp/executor.hpp:37\x1b[m\x1b[K,\n'}
[5.939477] (status_display) StderrLine: {'line': b'                 from \x1b[01m\x1b[K/opt/ros/humble/include/rclcpp/rclcpp/executors/multi_threaded_executor.hpp:25\x1b[m\x1b[K,\n'}
[5.939565] (status_display) StderrLine: {'line': b'                 from \x1b[01m\x1b[K/opt/ros/humble/include/rclcpp/rclcpp/executors.hpp:21\x1b[m\x1b[K,\n'}
[5.939656] (status_display) StderrLine: {'line': b'                 from \x1b[01m\x1b[K/opt/ros/humble/include/rclcpp/rclcpp/rclcpp.hpp:155\x1b[m\x1b[K,\n'}
[5.939746] (status_display) StderrLine: {'line': b'                 from \x1b[01m\x1b[K/home/shenhang/ros_study/chapter3/topic_practice_workspace/src/status_display/src/sys_status_display.cpp:4\x1b[m\x1b[K:\n'}
[5.939855] (status_display) StderrLine: {'line': b'\x1b[01m\x1b[K/usr/include/c++/11/iomanip:208:5:\x1b[m\x1b[K \x1b[01;36m\x1b[Knote: \x1b[m\x1b[Kcandidate: \xe2\x80\x98\x1b[01m\x1b[Ktemplate<class _CharT, class _Traits> std::basic_ostream<_CharT, _Traits>& std::operator<<(std::basic_ostream<_CharT, _Traits>&, std::_Setprecision)\x1b[m\x1b[K\xe2\x80\x99\n'}
[5.939992] (status_display) StderrLine: {'line': b'  208 |     \x1b[01;36m\x1b[Koperator\x1b[m\x1b[K<<(basic_ostream<_CharT, _Traits>& __os, _Setprecision __f)\n'}
[5.940079] (status_display) StderrLine: {'line': b'      |     \x1b[01;36m\x1b[K^~~~~~~~\x1b[m\x1b[K\n'}
[5.940173] (status_display) StderrLine: {'line': b'\x1b[01m\x1b[K/usr/include/c++/11/iomanip:208:5:\x1b[m\x1b[K \x1b[01;36m\x1b[Knote: \x1b[m\x1b[K  template argument deduction/substitution failed:\n'}
[5.940262] (status_display) StderrLine: {'line': b'\x1b[01m\x1b[K/home/shenhang/ros_study/chapter3/topic_practice_workspace/src/status_display/src/sys_status_display.cpp:19:42:\x1b[m\x1b[K \x1b[01;36m\x1b[Knote: \x1b[m\x1b[K  cannot convert \xe2\x80\x98\x1b[01m\x1b[K((const std::__shared_ptr_access<status_interfaces::msg::SystemStatus_<std::allocator<void> >, __gnu_cxx::_S_atomic, false, false>*)(& msg))->std::__shared_ptr_access<status_interfaces::msg::SystemStatus_<std::allocator<void> >, __gnu_cxx::_S_atomic, false, false>::operator->()->status_interfaces::msg::SystemStatus_<std::allocator<void> >::stamp\x1b[m\x1b[K\xe2\x80\x99 (type \xe2\x80\x98\x1b[01m\x1b[Kstatus_interfaces::msg::SystemStatus_<std::allocator<void> >::_stamp_type\x1b[m\x1b[K\xe2\x80\x99 {aka \xe2\x80\x98\x1b[01m\x1b[Kbuiltin_interfaces::msg::Time_<std::allocator<void> >\x1b[m\x1b[K\xe2\x80\x99}) to type \xe2\x80\x98\x1b[01m\x1b[Kstd::_Setprecision\x1b[m\x1b[K\xe2\x80\x99\n'}
[5.940364] (status_display) StderrLine: {'line': b'   19 |                  << "\xe6\x95\xb0\xe6\x8d\xae\xe6\x97\xb6\xe9\x97\xb4: " << \x1b[01;36m\x1b[Kmsg->stamp\x1b[m\x1b[K << " s\\n"\n'}
[5.940454] (status_display) StderrLine: {'line': b'      |                                     \x1b[01;36m\x1b[K~~~~~^~~~~\x1b[m\x1b[K\n'}
[5.940542] (status_display) StderrLine: {'line': b'In file included from \x1b[01m\x1b[K/opt/ros/humble/include/rosidl_runtime_cpp/rosidl_runtime_cpp/traits.hpp:19\x1b[m\x1b[K,\n'}
[5.940664] (status_display) StderrLine: {'line': b'                 from \x1b[01m\x1b[K/opt/ros/humble/include/builtin_interfaces/builtin_interfaces/msg/detail/duration__traits.hpp:15\x1b[m\x1b[K,\n'}
[5.941109] (status_display) StderrLine: {'line': b'                 from \x1b[01m\x1b[K/opt/ros/humble/include/builtin_interfaces/builtin_interfaces/msg/duration.hpp:9\x1b[m\x1b[K,\n'}
[5.941261] (status_display) StderrLine: {'line': b'                 from \x1b[01m\x1b[K/opt/ros/humble/include/rclcpp/rclcpp/duration.hpp:20\x1b[m\x1b[K,\n'}
[5.941363] (status_display) StderrLine: {'line': b'                 from \x1b[01m\x1b[K/opt/ros/humble/include/rclcpp/rclcpp/qos.hpp:20\x1b[m\x1b[K,\n'}
[5.941475] (status_display) StderrLine: {'line': b'                 from \x1b[01m\x1b[K/opt/ros/humble/include/rclcpp/rclcpp/node_interfaces/node_graph_interface.hpp:32\x1b[m\x1b[K,\n'}
[5.941622] (status_display) StderrLine: {'line': b'                 from \x1b[01m\x1b[K/opt/ros/humble/include/rclcpp/rclcpp/client.hpp:42\x1b[m\x1b[K,\n'}
[5.941713] (status_display) StderrLine: {'line': b'                 from \x1b[01m\x1b[K/opt/ros/humble/include/rclcpp/rclcpp/callback_group.hpp:24\x1b[m\x1b[K,\n'}
[5.941820] (status_display) StderrLine: {'line': b'                 from \x1b[01m\x1b[K/opt/ros/humble/include/rclcpp/rclcpp/any_executable.hpp:20\x1b[m\x1b[K,\n'}
[5.941913] (status_display) StderrLine: {'line': b'                 from \x1b[01m\x1b[K/opt/ros/humble/include/rclcpp/rclcpp/memory_strategy.hpp:25\x1b[m\x1b[K,\n'}
[5.941996] (status_display) StderrLine: {'line': b'                 from \x1b[01m\x1b[K/opt/ros/humble/include/rclcpp/rclcpp/memory_strategies.hpp:18\x1b[m\x1b[K,\n'}
[5.942078] (status_display) StderrLine: {'line': b'                 from \x1b[01m\x1b[K/opt/ros/humble/include/rclcpp/rclcpp/executor_options.hpp:20\x1b[m\x1b[K,\n'}
[5.942160] (status_display) StderrLine: {'line': b'                 from \x1b[01m\x1b[K/opt/ros/humble/include/rclcpp/rclcpp/executor.hpp:37\x1b[m\x1b[K,\n'}
[5.942242] (status_display) StderrLine: {'line': b'                 from \x1b[01m\x1b[K/opt/ros/humble/include/rclcpp/rclcpp/executors/multi_threaded_executor.hpp:25\x1b[m\x1b[K,\n'}
[5.942324] (status_display) StderrLine: {'line': b'                 from \x1b[01m\x1b[K/opt/ros/humble/include/rclcpp/rclcpp/executors.hpp:21\x1b[m\x1b[K,\n'}
[5.942406] (status_display) StderrLine: {'line': b'                 from \x1b[01m\x1b[K/opt/ros/humble/include/rclcpp/rclcpp/rclcpp.hpp:155\x1b[m\x1b[K,\n'}
[5.942487] (status_display) StderrLine: {'line': b'                 from \x1b[01m\x1b[K/home/shenhang/ros_study/chapter3/topic_practice_workspace/src/status_display/src/sys_status_display.cpp:4\x1b[m\x1b[K:\n'}
[5.942582] (status_display) StderrLine: {'line': b'\x1b[01m\x1b[K/usr/include/c++/11/iomanip:238:5:\x1b[m\x1b[K \x1b[01;36m\x1b[Knote: \x1b[m\x1b[Kcandidate: \xe2\x80\x98\x1b[01m\x1b[Ktemplate<class _CharT, class _Traits> std::basic_ostream<_CharT, _Traits>& std::operator<<(std::basic_ostream<_CharT, _Traits>&, std::_Setw)\x1b[m\x1b[K\xe2\x80\x99\n'}
[5.942676] (status_display) StderrLine: {'line': b'  238 |     \x1b[01;36m\x1b[Koperator\x1b[m\x1b[K<<(basic_ostream<_CharT, _Traits>& __os, _Setw __f)\n'}
[5.943109] (status_display) StderrLine: {'line': b'      |     \x1b[01;36m\x1b[K^~~~~~~~\x1b[m\x1b[K\n'}
[5.943231] (status_display) StderrLine: {'line': b'\x1b[01m\x1b[K/usr/include/c++/11/iomanip:238:5:\x1b[m\x1b[K \x1b[01;36m\x1b[Knote: \x1b[m\x1b[K  template argument deduction/substitution failed:\n'}
[5.943321] (status_display) StderrLine: {'line': b'\x1b[01m\x1b[K/home/shenhang/ros_study/chapter3/topic_practice_workspace/src/status_display/src/sys_status_display.cpp:19:42:\x1b[m\x1b[K \x1b[01;36m\x1b[Knote: \x1b[m\x1b[K  cannot convert \xe2\x80\x98\x1b[01m\x1b[K((const std::__shared_ptr_access<status_interfaces::msg::SystemStatus_<std::allocator<void> >, __gnu_cxx::_S_atomic, false, false>*)(& msg))->std::__shared_ptr_access<status_interfaces::msg::SystemStatus_<std::allocator<void> >, __gnu_cxx::_S_atomic, false, false>::operator->()->status_interfaces::msg::SystemStatus_<std::allocator<void> >::stamp\x1b[m\x1b[K\xe2\x80\x99 (type \xe2\x80\x98\x1b[01m\x1b[Kstatus_interfaces::msg::SystemStatus_<std::allocator<void> >::_stamp_type\x1b[m\x1b[K\xe2\x80\x99 {aka \xe2\x80\x98\x1b[01m\x1b[Kbuiltin_interfaces::msg::Time_<std::allocator<void> >\x1b[m\x1b[K\xe2\x80\x99}) to type \xe2\x80\x98\x1b[01m\x1b[Kstd::_Setw\x1b[m\x1b[K\xe2\x80\x99\n'}
[5.943413] (status_display) StderrLine: {'line': b'   19 |                  << "\xe6\x95\xb0\xe6\x8d\xae\xe6\x97\xb6\xe9\x97\xb4: " << \x1b[01;36m\x1b[Kmsg->stamp\x1b[m\x1b[K << " s\\n"\n'}
[5.943505] (status_display) StderrLine: {'line': b'      |                                     \x1b[01;36m\x1b[K~~~~~^~~~~\x1b[m\x1b[K\n'}
[5.943588] (status_display) StderrLine: {'line': b'In file included from \x1b[01m\x1b[K/opt/ros/humble/include/rosidl_runtime_cpp/rosidl_runtime_cpp/traits.hpp:19\x1b[m\x1b[K,\n'}
[5.943722] (status_display) StderrLine: {'line': b'                 from \x1b[01m\x1b[K/opt/ros/humble/include/builtin_interfaces/builtin_interfaces/msg/detail/duration__traits.hpp:15\x1b[m\x1b[K,\n'}
[5.943839] (status_display) StderrLine: {'line': b'                 from \x1b[01m\x1b[K/opt/ros/humble/include/builtin_interfaces/builtin_interfaces/msg/duration.hpp:9\x1b[m\x1b[K,\n'}
[5.943924] (status_display) StderrLine: {'line': b'                 from \x1b[01m\x1b[K/opt/ros/humble/include/rclcpp/rclcpp/duration.hpp:20\x1b[m\x1b[K,\n'}
[5.944006] (status_display) StderrLine: {'line': b'                 from \x1b[01m\x1b[K/opt/ros/humble/include/rclcpp/rclcpp/qos.hpp:20\x1b[m\x1b[K,\n'}
[5.944088] (status_display) StderrLine: {'line': b'                 from \x1b[01m\x1b[K/opt/ros/humble/include/rclcpp/rclcpp/node_interfaces/node_graph_interface.hpp:32\x1b[m\x1b[K,\n'}
[5.944171] (status_display) StderrLine: {'line': b'                 from \x1b[01m\x1b[K/opt/ros/humble/include/rclcpp/rclcpp/client.hpp:42\x1b[m\x1b[K,\n'}
[5.944253] (status_display) StderrLine: {'line': b'                 from \x1b[01m\x1b[K/opt/ros/humble/include/rclcpp/rclcpp/callback_group.hpp:24\x1b[m\x1b[K,\n'}
[5.944336] (status_display) StderrLine: {'line': b'                 from \x1b[01m\x1b[K/opt/ros/humble/include/rclcpp/rclcpp/any_executable.hpp:20\x1b[m\x1b[K,\n'}
[5.944419] (status_display) StderrLine: {'line': b'                 from \x1b[01m\x1b[K/opt/ros/humble/include/rclcpp/rclcpp/memory_strategy.hpp:25\x1b[m\x1b[K,\n'}
[5.944505] (status_display) StderrLine: {'line': b'                 from \x1b[01m\x1b[K/opt/ros/humble/include/rclcpp/rclcpp/memory_strategies.hpp:18\x1b[m\x1b[K,\n'}
[5.944635] (status_display) StderrLine: {'line': b'                 from \x1b[01m\x1b[K/opt/ros/humble/include/rclcpp/rclcpp/executor_options.hpp:20\x1b[m\x1b[K,\n'}
[5.944739] (status_display) StderrLine: {'line': b'                 from \x1b[01m\x1b[K/opt/ros/humble/include/rclcpp/rclcpp/executor.hpp:37\x1b[m\x1b[K,\n'}
[5.944832] (status_display) StderrLine: {'line': b'                 from \x1b[01m\x1b[K/opt/ros/humble/include/rclcpp/rclcpp/executors/multi_threaded_executor.hpp:25\x1b[m\x1b[K,\n'}
[5.944920] (status_display) StderrLine: {'line': b'                 from \x1b[01m\x1b[K/opt/ros/humble/include/rclcpp/rclcpp/executors.hpp:21\x1b[m\x1b[K,\n'}
[5.945003] (status_display) StderrLine: {'line': b'                 from \x1b[01m\x1b[K/opt/ros/humble/include/rclcpp/rclcpp/rclcpp.hpp:155\x1b[m\x1b[K,\n'}
[5.945085] (status_display) StderrLine: {'line': b'                 from \x1b[01m\x1b[K/home/shenhang/ros_study/chapter3/topic_practice_workspace/src/status_display/src/sys_status_display.cpp:4\x1b[m\x1b[K:\n'}
[5.945167] (status_display) StderrLine: {'line': b'\x1b[01m\x1b[K/usr/include/c++/11/iomanip:311:5:\x1b[m\x1b[K \x1b[01;36m\x1b[Knote: \x1b[m\x1b[Kcandidate: \xe2\x80\x98\x1b[01m\x1b[Ktemplate<class _CharT, class _Traits, class _MoneyT> std::basic_ostream<_CharT, _Traits>& std::operator<<(std::basic_ostream<_CharT, _Traits>&, std::_Put_money<_MoneyT>)\x1b[m\x1b[K\xe2\x80\x99\n'}
[5.945253] (status_display) StderrLine: {'line': b'  311 |     \x1b[01;36m\x1b[Koperator\x1b[m\x1b[K<<(basic_ostream<_CharT, _Traits>& __os, _Put_money<_MoneyT> __f)\n'}
[5.945335] (status_display) StderrLine: {'line': b'      |     \x1b[01;36m\x1b[K^~~~~~~~\x1b[m\x1b[K\n'}
[5.945417] (status_display) StderrLine: {'line': b'\x1b[01m\x1b[K/usr/include/c++/11/iomanip:311:5:\x1b[m\x1b[K \x1b[01;36m\x1b[Knote: \x1b[m\x1b[K  template argument deduction/substitution failed:\n'}
[5.945502] (status_display) StderrLine: {'line': b'\x1b[01m\x1b[K/home/shenhang/ros_study/chapter3/topic_practice_workspace/src/status_display/src/sys_status_display.cpp:19:42:\x1b[m\x1b[K \x1b[01;36m\x1b[Knote: \x1b[m\x1b[K  \xe2\x80\x98\x1b[01m\x1b[Kbuiltin_interfaces::msg::Time_<std::allocator<void> >\x1b[m\x1b[K\xe2\x80\x99 is not derived from \xe2\x80\x98\x1b[01m\x1b[Kstd::_Put_money<_MoneyT>\x1b[m\x1b[K\xe2\x80\x99\n'}
[5.945639] (status_display) StderrLine: {'line': b'   19 |                  << "\xe6\x95\xb0\xe6\x8d\xae\xe6\x97\xb6\xe9\x97\xb4: " << msg->\x1b[01;36m\x1b[Kstamp\x1b[m\x1b[K << " s\\n"\n'}
[5.945752] (status_display) StderrLine: {'line': b'      |                                          \x1b[01;36m\x1b[K^~~~~\x1b[m\x1b[K\n'}
[5.945837] (status_display) StderrLine: {'line': b'In file included from \x1b[01m\x1b[K/opt/ros/humble/include/rosidl_runtime_cpp/rosidl_runtime_cpp/traits.hpp:19\x1b[m\x1b[K,\n'}
[5.945920] (status_display) StderrLine: {'line': b'                 from \x1b[01m\x1b[K/opt/ros/humble/include/builtin_interfaces/builtin_interfaces/msg/detail/duration__traits.hpp:15\x1b[m\x1b[K,\n'}
[5.946004] (status_display) StderrLine: {'line': b'                 from \x1b[01m\x1b[K/opt/ros/humble/include/builtin_interfaces/builtin_interfaces/msg/duration.hpp:9\x1b[m\x1b[K,\n'}
[5.946087] (status_display) StderrLine: {'line': b'                 from \x1b[01m\x1b[K/opt/ros/humble/include/rclcpp/rclcpp/duration.hpp:20\x1b[m\x1b[K,\n'}
[5.946169] (status_display) StderrLine: {'line': b'                 from \x1b[01m\x1b[K/opt/ros/humble/include/rclcpp/rclcpp/qos.hpp:20\x1b[m\x1b[K,\n'}
[5.946251] (status_display) StderrLine: {'line': b'                 from \x1b[01m\x1b[K/opt/ros/humble/include/rclcpp/rclcpp/node_interfaces/node_graph_interface.hpp:32\x1b[m\x1b[K,\n'}
[5.946337] (status_display) StderrLine: {'line': b'                 from \x1b[01m\x1b[K/opt/ros/humble/include/rclcpp/rclcpp/client.hpp:42\x1b[m\x1b[K,\n'}
[5.946420] (status_display) StderrLine: {'line': b'                 from \x1b[01m\x1b[K/opt/ros/humble/include/rclcpp/rclcpp/callback_group.hpp:24\x1b[m\x1b[K,\n'}
[5.946506] (status_display) StderrLine: {'line': b'                 from \x1b[01m\x1b[K/opt/ros/humble/include/rclcpp/rclcpp/any_executable.hpp:20\x1b[m\x1b[K,\n'}
[5.946606] (status_display) StderrLine: {'line': b'                 from \x1b[01m\x1b[K/opt/ros/humble/include/rclcpp/rclcpp/memory_strategy.hpp:25\x1b[m\x1b[K,\n'}
[5.946739] (status_display) StderrLine: {'line': b'                 from \x1b[01m\x1b[K/opt/ros/humble/include/rclcpp/rclcpp/memory_strategies.hpp:18\x1b[m\x1b[K,\n'}
[5.946838] (status_display) StderrLine: {'line': b'                 from \x1b[01m\x1b[K/opt/ros/humble/include/rclcpp/rclcpp/executor_options.hpp:20\x1b[m\x1b[K,\n'}
[5.946930] (status_display) StderrLine: {'line': b'                 from \x1b[01m\x1b[K/opt/ros/humble/include/rclcpp/rclcpp/executor.hpp:37\x1b[m\x1b[K,\n'}
[5.947013] (status_display) StderrLine: {'line': b'                 from \x1b[01m\x1b[K/opt/ros/humble/include/rclcpp/rclcpp/executors/multi_threaded_executor.hpp:25\x1b[m\x1b[K,\n'}
[5.947102] (status_display) StderrLine: {'line': b'                 from \x1b[01m\x1b[K/opt/ros/humble/include/rclcpp/rclcpp/executors.hpp:21\x1b[m\x1b[K,\n'}
[5.947185] (status_display) StderrLine: {'line': b'                 from \x1b[01m\x1b[K/opt/ros/humble/include/rclcpp/rclcpp/rclcpp.hpp:155\x1b[m\x1b[K,\n'}
[5.947269] (status_display) StderrLine: {'line': b'                 from \x1b[01m\x1b[K/home/shenhang/ros_study/chapter3/topic_practice_workspace/src/status_display/src/sys_status_display.cpp:4\x1b[m\x1b[K:\n'}
[5.947354] (status_display) StderrLine: {'line': b'\x1b[01m\x1b[K/usr/include/c++/11/iomanip:363:5:\x1b[m\x1b[K \x1b[01;36m\x1b[Knote: \x1b[m\x1b[Kcandidate: \xe2\x80\x98\x1b[01m\x1b[Ktemplate<class _CharT, class _Traits> std::basic_ostream<_CharT, _Traits>& std::operator<<(std::basic_ostream<_CharT, _Traits>&, std::_Put_time<_CharT>)\x1b[m\x1b[K\xe2\x80\x99\n'}
[5.947444] (status_display) StderrLine: {'line': b'  363 |     \x1b[01;36m\x1b[Koperator\x1b[m\x1b[K<<(basic_ostream<_CharT, _Traits>& __os, _Put_time<_CharT> __f)\n'}
[5.947528] (status_display) StderrLine: {'line': b'      |     \x1b[01;36m\x1b[K^~~~~~~~\x1b[m\x1b[K\n'}
[5.947612] (status_display) StderrLine: {'line': b'\x1b[01m\x1b[K/usr/include/c++/11/iomanip:363:5:\x1b[m\x1b[K \x1b[01;36m\x1b[Knote: \x1b[m\x1b[K  template argument deduction/substitution failed:\n'}
[5.947715] (status_display) StderrLine: {'line': b'\x1b[01m\x1b[K/home/shenhang/ros_study/chapter3/topic_practice_workspace/src/status_display/src/sys_status_display.cpp:19:42:\x1b[m\x1b[K \x1b[01;36m\x1b[Knote: \x1b[m\x1b[K  \xe2\x80\x98\x1b[01m\x1b[Kbuiltin_interfaces::msg::Time_<std::allocator<void> >\x1b[m\x1b[K\xe2\x80\x99 is not derived from \xe2\x80\x98\x1b[01m\x1b[Kstd::_Put_time<_CharT>\x1b[m\x1b[K\xe2\x80\x99\n'}
[5.948070] (status_display) StderrLine: {'line': b'   19 |                  << "\xe6\x95\xb0\xe6\x8d\xae\xe6\x97\xb6\xe9\x97\xb4: " << msg->\x1b[01;36m\x1b[Kstamp\x1b[m\x1b[K << " s\\n"\n'}
[5.948165] (status_display) StderrLine: {'line': b'      |                                          \x1b[01;36m\x1b[K^~~~~\x1b[m\x1b[K\n'}
[5.948252] (status_display) StderrLine: {'line': b'In file included from \x1b[01m\x1b[K/usr/include/x86_64-linux-gnu/qt5/QtCore/qstring.h:49\x1b[m\x1b[K,\n'}
[5.948338] (status_display) StderrLine: {'line': b'                 from \x1b[01m\x1b[K/usr/include/x86_64-linux-gnu/qt5/QtCore/qcoreapplication.h:44\x1b[m\x1b[K,\n'}
[5.948472] (status_display) StderrLine: {'line': b'                 from \x1b[01m\x1b[K/usr/include/x86_64-linux-gnu/qt5/QtWidgets/qapplication.h:44\x1b[m\x1b[K,\n'}
[5.948614] (status_display) StderrLine: {'line': b'                 from \x1b[01m\x1b[K/usr/include/x86_64-linux-gnu/qt5/QtWidgets/QApplication:1\x1b[m\x1b[K,\n'}
[5.948723] (status_display) StderrLine: {'line': b'                 from \x1b[01m\x1b[K/home/shenhang/ros_study/chapter3/topic_practice_workspace/src/status_display/src/sys_status_display.cpp:1\x1b[m\x1b[K:\n'}
[5.948810] (status_display) StderrLine: {'line': b'\x1b[01m\x1b[K/usr/include/x86_64-linux-gnu/qt5/QtCore/qchar.h:662:28:\x1b[m\x1b[K \x1b[01;36m\x1b[Knote: \x1b[m\x1b[Kcandidate: \xe2\x80\x98\x1b[01m\x1b[KQDataStream& operator<<(QDataStream&, QChar)\x1b[m\x1b[K\xe2\x80\x99\n'}
[5.948904] (status_display) StderrLine: {'line': b'  662 | Q_CORE_EXPORT QDataStream &\x1b[01;36m\x1b[Koperator\x1b[m\x1b[K<<(QDataStream &, QChar);\n'}
[5.948987] (status_display) StderrLine: {'line': b'      |                            \x1b[01;36m\x1b[K^~~~~~~~\x1b[m\x1b[K\n'}
[5.949070] (status_display) StderrLine: {'line': b'\x1b[01m\x1b[K/usr/include/x86_64-linux-gnu/qt5/QtCore/qchar.h:662:39:\x1b[m\x1b[K \x1b[01;36m\x1b[Knote: \x1b[m\x1b[K  no known conversion for argument 1 from \xe2\x80\x98\x1b[01m\x1b[Kstd::basic_ostream<char>\x1b[m\x1b[K\xe2\x80\x99 to \xe2\x80\x98\x1b[01m\x1b[KQDataStream&\x1b[m\x1b[K\xe2\x80\x99\n'}
[5.949154] (status_display) StderrLine: {'line': b'  662 | Q_CORE_EXPORT QDataStream &operator<<(\x1b[01;36m\x1b[KQDataStream &\x1b[m\x1b[K, QChar);\n'}
[5.949237] (status_display) StderrLine: {'line': b'      |                                       \x1b[01;36m\x1b[K^~~~~~~~~~~~~\x1b[m\x1b[K\n'}
[5.949318] (status_display) StderrLine: {'line': b'In file included from \x1b[01m\x1b[K/usr/include/x86_64-linux-gnu/qt5/QtCore/qstring.h:50\x1b[m\x1b[K,\n'}
[5.949400] (status_display) StderrLine: {'line': b'                 from \x1b[01m\x1b[K/usr/include/x86_64-linux-gnu/qt5/QtCore/qcoreapplication.h:44\x1b[m\x1b[K,\n'}
[5.949482] (status_display) StderrLine: {'line': b'                 from \x1b[01m\x1b[K/usr/include/x86_64-linux-gnu/qt5/QtWidgets/qapplication.h:44\x1b[m\x1b[K,\n'}
[5.949571] (status_display) StderrLine: {'line': b'                 from \x1b[01m\x1b[K/usr/include/x86_64-linux-gnu/qt5/QtWidgets/QApplication:1\x1b[m\x1b[K,\n'}
[5.949704] (status_display) StderrLine: {'line': b'                 from \x1b[01m\x1b[K/home/shenhang/ros_study/chapter3/topic_practice_workspace/src/status_display/src/sys_status_display.cpp:1\x1b[m\x1b[K:\n'}
[5.949794] (status_display) StderrLine: {'line': b'\x1b[01m\x1b[K/usr/include/x86_64-linux-gnu/qt5/QtCore/qbytearray.h:759:28:\x1b[m\x1b[K \x1b[01;36m\x1b[Knote: \x1b[m\x1b[Kcandidate: \xe2\x80\x98\x1b[01m\x1b[KQDataStream& operator<<(QDataStream&, const QByteArray&)\x1b[m\x1b[K\xe2\x80\x99\n'}
[5.949879] (status_display) StderrLine: {'line': b'  759 | Q_CORE_EXPORT QDataStream &\x1b[01;36m\x1b[Koperator\x1b[m\x1b[K<<(QDataStream &, const QByteArray &);\n'}
[5.949962] (status_display) StderrLine: {'line': b'      |                            \x1b[01;36m\x1b[K^~~~~~~~\x1b[m\x1b[K\n'}
[5.950045] (status_display) StderrLine: {'line': b'\x1b[01m\x1b[K/usr/include/x86_64-linux-gnu/qt5/QtCore/qbytearray.h:759:39:\x1b[m\x1b[K \x1b[01;36m\x1b[Knote: \x1b[m\x1b[K  no known conversion for argument 1 from \xe2\x80\x98\x1b[01m\x1b[Kstd::basic_ostream<char>\x1b[m\x1b[K\xe2\x80\x99 to \xe2\x80\x98\x1b[01m\x1b[KQDataStream&\x1b[m\x1b[K\xe2\x80\x99\n'}
[5.950130] (status_display) StderrLine: {'line': b'  759 | Q_CORE_EXPORT QDataStream &operator<<(\x1b[01;36m\x1b[KQDataStream &\x1b[m\x1b[K, const QByteArray &);\n'}
[5.950213] (status_display) StderrLine: {'line': b'      |                                       \x1b[01;36m\x1b[K^~~~~~~~~~~~~\x1b[m\x1b[K\n'}
[5.950296] (status_display) StderrLine: {'line': b'In file included from \x1b[01m\x1b[K/usr/include/x86_64-linux-gnu/qt5/QtCore/qcoreapplication.h:44\x1b[m\x1b[K,\n'}
[5.950386] (status_display) StderrLine: {'line': b'                 from \x1b[01m\x1b[K/usr/include/x86_64-linux-gnu/qt5/QtWidgets/qapplication.h:44\x1b[m\x1b[K,\n'}
[5.950468] (status_display) StderrLine: {'line': b'                 from \x1b[01m\x1b[K/usr/include/x86_64-linux-gnu/qt5/QtWidgets/QApplication:1\x1b[m\x1b[K,\n'}
[5.950556] (status_display) StderrLine: {'line': b'                 from \x1b[01m\x1b[K/home/shenhang/ros_study/chapter3/topic_practice_workspace/src/status_display/src/sys_status_display.cpp:1\x1b[m\x1b[K:\n'}
[5.950692] (status_display) StderrLine: {'line': b'\x1b[01m\x1b[K/usr/include/x86_64-linux-gnu/qt5/QtCore/qstring.h:1594:28:\x1b[m\x1b[K \x1b[01;36m\x1b[Knote: \x1b[m\x1b[Kcandidate: \xe2\x80\x98\x1b[01m\x1b[KQDataStream& operator<<(QDataStream&, const QString&)\x1b[m\x1b[K\xe2\x80\x99\n'}
[5.950795] (status_display) StderrLine: {'line': b' 1594 | Q_CORE_EXPORT QDataStream &\x1b[01;36m\x1b[Koperator\x1b[m\x1b[K<<(QDataStream &, const QString &);\n'}
[5.950879] (status_display) StderrLine: {'line': b'      |                            \x1b[01;36m\x1b[K^~~~~~~~\x1b[m\x1b[K\n'}
[5.950961] (status_display) StderrLine: {'line': b'\x1b[01m\x1b[K/usr/include/x86_64-linux-gnu/qt5/QtCore/qstring.h:1594:39:\x1b[m\x1b[K \x1b[01;36m\x1b[Knote: \x1b[m\x1b[K  no known conversion for argument 1 from \xe2\x80\x98\x1b[01m\x1b[Kstd::basic_ostream<char>\x1b[m\x1b[K\xe2\x80\x99 to \xe2\x80\x98\x1b[01m\x1b[KQDataStream&\x1b[m\x1b[K\xe2\x80\x99\n'}
[5.951045] (status_display) StderrLine: {'line': b' 1594 | Q_CORE_EXPORT QDataStream &operator<<(\x1b[01;36m\x1b[KQDataStream &\x1b[m\x1b[K, const QString &);\n'}
[5.951131] (status_display) StderrLine: {'line': b'      |                                       \x1b[01;36m\x1b[K^~~~~~~~~~~~~\x1b[m\x1b[K\n'}
[5.951214] (status_display) StderrLine: {'line': b'In file included from \x1b[01m\x1b[K/usr/include/x86_64-linux-gnu/qt5/QtCore/qstringlist.h:48\x1b[m\x1b[K,\n'}
[5.951296] (status_display) StderrLine: {'line': b'                 from \x1b[01m\x1b[K/usr/include/x86_64-linux-gnu/qt5/QtCore/qlist.h:1196\x1b[m\x1b[K,\n'}
[5.951378] (status_display) StderrLine: {'line': b'                 from \x1b[01m\x1b[K/usr/include/x86_64-linux-gnu/qt5/QtCore/qobject.h:49\x1b[m\x1b[K,\n'}
[5.951460] (status_display) StderrLine: {'line': b'                 from \x1b[01m\x1b[K/usr/include/x86_64-linux-gnu/qt5/QtCore/qcoreapplication.h:46\x1b[m\x1b[K,\n'}
[5.951542] (status_display) StderrLine: {'line': b'                 from \x1b[01m\x1b[K/usr/include/x86_64-linux-gnu/qt5/QtWidgets/qapplication.h:44\x1b[m\x1b[K,\n'}
[5.951677] (status_display) StderrLine: {'line': b'                 from \x1b[01m\x1b[K/usr/include/x86_64-linux-gnu/qt5/QtWidgets/QApplication:1\x1b[m\x1b[K,\n'}
[5.951771] (status_display) StderrLine: {'line': b'                 from \x1b[01m\x1b[K/home/shenhang/ros_study/chapter3/topic_practice_workspace/src/status_display/src/sys_status_display.cpp:1\x1b[m\x1b[K:\n'}
[5.951855] (status_display) StderrLine: {'line': b'\x1b[01m\x1b[K/usr/include/x86_64-linux-gnu/qt5/QtCore/qregexp.h:122:28:\x1b[m\x1b[K \x1b[01;36m\x1b[Knote: \x1b[m\x1b[Kcandidate: \xe2\x80\x98\x1b[01m\x1b[KQDataStream& operator<<(QDataStream&, const QRegExp&)\x1b[m\x1b[K\xe2\x80\x99\n'}
[5.951939] (status_display) StderrLine: {'line': b'  122 | Q_CORE_EXPORT QDataStream &\x1b[01;36m\x1b[Koperator\x1b[m\x1b[K<<(QDataStream &out, const QRegExp &regExp);\n'}
[5.952022] (status_display) StderrLine: {'line': b'      |                            \x1b[01;36m\x1b[K^~~~~~~~\x1b[m\x1b[K\n'}
[5.952105] (status_display) StderrLine: {'line': b'\x1b[01m\x1b[K/usr/include/x86_64-linux-gnu/qt5/QtCore/qregexp.h:122:52:\x1b[m\x1b[K \x1b[01;36m\x1b[Knote: \x1b[m\x1b[K  no known conversion for argument 1 from \xe2\x80\x98\x1b[01m\x1b[Kstd::basic_ostream<char>\x1b[m\x1b[K\xe2\x80\x99 to \xe2\x80\x98\x1b[01m\x1b[KQDataStream&\x1b[m\x1b[K\xe2\x80\x99\n'}
[5.952188] (status_display) StderrLine: {'line': b'  122 | Q_CORE_EXPORT QDataStream &operator<<(\x1b[01;36m\x1b[KQDataStream &out\x1b[m\x1b[K, const QRegExp &regExp);\n'}
[5.952271] (status_display) StderrLine: {'line': b'      |                                       \x1b[01;36m\x1b[K~~~~~~~~~~~~~^~~\x1b[m\x1b[K\n'}
[5.952354] (status_display) StderrLine: {'line': b'\x1b[01m\x1b[K/usr/include/x86_64-linux-gnu/qt5/QtCore/qregexp.h:127:22:\x1b[m\x1b[K \x1b[01;36m\x1b[Knote: \x1b[m\x1b[Kcandidate: \xe2\x80\x98\x1b[01m\x1b[KQDebug operator<<(QDebug, const QRegExp&)\x1b[m\x1b[K\xe2\x80\x99\n'}
[5.952437] (status_display) StderrLine: {'line': b'  127 | Q_CORE_EXPORT QDebug \x1b[01;36m\x1b[Koperator\x1b[m\x1b[K<<(QDebug, const QRegExp &);\n'}
[5.952520] (status_display) StderrLine: {'line': b'      |                      \x1b[01;36m\x1b[K^~~~~~~~\x1b[m\x1b[K\n'}
[5.952650] (status_display) StderrLine: {'line': b'\x1b[01m\x1b[K/usr/include/x86_64-linux-gnu/qt5/QtCore/qregexp.h:127:33:\x1b[m\x1b[K \x1b[01;36m\x1b[Knote: \x1b[m\x1b[K  no known conversion for argument 1 from \xe2\x80\x98\x1b[01m\x1b[Kstd::basic_ostream<char>\x1b[m\x1b[K\xe2\x80\x99 to \xe2\x80\x98\x1b[01m\x1b[KQDebug\x1b[m\x1b[K\xe2\x80\x99\n'}
[5.952751] (status_display) StderrLine: {'line': b'  127 | Q_CORE_EXPORT QDebug operator<<(\x1b[01;36m\x1b[KQDebug\x1b[m\x1b[K, const QRegExp &);\n'}
[5.952834] (status_display) StderrLine: {'line': b'      |                                 \x1b[01;36m\x1b[K^~~~~~\x1b[m\x1b[K\n'}
[5.952917] (status_display) StderrLine: {'line': b'In file included from \x1b[01m\x1b[K/usr/include/x86_64-linux-gnu/qt5/QtCore/qcoreapplication.h:46\x1b[m\x1b[K,\n'}
[5.953000] (status_display) StderrLine: {'line': b'                 from \x1b[01m\x1b[K/usr/include/x86_64-linux-gnu/qt5/QtWidgets/qapplication.h:44\x1b[m\x1b[K,\n'}
[5.953083] (status_display) StderrLine: {'line': b'                 from \x1b[01m\x1b[K/usr/include/x86_64-linux-gnu/qt5/QtWidgets/QApplication:1\x1b[m\x1b[K,\n'}
[5.953165] (status_display) StderrLine: {'line': b'                 from \x1b[01m\x1b[K/home/shenhang/ros_study/chapter3/topic_practice_workspace/src/status_display/src/sys_status_display.cpp:1\x1b[m\x1b[K:\n'}
[5.953249] (status_display) StderrLine: {'line': b'\x1b[01m\x1b[K/usr/include/x86_64-linux-gnu/qt5/QtCore/qobject.h:554:22:\x1b[m\x1b[K \x1b[01;36m\x1b[Knote: \x1b[m\x1b[Kcandidate: \xe2\x80\x98\x1b[01m\x1b[KQDebug operator<<(QDebug, const QObject*)\x1b[m\x1b[K\xe2\x80\x99\n'}
[5.953333] (status_display) StderrLine: {'line': b'  554 | Q_CORE_EXPORT QDebug \x1b[01;36m\x1b[Koperator\x1b[m\x1b[K<<(QDebug, const QObject *);\n'}
[5.953416] (status_display) StderrLine: {'line': b'      |                      \x1b[01;36m\x1b[K^~~~~~~~\x1b[m\x1b[K\n'}
[5.953534] (status_display) StderrLine: {'line': b'\x1b[01m\x1b[K/usr/include/x86_64-linux-gnu/qt5/QtCore/qobject.h:554:33:\x1b[m\x1b[K \x1b[01;36m\x1b[Knote: \x1b[m\x1b[K  no known conversion for argument 1 from \xe2\x80\x98\x1b[01m\x1b[Kstd::basic_ostream<char>\x1b[m\x1b[K\xe2\x80\x99 to \xe2\x80\x98\x1b[01m\x1b[KQDebug\x1b[m\x1b[K\xe2\x80\x99\n'}
[5.953644] (status_display) StderrLine: {'line': b'  554 | Q_CORE_EXPORT QDebug operator<<(\x1b[01;36m\x1b[KQDebug\x1b[m\x1b[K, const QObject *);\n'}
[5.953730] (status_display) StderrLine: {'line': b'      |                                 \x1b[01;36m\x1b[K^~~~~~\x1b[m\x1b[K\n'}
[5.953817] (status_display) StderrLine: {'line': b'In file included from \x1b[01m\x1b[K/usr/include/x86_64-linux-gnu/qt5/QtWidgets/qapplication.h:46\x1b[m\x1b[K,\n'}
[5.953901] (status_display) StderrLine: {'line': b'                 from \x1b[01m\x1b[K/usr/include/x86_64-linux-gnu/qt5/QtWidgets/QApplication:1\x1b[m\x1b[K,\n'}
[5.953984] (status_display) StderrLine: {'line': b'                 from \x1b[01m\x1b[K/home/shenhang/ros_study/chapter3/topic_practice_workspace/src/status_display/src/sys_status_display.cpp:1\x1b[m\x1b[K:\n'}
[5.954067] (status_display) StderrLine: {'line': b'\x1b[01m\x1b[K/usr/include/x86_64-linux-gnu/qt5/QtCore/qpoint.h:114:28:\x1b[m\x1b[K \x1b[01;36m\x1b[Knote: \x1b[m\x1b[Kcandidate: \xe2\x80\x98\x1b[01m\x1b[KQDataStream& operator<<(QDataStream&, const QPoint&)\x1b[m\x1b[K\xe2\x80\x99\n'}
[5.954155] (status_display) StderrLine: {'line': b'  114 | Q_CORE_EXPORT QDataStream &\x1b[01;36m\x1b[Koperator\x1b[m\x1b[K<<(QDataStream &, const QPoint &);\n'}
[5.954239] (status_display) StderrLine: {'line': b'      |                            \x1b[01;36m\x1b[K^~~~~~~~\x1b[m\x1b[K\n'}
[5.954322] (status_display) StderrLine: {'line': b'\x1b[01m\x1b[K/usr/include/x86_64-linux-gnu/qt5/QtCore/qpoint.h:114:39:\x1b[m\x1b[K \x1b[01;36m\x1b[Knote: \x1b[m\x1b[K  no known conversion for argument 1 from \xe2\x80\x98\x1b[01m\x1b[Kstd::basic_ostream<char>\x1b[m\x1b[K\xe2\x80\x99 to \xe2\x80\x98\x1b[01m\x1b[KQDataStream&\x1b[m\x1b[K\xe2\x80\x99\n'}
[5.954406] (status_display) StderrLine: {'line': b'  114 | Q_CORE_EXPORT QDataStream &operator<<(\x1b[01;36m\x1b[KQDataStream &\x1b[m\x1b[K, const QPoint &);\n'}
[5.954519] (status_display) StderrLine: {'line': b'      |                                       \x1b[01;36m\x1b[K^~~~~~~~~~~~~\x1b[m\x1b[K\n'}
[5.954666] (status_display) StderrLine: {'line': b'\x1b[01m\x1b[K/usr/include/x86_64-linux-gnu/qt5/QtCore/qpoint.h:214:22:\x1b[m\x1b[K \x1b[01;36m\x1b[Knote: \x1b[m\x1b[Kcandidate: \xe2\x80\x98\x1b[01m\x1b[KQDebug operator<<(QDebug, const QPoint&)\x1b[m\x1b[K\xe2\x80\x99\n'}
[5.954760] (status_display) StderrLine: {'line': b'  214 | Q_CORE_EXPORT QDebug \x1b[01;36m\x1b[Koperator\x1b[m\x1b[K<<(QDebug, const QPoint &);\n'}
[5.954842] (status_display) StderrLine: {'line': b'      |                      \x1b[01;36m\x1b[K^~~~~~~~\x1b[m\x1b[K\n'}
[5.954923] (status_display) StderrLine: {'line': b'\x1b[01m\x1b[K/usr/include/x86_64-linux-gnu/qt5/QtCore/qpoint.h:214:33:\x1b[m\x1b[K \x1b[01;36m\x1b[Knote: \x1b[m\x1b[K  no known conversion for argument 1 from \xe2\x80\x98\x1b[01m\x1b[Kstd::basic_ostream<char>\x1b[m\x1b[K\xe2\x80\x99 to \xe2\x80\x98\x1b[01m\x1b[KQDebug\x1b[m\x1b[K\xe2\x80\x99\n'}
[5.955005] (status_display) StderrLine: {'line': b'  214 | Q_CORE_EXPORT QDebug operator<<(\x1b[01;36m\x1b[KQDebug\x1b[m\x1b[K, const QPoint &);\n'}
[5.955085] (status_display) StderrLine: {'line': b'      |                                 \x1b[01;36m\x1b[K^~~~~~\x1b[m\x1b[K\n'}
[5.955165] (status_display) StderrLine: {'line': b'\x1b[01m\x1b[K/usr/include/x86_64-linux-gnu/qt5/QtCore/qpoint.h:281:28:\x1b[m\x1b[K \x1b[01;36m\x1b[Knote: \x1b[m\x1b[Kcandidate: \xe2\x80\x98\x1b[01m\x1b[KQDataStream& operator<<(QDataStream&, const QPointF&)\x1b[m\x1b[K\xe2\x80\x99\n'}
[5.955246] (status_display) StderrLine: {'line': b'  281 | Q_CORE_EXPORT QDataStream &\x1b[01;36m\x1b[Koperator\x1b[m\x1b[K<<(QDataStream &, const QPointF &);\n'}
[5.955326] (status_display) StderrLine: {'line': b'      |                            \x1b[01;36m\x1b[K^~~~~~~~\x1b[m\x1b[K\n'}
[5.955411] (status_display) StderrLine: {'line': b'\x1b[01m\x1b[K/usr/include/x86_64-linux-gnu/qt5/QtCore/qpoint.h:281:39:\x1b[m\x1b[K \x1b[01;36m\x1b[Knote: \x1b[m\x1b[K  no known conversion for argument 1 from \xe2\x80\x98\x1b[01m\x1b[Kstd::basic_ostream<char>\x1b[m\x1b[K\xe2\x80\x99 to \xe2\x80\x98\x1b[01m\x1b[KQDataStream&\x1b[m\x1b[K\xe2\x80\x99\n'}
[5.955505] (status_display) StderrLine: {'line': b'  281 | Q_CORE_EXPORT QDataStream &operator<<(\x1b[01;36m\x1b[KQDataStream &\x1b[m\x1b[K, const QPointF &);\n'}
[5.955635] (status_display) StderrLine: {'line': b'      |                                       \x1b[01;36m\x1b[K^~~~~~~~~~~~~\x1b[m\x1b[K\n'}
[5.955721] (status_display) StderrLine: {'line': b'\x1b[01m\x1b[K/usr/include/x86_64-linux-gnu/qt5/QtCore/qpoint.h:418:22:\x1b[m\x1b[K \x1b[01;36m\x1b[Knote: \x1b[m\x1b[Kcandidate: \xe2\x80\x98\x1b[01m\x1b[KQDebug operator<<(QDebug, const QPointF&)\x1b[m\x1b[K\xe2\x80\x99\n'}
[5.955803] (status_display) StderrLine: {'line': b'  418 | Q_CORE_EXPORT QDebug \x1b[01;36m\x1b[Koperator\x1b[m\x1b[K<<(QDebug d, const QPointF &p);\n'}
[5.955883] (status_display) StderrLine: {'line': b'      |                      \x1b[01;36m\x1b[K^~~~~~~~\x1b[m\x1b[K\n'}
[5.955963] (status_display) StderrLine: {'line': b'\x1b[01m\x1b[K/usr/include/x86_64-linux-gnu/qt5/QtCore/qpoint.h:418:40:\x1b[m\x1b[K \x1b[01;36m\x1b[Knote: \x1b[m\x1b[K  no known conversion for argument 1 from \xe2\x80\x98\x1b[01m\x1b[Kstd::basic_ostream<char>\x1b[m\x1b[K\xe2\x80\x99 to \xe2\x80\x98\x1b[01m\x1b[KQDebug\x1b[m\x1b[K\xe2\x80\x99\n'}
[5.956043] (status_display) StderrLine: {'line': b'  418 | Q_CORE_EXPORT QDebug operator<<(\x1b[01;36m\x1b[KQDebug d\x1b[m\x1b[K, const QPointF &p);\n'}
[5.956123] (status_display) StderrLine: {'line': b'      |                                 \x1b[01;36m\x1b[K~~~~~~~^\x1b[m\x1b[K\n'}
[5.956203] (status_display) StderrLine: {'line': b'In file included from \x1b[01m\x1b[K/usr/include/x86_64-linux-gnu/qt5/QtCore/qsize.h:44\x1b[m\x1b[K,\n'}
[5.956283] (status_display) StderrLine: {'line': b'                 from \x1b[01m\x1b[K/usr/include/x86_64-linux-gnu/qt5/QtWidgets/qapplication.h:47\x1b[m\x1b[K,\n'}
[5.956369] (status_display) StderrLine: {'line': b'                 from \x1b[01m\x1b[K/usr/include/x86_64-linux-gnu/qt5/QtWidgets/QApplication:1\x1b[m\x1b[K,\n'}
[5.956449] (status_display) StderrLine: {'line': b'                 from \x1b[01m\x1b[K/home/shenhang/ros_study/chapter3/topic_practice_workspace/src/status_display/src/sys_status_display.cpp:1\x1b[m\x1b[K:\n'}
[5.956585] (status_display) StderrLine: {'line': b'\x1b[01m\x1b[K/usr/include/x86_64-linux-gnu/qt5/QtCore/qmargins.h:94:28:\x1b[m\x1b[K \x1b[01;36m\x1b[Knote: \x1b[m\x1b[Kcandidate: \xe2\x80\x98\x1b[01m\x1b[KQDataStream& operator<<(QDataStream&, const QMargins&)\x1b[m\x1b[K\xe2\x80\x99\n'}
[5.956675] (status_display) StderrLine: {'line': b'   94 | Q_CORE_EXPORT QDataStream &\x1b[01;36m\x1b[Koperator\x1b[m\x1b[K<<(QDataStream &, const QMargins &);\n'}
[5.956763] (status_display) StderrLine: {'line': b'      |                            \x1b[01;36m\x1b[K^~~~~~~~\x1b[m\x1b[K\n'}
[5.956847] (status_display) StderrLine: {'line': b'\x1b[01m\x1b[K/usr/include/x86_64-linux-gnu/qt5/QtCore/qmargins.h:94:39:\x1b[m\x1b[K \x1b[01;36m\x1b[Knote: \x1b[m\x1b[K  no known conversion for argument 1 from \xe2\x80\x98\x1b[01m\x1b[Kstd::basic_ostream<char>\x1b[m\x1b[K\xe2\x80\x99 to \xe2\x80\x98\x1b[01m\x1b[KQDataStream&\x1b[m\x1b[K\xe2\x80\x99\n'}
[5.956933] (status_display) StderrLine: {'line': b'   94 | Q_CORE_EXPORT QDataStream &operator<<(\x1b[01;36m\x1b[KQDataStream &\x1b[m\x1b[K, const QMargins &);\n'}
[5.957017] (status_display) StderrLine: {'line': b'      |                                       \x1b[01;36m\x1b[K^~~~~~~~~~~~~\x1b[m\x1b[K\n'}
[5.957097] (status_display) StderrLine: {'line': b'\x1b[01m\x1b[K/usr/include/x86_64-linux-gnu/qt5/QtCore/qmargins.h:278:22:\x1b[m\x1b[K \x1b[01;36m\x1b[Knote: \x1b[m\x1b[Kcandidate: \xe2\x80\x98\x1b[01m\x1b[KQDebug operator<<(QDebug, const QMargins&)\x1b[m\x1b[K\xe2\x80\x99\n'}
[5.957178] (status_display) StderrLine: {'line': b'  278 | Q_CORE_EXPORT QDebug \x1b[01;36m\x1b[Koperator\x1b[m\x1b[K<<(QDebug, const QMargins &);\n'}
[5.957258] (status_display) StderrLine: {'line': b'      |                      \x1b[01;36m\x1b[K^~~~~~~~\x1b[m\x1b[K\n'}
[5.957337] (status_display) StderrLine: {'line': b'\x1b[01m\x1b[K/usr/include/x86_64-linux-gnu/qt5/QtCore/qmargins.h:278:33:\x1b[m\x1b[K \x1b[01;36m\x1b[Knote: \x1b[m\x1b[K  no known conversion for argument 1 from \xe2\x80\x98\x1b[01m\x1b[Kstd::basic_ostream<char>\x1b[m\x1b[K\xe2\x80\x99 to \xe2\x80\x98\x1b[01m\x1b[KQDebug\x1b[m\x1b[K\xe2\x80\x99\n'}
[5.957418] (status_display) StderrLine: {'line': b'  278 | Q_CORE_EXPORT QDebug operator<<(\x1b[01;36m\x1b[KQDebug\x1b[m\x1b[K, const QMargins &);\n'}
[5.957547] (-) TimerEvent: {}
[5.957686] (status_display) StderrLine: {'line': b'      |                                 \x1b[01;36m\x1b[K^~~~~~\x1b[m\x1b[K\n'}
[5.957804] (status_display) StderrLine: {'line': b'\x1b[01m\x1b[K/usr/include/x86_64-linux-gnu/qt5/QtCore/qmargins.h:327:28:\x1b[m\x1b[K \x1b[01;36m\x1b[Knote: \x1b[m\x1b[Kcandidate: \xe2\x80\x98\x1b[01m\x1b[KQDataStream& operator<<(QDataStream&, const QMarginsF&)\x1b[m\x1b[K\xe2\x80\x99\n'}
[5.957888] (status_display) StderrLine: {'line': b'  327 | Q_CORE_EXPORT QDataStream &\x1b[01;36m\x1b[Koperator\x1b[m\x1b[K<<(QDataStream &, const QMarginsF &);\n'}
[5.957969] (status_display) StderrLine: {'line': b'      |                            \x1b[01;36m\x1b[K^~~~~~~~\x1b[m\x1b[K\n'}
[5.958049] (status_display) StderrLine: {'line': b'\x1b[01m\x1b[K/usr/include/x86_64-linux-gnu/qt5/QtCore/qmargins.h:327:39:\x1b[m\x1b[K \x1b[01;36m\x1b[Knote: \x1b[m\x1b[K  no known conversion for argument 1 from \xe2\x80\x98\x1b[01m\x1b[Kstd::basic_ostream<char>\x1b[m\x1b[K\xe2\x80\x99 to \xe2\x80\x98\x1b[01m\x1b[KQDataStream&\x1b[m\x1b[K\xe2\x80\x99\n'}
[5.958130] (status_display) StderrLine: {'line': b'  327 | Q_CORE_EXPORT QDataStream &operator<<(\x1b[01;36m\x1b[KQDataStream &\x1b[m\x1b[K, const QMarginsF &);\n'}
[5.958211] (status_display) StderrLine: {'line': b'      |                                       \x1b[01;36m\x1b[K^~~~~~~~~~~~~\x1b[m\x1b[K\n'}
[5.958297] (status_display) StderrLine: {'line': b'\x1b[01m\x1b[K/usr/include/x86_64-linux-gnu/qt5/QtCore/qmargins.h:487:22:\x1b[m\x1b[K \x1b[01;36m\x1b[Knote: \x1b[m\x1b[Kcandidate: \xe2\x80\x98\x1b[01m\x1b[KQDebug operator<<(QDebug, const QMarginsF&)\x1b[m\x1b[K\xe2\x80\x99\n'}
[5.958394] (status_display) StderrLine: {'line': b'  487 | Q_CORE_EXPORT QDebug \x1b[01;36m\x1b[Koperator\x1b[m\x1b[K<<(QDebug, const QMarginsF &);\n'}
[5.958487] (status_display) StderrLine: {'line': b'      |                      \x1b[01;36m\x1b[K^~~~~~~~\x1b[m\x1b[K\n'}
[5.958614] (status_display) StderrLine: {'line': b'\x1b[01m\x1b[K/usr/include/x86_64-linux-gnu/qt5/QtCore/qmargins.h:487:33:\x1b[m\x1b[K \x1b[01;36m\x1b[Knote: \x1b[m\x1b[K  no known conversion for argument 1 from \xe2\x80\x98\x1b[01m\x1b[Kstd::basic_ostream<char>\x1b[m\x1b[K\xe2\x80\x99 to \xe2\x80\x98\x1b[01m\x1b[KQDebug\x1b[m\x1b[K\xe2\x80\x99\n'}
[5.958703] (status_display) StderrLine: {'line': b'  487 | Q_CORE_EXPORT QDebug operator<<(\x1b[01;36m\x1b[KQDebug\x1b[m\x1b[K, const QMarginsF &);\n'}
[5.958784] (status_display) StderrLine: {'line': b'      |                                 \x1b[01;36m\x1b[K^~~~~~\x1b[m\x1b[K\n'}
[5.958863] (status_display) StderrLine: {'line': b'In file included from \x1b[01m\x1b[K/usr/include/x86_64-linux-gnu/qt5/QtWidgets/qapplication.h:47\x1b[m\x1b[K,\n'}
[5.958943] (status_display) StderrLine: {'line': b'                 from \x1b[01m\x1b[K/usr/include/x86_64-linux-gnu/qt5/QtWidgets/QApplication:1\x1b[m\x1b[K,\n'}
[5.959022] (status_display) StderrLine: {'line': b'                 from \x1b[01m\x1b[K/home/shenhang/ros_study/chapter3/topic_practice_workspace/src/status_display/src/sys_status_display.cpp:1\x1b[m\x1b[K:\n'}
[5.959103] (status_display) StderrLine: {'line': b'\x1b[01m\x1b[K/usr/include/x86_64-linux-gnu/qt5/QtCore/qsize.h:114:28:\x1b[m\x1b[K \x1b[01;36m\x1b[Knote: \x1b[m\x1b[Kcandidate: \xe2\x80\x98\x1b[01m\x1b[KQDataStream& operator<<(QDataStream&, const QSize&)\x1b[m\x1b[K\xe2\x80\x99\n'}
[5.959184] (status_display) StderrLine: {'line': b'  114 | Q_CORE_EXPORT QDataStream &\x1b[01;36m\x1b[Koperator\x1b[m\x1b[K<<(QDataStream &, const QSize &);\n'}
[5.959263] (status_display) StderrLine: {'line': b'      |                            \x1b[01;36m\x1b[K^~~~~~~~\x1b[m\x1b[K\n'}
[5.959342] (status_display) StderrLine: {'line': b'\x1b[01m\x1b[K/usr/include/x86_64-linux-gnu/qt5/QtCore/qsize.h:114:39:\x1b[m\x1b[K \x1b[01;36m\x1b[Knote: \x1b[m\x1b[K  no known conversion for argument 1 from \xe2\x80\x98\x1b[01m\x1b[Kstd::basic_ostream<char>\x1b[m\x1b[K\xe2\x80\x99 to \xe2\x80\x98\x1b[01m\x1b[KQDataStream&\x1b[m\x1b[K\xe2\x80\x99\n'}
[5.959520] (status_display) StderrLine: {'line': b'  114 | Q_CORE_EXPORT QDataStream &operator<<(\x1b[01;36m\x1b[KQDataStream &\x1b[m\x1b[K, const QSize &);\n'}
[5.959620] (status_display) StderrLine: {'line': b'      |                                       \x1b[01;36m\x1b[K^~~~~~~~~~~~~\x1b[m\x1b[K\n'}
[5.959701] (status_display) StderrLine: {'line': b'\x1b[01m\x1b[K/usr/include/x86_64-linux-gnu/qt5/QtCore/qsize.h:217:22:\x1b[m\x1b[K \x1b[01;36m\x1b[Knote: \x1b[m\x1b[Kcandidate: \xe2\x80\x98\x1b[01m\x1b[KQDebug operator<<(QDebug, const QSize&)\x1b[m\x1b[K\xe2\x80\x99\n'}
[5.959781] (status_display) StderrLine: {'line': b'  217 | Q_CORE_EXPORT QDebug \x1b[01;36m\x1b[Koperator\x1b[m\x1b[K<<(QDebug, const QSize &);\n'}
[5.959865] (status_display) StderrLine: {'line': b'      |                      \x1b[01;36m\x1b[K^~~~~~~~\x1b[m\x1b[K\n'}
[5.959945] (status_display) StderrLine: {'line': b'\x1b[01m\x1b[K/usr/include/x86_64-linux-gnu/qt5/QtCore/qsize.h:217:33:\x1b[m\x1b[K \x1b[01;36m\x1b[Knote: \x1b[m\x1b[K  no known conversion for argument 1 from \xe2\x80\x98\x1b[01m\x1b[Kstd::basic_ostream<char>\x1b[m\x1b[K\xe2\x80\x99 to \xe2\x80\x98\x1b[01m\x1b[KQDebug\x1b[m\x1b[K\xe2\x80\x99\n'}
[5.960033] (status_display) StderrLine: {'line': b'  217 | Q_CORE_EXPORT QDebug operator<<(\x1b[01;36m\x1b[KQDebug\x1b[m\x1b[K, const QSize &);\n'}
[5.960117] (status_display) StderrLine: {'line': b'      |                                 \x1b[01;36m\x1b[K^~~~~~\x1b[m\x1b[K\n'}
[5.960201] (status_display) StderrLine: {'line': b'\x1b[01m\x1b[K/usr/include/x86_64-linux-gnu/qt5/QtCore/qsize.h:287:28:\x1b[m\x1b[K \x1b[01;36m\x1b[Knote: \x1b[m\x1b[Kcandidate: \xe2\x80\x98\x1b[01m\x1b[KQDataStream& operator<<(QDataStream&, const QSizeF&)\x1b[m\x1b[K\xe2\x80\x99\n'}
[5.960286] (status_display) StderrLine: {'line': b'  287 | Q_CORE_EXPORT QDataStream &\x1b[01;36m\x1b[Koperator\x1b[m\x1b[K<<(QDataStream &, const QSizeF &);\n'}
[5.960366] (status_display) StderrLine: {'line': b'      |                            \x1b[01;36m\x1b[K^~~~~~~~\x1b[m\x1b[K\n'}
[5.960497] (status_display) StderrLine: {'line': b'\x1b[01m\x1b[K/usr/include/x86_64-linux-gnu/qt5/QtCore/qsize.h:287:39:\x1b[m\x1b[K \x1b[01;36m\x1b[Knote: \x1b[m\x1b[K  no known conversion for argument 1 from \xe2\x80\x98\x1b[01m\x1b[Kstd::basic_ostream<char>\x1b[m\x1b[K\xe2\x80\x99 to \xe2\x80\x98\x1b[01m\x1b[KQDataStream&\x1b[m\x1b[K\xe2\x80\x99\n'}
[5.960582] (status_display) StderrLine: {'line': b'  287 | Q_CORE_EXPORT QDataStream &operator<<(\x1b[01;36m\x1b[KQDataStream &\x1b[m\x1b[K, const QSizeF &);\n'}
[5.960661] (status_display) StderrLine: {'line': b'      |                                       \x1b[01;36m\x1b[K^~~~~~~~~~~~~\x1b[m\x1b[K\n'}
[5.960740] (status_display) StderrLine: {'line': b'\x1b[01m\x1b[K/usr/include/x86_64-linux-gnu/qt5/QtCore/qsize.h:397:22:\x1b[m\x1b[K \x1b[01;36m\x1b[Knote: \x1b[m\x1b[Kcandidate: \xe2\x80\x98\x1b[01m\x1b[KQDebug operator<<(QDebug, const QSizeF&)\x1b[m\x1b[K\xe2\x80\x99\n'}
[5.960828] (status_display) StderrLine: {'line': b'  397 | Q_CORE_EXPORT QDebug \x1b[01;36m\x1b[Koperator\x1b[m\x1b[K<<(QDebug, const QSizeF &);\n'}
[5.960907] (status_display) StderrLine: {'line': b'      |                      \x1b[01;36m\x1b[K^~~~~~~~\x1b[m\x1b[K\n'}
[5.960986] (status_display) StderrLine: {'line': b'\x1b[01m\x1b[K/usr/include/x86_64-linux-gnu/qt5/QtCore/qsize.h:397:33:\x1b[m\x1b[K \x1b[01;36m\x1b[Knote: \x1b[m\x1b[K  no known conversion for argument 1 from \xe2\x80\x98\x1b[01m\x1b[Kstd::basic_ostream<char>\x1b[m\x1b[K\xe2\x80\x99 to \xe2\x80\x98\x1b[01m\x1b[KQDebug\x1b[m\x1b[K\xe2\x80\x99\n'}
[5.961066] (status_display) StderrLine: {'line': b'  397 | Q_CORE_EXPORT QDebug operator<<(\x1b[01;36m\x1b[KQDebug\x1b[m\x1b[K, const QSizeF &);\n'}
[5.961146] (status_display) StderrLine: {'line': b'      |                                 \x1b[01;36m\x1b[K^~~~~~\x1b[m\x1b[K\n'}
[5.961228] (status_display) StderrLine: {'line': b'In file included from \x1b[01m\x1b[K/usr/include/x86_64-linux-gnu/qt5/QtWidgets/qapplication.h:48\x1b[m\x1b[K,\n'}
[5.961308] (status_display) StderrLine: {'line': b'                 from \x1b[01m\x1b[K/usr/include/x86_64-linux-gnu/qt5/QtWidgets/QApplication:1\x1b[m\x1b[K,\n'}
[5.961527] (status_display) StderrLine: {'line': b'                 from \x1b[01m\x1b[K/home/shenhang/ros_study/chapter3/topic_practice_workspace/src/status_display/src/sys_status_display.cpp:1\x1b[m\x1b[K:\n'}
[5.961625] (status_display) StderrLine: {'line': b'\x1b[01m\x1b[K/usr/include/x86_64-linux-gnu/qt5/QtGui/qcursor.h:136:27:\x1b[m\x1b[K \x1b[01;36m\x1b[Knote: \x1b[m\x1b[Kcandidate: \xe2\x80\x98\x1b[01m\x1b[KQDataStream& operator<<(QDataStream&, const QCursor&)\x1b[m\x1b[K\xe2\x80\x99\n'}
[5.961706] (status_display) StderrLine: {'line': b'  136 | Q_GUI_EXPORT QDataStream &\x1b[01;36m\x1b[Koperator\x1b[m\x1b[K<<(QDataStream &outS, const QCursor &cursor);\n'}
[5.961786] (status_display) StderrLine: {'line': b'      |                           \x1b[01;36m\x1b[K^~~~~~~~\x1b[m\x1b[K\n'}
[5.961873] (status_display) StderrLine: {'line': b'\x1b[01m\x1b[K/usr/include/x86_64-linux-gnu/qt5/QtGui/qcursor.h:136:51:\x1b[m\x1b[K \x1b[01;36m\x1b[Knote: \x1b[m\x1b[K  no known conversion for argument 1 from \xe2\x80\x98\x1b[01m\x1b[Kstd::basic_ostream<char>\x1b[m\x1b[K\xe2\x80\x99 to \xe2\x80\x98\x1b[01m\x1b[KQDataStream&\x1b[m\x1b[K\xe2\x80\x99\n'}
[5.961956] (status_display) StderrLine: {'line': b'  136 | Q_GUI_EXPORT QDataStream &operator<<(\x1b[01;36m\x1b[KQDataStream &outS\x1b[m\x1b[K, const QCursor &cursor);\n'}
[5.962040] (status_display) StderrLine: {'line': b'      |                                      \x1b[01;36m\x1b[K~~~~~~~~~~~~~^~~~\x1b[m\x1b[K\n'}
[5.962120] (status_display) StderrLine: {'line': b'\x1b[01m\x1b[K/usr/include/x86_64-linux-gnu/qt5/QtGui/qcursor.h:141:21:\x1b[m\x1b[K \x1b[01;36m\x1b[Knote: \x1b[m\x1b[Kcandidate: \xe2\x80\x98\x1b[01m\x1b[KQDebug operator<<(QDebug, const QCursor&)\x1b[m\x1b[K\xe2\x80\x99\n'}
[5.962199] (status_display) StderrLine: {'line': b'  141 | Q_GUI_EXPORT QDebug \x1b[01;36m\x1b[Koperator\x1b[m\x1b[K<<(QDebug, const QCursor &);\n'}
[5.962278] (status_display) StderrLine: {'line': b'      |                     \x1b[01;36m\x1b[K^~~~~~~~\x1b[m\x1b[K\n'}
[5.962381] (status_display) StderrLine: {'line': b'\x1b[01m\x1b[K/usr/include/x86_64-linux-gnu/qt5/QtGui/qcursor.h:141:32:\x1b[m\x1b[K \x1b[01;36m\x1b[Knote: \x1b[m\x1b[K  no known conversion for argument 1 from \xe2\x80\x98\x1b[01m\x1b[Kstd::basic_ostream<char>\x1b[m\x1b[K\xe2\x80\x99 to \xe2\x80\x98\x1b[01m\x1b[KQDebug\x1b[m\x1b[K\xe2\x80\x99\n'}
[5.962540] (status_display) StderrLine: {'line': b'  141 | Q_GUI_EXPORT QDebug operator<<(\x1b[01;36m\x1b[KQDebug\x1b[m\x1b[K, const QCursor &);\n'}
[5.962641] (status_display) StderrLine: {'line': b'      |                                \x1b[01;36m\x1b[K^~~~~~\x1b[m\x1b[K\n'}
[5.962725] (status_display) StderrLine: {'line': b'In file included from \x1b[01m\x1b[K/usr/include/x86_64-linux-gnu/qt5/QtCore/qlocale.h:43\x1b[m\x1b[K,\n'}
[5.962813] (status_display) StderrLine: {'line': b'                 from \x1b[01m\x1b[K/usr/include/x86_64-linux-gnu/qt5/QtGui/qguiapplication.h:47\x1b[m\x1b[K,\n'}
[5.962902] (status_display) StderrLine: {'line': b'                 from \x1b[01m\x1b[K/usr/include/x86_64-linux-gnu/qt5/QtWidgets/qapplication.h:52\x1b[m\x1b[K,\n'}
[5.962987] (status_display) StderrLine: {'line': b'                 from \x1b[01m\x1b[K/usr/include/x86_64-linux-gnu/qt5/QtWidgets/QApplication:1\x1b[m\x1b[K,\n'}
[5.963069] (status_display) StderrLine: {'line': b'                 from \x1b[01m\x1b[K/home/shenhang/ros_study/chapter3/topic_practice_workspace/src/status_display/src/sys_status_display.cpp:1\x1b[m\x1b[K:\n'}
[5.963155] (status_display) StderrLine: {'line': b'\x1b[01m\x1b[K/usr/include/x86_64-linux-gnu/qt5/QtCore/qvariant.h:584:28:\x1b[m\x1b[K \x1b[01;36m\x1b[Knote: \x1b[m\x1b[Kcandidate: \xe2\x80\x98\x1b[01m\x1b[KQDataStream& operator<<(QDataStream&, const QVariant&)\x1b[m\x1b[K\xe2\x80\x99\n'}
[5.963250] (status_display) StderrLine: {'line': b'  584 | Q_CORE_EXPORT QDataStream& \x1b[01;36m\x1b[Koperator\x1b[m\x1b[K<< (QDataStream& s, const QVariant& p);\n'}
[5.963399] (status_display) StderrLine: {'line': b'      |                            \x1b[01;36m\x1b[K^~~~~~~~\x1b[m\x1b[K\n'}
[5.963483] (status_display) StderrLine: {'line': b'\x1b[01m\x1b[K/usr/include/x86_64-linux-gnu/qt5/QtCore/qvariant.h:584:53:\x1b[m\x1b[K \x1b[01;36m\x1b[Knote: \x1b[m\x1b[K  no known conversion for argument 1 from \xe2\x80\x98\x1b[01m\x1b[Kstd::basic_ostream<char>\x1b[m\x1b[K\xe2\x80\x99 to \xe2\x80\x98\x1b[01m\x1b[KQDataStream&\x1b[m\x1b[K\xe2\x80\x99\n'}
[5.963569] (status_display) StderrLine: {'line': b'  584 | Q_CORE_EXPORT QDataStream& operator<< (\x1b[01;36m\x1b[KQDataStream& s\x1b[m\x1b[K, const QVariant& p);\n'}
[5.963709] (status_display) StderrLine: {'line': b'      |                                        \x1b[01;36m\x1b[K~~~~~~~~~~~~~^\x1b[m\x1b[K\n'}
[5.963814] (status_display) StderrLine: {'line': b'\x1b[01m\x1b[K/usr/include/x86_64-linux-gnu/qt5/QtCore/qvariant.h:586:28:\x1b[m\x1b[K \x1b[01;36m\x1b[Knote: \x1b[m\x1b[Kcandidate: \xe2\x80\x98\x1b[01m\x1b[KQDataStream& operator<<(QDataStream&, QVariant::Type)\x1b[m\x1b[K\xe2\x80\x99\n'}
[5.963897] (status_display) StderrLine: {'line': b'  586 | Q_CORE_EXPORT QDataStream& \x1b[01;36m\x1b[Koperator\x1b[m\x1b[K<< (QDataStream& s, const QVariant::Type p);\n'}
[5.963977] (status_display) StderrLine: {'line': b'      |                            \x1b[01;36m\x1b[K^~~~~~~~\x1b[m\x1b[K\n'}
[5.964056] (status_display) StderrLine: {'line': b'\x1b[01m\x1b[K/usr/include/x86_64-linux-gnu/qt5/QtCore/qvariant.h:586:53:\x1b[m\x1b[K \x1b[01;36m\x1b[Knote: \x1b[m\x1b[K  no known conversion for argument 1 from \xe2\x80\x98\x1b[01m\x1b[Kstd::basic_ostream<char>\x1b[m\x1b[K\xe2\x80\x99 to \xe2\x80\x98\x1b[01m\x1b[KQDataStream&\x1b[m\x1b[K\xe2\x80\x99\n'}
[5.964145] (status_display) StderrLine: {'line': b'  586 | Q_CORE_EXPORT QDataStream& operator<< (\x1b[01;36m\x1b[KQDataStream& s\x1b[m\x1b[K, const QVariant::Type p);\n'}
[5.964258] (status_display) StderrLine: {'line': b'      |                                        \x1b[01;36m\x1b[K~~~~~~~~~~~~~^\x1b[m\x1b[K\n'}
[5.964353] (status_display) StderrLine: {'line': b'In file included from \x1b[01m\x1b[K/usr/include/x86_64-linux-gnu/qt5/QtCore/qlocale.h:43\x1b[m\x1b[K,\n'}
[5.964436] (status_display) StderrLine: {'line': b'                 from \x1b[01m\x1b[K/usr/include/x86_64-linux-gnu/qt5/QtGui/qguiapplication.h:47\x1b[m\x1b[K,\n'}
[5.964518] (status_display) StderrLine: {'line': b'                 from \x1b[01m\x1b[K/usr/include/x86_64-linux-gnu/qt5/QtWidgets/qapplication.h:52\x1b[m\x1b[K,\n'}
[5.964603] (status_display) StderrLine: {'line': b'                 from \x1b[01m\x1b[K/usr/include/x86_64-linux-gnu/qt5/QtWidgets/QApplication:1\x1b[m\x1b[K,\n'}
[5.964686] (status_display) StderrLine: {'line': b'                 from \x1b[01m\x1b[K/home/shenhang/ros_study/chapter3/topic_practice_workspace/src/status_display/src/sys_status_display.cpp:1\x1b[m\x1b[K:\n'}
[5.964771] (status_display) StderrLine: {'line': b'\x1b[01m\x1b[K/usr/include/x86_64-linux-gnu/qt5/QtCore/qvariant.h:902:22:\x1b[m\x1b[K \x1b[01;36m\x1b[Knote: \x1b[m\x1b[Kcandidate: \xe2\x80\x98\x1b[01m\x1b[KQDebug operator<<(QDebug, const QVariant&)\x1b[m\x1b[K\xe2\x80\x99\n'}
[5.964901] (status_display) StderrLine: {'line': b'  902 | Q_CORE_EXPORT QDebug \x1b[01;36m\x1b[Koperator\x1b[m\x1b[K<<(QDebug, const QVariant &);\n'}
[5.964997] (status_display) StderrLine: {'line': b'      |                      \x1b[01;36m\x1b[K^~~~~~~~\x1b[m\x1b[K\n'}
[5.965079] (status_display) StderrLine: {'line': b'In file included from \x1b[01m\x1b[K/usr/include/x86_64-linux-gnu/qt5/QtCore/qlocale.h:43\x1b[m\x1b[K,\n'}
[5.965159] (status_display) StderrLine: {'line': b'                 from \x1b[01m\x1b[K/usr/include/x86_64-linux-gnu/qt5/QtGui/qguiapplication.h:47\x1b[m\x1b[K,\n'}
[5.965238] (status_display) StderrLine: {'line': b'                 from \x1b[01m\x1b[K/usr/include/x86_64-linux-gnu/qt5/QtWidgets/qapplication.h:52\x1b[m\x1b[K,\n'}
[5.965343] (status_display) StderrLine: {'line': b'                 from \x1b[01m\x1b[K/usr/include/x86_64-linux-gnu/qt5/QtWidgets/QApplication:1\x1b[m\x1b[K,\n'}
[5.965424] (status_display) StderrLine: {'line': b'                 from \x1b[01m\x1b[K/home/shenhang/ros_study/chapter3/topic_practice_workspace/src/status_display/src/sys_status_display.cpp:1\x1b[m\x1b[K:\n'}
[5.965507] (status_display) StderrLine: {'line': b'\x1b[01m\x1b[K/usr/include/x86_64-linux-gnu/qt5/QtCore/qvariant.h:480:44:\x1b[m\x1b[K \x1b[01;36m\x1b[Knote: \x1b[m\x1b[K  no known conversion for argument 1 from \xe2\x80\x98\x1b[01m\x1b[Kstd::basic_ostream<char>\x1b[m\x1b[K\xe2\x80\x99 to \xe2\x80\x98\x1b[01m\x1b[KQDebug\x1b[m\x1b[K\xe2\x80\x99\n'}
[5.965592] (status_display) StderrLine: {'line': b'  480 |     friend Q_CORE_EXPORT QDebug operator<<(\x1b[01;36m\x1b[KQDebug\x1b[m\x1b[K, const QVariant &);\n'}
[5.965678] (status_display) StderrLine: {'line': b'      |                                            \x1b[01;36m\x1b[K^~~~~~\x1b[m\x1b[K\n'}
[5.965766] (status_display) StderrLine: {'line': b'In file included from \x1b[01m\x1b[K/usr/include/x86_64-linux-gnu/qt5/QtCore/qlocale.h:43\x1b[m\x1b[K,\n'}
[5.965851] (status_display) StderrLine: {'line': b'                 from \x1b[01m\x1b[K/usr/include/x86_64-linux-gnu/qt5/QtGui/qguiapplication.h:47\x1b[m\x1b[K,\n'}
[5.965934] (status_display) StderrLine: {'line': b'                 from \x1b[01m\x1b[K/usr/include/x86_64-linux-gnu/qt5/QtWidgets/qapplication.h:52\x1b[m\x1b[K,\n'}
[5.966019] (status_display) StderrLine: {'line': b'                 from \x1b[01m\x1b[K/usr/include/x86_64-linux-gnu/qt5/QtWidgets/QApplication:1\x1b[m\x1b[K,\n'}
[5.966112] (status_display) StderrLine: {'line': b'                 from \x1b[01m\x1b[K/home/shenhang/ros_study/chapter3/topic_practice_workspace/src/status_display/src/sys_status_display.cpp:1\x1b[m\x1b[K:\n'}
[5.966195] (status_display) StderrLine: {'line': b'\x1b[01m\x1b[K/usr/include/x86_64-linux-gnu/qt5/QtCore/qvariant.h:903:22:\x1b[m\x1b[K \x1b[01;36m\x1b[Knote: \x1b[m\x1b[Kcandidate: \xe2\x80\x98\x1b[01m\x1b[KQDebug operator<<(QDebug, QVariant::Type)\x1b[m\x1b[K\xe2\x80\x99\n'}
[5.966466] (status_display) StderrLine: {'line': b'  903 | Q_CORE_EXPORT QDebug \x1b[01;36m\x1b[Koperator\x1b[m\x1b[K<<(QDebug, const QVariant::Type);\n'}
[5.966592] (status_display) StderrLine: {'line': b'      |                      \x1b[01;36m\x1b[K^~~~~~~~\x1b[m\x1b[K\n'}
[5.966675] (status_display) StderrLine: {'line': b'\x1b[01m\x1b[K/usr/include/x86_64-linux-gnu/qt5/QtCore/qvariant.h:903:33:\x1b[m\x1b[K \x1b[01;36m\x1b[Knote: \x1b[m\x1b[K  no known conversion for argument 1 from \xe2\x80\x98\x1b[01m\x1b[Kstd::basic_ostream<char>\x1b[m\x1b[K\xe2\x80\x99 to \xe2\x80\x98\x1b[01m\x1b[KQDebug\x1b[m\x1b[K\xe2\x80\x99\n'}
[5.966757] (status_display) StderrLine: {'line': b'  903 | Q_CORE_EXPORT QDebug operator<<(\x1b[01;36m\x1b[KQDebug\x1b[m\x1b[K, const QVariant::Type);\n'}
[5.966843] (status_display) StderrLine: {'line': b'      |                                 \x1b[01;36m\x1b[K^~~~~~\x1b[m\x1b[K\n'}
[5.966923] (status_display) StderrLine: {'line': b'In file included from \x1b[01m\x1b[K/usr/include/x86_64-linux-gnu/qt5/QtGui/qguiapplication.h:47\x1b[m\x1b[K,\n'}
[5.967003] (status_display) StderrLine: {'line': b'                 from \x1b[01m\x1b[K/usr/include/x86_64-linux-gnu/qt5/QtWidgets/qapplication.h:52\x1b[m\x1b[K,\n'}
[5.967087] (status_display) StderrLine: {'line': b'                 from \x1b[01m\x1b[K/usr/include/x86_64-linux-gnu/qt5/QtWidgets/QApplication:1\x1b[m\x1b[K,\n'}
[5.967198] (status_display) StderrLine: {'line': b'                 from \x1b[01m\x1b[K/home/shenhang/ros_study/chapter3/topic_practice_workspace/src/status_display/src/sys_status_display.cpp:1\x1b[m\x1b[K:\n'}
[5.967293] (status_display) StderrLine: {'line': b'\x1b[01m\x1b[K/usr/include/x86_64-linux-gnu/qt5/QtCore/qlocale.h:1222:28:\x1b[m\x1b[K \x1b[01;36m\x1b[Knote: \x1b[m\x1b[Kcandidate: \xe2\x80\x98\x1b[01m\x1b[KQDataStream& operator<<(QDataStream&, const QLocale&)\x1b[m\x1b[K\xe2\x80\x99\n'}
[5.967378] (status_display) StderrLine: {'line': b' 1222 | Q_CORE_EXPORT QDataStream &\x1b[01;36m\x1b[Koperator\x1b[m\x1b[K<<(QDataStream &, const QLocale &);\n'}
[5.967458] (status_display) StderrLine: {'line': b'      |                            \x1b[01;36m\x1b[K^~~~~~~~\x1b[m\x1b[K\n'}
[5.967578] (status_display) StderrLine: {'line': b'\x1b[01m\x1b[K/usr/include/x86_64-linux-gnu/qt5/QtCore/qlocale.h:1222:39:\x1b[m\x1b[K \x1b[01;36m\x1b[Knote: \x1b[m\x1b[K  no known conversion for argument 1 from \xe2\x80\x98\x1b[01m\x1b[Kstd::basic_ostream<char>\x1b[m\x1b[K\xe2\x80\x99 to \xe2\x80\x98\x1b[01m\x1b[KQDataStream&\x1b[m\x1b[K\xe2\x80\x99\n'}
[5.967664] (status_display) StderrLine: {'line': b' 1222 | Q_CORE_EXPORT QDataStream &operator<<(\x1b[01;36m\x1b[KQDataStream &\x1b[m\x1b[K, const QLocale &);\n'}
[5.967743] (status_display) StderrLine: {'line': b'      |                                       \x1b[01;36m\x1b[K^~~~~~~~~~~~~\x1b[m\x1b[K\n'}
[5.967823] (status_display) StderrLine: {'line': b'\x1b[01m\x1b[K/usr/include/x86_64-linux-gnu/qt5/QtCore/qlocale.h:1227:22:\x1b[m\x1b[K \x1b[01;36m\x1b[Knote: \x1b[m\x1b[Kcandidate: \xe2\x80\x98\x1b[01m\x1b[KQDebug operator<<(QDebug, const QLocale&)\x1b[m\x1b[K\xe2\x80\x99\n'}
[5.967903] (status_display) StderrLine: {'line': b' 1227 | Q_CORE_EXPORT QDebug \x1b[01;36m\x1b[Koperator\x1b[m\x1b[K<<(QDebug, const QLocale &);\n'}
[5.967982] (status_display) StderrLine: {'line': b'      |                      \x1b[01;36m\x1b[K^~~~~~~~\x1b[m\x1b[K\n'}
[5.968061] (status_display) StderrLine: {'line': b'\x1b[01m\x1b[K/usr/include/x86_64-linux-gnu/qt5/QtCore/qlocale.h:1227:33:\x1b[m\x1b[K \x1b[01;36m\x1b[Knote: \x1b[m\x1b[K  no known conversion for argument 1 from \xe2\x80\x98\x1b[01m\x1b[Kstd::basic_ostream<char>\x1b[m\x1b[K\xe2\x80\x99 to \xe2\x80\x98\x1b[01m\x1b[KQDebug\x1b[m\x1b[K\xe2\x80\x99\n'}
[5.968165] (status_display) StderrLine: {'line': b' 1227 | Q_CORE_EXPORT QDebug operator<<(\x1b[01;36m\x1b[KQDebug\x1b[m\x1b[K, const QLocale &);\n'}
[5.968257] (status_display) StderrLine: {'line': b'      |                                 \x1b[01;36m\x1b[K^~~~~~\x1b[m\x1b[K\n'}
[5.968336] (status_display) StderrLine: {'line': b'In file included from \x1b[01m\x1b[K/usr/include/x86_64-linux-gnu/qt5/QtGui/qpaintdevice.h:45\x1b[m\x1b[K,\n'}
[5.968415] (status_display) StderrLine: {'line': b'                 from \x1b[01m\x1b[K/usr/include/x86_64-linux-gnu/qt5/QtWidgets/qwidget.h:47\x1b[m\x1b[K,\n'}
[5.968495] (status_display) StderrLine: {'line': b'                 from \x1b[01m\x1b[K/usr/include/x86_64-linux-gnu/qt5/QtWidgets/qframe.h:44\x1b[m\x1b[K,\n'}
[5.968616] (status_display) StderrLine: {'line': b'                 from \x1b[01m\x1b[K/usr/include/x86_64-linux-gnu/qt5/QtWidgets/qlabel.h:44\x1b[m\x1b[K,\n'}
[5.968703] (status_display) StderrLine: {'line': b'                 from \x1b[01m\x1b[K/usr/include/x86_64-linux-gnu/qt5/QtWidgets/QLabel:1\x1b[m\x1b[K,\n'}
[5.968785] (status_display) StderrLine: {'line': b'                 from \x1b[01m\x1b[K/home/shenhang/ros_study/chapter3/topic_practice_workspace/src/status_display/src/sys_status_display.cpp:2\x1b[m\x1b[K:\n'}
[5.968865] (status_display) StderrLine: {'line': b'\x1b[01m\x1b[K/usr/include/x86_64-linux-gnu/qt5/QtCore/qrect.h:176:28:\x1b[m\x1b[K \x1b[01;36m\x1b[Knote: \x1b[m\x1b[Kcandidate: \xe2\x80\x98\x1b[01m\x1b[KQDataStream& operator<<(QDataStream&, const QRect&)\x1b[m\x1b[K\xe2\x80\x99\n'}
[5.968945] (status_display) StderrLine: {'line': b'  176 | Q_CORE_EXPORT QDataStream &\x1b[01;36m\x1b[Koperator\x1b[m\x1b[K<<(QDataStream &, const QRect &);\n'}
[5.969024] (status_display) StderrLine: {'line': b'      |                            \x1b[01;36m\x1b[K^~~~~~~~\x1b[m\x1b[K\n'}
[5.969103] (status_display) StderrLine: {'line': b'\x1b[01m\x1b[K/usr/include/x86_64-linux-gnu/qt5/QtCore/qrect.h:176:39:\x1b[m\x1b[K \x1b[01;36m\x1b[Knote: \x1b[m\x1b[K  no known conversion for argument 1 from \xe2\x80\x98\x1b[01m\x1b[Kstd::basic_ostream<char>\x1b[m\x1b[K\xe2\x80\x99 to \xe2\x80\x98\x1b[01m\x1b[KQDataStream&\x1b[m\x1b[K\xe2\x80\x99\n'}
[5.969209] (status_display) StderrLine: {'line': b'  176 | Q_CORE_EXPORT QDataStream &operator<<(\x1b[01;36m\x1b[KQDataStream &\x1b[m\x1b[K, const QRect &);\n'}
[5.969296] (status_display) StderrLine: {'line': b'      |                                       \x1b[01;36m\x1b[K^~~~~~~~~~~~~\x1b[m\x1b[K\n'}
[5.969376] (status_display) StderrLine: {'line': b'\x1b[01m\x1b[K/usr/include/x86_64-linux-gnu/qt5/QtCore/qrect.h:507:22:\x1b[m\x1b[K \x1b[01;36m\x1b[Knote: \x1b[m\x1b[Kcandidate: \xe2\x80\x98\x1b[01m\x1b[KQDebug operator<<(QDebug, const QRect&)\x1b[m\x1b[K\xe2\x80\x99\n'}
[5.969462] (status_display) StderrLine: {'line': b'  507 | Q_CORE_EXPORT QDebug \x1b[01;36m\x1b[Koperator\x1b[m\x1b[K<<(QDebug, const QRect &);\n'}
[5.969570] (status_display) StderrLine: {'line': b'      |                      \x1b[01;36m\x1b[K^~~~~~~~\x1b[m\x1b[K\n'}
[5.969669] (status_display) StderrLine: {'line': b'\x1b[01m\x1b[K/usr/include/x86_64-linux-gnu/qt5/QtCore/qrect.h:507:33:\x1b[m\x1b[K \x1b[01;36m\x1b[Knote: \x1b[m\x1b[K  no known conversion for argument 1 from \xe2\x80\x98\x1b[01m\x1b[Kstd::basic_ostream<char>\x1b[m\x1b[K\xe2\x80\x99 to \xe2\x80\x98\x1b[01m\x1b[KQDebug\x1b[m\x1b[K\xe2\x80\x99\n'}
[5.969751] (status_display) StderrLine: {'line': b'  507 | Q_CORE_EXPORT QDebug operator<<(\x1b[01;36m\x1b[KQDebug\x1b[m\x1b[K, const QRect &);\n'}
[5.969832] (status_display) StderrLine: {'line': b'      |                                 \x1b[01;36m\x1b[K^~~~~~\x1b[m\x1b[K\n'}
[5.969911] (status_display) StderrLine: {'line': b'\x1b[01m\x1b[K/usr/include/x86_64-linux-gnu/qt5/QtCore/qrect.h:636:28:\x1b[m\x1b[K \x1b[01;36m\x1b[Knote: \x1b[m\x1b[Kcandidate: \xe2\x80\x98\x1b[01m\x1b[KQDataStream& operator<<(QDataStream&, const QRectF&)\x1b[m\x1b[K\xe2\x80\x99\n'}
[5.970000] (status_display) StderrLine: {'line': b'  636 | Q_CORE_EXPORT QDataStream &\x1b[01;36m\x1b[Koperator\x1b[m\x1b[K<<(QDataStream &, const QRectF &);\n'}
[5.970128] (status_display) StderrLine: {'line': b'      |                            \x1b[01;36m\x1b[K^~~~~~~~\x1b[m\x1b[K\n'}
[5.970217] (status_display) StderrLine: {'line': b'\x1b[01m\x1b[K/usr/include/x86_64-linux-gnu/qt5/QtCore/qrect.h:636:39:\x1b[m\x1b[K \x1b[01;36m\x1b[Knote: \x1b[m\x1b[K  no known conversion for argument 1 from \xe2\x80\x98\x1b[01m\x1b[Kstd::basic_ostream<char>\x1b[m\x1b[K\xe2\x80\x99 to \xe2\x80\x98\x1b[01m\x1b[KQDataStream&\x1b[m\x1b[K\xe2\x80\x99\n'}
[5.970304] (status_display) StderrLine: {'line': b'  636 | Q_CORE_EXPORT QDataStream &operator<<(\x1b[01;36m\x1b[KQDataStream &\x1b[m\x1b[K, const QRectF &);\n'}
[5.970384] (status_display) StderrLine: {'line': b'      |                                       \x1b[01;36m\x1b[K^~~~~~~~~~~~~\x1b[m\x1b[K\n'}
[5.970464] (status_display) StderrLine: {'line': b'\x1b[01m\x1b[K/usr/include/x86_64-linux-gnu/qt5/QtCore/qrect.h:920:22:\x1b[m\x1b[K \x1b[01;36m\x1b[Knote: \x1b[m\x1b[Kcandidate: \xe2\x80\x98\x1b[01m\x1b[KQDebug operator<<(QDebug, const QRectF&)\x1b[m\x1b[K\xe2\x80\x99\n'}
[5.970575] (status_display) StderrLine: {'line': b'  920 | Q_CORE_EXPORT QDebug \x1b[01;36m\x1b[Koperator\x1b[m\x1b[K<<(QDebug, const QRectF &);\n'}
[5.970673] (status_display) StderrLine: {'line': b'      |                      \x1b[01;36m\x1b[K^~~~~~~~\x1b[m\x1b[K\n'}
[5.970753] (status_display) StderrLine: {'line': b'\x1b[01m\x1b[K/usr/include/x86_64-linux-gnu/qt5/QtCore/qrect.h:920:33:\x1b[m\x1b[K \x1b[01;36m\x1b[Knote: \x1b[m\x1b[K  no known conversion for argument 1 from \xe2\x80\x98\x1b[01m\x1b[Kstd::basic_ostream<char>\x1b[m\x1b[K\xe2\x80\x99 to \xe2\x80\x98\x1b[01m\x1b[KQDebug\x1b[m\x1b[K\xe2\x80\x99\n'}
[5.970834] (status_display) StderrLine: {'line': b'  920 | Q_CORE_EXPORT QDebug operator<<(\x1b[01;36m\x1b[KQDebug\x1b[m\x1b[K, const QRectF &);\n'}
[5.970913] (status_display) StderrLine: {'line': b'      |                                 \x1b[01;36m\x1b[K^~~~~~\x1b[m\x1b[K\n'}
[5.970992] (status_display) StderrLine: {'line': b'In file included from \x1b[01m\x1b[K/usr/include/x86_64-linux-gnu/qt5/QtGui/qpalette.h:45\x1b[m\x1b[K,\n'}
[5.971090] (status_display) StderrLine: {'line': b'                 from \x1b[01m\x1b[K/usr/include/x86_64-linux-gnu/qt5/QtWidgets/qwidget.h:48\x1b[m\x1b[K,\n'}
[5.971183] (status_display) StderrLine: {'line': b'                 from \x1b[01m\x1b[K/usr/include/x86_64-linux-gnu/qt5/QtWidgets/qframe.h:44\x1b[m\x1b[K,\n'}
[5.971263] (status_display) StderrLine: {'line': b'                 from \x1b[01m\x1b[K/usr/include/x86_64-linux-gnu/qt5/QtWidgets/qlabel.h:44\x1b[m\x1b[K,\n'}
[5.971342] (status_display) StderrLine: {'line': b'                 from \x1b[01m\x1b[K/usr/include/x86_64-linux-gnu/qt5/QtWidgets/QLabel:1\x1b[m\x1b[K,\n'}
[5.971422] (status_display) StderrLine: {'line': b'                 from \x1b[01m\x1b[K/home/shenhang/ros_study/chapter3/topic_practice_workspace/src/status_display/src/sys_status_display.cpp:2\x1b[m\x1b[K:\n'}
[5.971505] (status_display) StderrLine: {'line': b'\x1b[01m\x1b[K/usr/include/x86_64-linux-gnu/qt5/QtGui/qcolor.h:57:21:\x1b[m\x1b[K \x1b[01;36m\x1b[Knote: \x1b[m\x1b[Kcandidate: \xe2\x80\x98\x1b[01m\x1b[KQDebug operator<<(QDebug, const QColor&)\x1b[m\x1b[K\xe2\x80\x99\n'}
[5.971636] (status_display) StderrLine: {'line': b'   57 | Q_GUI_EXPORT QDebug \x1b[01;36m\x1b[Koperator\x1b[m\x1b[K<<(QDebug, const QColor &);\n'}
[5.971719] (status_display) StderrLine: {'line': b'      |                     \x1b[01;36m\x1b[K^~~~~~~~\x1b[m\x1b[K\n'}
[5.971799] (status_display) StderrLine: {'line': b'\x1b[01m\x1b[K/usr/include/x86_64-linux-gnu/qt5/QtGui/qcolor.h:57:32:\x1b[m\x1b[K \x1b[01;36m\x1b[Knote: \x1b[m\x1b[K  no known conversion for argument 1 from \xe2\x80\x98\x1b[01m\x1b[Kstd::basic_ostream<char>\x1b[m\x1b[K\xe2\x80\x99 to \xe2\x80\x98\x1b[01m\x1b[KQDebug\x1b[m\x1b[K\xe2\x80\x99\n'}
[5.971889] (status_display) StderrLine: {'line': b'   57 | Q_GUI_EXPORT QDebug operator<<(\x1b[01;36m\x1b[KQDebug\x1b[m\x1b[K, const QColor &);\n'}
[5.971969] (status_display) StderrLine: {'line': b'      |                                \x1b[01;36m\x1b[K^~~~~~\x1b[m\x1b[K\n'}
[5.972070] (status_display) StderrLine: {'line': b'\x1b[01m\x1b[K/usr/include/x86_64-linux-gnu/qt5/QtGui/qcolor.h:309:38:\x1b[m\x1b[K \x1b[01;36m\x1b[Knote: \x1b[m\x1b[Kcandidate: \xe2\x80\x98\x1b[01m\x1b[KQDataStream& operator<<(QDataStream&, const QColor&)\x1b[m\x1b[K\xe2\x80\x99\n'}
[5.972193] (status_display) StderrLine: {'line': b'  309 |     friend Q_GUI_EXPORT QDataStream &\x1b[01;36m\x1b[Koperator\x1b[m\x1b[K<<(QDataStream &, const QColor &);\n'}
[5.972293] (status_display) StderrLine: {'line': b'      |                                      \x1b[01;36m\x1b[K^~~~~~~~\x1b[m\x1b[K\n'}
[5.972375] (status_display) StderrLine: {'line': b'\x1b[01m\x1b[K/usr/include/x86_64-linux-gnu/qt5/QtGui/qcolor.h:60:38:\x1b[m\x1b[K \x1b[01;36m\x1b[Knote: \x1b[m\x1b[K  no known conversion for argument 1 from \xe2\x80\x98\x1b[01m\x1b[Kstd::basic_ostream<char>\x1b[m\x1b[K\xe2\x80\x99 to \xe2\x80\x98\x1b[01m\x1b[KQDataStream&\x1b[m\x1b[K\xe2\x80\x99\n'}
[5.972463] (status_display) StderrLine: {'line': b'   60 | Q_GUI_EXPORT QDataStream &operator<<(\x1b[01;36m\x1b[KQDataStream &\x1b[m\x1b[K, const QColor &);\n'}
[5.972710] (status_display) StderrLine: {'line': b'      |                                      \x1b[01;36m\x1b[K^~~~~~~~~~~~~\x1b[m\x1b[K\n'}
[5.972818] (status_display) StderrLine: {'line': b'In file included from \x1b[01m\x1b[K/usr/include/x86_64-linux-gnu/qt5/QtGui/qmatrix.h:44\x1b[m\x1b[K,\n'}
[5.972913] (status_display) StderrLine: {'line': b'                 from \x1b[01m\x1b[K/usr/include/x86_64-linux-gnu/qt5/QtGui/qbrush.h:49\x1b[m\x1b[K,\n'}
[5.973006] (status_display) StderrLine: {'line': b'                 from \x1b[01m\x1b[K/usr/include/x86_64-linux-gnu/qt5/QtGui/qpalette.h:46\x1b[m\x1b[K,\n'}
[5.973178] (status_display) StderrLine: {'line': b'                 from \x1b[01m\x1b[K/usr/include/x86_64-linux-gnu/qt5/QtWidgets/qwidget.h:48\x1b[m\x1b[K,\n'}
[5.973291] (status_display) StderrLine: {'line': b'                 from \x1b[01m\x1b[K/usr/include/x86_64-linux-gnu/qt5/QtWidgets/qframe.h:44\x1b[m\x1b[K,\n'}
[5.973399] (status_display) StderrLine: {'line': b'                 from \x1b[01m\x1b[K/usr/include/x86_64-linux-gnu/qt5/QtWidgets/qlabel.h:44\x1b[m\x1b[K,\n'}
[5.973491] (status_display) StderrLine: {'line': b'                 from \x1b[01m\x1b[K/usr/include/x86_64-linux-gnu/qt5/QtWidgets/QLabel:1\x1b[m\x1b[K,\n'}
[5.973624] (status_display) StderrLine: {'line': b'                 from \x1b[01m\x1b[K/home/shenhang/ros_study/chapter3/topic_practice_workspace/src/status_display/src/sys_status_display.cpp:2\x1b[m\x1b[K:\n'}
[5.973712] (status_display) StderrLine: {'line': b'\x1b[01m\x1b[K/usr/include/x86_64-linux-gnu/qt5/QtGui/qpolygon.h:105:21:\x1b[m\x1b[K \x1b[01;36m\x1b[Knote: \x1b[m\x1b[Kcandidate: \xe2\x80\x98\x1b[01m\x1b[KQDebug operator<<(QDebug, const QPolygon&)\x1b[m\x1b[K\xe2\x80\x99\n'}
[5.973810] (status_display) StderrLine: {'line': b'  105 | Q_GUI_EXPORT QDebug \x1b[01;36m\x1b[Koperator\x1b[m\x1b[K<<(QDebug, const QPolygon &);\n'}
[5.973896] (status_display) StderrLine: {'line': b'      |                     \x1b[01;36m\x1b[K^~~~~~~~\x1b[m\x1b[K\n'}
[5.973977] (status_display) StderrLine: {'line': b'\x1b[01m\x1b[K/usr/include/x86_64-linux-gnu/qt5/QtGui/qpolygon.h:105:32:\x1b[m\x1b[K \x1b[01;36m\x1b[Knote: \x1b[m\x1b[K  no known conversion for argument 1 from \xe2\x80\x98\x1b[01m\x1b[Kstd::basic_ostream<char>\x1b[m\x1b[K\xe2\x80\x99 to \xe2\x80\x98\x1b[01m\x1b[KQDebug\x1b[m\x1b[K\xe2\x80\x99\n'}
[5.974095] (status_display) StderrLine: {'line': b'  105 | Q_GUI_EXPORT QDebug operator<<(\x1b[01;36m\x1b[KQDebug\x1b[m\x1b[K, const QPolygon &);\n'}
[5.974178] (status_display) StderrLine: {'line': b'      |                                \x1b[01;36m\x1b[K^~~~~~\x1b[m\x1b[K\n'}
[5.974266] (status_display) StderrLine: {'line': b'\x1b[01m\x1b[K/usr/include/x86_64-linux-gnu/qt5/QtGui/qpolygon.h:112:27:\x1b[m\x1b[K \x1b[01;36m\x1b[Knote: \x1b[m\x1b[Kcandidate: \xe2\x80\x98\x1b[01m\x1b[KQDataStream& operator<<(QDataStream&, const QPolygon&)\x1b[m\x1b[K\xe2\x80\x99\n'}
[5.974351] (status_display) StderrLine: {'line': b'  112 | Q_GUI_EXPORT QDataStream &\x1b[01;36m\x1b[Koperator\x1b[m\x1b[K<<(QDataStream &stream, const QPolygon &polygon);\n'}
[5.974434] (status_display) StderrLine: {'line': b'      |                           \x1b[01;36m\x1b[K^~~~~~~~\x1b[m\x1b[K\n'}
[5.974520] (status_display) StderrLine: {'line': b'\x1b[01m\x1b[K/usr/include/x86_64-linux-gnu/qt5/QtGui/qpolygon.h:112:51:\x1b[m\x1b[K \x1b[01;36m\x1b[Knote: \x1b[m\x1b[K  no known conversion for argument 1 from \xe2\x80\x98\x1b[01m\x1b[Kstd::basic_ostream<char>\x1b[m\x1b[K\xe2\x80\x99 to \xe2\x80\x98\x1b[01m\x1b[KQDataStream&\x1b[m\x1b[K\xe2\x80\x99\n'}
[5.974652] (status_display) StderrLine: {'line': b'  112 | Q_GUI_EXPORT QDataStream &operator<<(\x1b[01;36m\x1b[KQDataStream &stream\x1b[m\x1b[K, const QPolygon &polygon);\n'}
[5.974739] (status_display) StderrLine: {'line': b'      |                                      \x1b[01;36m\x1b[K~~~~~~~~~~~~~^~~~~~\x1b[m\x1b[K\n'}
[5.974819] (status_display) StderrLine: {'line': b'\x1b[01m\x1b[K/usr/include/x86_64-linux-gnu/qt5/QtGui/qpolygon.h:180:21:\x1b[m\x1b[K \x1b[01;36m\x1b[Knote: \x1b[m\x1b[Kcandidate: \xe2\x80\x98\x1b[01m\x1b[KQDebug operator<<(QDebug, const QPolygonF&)\x1b[m\x1b[K\xe2\x80\x99\n'}
[5.974904] (status_display) StderrLine: {'line': b'  180 | Q_GUI_EXPORT QDebug \x1b[01;36m\x1b[Koperator\x1b[m\x1b[K<<(QDebug, const QPolygonF &);\n'}
[5.975005] (status_display) StderrLine: {'line': b'      |                     \x1b[01;36m\x1b[K^~~~~~~~\x1b[m\x1b[K\n'}
[5.975098] (status_display) StderrLine: {'line': b'\x1b[01m\x1b[K/usr/include/x86_64-linux-gnu/qt5/QtGui/qpolygon.h:180:32:\x1b[m\x1b[K \x1b[01;36m\x1b[Knote: \x1b[m\x1b[K  no known conversion for argument 1 from \xe2\x80\x98\x1b[01m\x1b[Kstd::basic_ostream<char>\x1b[m\x1b[K\xe2\x80\x99 to \xe2\x80\x98\x1b[01m\x1b[KQDebug\x1b[m\x1b[K\xe2\x80\x99\n'}
[5.975180] (status_display) StderrLine: {'line': b'  180 | Q_GUI_EXPORT QDebug operator<<(\x1b[01;36m\x1b[KQDebug\x1b[m\x1b[K, const QPolygonF &);\n'}
[5.975261] (status_display) StderrLine: {'line': b'      |                                \x1b[01;36m\x1b[K^~~~~~\x1b[m\x1b[K\n'}
[5.975350] (status_display) StderrLine: {'line': b'\x1b[01m\x1b[K/usr/include/x86_64-linux-gnu/qt5/QtGui/qpolygon.h:187:27:\x1b[m\x1b[K \x1b[01;36m\x1b[Knote: \x1b[m\x1b[Kcandidate: \xe2\x80\x98\x1b[01m\x1b[KQDataStream& operator<<(QDataStream&, const QPolygonF&)\x1b[m\x1b[K\xe2\x80\x99\n'}
[5.975467] (status_display) StderrLine: {'line': b'  187 | Q_GUI_EXPORT QDataStream &\x1b[01;36m\x1b[Koperator\x1b[m\x1b[K<<(QDataStream &stream, const QPolygonF &array);\n'}
[5.975603] (status_display) StderrLine: {'line': b'      |                           \x1b[01;36m\x1b[K^~~~~~~~\x1b[m\x1b[K\n'}
[5.975689] (status_display) StderrLine: {'line': b'\x1b[01m\x1b[K/usr/include/x86_64-linux-gnu/qt5/QtGui/qpolygon.h:187:51:\x1b[m\x1b[K \x1b[01;36m\x1b[Knote: \x1b[m\x1b[K  no known conversion for argument 1 from \xe2\x80\x98\x1b[01m\x1b[Kstd::basic_ostream<char>\x1b[m\x1b[K\xe2\x80\x99 to \xe2\x80\x98\x1b[01m\x1b[KQDataStream&\x1b[m\x1b[K\xe2\x80\x99\n'}
[5.975771] (status_display) StderrLine: {'line': b'  187 | Q_GUI_EXPORT QDataStream &operator<<(\x1b[01;36m\x1b[KQDataStream &stream\x1b[m\x1b[K, const QPolygonF &array);\n'}
[5.975851] (status_display) StderrLine: {'line': b'      |                                      \x1b[01;36m\x1b[K~~~~~~~~~~~~~^~~~~~\x1b[m\x1b[K\n'}
[5.975941] (status_display) StderrLine: {'line': b'In file included from \x1b[01m\x1b[K/usr/include/x86_64-linux-gnu/qt5/QtCore/qdatastream.h:44\x1b[m\x1b[K,\n'}
[5.976052] (status_display) StderrLine: {'line': b'                 from \x1b[01m\x1b[K/usr/include/x86_64-linux-gnu/qt5/QtGui/qregion.h:49\x1b[m\x1b[K,\n'}
[5.976145] (status_display) StderrLine: {'line': b'                 from \x1b[01m\x1b[K/usr/include/x86_64-linux-gnu/qt5/QtGui/qmatrix.h:45\x1b[m\x1b[K,\n'}
[5.976225] (status_display) StderrLine: {'line': b'                 from \x1b[01m\x1b[K/usr/include/x86_64-linux-gnu/qt5/QtGui/qbrush.h:49\x1b[m\x1b[K,\n'}
[5.976305] (status_display) StderrLine: {'line': b'                 from \x1b[01m\x1b[K/usr/include/x86_64-linux-gnu/qt5/QtGui/qpalette.h:46\x1b[m\x1b[K,\n'}
[5.976389] (status_display) StderrLine: {'line': b'                 from \x1b[01m\x1b[K/usr/include/x86_64-linux-gnu/qt5/QtWidgets/qwidget.h:48\x1b[m\x1b[K,\n'}
[5.976469] (status_display) StderrLine: {'line': b'                 from \x1b[01m\x1b[K/usr/include/x86_64-linux-gnu/qt5/QtWidgets/qframe.h:44\x1b[m\x1b[K,\n'}
[5.976594] (status_display) StderrLine: {'line': b'                 from \x1b[01m\x1b[K/usr/include/x86_64-linux-gnu/qt5/QtWidgets/qlabel.h:44\x1b[m\x1b[K,\n'}
[5.976689] (status_display) StderrLine: {'line': b'                 from \x1b[01m\x1b[K/usr/include/x86_64-linux-gnu/qt5/QtWidgets/QLabel:1\x1b[m\x1b[K,\n'}
[5.976770] (status_display) StderrLine: {'line': b'                 from \x1b[01m\x1b[K/home/shenhang/ros_study/chapter3/topic_practice_workspace/src/status_display/src/sys_status_display.cpp:2\x1b[m\x1b[K:\n'}
[5.976853] (status_display) StderrLine: {'line': b'\x1b[01m\x1b[K/usr/include/x86_64-linux-gnu/qt5/QtCore/qiodevice.h:189:22:\x1b[m\x1b[K \x1b[01;36m\x1b[Knote: \x1b[m\x1b[Kcandidate: \xe2\x80\x98\x1b[01m\x1b[KQDebug operator<<(QDebug, QIODevice::OpenMode)\x1b[m\x1b[K\xe2\x80\x99\n'}
[5.976952] (status_display) StderrLine: {'line': b'  189 | Q_CORE_EXPORT QDebug \x1b[01;36m\x1b[Koperator\x1b[m\x1b[K<<(QDebug debug, QIODevice::OpenMode modes);\n'}
[5.977044] (status_display) StderrLine: {'line': b'      |                      \x1b[01;36m\x1b[K^~~~~~~~\x1b[m\x1b[K\n'}
[5.977124] (status_display) StderrLine: {'line': b'\x1b[01m\x1b[K/usr/include/x86_64-linux-gnu/qt5/QtCore/qiodevice.h:189:40:\x1b[m\x1b[K \x1b[01;36m\x1b[Knote: \x1b[m\x1b[K  no known conversion for argument 1 from \xe2\x80\x98\x1b[01m\x1b[Kstd::basic_ostream<char>\x1b[m\x1b[K\xe2\x80\x99 to \xe2\x80\x98\x1b[01m\x1b[KQDebug\x1b[m\x1b[K\xe2\x80\x99\n'}
[5.977217] (status_display) StderrLine: {'line': b'  189 | Q_CORE_EXPORT QDebug operator<<(\x1b[01;36m\x1b[KQDebug debug\x1b[m\x1b[K, QIODevice::OpenMode modes);\n'}
[5.977305] (status_display) StderrLine: {'line': b'      |                                 \x1b[01;36m\x1b[K~~~~~~~^~~~~\x1b[m\x1b[K\n'}
[5.977387] (status_display) StderrLine: {'line': b'In file included from \x1b[01m\x1b[K/usr/include/x86_64-linux-gnu/qt5/QtGui/qmatrix.h:45\x1b[m\x1b[K,\n'}
[5.977466] (status_display) StderrLine: {'line': b'                 from \x1b[01m\x1b[K/usr/include/x86_64-linux-gnu/qt5/QtGui/qbrush.h:49\x1b[m\x1b[K,\n'}
[5.977612] (status_display) StderrLine: {'line': b'                 from \x1b[01m\x1b[K/usr/include/x86_64-linux-gnu/qt5/QtGui/qpalette.h:46\x1b[m\x1b[K,\n'}
[5.977739] (status_display) StderrLine: {'line': b'                 from \x1b[01m\x1b[K/usr/include/x86_64-linux-gnu/qt5/QtWidgets/qwidget.h:48\x1b[m\x1b[K,\n'}
[5.977823] (status_display) StderrLine: {'line': b'                 from \x1b[01m\x1b[K/usr/include/x86_64-linux-gnu/qt5/QtWidgets/qframe.h:44\x1b[m\x1b[K,\n'}
[5.977925] (status_display) StderrLine: {'line': b'                 from \x1b[01m\x1b[K/usr/include/x86_64-linux-gnu/qt5/QtWidgets/qlabel.h:44\x1b[m\x1b[K,\n'}
[5.978016] (status_display) StderrLine: {'line': b'                 from \x1b[01m\x1b[K/usr/include/x86_64-linux-gnu/qt5/QtWidgets/QLabel:1\x1b[m\x1b[K,\n'}
[5.978097] (status_display) StderrLine: {'line': b'                 from \x1b[01m\x1b[K/home/shenhang/ros_study/chapter3/topic_practice_workspace/src/status_display/src/sys_status_display.cpp:2\x1b[m\x1b[K:\n'}
[5.978178] (status_display) StderrLine: {'line': b'\x1b[01m\x1b[K/usr/include/x86_64-linux-gnu/qt5/QtGui/qregion.h:189:27:\x1b[m\x1b[K \x1b[01;36m\x1b[Knote: \x1b[m\x1b[Kcandidate: \xe2\x80\x98\x1b[01m\x1b[KQDataStream& operator<<(QDataStream&, const QRegion&)\x1b[m\x1b[K\xe2\x80\x99\n'}
[5.978268] (status_display) StderrLine: {'line': b'  189 | Q_GUI_EXPORT QDataStream &\x1b[01;36m\x1b[Koperator\x1b[m\x1b[K<<(QDataStream &, const QRegion &);\n'}
[5.978348] (status_display) StderrLine: {'line': b'      |                           \x1b[01;36m\x1b[K^~~~~~~~\x1b[m\x1b[K\n'}
[5.978428] (status_display) StderrLine: {'line': b'\x1b[01m\x1b[K/usr/include/x86_64-linux-gnu/qt5/QtGui/qregion.h:160:49:\x1b[m\x1b[K \x1b[01;36m\x1b[Knote: \x1b[m\x1b[K  no known conversion for argument 1 from \xe2\x80\x98\x1b[01m\x1b[Kstd::basic_ostream<char>\x1b[m\x1b[K\xe2\x80\x99 to \xe2\x80\x98\x1b[01m\x1b[KQDataStream&\x1b[m\x1b[K\xe2\x80\x99\n'}
[5.978512] (status_display) StderrLine: {'line': b'  160 |     friend Q_GUI_EXPORT QDataStream &operator<<(\x1b[01;36m\x1b[KQDataStream &\x1b[m\x1b[K, const QRegion &);\n'}
[5.978634] (status_display) StderrLine: {'line': b'      |                                                 \x1b[01;36m\x1b[K^~~~~~~~~~~~~\x1b[m\x1b[K\n'}
[5.978719] (status_display) StderrLine: {'line': b'\x1b[01m\x1b[K/usr/include/x86_64-linux-gnu/qt5/QtGui/qregion.h:194:21:\x1b[m\x1b[K \x1b[01;36m\x1b[Knote: \x1b[m\x1b[Kcandidate: \xe2\x80\x98\x1b[01m\x1b[KQDebug operator<<(QDebug, const QRegion&)\x1b[m\x1b[K\xe2\x80\x99\n'}
[5.978800] (status_display) StderrLine: {'line': b'  194 | Q_GUI_EXPORT QDebug \x1b[01;36m\x1b[Koperator\x1b[m\x1b[K<<(QDebug, const QRegion &);\n'}
[5.978894] (status_display) StderrLine: {'line': b'      |                     \x1b[01;36m\x1b[K^~~~~~~~\x1b[m\x1b[K\n'}
[5.978985] (status_display) StderrLine: {'line': b'\x1b[01m\x1b[K/usr/include/x86_64-linux-gnu/qt5/QtGui/qregion.h:194:32:\x1b[m\x1b[K \x1b[01;36m\x1b[Knote: \x1b[m\x1b[K  no known conversion for argument 1 from \xe2\x80\x98\x1b[01m\x1b[Kstd::basic_ostream<char>\x1b[m\x1b[K\xe2\x80\x99 to \xe2\x80\x98\x1b[01m\x1b[KQDebug\x1b[m\x1b[K\xe2\x80\x99\n'}
[5.979071] (status_display) StderrLine: {'line': b'  194 | Q_GUI_EXPORT QDebug operator<<(\x1b[01;36m\x1b[KQDebug\x1b[m\x1b[K, const QRegion &);\n'}
[5.979152] (status_display) StderrLine: {'line': b'      |                                \x1b[01;36m\x1b[K^~~~~~\x1b[m\x1b[K\n'}
[5.979232] (status_display) StderrLine: {'line': b'In file included from \x1b[01m\x1b[K/usr/include/x86_64-linux-gnu/qt5/QtGui/qmatrix.h:47\x1b[m\x1b[K,\n'}
[5.979314] (status_display) StderrLine: {'line': b'                 from \x1b[01m\x1b[K/usr/include/x86_64-linux-gnu/qt5/QtGui/qbrush.h:49\x1b[m\x1b[K,\n'}
[5.979394] (status_display) StderrLine: {'line': b'                 from \x1b[01m\x1b[K/usr/include/x86_64-linux-gnu/qt5/QtGui/qpalette.h:46\x1b[m\x1b[K,\n'}
[5.979487] (status_display) StderrLine: {'line': b'                 from \x1b[01m\x1b[K/usr/include/x86_64-linux-gnu/qt5/QtWidgets/qwidget.h:48\x1b[m\x1b[K,\n'}
[5.979612] (status_display) StderrLine: {'line': b'                 from \x1b[01m\x1b[K/usr/include/x86_64-linux-gnu/qt5/QtWidgets/qframe.h:44\x1b[m\x1b[K,\n'}
[5.979697] (status_display) StderrLine: {'line': b'                 from \x1b[01m\x1b[K/usr/include/x86_64-linux-gnu/qt5/QtWidgets/qlabel.h:44\x1b[m\x1b[K,\n'}
[5.979776] (status_display) StderrLine: {'line': b'                 from \x1b[01m\x1b[K/usr/include/x86_64-linux-gnu/qt5/QtWidgets/QLabel:1\x1b[m\x1b[K,\n'}
[5.979881] (status_display) StderrLine: {'line': b'                 from \x1b[01m\x1b[K/home/shenhang/ros_study/chapter3/topic_practice_workspace/src/status_display/src/sys_status_display.cpp:2\x1b[m\x1b[K:\n'}
[5.979990] (status_display) StderrLine: {'line': b'\x1b[01m\x1b[K/usr/include/x86_64-linux-gnu/qt5/QtCore/qline.h:203:22:\x1b[m\x1b[K \x1b[01;36m\x1b[Knote: \x1b[m\x1b[Kcandidate: \xe2\x80\x98\x1b[01m\x1b[KQDebug operator<<(QDebug, const QLine&)\x1b[m\x1b[K\xe2\x80\x99\n'}
[5.980082] (status_display) StderrLine: {'line': b'  203 | Q_CORE_EXPORT QDebug \x1b[01;36m\x1b[Koperator\x1b[m\x1b[K<<(QDebug d, const QLine &p);\n'}
[5.980167] (status_display) StderrLine: {'line': b'      |                      \x1b[01;36m\x1b[K^~~~~~~~\x1b[m\x1b[K\n'}
[5.980256] (status_display) StderrLine: {'line': b'\x1b[01m\x1b[K/usr/include/x86_64-linux-gnu/qt5/QtCore/qline.h:203:40:\x1b[m\x1b[K \x1b[01;36m\x1b[Knote: \x1b[m\x1b[K  no known conversion for argument 1 from \xe2\x80\x98\x1b[01m\x1b[Kstd::basic_ostream<char>\x1b[m\x1b[K\xe2\x80\x99 to \xe2\x80\x98\x1b[01m\x1b[KQDebug\x1b[m\x1b[K\xe2\x80\x99\n'}
[5.980337] (status_display) StderrLine: {'line': b'  203 | Q_CORE_EXPORT QDebug operator<<(\x1b[01;36m\x1b[KQDebug d\x1b[m\x1b[K, const QLine &p);\n'}
[5.980417] (status_display) StderrLine: {'line': b'      |                                 \x1b[01;36m\x1b[K~~~~~~~^\x1b[m\x1b[K\n'}
[5.980497] (status_display) StderrLine: {'line': b'\x1b[01m\x1b[K/usr/include/x86_64-linux-gnu/qt5/QtCore/qline.h:207:28:\x1b[m\x1b[K \x1b[01;36m\x1b[Knote: \x1b[m\x1b[Kcandidate: \xe2\x80\x98\x1b[01m\x1b[KQDataStream& operator<<(QDataStream&, const QLine&)\x1b[m\x1b[K\xe2\x80\x99\n'}
[5.980631] (status_display) StderrLine: {'line': b'  207 | Q_CORE_EXPORT QDataStream &\x1b[01;36m\x1b[Koperator\x1b[m\x1b[K<<(QDataStream &, const QLine &);\n'}
[5.980718] (status_display) StderrLine: {'line': b'      |                            \x1b[01;36m\x1b[K^~~~~~~~\x1b[m\x1b[K\n'}
[5.980802] (status_display) StderrLine: {'line': b'\x1b[01m\x1b[K/usr/include/x86_64-linux-gnu/qt5/QtCore/qline.h:207:39:\x1b[m\x1b[K \x1b[01;36m\x1b[Knote: \x1b[m\x1b[K  no known conversion for argument 1 from \xe2\x80\x98\x1b[01m\x1b[Kstd::basic_ostream<char>\x1b[m\x1b[K\xe2\x80\x99 to \xe2\x80\x98\x1b[01m\x1b[KQDataStream&\x1b[m\x1b[K\xe2\x80\x99\n'}
[5.980913] (status_display) StderrLine: {'line': b'  207 | Q_CORE_EXPORT QDataStream &operator<<(\x1b[01;36m\x1b[KQDataStream &\x1b[m\x1b[K, const QLine &);\n'}
[5.980995] (status_display) StderrLine: {'line': b'      |                                       \x1b[01;36m\x1b[K^~~~~~~~~~~~~\x1b[m\x1b[K\n'}
[5.981074] (status_display) StderrLine: {'line': b'\x1b[01m\x1b[K/usr/include/x86_64-linux-gnu/qt5/QtCore/qline.h:430:22:\x1b[m\x1b[K \x1b[01;36m\x1b[Knote: \x1b[m\x1b[Kcandidate: \xe2\x80\x98\x1b[01m\x1b[KQDebug operator<<(QDebug, const QLineF&)\x1b[m\x1b[K\xe2\x80\x99\n'}
[5.981155] (status_display) StderrLine: {'line': b'  430 | Q_CORE_EXPORT QDebug \x1b[01;36m\x1b[Koperator\x1b[m\x1b[K<<(QDebug d, const QLineF &p);\n'}
[5.981235] (status_display) StderrLine: {'line': b'      |                      \x1b[01;36m\x1b[K^~~~~~~~\x1b[m\x1b[K\n'}
[5.981314] (status_display) StderrLine: {'line': b'\x1b[01m\x1b[K/usr/include/x86_64-linux-gnu/qt5/QtCore/qline.h:430:40:\x1b[m\x1b[K \x1b[01;36m\x1b[Knote: \x1b[m\x1b[K  no known conversion for argument 1 from \xe2\x80\x98\x1b[01m\x1b[Kstd::basic_ostream<char>\x1b[m\x1b[K\xe2\x80\x99 to \xe2\x80\x98\x1b[01m\x1b[KQDebug\x1b[m\x1b[K\xe2\x80\x99\n'}
[5.981394] (status_display) StderrLine: {'line': b'  430 | Q_CORE_EXPORT QDebug operator<<(\x1b[01;36m\x1b[KQDebug d\x1b[m\x1b[K, const QLineF &p);\n'}
[5.981474] (status_display) StderrLine: {'line': b'      |                                 \x1b[01;36m\x1b[K~~~~~~~^\x1b[m\x1b[K\n'}
[5.981747] (status_display) StderrLine: {'line': b'\x1b[01m\x1b[K/usr/include/x86_64-linux-gnu/qt5/QtCore/qline.h:434:28:\x1b[m\x1b[K \x1b[01;36m\x1b[Knote: \x1b[m\x1b[Kcandidate: \xe2\x80\x98\x1b[01m\x1b[KQDataStream& operator<<(QDataStream&, const QLineF&)\x1b[m\x1b[K\xe2\x80\x99\n'}
[5.981858] (status_display) StderrLine: {'line': b'  434 | Q_CORE_EXPORT QDataStream &\x1b[01;36m\x1b[Koperator\x1b[m\x1b[K<<(QDataStream &, const QLineF &);\n'}
[5.981941] (status_display) StderrLine: {'line': b'      |                            \x1b[01;36m\x1b[K^~~~~~~~\x1b[m\x1b[K\n'}
[5.982021] (status_display) StderrLine: {'line': b'\x1b[01m\x1b[K/usr/include/x86_64-linux-gnu/qt5/QtCore/qline.h:434:39:\x1b[m\x1b[K \x1b[01;36m\x1b[Knote: \x1b[m\x1b[K  no known conversion for argument 1 from \xe2\x80\x98\x1b[01m\x1b[Kstd::basic_ostream<char>\x1b[m\x1b[K\xe2\x80\x99 to \xe2\x80\x98\x1b[01m\x1b[KQDataStream&\x1b[m\x1b[K\xe2\x80\x99\n'}
[5.982102] (status_display) StderrLine: {'line': b'  434 | Q_CORE_EXPORT QDataStream &operator<<(\x1b[01;36m\x1b[KQDataStream &\x1b[m\x1b[K, const QLineF &);\n'}
[5.982188] (status_display) StderrLine: {'line': b'      |                                       \x1b[01;36m\x1b[K^~~~~~~~~~~~~\x1b[m\x1b[K\n'}
[5.982267] (status_display) StderrLine: {'line': b'In file included from \x1b[01m\x1b[K/usr/include/x86_64-linux-gnu/qt5/QtGui/qbrush.h:49\x1b[m\x1b[K,\n'}
[5.982353] (status_display) StderrLine: {'line': b'                 from \x1b[01m\x1b[K/usr/include/x86_64-linux-gnu/qt5/QtGui/qpalette.h:46\x1b[m\x1b[K,\n'}
[5.982433] (status_display) StderrLine: {'line': b'                 from \x1b[01m\x1b[K/usr/include/x86_64-linux-gnu/qt5/QtWidgets/qwidget.h:48\x1b[m\x1b[K,\n'}
[5.982520] (status_display) StderrLine: {'line': b'                 from \x1b[01m\x1b[K/usr/include/x86_64-linux-gnu/qt5/QtWidgets/qframe.h:44\x1b[m\x1b[K,\n'}
[5.982599] (status_display) StderrLine: {'line': b'                 from \x1b[01m\x1b[K/usr/include/x86_64-linux-gnu/qt5/QtWidgets/qlabel.h:44\x1b[m\x1b[K,\n'}
[5.982725] (status_display) StderrLine: {'line': b'                 from \x1b[01m\x1b[K/usr/include/x86_64-linux-gnu/qt5/QtWidgets/QLabel:1\x1b[m\x1b[K,\n'}
[5.982832] (status_display) StderrLine: {'line': b'                 from \x1b[01m\x1b[K/home/shenhang/ros_study/chapter3/topic_practice_workspace/src/status_display/src/sys_status_display.cpp:2\x1b[m\x1b[K:\n'}
[5.982915] (status_display) StderrLine: {'line': b'\x1b[01m\x1b[K/usr/include/x86_64-linux-gnu/qt5/QtGui/qmatrix.h:184:27:\x1b[m\x1b[K \x1b[01;36m\x1b[Knote: \x1b[m\x1b[Kcandidate: \xe2\x80\x98\x1b[01m\x1b[KQDataStream& operator<<(QDataStream&, const QMatrix&)\x1b[m\x1b[K\xe2\x80\x99\n'}
[5.982995] (status_display) StderrLine: {'line': b'  184 | Q_GUI_EXPORT QDataStream &\x1b[01;36m\x1b[Koperator\x1b[m\x1b[K<<(QDataStream &, const QMatrix &);\n'}
[5.983075] (status_display) StderrLine: {'line': b'      |                           \x1b[01;36m\x1b[K^~~~~~~~\x1b[m\x1b[K\n'}
[5.983155] (status_display) StderrLine: {'line': b'\x1b[01m\x1b[K/usr/include/x86_64-linux-gnu/qt5/QtGui/qmatrix.h:184:38:\x1b[m\x1b[K \x1b[01;36m\x1b[Knote: \x1b[m\x1b[K  no known conversion for argument 1 from \xe2\x80\x98\x1b[01m\x1b[Kstd::basic_ostream<char>\x1b[m\x1b[K\xe2\x80\x99 to \xe2\x80\x98\x1b[01m\x1b[KQDataStream&\x1b[m\x1b[K\xe2\x80\x99\n'}
[5.983235] (status_display) StderrLine: {'line': b'  184 | Q_GUI_EXPORT QDataStream &operator<<(\x1b[01;36m\x1b[KQDataStream &\x1b[m\x1b[K, const QMatrix &);\n'}
[5.983315] (status_display) StderrLine: {'line': b'      |                                      \x1b[01;36m\x1b[K^~~~~~~~~~~~~\x1b[m\x1b[K\n'}
[5.983394] (status_display) StderrLine: {'line': b'\x1b[01m\x1b[K/usr/include/x86_64-linux-gnu/qt5/QtGui/qmatrix.h:189:21:\x1b[m\x1b[K \x1b[01;36m\x1b[Knote: \x1b[m\x1b[Kcandidate: \xe2\x80\x98\x1b[01m\x1b[KQDebug operator<<(QDebug, const QMatrix&)\x1b[m\x1b[K\xe2\x80\x99\n'}
[5.983474] (status_display) StderrLine: {'line': b'  189 | Q_GUI_EXPORT QDebug \x1b[01;36m\x1b[Koperator\x1b[m\x1b[K<<(QDebug, const QMatrix &);\n'}
[5.983596] (status_display) StderrLine: {'line': b'      |                     \x1b[01;36m\x1b[K^~~~~~~~\x1b[m\x1b[K\n'}
[5.983681] (status_display) StderrLine: {'line': b'\x1b[01m\x1b[K/usr/include/x86_64-linux-gnu/qt5/QtGui/qmatrix.h:189:32:\x1b[m\x1b[K \x1b[01;36m\x1b[Knote: \x1b[m\x1b[K  no known conversion for argument 1 from \xe2\x80\x98\x1b[01m\x1b[Kstd::basic_ostream<char>\x1b[m\x1b[K\xe2\x80\x99 to \xe2\x80\x98\x1b[01m\x1b[KQDebug\x1b[m\x1b[K\xe2\x80\x99\n'}
[5.983791] (status_display) StderrLine: {'line': b'  189 | Q_GUI_EXPORT QDebug operator<<(\x1b[01;36m\x1b[KQDebug\x1b[m\x1b[K, const QMatrix &);\n'}
[5.983885] (status_display) StderrLine: {'line': b'      |                                \x1b[01;36m\x1b[K^~~~~~\x1b[m\x1b[K\n'}
[5.983965] (status_display) StderrLine: {'line': b'In file included from \x1b[01m\x1b[K/usr/include/x86_64-linux-gnu/qt5/QtGui/qbrush.h:50\x1b[m\x1b[K,\n'}
[5.984052] (status_display) StderrLine: {'line': b'                 from \x1b[01m\x1b[K/usr/include/x86_64-linux-gnu/qt5/QtGui/qpalette.h:46\x1b[m\x1b[K,\n'}
[5.984136] (status_display) StderrLine: {'line': b'                 from \x1b[01m\x1b[K/usr/include/x86_64-linux-gnu/qt5/QtWidgets/qwidget.h:48\x1b[m\x1b[K,\n'}
[5.984220] (status_display) StderrLine: {'line': b'                 from \x1b[01m\x1b[K/usr/include/x86_64-linux-gnu/qt5/QtWidgets/qframe.h:44\x1b[m\x1b[K,\n'}
[5.984301] (status_display) StderrLine: {'line': b'                 from \x1b[01m\x1b[K/usr/include/x86_64-linux-gnu/qt5/QtWidgets/qlabel.h:44\x1b[m\x1b[K,\n'}
[5.984380] (status_display) StderrLine: {'line': b'                 from \x1b[01m\x1b[K/usr/include/x86_64-linux-gnu/qt5/QtWidgets/QLabel:1\x1b[m\x1b[K,\n'}
[5.984459] (status_display) StderrLine: {'line': b'                 from \x1b[01m\x1b[K/home/shenhang/ros_study/chapter3/topic_practice_workspace/src/status_display/src/sys_status_display.cpp:2\x1b[m\x1b[K:\n'}
[5.984583] (status_display) StderrLine: {'line': b'\x1b[01m\x1b[K/usr/include/x86_64-linux-gnu/qt5/QtGui/qtransform.h:386:27:\x1b[m\x1b[K \x1b[01;36m\x1b[Knote: \x1b[m\x1b[Kcandidate: \xe2\x80\x98\x1b[01m\x1b[KQDataStream& operator<<(QDataStream&, const QTransform&)\x1b[m\x1b[K\xe2\x80\x99\n'}
[5.984672] (status_display) StderrLine: {'line': b'  386 | Q_GUI_EXPORT QDataStream &\x1b[01;36m\x1b[Koperator\x1b[m\x1b[K<<(QDataStream &, const QTransform &);\n'}
[5.984776] (status_display) StderrLine: {'line': b'      |                           \x1b[01;36m\x1b[K^~~~~~~~\x1b[m\x1b[K\n'}
[5.984860] (status_display) StderrLine: {'line': b'\x1b[01m\x1b[K/usr/include/x86_64-linux-gnu/qt5/QtGui/qtransform.h:386:38:\x1b[m\x1b[K \x1b[01;36m\x1b[Knote: \x1b[m\x1b[K  no known conversion for argument 1 from \xe2\x80\x98\x1b[01m\x1b[Kstd::basic_ostream<char>\x1b[m\x1b[K\xe2\x80\x99 to \xe2\x80\x98\x1b[01m\x1b[KQDataStream&\x1b[m\x1b[K\xe2\x80\x99\n'}
[5.984941] (status_display) StderrLine: {'line': b'  386 | Q_GUI_EXPORT QDataStream &operator<<(\x1b[01;36m\x1b[KQDataStream &\x1b[m\x1b[K, const QTransform &);\n'}
[5.985020] (status_display) StderrLine: {'line': b'      |                                      \x1b[01;36m\x1b[K^~~~~~~~~~~~~\x1b[m\x1b[K\n'}
[5.985099] (status_display) StderrLine: {'line': b'\x1b[01m\x1b[K/usr/include/x86_64-linux-gnu/qt5/QtGui/qtransform.h:391:21:\x1b[m\x1b[K \x1b[01;36m\x1b[Knote: \x1b[m\x1b[Kcandidate: \xe2\x80\x98\x1b[01m\x1b[KQDebug operator<<(QDebug, const QTransform&)\x1b[m\x1b[K\xe2\x80\x99\n'}
[5.985185] (status_display) StderrLine: {'line': b'  391 | Q_GUI_EXPORT QDebug \x1b[01;36m\x1b[Koperator\x1b[m\x1b[K<<(QDebug, const QTransform &);\n'}
[5.985264] (status_display) StderrLine: {'line': b'      |                     \x1b[01;36m\x1b[K^~~~~~~~\x1b[m\x1b[K\n'}
[5.985343] (status_display) StderrLine: {'line': b'\x1b[01m\x1b[K/usr/include/x86_64-linux-gnu/qt5/QtGui/qtransform.h:391:32:\x1b[m\x1b[K \x1b[01;36m\x1b[Knote: \x1b[m\x1b[K  no known conversion for argument 1 from \xe2\x80\x98\x1b[01m\x1b[Kstd::basic_ostream<char>\x1b[m\x1b[K\xe2\x80\x99 to \xe2\x80\x98\x1b[01m\x1b[KQDebug\x1b[m\x1b[K\xe2\x80\x99\n'}
[5.985431] (status_display) StderrLine: {'line': b'  391 | Q_GUI_EXPORT QDebug operator<<(\x1b[01;36m\x1b[KQDebug\x1b[m\x1b[K, const QTransform &);\n'}
[5.985536] (status_display) StderrLine: {'line': b'      |                                \x1b[01;36m\x1b[K^~~~~~\x1b[m\x1b[K\n'}
[5.985639] (status_display) StderrLine: {'line': b'In file included from \x1b[01m\x1b[K/usr/include/x86_64-linux-gnu/qt5/QtGui/qbrush.h:51\x1b[m\x1b[K,\n'}
[5.985739] (status_display) StderrLine: {'line': b'                 from \x1b[01m\x1b[K/usr/include/x86_64-linux-gnu/qt5/QtGui/qpalette.h:46\x1b[m\x1b[K,\n'}
[5.985828] (status_display) StderrLine: {'line': b'                 from \x1b[01m\x1b[K/usr/include/x86_64-linux-gnu/qt5/QtWidgets/qwidget.h:48\x1b[m\x1b[K,\n'}
[5.985908] (status_display) StderrLine: {'line': b'                 from \x1b[01m\x1b[K/usr/include/x86_64-linux-gnu/qt5/QtWidgets/qframe.h:44\x1b[m\x1b[K,\n'}
[5.985987] (status_display) StderrLine: {'line': b'                 from \x1b[01m\x1b[K/usr/include/x86_64-linux-gnu/qt5/QtWidgets/qlabel.h:44\x1b[m\x1b[K,\n'}
[5.986066] (status_display) StderrLine: {'line': b'                 from \x1b[01m\x1b[K/usr/include/x86_64-linux-gnu/qt5/QtWidgets/QLabel:1\x1b[m\x1b[K,\n'}
[5.986152] (status_display) StderrLine: {'line': b'                 from \x1b[01m\x1b[K/home/shenhang/ros_study/chapter3/topic_practice_workspace/src/status_display/src/sys_status_display.cpp:2\x1b[m\x1b[K:\n'}
[5.986232] (status_display) StderrLine: {'line': b'\x1b[01m\x1b[K/usr/include/x86_64-linux-gnu/qt5/QtGui/qimage.h:502:27:\x1b[m\x1b[K \x1b[01;36m\x1b[Knote: \x1b[m\x1b[Kcandidate: \xe2\x80\x98\x1b[01m\x1b[KQDataStream& operator<<(QDataStream&, const QImage&)\x1b[m\x1b[K\xe2\x80\x99\n'}
[5.986312] (status_display) StderrLine: {'line': b'  502 | Q_GUI_EXPORT QDataStream &\x1b[01;36m\x1b[Koperator\x1b[m\x1b[K<<(QDataStream &, const QImage &);\n'}
[5.986392] (status_display) StderrLine: {'line': b'      |                           \x1b[01;36m\x1b[K^~~~~~~~\x1b[m\x1b[K\n'}
[5.986471] (status_display) StderrLine: {'line': b'\x1b[01m\x1b[K/usr/include/x86_64-linux-gnu/qt5/QtGui/qimage.h:502:38:\x1b[m\x1b[K \x1b[01;36m\x1b[Knote: \x1b[m\x1b[K  no known conversion for argument 1 from \xe2\x80\x98\x1b[01m\x1b[Kstd::basic_ostream<char>\x1b[m\x1b[K\xe2\x80\x99 to \xe2\x80\x98\x1b[01m\x1b[KQDataStream&\x1b[m\x1b[K\xe2\x80\x99\n'}
[5.986597] (status_display) StderrLine: {'line': b'  502 | Q_GUI_EXPORT QDataStream &operator<<(\x1b[01;36m\x1b[KQDataStream &\x1b[m\x1b[K, const QImage &);\n'}
[5.986708] (status_display) StderrLine: {'line': b'      |                                      \x1b[01;36m\x1b[K^~~~~~~~~~~~~\x1b[m\x1b[K\n'}
[5.986807] (status_display) StderrLine: {'line': b'\x1b[01m\x1b[K/usr/include/x86_64-linux-gnu/qt5/QtGui/qimage.h:507:21:\x1b[m\x1b[K \x1b[01;36m\x1b[Knote: \x1b[m\x1b[Kcandidate: \xe2\x80\x98\x1b[01m\x1b[KQDebug operator<<(QDebug, const QImage&)\x1b[m\x1b[K\xe2\x80\x99\n'}
[5.986889] (status_display) StderrLine: {'line': b'  507 | Q_GUI_EXPORT QDebug \x1b[01;36m\x1b[Koperator\x1b[m\x1b[K<<(QDebug, const QImage &);\n'}
[5.986968] (status_display) StderrLine: {'line': b'      |                     \x1b[01;36m\x1b[K^~~~~~~~\x1b[m\x1b[K\n'}
[5.987048] (status_display) StderrLine: {'line': b'\x1b[01m\x1b[K/usr/include/x86_64-linux-gnu/qt5/QtGui/qimage.h:507:32:\x1b[m\x1b[K \x1b[01;36m\x1b[Knote: \x1b[m\x1b[K  no known conversion for argument 1 from \xe2\x80\x98\x1b[01m\x1b[Kstd::basic_ostream<char>\x1b[m\x1b[K\xe2\x80\x99 to \xe2\x80\x98\x1b[01m\x1b[KQDebug\x1b[m\x1b[K\xe2\x80\x99\n'}
[5.987129] (status_display) StderrLine: {'line': b'  507 | Q_GUI_EXPORT QDebug operator<<(\x1b[01;36m\x1b[KQDebug\x1b[m\x1b[K, const QImage &);\n'}
[5.987209] (status_display) StderrLine: {'line': b'      |                                \x1b[01;36m\x1b[K^~~~~~\x1b[m\x1b[K\n'}
[5.987295] (status_display) StderrLine: {'line': b'In file included from \x1b[01m\x1b[K/usr/include/x86_64-linux-gnu/qt5/QtGui/qbrush.h:52\x1b[m\x1b[K,\n'}
[5.987375] (status_display) StderrLine: {'line': b'                 from \x1b[01m\x1b[K/usr/include/x86_64-linux-gnu/qt5/QtGui/qpalette.h:46\x1b[m\x1b[K,\n'}
[5.987458] (status_display) StderrLine: {'line': b'                 from \x1b[01m\x1b[K/usr/include/x86_64-linux-gnu/qt5/QtWidgets/qwidget.h:48\x1b[m\x1b[K,\n'}
[5.987544] (status_display) StderrLine: {'line': b'                 from \x1b[01m\x1b[K/usr/include/x86_64-linux-gnu/qt5/QtWidgets/qframe.h:44\x1b[m\x1b[K,\n'}
[5.987683] (status_display) StderrLine: {'line': b'                 from \x1b[01m\x1b[K/usr/include/x86_64-linux-gnu/qt5/QtWidgets/qlabel.h:44\x1b[m\x1b[K,\n'}
[5.987774] (status_display) StderrLine: {'line': b'                 from \x1b[01m\x1b[K/usr/include/x86_64-linux-gnu/qt5/QtWidgets/QLabel:1\x1b[m\x1b[K,\n'}
[5.987853] (status_display) StderrLine: {'line': b'                 from \x1b[01m\x1b[K/home/shenhang/ros_study/chapter3/topic_practice_workspace/src/status_display/src/sys_status_display.cpp:2\x1b[m\x1b[K:\n'}
[5.987935] (status_display) StderrLine: {'line': b'\x1b[01m\x1b[K/usr/include/x86_64-linux-gnu/qt5/QtGui/qpixmap.h:254:27:\x1b[m\x1b[K \x1b[01;36m\x1b[Knote: \x1b[m\x1b[Kcandidate: \xe2\x80\x98\x1b[01m\x1b[KQDataStream& operator<<(QDataStream&, const QPixmap&)\x1b[m\x1b[K\xe2\x80\x99\n'}
[5.988024] (status_display) StderrLine: {'line': b'  254 | Q_GUI_EXPORT QDataStream &\x1b[01;36m\x1b[Koperator\x1b[m\x1b[K<<(QDataStream &, const QPixmap &);\n'}
[5.988104] (status_display) StderrLine: {'line': b'      |                           \x1b[01;36m\x1b[K^~~~~~~~\x1b[m\x1b[K\n'}
[5.988183] (status_display) StderrLine: {'line': b'\x1b[01m\x1b[K/usr/include/x86_64-linux-gnu/qt5/QtGui/qpixmap.h:254:38:\x1b[m\x1b[K \x1b[01;36m\x1b[Knote: \x1b[m\x1b[K  no known conversion for argument 1 from \xe2\x80\x98\x1b[01m\x1b[Kstd::basic_ostream<char>\x1b[m\x1b[K\xe2\x80\x99 to \xe2\x80\x98\x1b[01m\x1b[KQDataStream&\x1b[m\x1b[K\xe2\x80\x99\n'}
[5.988263] (status_display) StderrLine: {'line': b'  254 | Q_GUI_EXPORT QDataStream &operator<<(\x1b[01;36m\x1b[KQDataStream &\x1b[m\x1b[K, const QPixmap &);\n'}
[5.988342] (status_display) StderrLine: {'line': b'      |                                      \x1b[01;36m\x1b[K^~~~~~~~~~~~~\x1b[m\x1b[K\n'}
[5.988426] (status_display) StderrLine: {'line': b'\x1b[01m\x1b[K/usr/include/x86_64-linux-gnu/qt5/QtGui/qpixmap.h:259:21:\x1b[m\x1b[K \x1b[01;36m\x1b[Knote: \x1b[m\x1b[Kcandidate: \xe2\x80\x98\x1b[01m\x1b[KQDebug operator<<(QDebug, const QPixmap&)\x1b[m\x1b[K\xe2\x80\x99\n'}
[5.988510] (status_display) StderrLine: {'line': b'  259 | Q_GUI_EXPORT QDebug \x1b[01;36m\x1b[Koperator\x1b[m\x1b[K<<(QDebug, const QPixmap &);\n'}
[5.988649] (status_display) StderrLine: {'line': b'      |                     \x1b[01;36m\x1b[K^~~~~~~~\x1b[m\x1b[K\n'}
[5.988752] (status_display) StderrLine: {'line': b'\x1b[01m\x1b[K/usr/include/x86_64-linux-gnu/qt5/QtGui/qpixmap.h:259:32:\x1b[m\x1b[K \x1b[01;36m\x1b[Knote: \x1b[m\x1b[K  no known conversion for argument 1 from \xe2\x80\x98\x1b[01m\x1b[Kstd::basic_ostream<char>\x1b[m\x1b[K\xe2\x80\x99 to \xe2\x80\x98\x1b[01m\x1b[KQDebug\x1b[m\x1b[K\xe2\x80\x99\n'}
[5.988839] (status_display) StderrLine: {'line': b'  259 | Q_GUI_EXPORT QDebug operator<<(\x1b[01;36m\x1b[KQDebug\x1b[m\x1b[K, const QPixmap &);\n'}
[5.988922] (status_display) StderrLine: {'line': b'      |                                \x1b[01;36m\x1b[K^~~~~~\x1b[m\x1b[K\n'}
[5.989002] (status_display) StderrLine: {'line': b'In file included from \x1b[01m\x1b[K/usr/include/x86_64-linux-gnu/qt5/QtGui/qpalette.h:46\x1b[m\x1b[K,\n'}
[5.989082] (status_display) StderrLine: {'line': b'                 from \x1b[01m\x1b[K/usr/include/x86_64-linux-gnu/qt5/QtWidgets/qwidget.h:48\x1b[m\x1b[K,\n'}
[5.989162] (status_display) StderrLine: {'line': b'                 from \x1b[01m\x1b[K/usr/include/x86_64-linux-gnu/qt5/QtWidgets/qframe.h:44\x1b[m\x1b[K,\n'}
[5.989241] (status_display) StderrLine: {'line': b'                 from \x1b[01m\x1b[K/usr/include/x86_64-linux-gnu/qt5/QtWidgets/qlabel.h:44\x1b[m\x1b[K,\n'}
[5.989320] (status_display) StderrLine: {'line': b'                 from \x1b[01m\x1b[K/usr/include/x86_64-linux-gnu/qt5/QtWidgets/QLabel:1\x1b[m\x1b[K,\n'}
[5.989404] (status_display) StderrLine: {'line': b'                 from \x1b[01m\x1b[K/home/shenhang/ros_study/chapter3/topic_practice_workspace/src/status_display/src/sys_status_display.cpp:2\x1b[m\x1b[K:\n'}
[5.989519] (status_display) StderrLine: {'line': b'\x1b[01m\x1b[K/usr/include/x86_64-linux-gnu/qt5/QtGui/qbrush.h:144:27:\x1b[m\x1b[K \x1b[01;36m\x1b[Knote: \x1b[m\x1b[Kcandidate: \xe2\x80\x98\x1b[01m\x1b[KQDataStream& operator<<(QDataStream&, const QBrush&)\x1b[m\x1b[K\xe2\x80\x99\n'}
[5.989603] (status_display) StderrLine: {'line': b'  144 | Q_GUI_EXPORT QDataStream &\x1b[01;36m\x1b[Koperator\x1b[m\x1b[K<<(QDataStream &, const QBrush &);\n'}
[5.989727] (status_display) StderrLine: {'line': b'      |                           \x1b[01;36m\x1b[K^~~~~~~~\x1b[m\x1b[K\n'}
[5.989810] (status_display) StderrLine: {'line': b'\x1b[01m\x1b[K/usr/include/x86_64-linux-gnu/qt5/QtGui/qbrush.h:144:38:\x1b[m\x1b[K \x1b[01;36m\x1b[Knote: \x1b[m\x1b[K  no known conversion for argument 1 from \xe2\x80\x98\x1b[01m\x1b[Kstd::basic_ostream<char>\x1b[m\x1b[K\xe2\x80\x99 to \xe2\x80\x98\x1b[01m\x1b[KQDataStream&\x1b[m\x1b[K\xe2\x80\x99\n'}
[5.989898] (status_display) StderrLine: {'line': b'  144 | Q_GUI_EXPORT QDataStream &operator<<(\x1b[01;36m\x1b[KQDataStream &\x1b[m\x1b[K, const QBrush &);\n'}
[5.989977] (status_display) StderrLine: {'line': b'      |                                      \x1b[01;36m\x1b[K^~~~~~~~~~~~~\x1b[m\x1b[K\n'}
[5.990057] (status_display) StderrLine: {'line': b'\x1b[01m\x1b[K/usr/include/x86_64-linux-gnu/qt5/QtGui/qbrush.h:149:21:\x1b[m\x1b[K \x1b[01;36m\x1b[Knote: \x1b[m\x1b[Kcandidate: \xe2\x80\x98\x1b[01m\x1b[KQDebug operator<<(QDebug, const QBrush&)\x1b[m\x1b[K\xe2\x80\x99\n'}
[5.990137] (status_display) StderrLine: {'line': b'  149 | Q_GUI_EXPORT QDebug \x1b[01;36m\x1b[Koperator\x1b[m\x1b[K<<(QDebug, const QBrush &);\n'}
[5.990217] (status_display) StderrLine: {'line': b'      |                     \x1b[01;36m\x1b[K^~~~~~~~\x1b[m\x1b[K\n'}
[5.990296] (status_display) StderrLine: {'line': b'\x1b[01m\x1b[K/usr/include/x86_64-linux-gnu/qt5/QtGui/qbrush.h:149:32:\x1b[m\x1b[K \x1b[01;36m\x1b[Knote: \x1b[m\x1b[K  no known conversion for argument 1 from \xe2\x80\x98\x1b[01m\x1b[Kstd::basic_ostream<char>\x1b[m\x1b[K\xe2\x80\x99 to \xe2\x80\x98\x1b[01m\x1b[KQDebug\x1b[m\x1b[K\xe2\x80\x99\n'}
[5.990377] (status_display) StderrLine: {'line': b'  149 | Q_GUI_EXPORT QDebug operator<<(\x1b[01;36m\x1b[KQDebug\x1b[m\x1b[K, const QBrush &);\n'}
[5.990456] (status_display) StderrLine: {'line': b'      |                                \x1b[01;36m\x1b[K^~~~~~\x1b[m\x1b[K\n'}
[5.990577] (status_display) StderrLine: {'line': b'In file included from \x1b[01m\x1b[K/usr/include/x86_64-linux-gnu/qt5/QtWidgets/qwidget.h:48\x1b[m\x1b[K,\n'}
[5.990696] (status_display) StderrLine: {'line': b'                 from \x1b[01m\x1b[K/usr/include/x86_64-linux-gnu/qt5/QtWidgets/qframe.h:44\x1b[m\x1b[K,\n'}
[5.990778] (status_display) StderrLine: {'line': b'                 from \x1b[01m\x1b[K/usr/include/x86_64-linux-gnu/qt5/QtWidgets/qlabel.h:44\x1b[m\x1b[K,\n'}
[5.990866] (status_display) StderrLine: {'line': b'                 from \x1b[01m\x1b[K/usr/include/x86_64-linux-gnu/qt5/QtWidgets/QLabel:1\x1b[m\x1b[K,\n'}
[5.990946] (status_display) StderrLine: {'line': b'                 from \x1b[01m\x1b[K/home/shenhang/ros_study/chapter3/topic_practice_workspace/src/status_display/src/sys_status_display.cpp:2\x1b[m\x1b[K:\n'}
[5.991026] (status_display) StderrLine: {'line': b'\x1b[01m\x1b[K/usr/include/x86_64-linux-gnu/qt5/QtGui/qpalette.h:212:27:\x1b[m\x1b[K \x1b[01;36m\x1b[Knote: \x1b[m\x1b[Kcandidate: \xe2\x80\x98\x1b[01m\x1b[KQDataStream& operator<<(QDataStream&, const QPalette&)\x1b[m\x1b[K\xe2\x80\x99\n'}
[5.991107] (status_display) StderrLine: {'line': b'  212 | Q_GUI_EXPORT QDataStream &\x1b[01;36m\x1b[Koperator\x1b[m\x1b[K<<(QDataStream &ds, const QPalette &p);\n'}
[5.991186] (status_display) StderrLine: {'line': b'      |                           \x1b[01;36m\x1b[K^~~~~~~~\x1b[m\x1b[K\n'}
[5.991266] (status_display) StderrLine: {'line': b'\x1b[01m\x1b[K/usr/include/x86_64-linux-gnu/qt5/QtGui/qpalette.h:195:62:\x1b[m\x1b[K \x1b[01;36m\x1b[Knote: \x1b[m\x1b[K  no known conversion for argument 1 from \xe2\x80\x98\x1b[01m\x1b[Kstd::basic_ostream<char>\x1b[m\x1b[K\xe2\x80\x99 to \xe2\x80\x98\x1b[01m\x1b[KQDataStream&\x1b[m\x1b[K\xe2\x80\x99\n'}
[5.991346] (status_display) StderrLine: {'line': b'  195 |     friend Q_GUI_EXPORT QDataStream &operator<<(\x1b[01;36m\x1b[KQDataStream &s\x1b[m\x1b[K, const QPalette &p);\n'}
[5.991429] (status_display) StderrLine: {'line': b'      |                                                 \x1b[01;36m\x1b[K~~~~~~~~~~~~~^\x1b[m\x1b[K\n'}
[5.991511] (status_display) StderrLine: {'line': b'\x1b[01m\x1b[K/usr/include/x86_64-linux-gnu/qt5/QtGui/qpalette.h:217:21:\x1b[m\x1b[K \x1b[01;36m\x1b[Knote: \x1b[m\x1b[Kcandidate: \xe2\x80\x98\x1b[01m\x1b[KQDebug operator<<(QDebug, const QPalette&)\x1b[m\x1b[K\xe2\x80\x99\n'}
[5.991641] (status_display) StderrLine: {'line': b'  217 | Q_GUI_EXPORT QDebug \x1b[01;36m\x1b[Koperator\x1b[m\x1b[K<<(QDebug, const QPalette &);\n'}
[5.991730] (status_display) StderrLine: {'line': b'      |                     \x1b[01;36m\x1b[K^~~~~~~~\x1b[m\x1b[K\n'}
[5.991810] (status_display) StderrLine: {'line': b'\x1b[01m\x1b[K/usr/include/x86_64-linux-gnu/qt5/QtGui/qpalette.h:217:32:\x1b[m\x1b[K \x1b[01;36m\x1b[Knote: \x1b[m\x1b[K  no known conversion for argument 1 from \xe2\x80\x98\x1b[01m\x1b[Kstd::basic_ostream<char>\x1b[m\x1b[K\xe2\x80\x99 to \xe2\x80\x98\x1b[01m\x1b[KQDebug\x1b[m\x1b[K\xe2\x80\x99\n'}
[5.991890] (status_display) StderrLine: {'line': b'  217 | Q_GUI_EXPORT QDebug operator<<(\x1b[01;36m\x1b[KQDebug\x1b[m\x1b[K, const QPalette &);\n'}
[5.991970] (status_display) StderrLine: {'line': b'      |                                \x1b[01;36m\x1b[K^~~~~~\x1b[m\x1b[K\n'}
[5.992050] (status_display) StderrLine: {'line': b'In file included from \x1b[01m\x1b[K/usr/include/x86_64-linux-gnu/qt5/QtWidgets/qwidget.h:49\x1b[m\x1b[K,\n'}
[5.992130] (status_display) StderrLine: {'line': b'                 from \x1b[01m\x1b[K/usr/include/x86_64-linux-gnu/qt5/QtWidgets/qframe.h:44\x1b[m\x1b[K,\n'}
[5.992211] (status_display) StderrLine: {'line': b'                 from \x1b[01m\x1b[K/usr/include/x86_64-linux-gnu/qt5/QtWidgets/qlabel.h:44\x1b[m\x1b[K,\n'}
[5.992291] (status_display) StderrLine: {'line': b'                 from \x1b[01m\x1b[K/usr/include/x86_64-linux-gnu/qt5/QtWidgets/QLabel:1\x1b[m\x1b[K,\n'}
[5.992370] (status_display) StderrLine: {'line': b'                 from \x1b[01m\x1b[K/home/shenhang/ros_study/chapter3/topic_practice_workspace/src/status_display/src/sys_status_display.cpp:2\x1b[m\x1b[K:\n'}
[5.992450] (status_display) StderrLine: {'line': b'\x1b[01m\x1b[K/usr/include/x86_64-linux-gnu/qt5/QtGui/qfont.h:374:27:\x1b[m\x1b[K \x1b[01;36m\x1b[Knote: \x1b[m\x1b[Kcandidate: \xe2\x80\x98\x1b[01m\x1b[KQDataStream& operator<<(QDataStream&, const QFont&)\x1b[m\x1b[K\xe2\x80\x99\n'}
[5.992578] (status_display) StderrLine: {'line': b'  374 | Q_GUI_EXPORT QDataStream &\x1b[01;36m\x1b[Koperator\x1b[m\x1b[K<<(QDataStream &, const QFont &);\n'}
[5.992670] (status_display) StderrLine: {'line': b'      |                           \x1b[01;36m\x1b[K^~~~~~~~\x1b[m\x1b[K\n'}
[5.992750] (status_display) StderrLine: {'line': b'\x1b[01m\x1b[K/usr/include/x86_64-linux-gnu/qt5/QtGui/qfont.h:336:49:\x1b[m\x1b[K \x1b[01;36m\x1b[Knote: \x1b[m\x1b[K  no known conversion for argument 1 from \xe2\x80\x98\x1b[01m\x1b[Kstd::basic_ostream<char>\x1b[m\x1b[K\xe2\x80\x99 to \xe2\x80\x98\x1b[01m\x1b[KQDataStream&\x1b[m\x1b[K\xe2\x80\x99\n'}
[5.992830] (status_display) StderrLine: {'line': b'  336 |     friend Q_GUI_EXPORT QDataStream &operator<<(\x1b[01;36m\x1b[KQDataStream &\x1b[m\x1b[K, const QFont &);\n'}
[5.992910] (status_display) StderrLine: {'line': b'      |                                                 \x1b[01;36m\x1b[K^~~~~~~~~~~~~\x1b[m\x1b[K\n'}
[5.992989] (status_display) StderrLine: {'line': b'\x1b[01m\x1b[K/usr/include/x86_64-linux-gnu/qt5/QtGui/qfont.h:379:21:\x1b[m\x1b[K \x1b[01;36m\x1b[Knote: \x1b[m\x1b[Kcandidate: \xe2\x80\x98\x1b[01m\x1b[KQDebug operator<<(QDebug, const QFont&)\x1b[m\x1b[K\xe2\x80\x99\n'}
[5.993069] (status_display) StderrLine: {'line': b'  379 | Q_GUI_EXPORT QDebug \x1b[01;36m\x1b[Koperator\x1b[m\x1b[K<<(QDebug, const QFont &);\n'}
[5.993148] (status_display) StderrLine: {'line': b'      |                     \x1b[01;36m\x1b[K^~~~~~~~\x1b[m\x1b[K\n'}
[5.993227] (status_display) StderrLine: {'line': b'\x1b[01m\x1b[K/usr/include/x86_64-linux-gnu/qt5/QtGui/qfont.h:341:43:\x1b[m\x1b[K \x1b[01;36m\x1b[Knote: \x1b[m\x1b[K  no known conversion for argument 1 from \xe2\x80\x98\x1b[01m\x1b[Kstd::basic_ostream<char>\x1b[m\x1b[K\xe2\x80\x99 to \xe2\x80\x98\x1b[01m\x1b[KQDebug\x1b[m\x1b[K\xe2\x80\x99\n'}
[5.993308] (status_display) StderrLine: {'line': b'  341 |     friend Q_GUI_EXPORT QDebug operator<<(\x1b[01;36m\x1b[KQDebug\x1b[m\x1b[K, const QFont &);\n'}
[5.993387] (status_display) StderrLine: {'line': b'      |                                           \x1b[01;36m\x1b[K^~~~~~\x1b[m\x1b[K\n'}
[5.993466] (status_display) StderrLine: {'line': b'In file included from \x1b[01m\x1b[K/usr/include/x86_64-linux-gnu/qt5/QtWidgets/qwidget.h:52\x1b[m\x1b[K,\n'}
[5.993594] (status_display) StderrLine: {'line': b'                 from \x1b[01m\x1b[K/usr/include/x86_64-linux-gnu/qt5/QtWidgets/qframe.h:44\x1b[m\x1b[K,\n'}
[5.993679] (status_display) StderrLine: {'line': b'                 from \x1b[01m\x1b[K/usr/include/x86_64-linux-gnu/qt5/QtWidgets/qlabel.h:44\x1b[m\x1b[K,\n'}
[5.993765] (status_display) StderrLine: {'line': b'                 from \x1b[01m\x1b[K/usr/include/x86_64-linux-gnu/qt5/QtWidgets/QLabel:1\x1b[m\x1b[K,\n'}
[5.993845] (status_display) StderrLine: {'line': b'                 from \x1b[01m\x1b[K/home/shenhang/ros_study/chapter3/topic_practice_workspace/src/status_display/src/sys_status_display.cpp:2\x1b[m\x1b[K:\n'}
[5.993929] (status_display) StderrLine: {'line': b'\x1b[01m\x1b[K/usr/include/x86_64-linux-gnu/qt5/QtWidgets/qsizepolicy.h:237:31:\x1b[m\x1b[K \x1b[01;36m\x1b[Knote: \x1b[m\x1b[Kcandidate: \xe2\x80\x98\x1b[01m\x1b[KQDataStream& operator<<(QDataStream&, const QSizePolicy&)\x1b[m\x1b[K\xe2\x80\x99\n'}
[5.994302] (status_display) StderrLine: {'line': b'  237 | Q_WIDGETS_EXPORT QDataStream &\x1b[01;36m\x1b[Koperator\x1b[m\x1b[K<<(QDataStream &, const QSizePolicy &);\n'}
[5.994419] (status_display) StderrLine: {'line': b'      |                               \x1b[01;36m\x1b[K^~~~~~~~\x1b[m\x1b[K\n'}
[5.994564] (status_display) StderrLine: {'line': b'\x1b[01m\x1b[K/usr/include/x86_64-linux-gnu/qt5/QtWidgets/qsizepolicy.h:173:53:\x1b[m\x1b[K \x1b[01;36m\x1b[Knote: \x1b[m\x1b[K  no known conversion for argument 1 from \xe2\x80\x98\x1b[01m\x1b[Kstd::basic_ostream<char>\x1b[m\x1b[K\xe2\x80\x99 to \xe2\x80\x98\x1b[01m\x1b[KQDataStream&\x1b[m\x1b[K\xe2\x80\x99\n'}
[5.994757] (status_display) StderrLine: {'line': b'  173 |     friend Q_WIDGETS_EXPORT QDataStream &operator<<(\x1b[01;36m\x1b[KQDataStream &\x1b[m\x1b[K, const QSizePolicy &);\n'}
[5.994881] (status_display) StderrLine: {'line': b'      |                                                     \x1b[01;36m\x1b[K^~~~~~~~~~~~~\x1b[m\x1b[K\n'}
[5.994992] (status_display) StderrLine: {'line': b'\x1b[01m\x1b[K/usr/include/x86_64-linux-gnu/qt5/QtWidgets/qsizepolicy.h:242:25:\x1b[m\x1b[K \x1b[01;36m\x1b[Knote: \x1b[m\x1b[Kcandidate: \xe2\x80\x98\x1b[01m\x1b[KQDebug operator<<(QDebug, const QSizePolicy&)\x1b[m\x1b[K\xe2\x80\x99\n'}
[5.995105] (status_display) StderrLine: {'line': b'  242 | Q_WIDGETS_EXPORT QDebug \x1b[01;36m\x1b[Koperator\x1b[m\x1b[K<<(QDebug dbg, const QSizePolicy &);\n'}
[5.995214] (status_display) StderrLine: {'line': b'      |                         \x1b[01;36m\x1b[K^~~~~~~~\x1b[m\x1b[K\n'}
[5.995338] (status_display) StderrLine: {'line': b'\x1b[01m\x1b[K/usr/include/x86_64-linux-gnu/qt5/QtWidgets/qsizepolicy.h:242:43:\x1b[m\x1b[K \x1b[01;36m\x1b[Knote: \x1b[m\x1b[K  no known conversion for argument 1 from \xe2\x80\x98\x1b[01m\x1b[Kstd::basic_ostream<char>\x1b[m\x1b[K\xe2\x80\x99 to \xe2\x80\x98\x1b[01m\x1b[KQDebug\x1b[m\x1b[K\xe2\x80\x99\n'}
[5.995455] (status_display) StderrLine: {'line': b'  242 | Q_WIDGETS_EXPORT QDebug operator<<(\x1b[01;36m\x1b[KQDebug dbg\x1b[m\x1b[K, const QSizePolicy &);\n'}
[5.995642] (status_display) StderrLine: {'line': b'      |                                    \x1b[01;36m\x1b[K~~~~~~~^~~\x1b[m\x1b[K\n'}
[5.995772] (status_display) StderrLine: {'line': b'In file included from \x1b[01m\x1b[K/usr/include/x86_64-linux-gnu/qt5/QtWidgets/qwidget.h:56\x1b[m\x1b[K,\n'}
[5.995899] (status_display) StderrLine: {'line': b'                 from \x1b[01m\x1b[K/usr/include/x86_64-linux-gnu/qt5/QtWidgets/qframe.h:44\x1b[m\x1b[K,\n'}
[5.996027] (status_display) StderrLine: {'line': b'                 from \x1b[01m\x1b[K/usr/include/x86_64-linux-gnu/qt5/QtWidgets/qlabel.h:44\x1b[m\x1b[K,\n'}
[5.996153] (status_display) StderrLine: {'line': b'                 from \x1b[01m\x1b[K/usr/include/x86_64-linux-gnu/qt5/QtWidgets/QLabel:1\x1b[m\x1b[K,\n'}
[5.996279] (status_display) StderrLine: {'line': b'                 from \x1b[01m\x1b[K/home/shenhang/ros_study/chapter3/topic_practice_workspace/src/status_display/src/sys_status_display.cpp:2\x1b[m\x1b[K:\n'}
[5.996418] (status_display) StderrLine: {'line': b'\x1b[01m\x1b[K/usr/include/x86_64-linux-gnu/qt5/QtGui/qkeysequence.h:213:38:\x1b[m\x1b[K \x1b[01;36m\x1b[Knote: \x1b[m\x1b[Kcandidate: \xe2\x80\x98\x1b[01m\x1b[KQDataStream& operator<<(QDataStream&, const QKeySequence&)\x1b[m\x1b[K\xe2\x80\x99\n'}
[5.996611] (status_display) StderrLine: {'line': b'  213 |     friend Q_GUI_EXPORT QDataStream &\x1b[01;36m\x1b[Koperator\x1b[m\x1b[K<<(QDataStream &in, const QKeySequence &ks);\n'}
[5.996737] (status_display) StderrLine: {'line': b'      |                                      \x1b[01;36m\x1b[K^~~~~~~~\x1b[m\x1b[K\n'}
[5.996851] (status_display) StderrLine: {'line': b'\x1b[01m\x1b[K/usr/include/x86_64-linux-gnu/qt5/QtGui/qkeysequence.h:58:51:\x1b[m\x1b[K \x1b[01;36m\x1b[Knote: \x1b[m\x1b[K  no known conversion for argument 1 from \xe2\x80\x98\x1b[01m\x1b[Kstd::basic_ostream<char>\x1b[m\x1b[K\xe2\x80\x99 to \xe2\x80\x98\x1b[01m\x1b[KQDataStream&\x1b[m\x1b[K\xe2\x80\x99\n'}
[5.996968] (status_display) StderrLine: {'line': b'   58 | Q_GUI_EXPORT QDataStream &operator<<(\x1b[01;36m\x1b[KQDataStream &in\x1b[m\x1b[K, const QKeySequence &ks);\n'}
[5.997088] (status_display) StderrLine: {'line': b'      |                                      \x1b[01;36m\x1b[K~~~~~~~~~~~~~^~\x1b[m\x1b[K\n'}
[5.997207] (status_display) StderrLine: {'line': b'\x1b[01m\x1b[K/usr/include/x86_64-linux-gnu/qt5/QtGui/qkeysequence.h:227:21:\x1b[m\x1b[K \x1b[01;36m\x1b[Knote: \x1b[m\x1b[Kcandidate: \xe2\x80\x98\x1b[01m\x1b[KQDebug operator<<(QDebug, const QKeySequence&)\x1b[m\x1b[K\xe2\x80\x99\n'}
[5.997319] (status_display) StderrLine: {'line': b'  227 | Q_GUI_EXPORT QDebug \x1b[01;36m\x1b[Koperator\x1b[m\x1b[K<<(QDebug, const QKeySequence &);\n'}
[5.997451] (status_display) StderrLine: {'line': b'      |                     \x1b[01;36m\x1b[K^~~~~~~~\x1b[m\x1b[K\n'}
[5.997625] (status_display) StderrLine: {'line': b'\x1b[01m\x1b[K/usr/include/x86_64-linux-gnu/qt5/QtGui/qkeysequence.h:227:32:\x1b[m\x1b[K \x1b[01;36m\x1b[Knote: \x1b[m\x1b[K  no known conversion for argument 1 from \xe2\x80\x98\x1b[01m\x1b[Kstd::basic_ostream<char>\x1b[m\x1b[K\xe2\x80\x99 to \xe2\x80\x98\x1b[01m\x1b[KQDebug\x1b[m\x1b[K\xe2\x80\x99\n'}
[5.997747] (status_display) StderrLine: {'line': b'  227 | Q_GUI_EXPORT QDebug operator<<(\x1b[01;36m\x1b[KQDebug\x1b[m\x1b[K, const QKeySequence &);\n'}
[5.997865] (status_display) StderrLine: {'line': b'      |                                \x1b[01;36m\x1b[K^~~~~~\x1b[m\x1b[K\n'}
[5.997978] (status_display) StderrLine: {'line': b'In file included from \x1b[01m\x1b[K/usr/include/x86_64-linux-gnu/qt5/QtWidgets/qframe.h:44\x1b[m\x1b[K,\n'}
[5.998093] (status_display) StderrLine: {'line': b'                 from \x1b[01m\x1b[K/usr/include/x86_64-linux-gnu/qt5/QtWidgets/qlabel.h:44\x1b[m\x1b[K,\n'}
[5.998211] (status_display) StderrLine: {'line': b'                 from \x1b[01m\x1b[K/usr/include/x86_64-linux-gnu/qt5/QtWidgets/QLabel:1\x1b[m\x1b[K,\n'}
[5.998327] (status_display) StderrLine: {'line': b'                 from \x1b[01m\x1b[K/home/shenhang/ros_study/chapter3/topic_practice_workspace/src/status_display/src/sys_status_display.cpp:2\x1b[m\x1b[K:\n'}
[5.998481] (status_display) StderrLine: {'line': b'\x1b[01m\x1b[K/usr/include/x86_64-linux-gnu/qt5/QtWidgets/qwidget.h:891:25:\x1b[m\x1b[K \x1b[01;36m\x1b[Knote: \x1b[m\x1b[Kcandidate: \xe2\x80\x98\x1b[01m\x1b[KQDebug operator<<(QDebug, const QWidget*)\x1b[m\x1b[K\xe2\x80\x99\n'}
[5.998659] (status_display) StderrLine: {'line': b'  891 | Q_WIDGETS_EXPORT QDebug \x1b[01;36m\x1b[Koperator\x1b[m\x1b[K<<(QDebug, const QWidget *);\n'}
[5.998779] (status_display) StderrLine: {'line': b'      |                         \x1b[01;36m\x1b[K^~~~~~~~\x1b[m\x1b[K\n'}
[5.998896] (status_display) StderrLine: {'line': b'\x1b[01m\x1b[K/usr/include/x86_64-linux-gnu/qt5/QtWidgets/qwidget.h:891:36:\x1b[m\x1b[K \x1b[01;36m\x1b[Knote: \x1b[m\x1b[K  no known conversion for argument 1 from \xe2\x80\x98\x1b[01m\x1b[Kstd::basic_ostream<char>\x1b[m\x1b[K\xe2\x80\x99 to \xe2\x80\x98\x1b[01m\x1b[KQDebug\x1b[m\x1b[K\xe2\x80\x99\n'}
[5.999028] (status_display) StderrLine: {'line': b'  891 | Q_WIDGETS_EXPORT QDebug operator<<(\x1b[01;36m\x1b[KQDebug\x1b[m\x1b[K, const QWidget *);\n'}
[5.999146] (status_display) StderrLine: {'line': b'      |                                    \x1b[01;36m\x1b[K^~~~~~\x1b[m\x1b[K\n'}
[5.999261] (status_display) StderrLine: {'line': b'\x1b[01m\x1b[K/home/shenhang/ros_study/chapter3/topic_practice_workspace/src/status_display/src/sys_status_display.cpp:28:5:\x1b[m\x1b[K \x1b[01;35m\x1b[Kwarning: \x1b[m\x1b[Kno return statement in function returning non-void [\x1b[01;35m\x1b[K\x1b]8;;https://gcc.gnu.org/onlinedocs/gcc/Warning-Options.html#index-Wreturn-type\x07-Wreturn-type\x1b]8;;\x07\x1b[m\x1b[K]\n'}
[5.999397] (status_display) StderrLine: {'line': b'   28 |     \x1b[01;35m\x1b[K}\x1b[m\x1b[K\n'}
[5.999556] (status_display) StderrLine: {'line': b'      |     \x1b[01;35m\x1b[K^\x1b[m\x1b[K\n'}
[6.057780] (-) TimerEvent: {}
[6.158628] (-) TimerEvent: {}
[6.259930] (-) TimerEvent: {}
[6.360450] (-) TimerEvent: {}
[6.460908] (-) TimerEvent: {}
[6.562985] (-) TimerEvent: {}
[6.663550] (-) TimerEvent: {}
[6.763901] (-) TimerEvent: {}
[6.864276] (-) TimerEvent: {}
[6.965138] (-) TimerEvent: {}
[7.066640] (-) TimerEvent: {}
[7.169408] (-) TimerEvent: {}
[7.272665] (-) TimerEvent: {}
[7.373411] (-) TimerEvent: {}
[7.476801] (-) TimerEvent: {}
[7.578745] (-) TimerEvent: {}
[7.679646] (-) TimerEvent: {}
[7.781790] (-) TimerEvent: {}
[7.884628] (-) TimerEvent: {}
[7.985696] (-) TimerEvent: {}
[8.086570] (-) TimerEvent: {}
[8.187635] (-) TimerEvent: {}
[8.289197] (-) TimerEvent: {}
[8.390946] (-) TimerEvent: {}
[8.492152] (-) TimerEvent: {}
[8.593651] (-) TimerEvent: {}
[8.694933] (-) TimerEvent: {}
[8.796022] (-) TimerEvent: {}
[8.897337] (-) TimerEvent: {}
[8.998070] (-) TimerEvent: {}
[9.099620] (-) TimerEvent: {}
[9.200875] (-) TimerEvent: {}
[9.301505] (-) TimerEvent: {}
[9.402846] (-) TimerEvent: {}
[9.504381] (-) TimerEvent: {}
[9.605554] (-) TimerEvent: {}
[9.675965] (status_display) StderrLine: {'line': b'gmake[2]: *** [CMakeFiles/sys_status_display_exe.dir/build.make:76\xef\xbc\x9aCMakeFiles/sys_status_display_exe.dir/src/sys_status_display.cpp.o] \xe9\x94\x99\xe8\xaf\xaf 1\n'}
[9.678047] (status_display) StderrLine: {'line': b'gmake[1]: *** [CMakeFiles/Makefile2:165\xef\xbc\x9aCMakeFiles/sys_status_display_exe.dir/all] \xe9\x94\x99\xe8\xaf\xaf 2\n'}
[9.678147] (status_display) StderrLine: {'line': b'gmake: *** [Makefile:146\xef\xbc\x9aall] \xe9\x94\x99\xe8\xaf\xaf 2\n'}
[9.679290] (status_display) CommandEnded: {'returncode': 2}
[9.688810] (status_display) JobEnded: {'identifier': 'status_display', 'rc': 2}
[9.711552] (-) TimerEvent: {}
[9.711684] (-) EventReactorShutdown: {}
