[0.000000] (-) TimerEvent: {}
[0.000253] (status_interfaces) JobQueued: {'identifier': 'status_interfaces', 'dependencies': OrderedDict()}
[0.000296] (status_display) JobQueued: {'identifier': 'status_display', 'dependencies': OrderedDict([('status_interfaces', '/home/shenhang/ros_study/chapter3/topic_practice_workspace/install/status_interfaces')])}
[0.000336] (status_publisher) JobQueued: {'identifier': 'status_publisher', 'dependencies': OrderedDict([('status_interfaces', '/home/shenhang/ros_study/chapter3/topic_practice_workspace/install/status_interfaces')])}
[0.000371] (status_interfaces) JobStarted: {'identifier': 'status_interfaces'}
[0.015538] (status_interfaces) JobProgress: {'identifier': 'status_interfaces', 'progress': 'cmake'}
[0.017311] (status_interfaces) JobProgress: {'identifier': 'status_interfaces', 'progress': 'build'}
[0.017374] (status_interfaces) Command: {'cmd': ['/usr/bin/cmake', '--build', '/home/shenhang/ros_study/chapter3/topic_practice_workspace/build/status_interfaces', '--', '-j6', '-l6'], 'cwd': '/home/shenhang/ros_study/chapter3/topic_practice_workspace/build/status_interfaces', 'env': OrderedDict([('GJS_DEBUG_TOPICS', 'JS ERROR;JS LOG'), ('PYTHON_BASIC_REPL', '1'), ('LESSOPEN', '| /usr/bin/lesspipe %s'), ('LANGUAGE', 'zh_CN:zh'), ('USER', 'shenhang'), ('XDG_SESSION_TYPE', 'wayland'), ('GIT_ASKPASS', '/usr/share/code/resources/app/extensions/git/dist/askpass.sh'), ('SHLVL', '1'), ('LD_LIBRARY_PATH', '/home/shenhang/ros_study/chapter3/topic_practice_workspace/install/status_interfaces/lib:/opt/ros/humble/opt/rviz_ogre_vendor/lib:/opt/ros/humble/lib/x86_64-linux-gnu:/opt/ros/humble/lib'), ('HOME', '/home/shenhang'), ('CHROME_DESKTOP', 'code.desktop'), ('OLDPWD', '/home/shenhang/ros_study/chapter3/topic_practice_workspace/src'), ('TERM_PROGRAM_VERSION', '1.108.1'), ('DESKTOP_SESSION', 'ubuntu'), ('GIO_LAUNCHED_DESKTOP_FILE', '/usr/share/applications/code.desktop'), ('ROS_PYTHON_VERSION', '3'), ('GNOME_SHELL_SESSION_MODE', 'ubuntu'), ('GTK_MODULES', 'gail:atk-bridge'), ('VSCODE_GIT_ASKPASS_MAIN', '/usr/share/code/resources/app/extensions/git/dist/askpass-main.js'), ('VSCODE_GIT_ASKPASS_NODE', '/usr/share/code/code'), ('MANAGERPID', '2341'), ('PYDEVD_DISABLE_FILE_VALIDATION', '1'), ('SYSTEMD_EXEC_PID', '2505'), ('BUNDLED_DEBUGPY_PATH', '/home/shenhang/.vscode/extensions/ms-python.debugpy-2025.18.0-linux-x64/bundled/libs/debugpy'), ('IM_CONFIG_CHECK_ENV', '1'), ('VSCODE_PYTHON_AUTOACTIVATE_GUARD', '1'), ('DBUS_SESSION_BUS_ADDRESS', 'unix:path=/run/user/1000/bus'), ('COLORTERM', 'truecolor'), ('GIO_LAUNCHED_DESKTOP_FILE_PID', '9065'), ('IM_CONFIG_PHASE', '1'), ('WAYLAND_DISPLAY', 'wayland-0'), ('COLCON_PREFIX_PATH', '/home/shenhang/ros_study/chapter3/topic_practice_workspace/install'), ('ROS_DISTRO', 'humble'), ('LOGNAME', 'shenhang'), ('JOURNAL_STREAM', '8:12577'), ('_', '/usr/bin/colcon'), ('ROS_VERSION', '2'), ('XDG_SESSION_CLASS', 'user'), ('USERNAME', 'shenhang'), ('TERM', 'xterm-256color'), ('GNOME_DESKTOP_SESSION_ID', 'this-is-deprecated'), ('FC_FONTATIONS', '1'), ('ROS_LOCALHOST_ONLY', '0'), ('PATH', '/home/shenhang/.config/Code/User/globalStorage/github.copilot-chat/debugCommand:/home/shenhang/.config/Code/User/globalStorage/github.copilot-chat/copilotCli:/opt/ros/humble/bin:/usr/local/sbin:/usr/local/bin:/usr/sbin:/usr/bin:/sbin:/bin:/usr/games:/usr/local/games:/snap/bin:/snap/bin:/home/shenhang/.vscode/extensions/ms-python.debugpy-2025.18.0-linux-x64/bundled/scripts/noConfigScripts'), ('SESSION_MANAGER', 'local/shenhang-VirtualBox:@/tmp/.ICE-unix/2480,unix/shenhang-VirtualBox:/tmp/.ICE-unix/2480'), ('INVOCATION_ID', 'c3a81940805940c59e7ff094d6b33cb7'), ('XDG_MENU_PREFIX', 'gnome-'), ('GNOME_SETUP_DISPLAY', ':1'), ('XDG_RUNTIME_DIR', '/run/user/1000'), ('GDK_BACKEND', 'wayland'), ('DISPLAY', ':0'), ('VSCODE_DEBUGPY_ADAPTER_ENDPOINTS', '/home/shenhang/.vscode/extensions/ms-python.debugpy-2025.18.0-linux-x64/.noConfigDebugAdapterEndpoints/endpoint-51b4d5a485752e35.txt'), ('LANG', 'zh_CN.UTF-8'), ('XDG_CURRENT_DESKTOP', 'ubuntu:GNOME'), ('PYTHONSTARTUP', '/home/shenhang/.config/Code/User/workspaceStorage/ef4da6c00f614e73fdf73c604713ffa3/ms-python.python/pythonrc.py'), ('XMODIFIERS', '@im=ibus'), ('XDG_SESSION_DESKTOP', 'ubuntu'), ('XAUTHORITY', '/run/user/1000/.mutter-Xwaylandauth.OS4OJ3'), ('LS_COLORS', 'rs=0:di=01;34:ln=01;36:mh=00:pi=40;33:so=01;35:do=01;35:bd=40;33;01:cd=40;33;01:or=40;31;01:mi=00:su=37;41:sg=30;43:ca=30;41:tw=30;42:ow=34;42:st=37;44:ex=01;32:*.tar=01;31:*.tgz=01;31:*.arc=01;31:*.arj=01;31:*.taz=01;31:*.lha=01;31:*.lz4=01;31:*.lzh=01;31:*.lzma=01;31:*.tlz=01;31:*.txz=01;31:*.tzo=01;31:*.t7z=01;31:*.zip=01;31:*.z=01;31:*.dz=01;31:*.gz=01;31:*.lrz=01;31:*.lz=01;31:*.lzo=01;31:*.xz=01;31:*.zst=01;31:*.tzst=01;31:*.bz2=01;31:*.bz=01;31:*.tbz=01;31:*.tbz2=01;31:*.tz=01;31:*.deb=01;31:*.rpm=01;31:*.jar=01;31:*.war=01;31:*.ear=01;31:*.sar=01;31:*.rar=01;31:*.alz=01;31:*.ace=01;31:*.zoo=01;31:*.cpio=01;31:*.7z=01;31:*.rz=01;31:*.cab=01;31:*.wim=01;31:*.swm=01;31:*.dwm=01;31:*.esd=01;31:*.jpg=01;35:*.jpeg=01;35:*.mjpg=01;35:*.mjpeg=01;35:*.gif=01;35:*.bmp=01;35:*.pbm=01;35:*.pgm=01;35:*.ppm=01;35:*.tga=01;35:*.xbm=01;35:*.xpm=01;35:*.tif=01;35:*.tiff=01;35:*.png=01;35:*.svg=01;35:*.svgz=01;35:*.mng=01;35:*.pcx=01;35:*.mov=01;35:*.mpg=01;35:*.mpeg=01;35:*.m2v=01;35:*.mkv=01;35:*.webm=01;35:*.webp=01;35:*.ogm=01;35:*.mp4=01;35:*.m4v=01;35:*.mp4v=01;35:*.vob=01;35:*.qt=01;35:*.nuv=01;35:*.wmv=01;35:*.asf=01;35:*.rm=01;35:*.rmvb=01;35:*.flc=01;35:*.avi=01;35:*.fli=01;35:*.flv=01;35:*.gl=01;35:*.dl=01;35:*.xcf=01;35:*.xwd=01;35:*.yuv=01;35:*.cgm=01;35:*.emf=01;35:*.ogv=01;35:*.ogx=01;35:*.aac=00;36:*.au=00;36:*.flac=00;36:*.m4a=00;36:*.mid=00;36:*.midi=00;36:*.mka=00;36:*.mp3=00;36:*.mpc=00;36:*.ogg=00;36:*.ra=00;36:*.wav=00;36:*.oga=00;36:*.opus=00;36:*.spx=00;36:*.xspf=00;36:'), ('VSCODE_GIT_IPC_HANDLE', '/run/user/1000/vscode-git-cae9e6a9f3.sock'), ('TERM_PROGRAM', 'vscode'), ('SSH_AGENT_LAUNCHER', 'gnome-keyring'), ('SSH_AUTH_SOCK', '/run/user/1000/keyring/ssh'), ('AMENT_PREFIX_PATH', '/home/shenhang/ros_study/chapter3/topic_practice_workspace/install/status_display:/home/shenhang/ros_study/chapter3/topic_practice_workspace/install/status_publisher:/home/shenhang/ros_study/chapter3/topic_practice_workspace/install/status_interfaces:/opt/ros/humble'), ('SHELL', '/bin/bash'), ('QT_ACCESSIBILITY', '1'), ('GDMSESSION', 'ubuntu'), ('LESSCLOSE', '/usr/bin/lesspipe %s %s'), ('GJS_DEBUG_OUTPUT', 'stderr'), ('VSCODE_GIT_ASKPASS_EXTRA_ARGS', ''), ('QT_IM_MODULE', 'ibus'), ('PWD', '/home/shenhang/ros_study/chapter3/topic_practice_workspace/build/status_interfaces'), ('XDG_CONFIG_DIRS', '/etc/xdg/xdg-ubuntu:/etc/xdg'), ('XDG_DATA_DIRS', '/usr/share/ubuntu:/usr/local/share/:/usr/share/:/var/lib/snapd/desktop'), ('PYTHONPATH', '/home/shenhang/ros_study/chapter3/topic_practice_workspace/install/status_publisher/lib/python3.10/site-packages:/home/shenhang/ros_study/chapter3/topic_practice_workspace/install/status_interfaces/local/lib/python3.10/dist-packages:/opt/ros/humble/lib/python3.10/site-packages:/opt/ros/humble/local/lib/python3.10/dist-packages'), ('COLCON', '1'), ('CMAKE_PREFIX_PATH', '/home/shenhang/ros_study/chapter3/topic_practice_workspace/install/status_display:/home/shenhang/ros_study/chapter3/topic_practice_workspace/install/status_interfaces:/home/shenhang/ros_study/chapter3/topic_practice_workspace/install/status_publisher:/opt/ros/humble')]), 'shell': False}
[0.097394] (-) TimerEvent: {}
[0.123802] (status_interfaces) StdoutLine: {'line': b'[  3%] Built target status_interfaces__cpp\n'}
[0.132529] (status_interfaces) StdoutLine: {'line': b'[ 12%] Built target status_interfaces__rosidl_generator_c\n'}
[0.155409] (status_interfaces) StdoutLine: {'line': b'[ 12%] Built target ament_cmake_python_copy_status_interfaces\n'}
[0.175055] (status_interfaces) StdoutLine: {'line': b'[ 22%] Built target status_interfaces__rosidl_typesupport_introspection_cpp\n'}
[0.181973] (status_interfaces) StdoutLine: {'line': b'[ 32%] Built target status_interfaces__rosidl_typesupport_fastrtps_cpp\n'}
[0.199656] (-) TimerEvent: {}
[0.200817] (status_interfaces) StdoutLine: {'line': b'[ 41%] Built target status_interfaces__rosidl_typesupport_cpp\n'}
[0.214663] (status_interfaces) StdoutLine: {'line': b'[ 51%] Built target status_interfaces__rosidl_typesupport_introspection_c\n'}
[0.219192] (status_interfaces) StdoutLine: {'line': b'[ 61%] Built target status_interfaces__rosidl_typesupport_fastrtps_c\n'}
[0.222321] (status_interfaces) StdoutLine: {'line': b'[ 70%] Built target status_interfaces__rosidl_typesupport_c\n'}
[0.261900] (status_interfaces) StdoutLine: {'line': b'[ 70%] Built target status_interfaces\n'}
[0.300018] (-) TimerEvent: {}
[0.308621] (status_interfaces) StdoutLine: {'line': b'[ 74%] Built target status_interfaces__py\n'}
[0.352686] (status_interfaces) StdoutLine: {'line': b'[ 80%] Built target status_interfaces__rosidl_generator_py\n'}
[0.401283] (-) TimerEvent: {}
[0.410183] (status_interfaces) StdoutLine: {'line': b'[ 87%] Built target status_interfaces__rosidl_typesupport_fastrtps_c__pyext\n'}
[0.417745] (status_interfaces) StdoutLine: {'line': b'[100%] Built target status_interfaces__rosidl_typesupport_introspection_c__pyext\n'}
[0.420388] (status_interfaces) StdoutLine: {'line': b'[100%] Built target status_interfaces__rosidl_typesupport_c__pyext\n'}
[0.502331] (-) TimerEvent: {}
[0.602709] (-) TimerEvent: {}
[0.683486] (status_interfaces) StdoutLine: {'line': b'running egg_info\n'}
[0.685422] (status_interfaces) StdoutLine: {'line': b'writing status_interfaces.egg-info/PKG-INFO\n'}
[0.686585] (status_interfaces) StdoutLine: {'line': b'writing dependency_links to status_interfaces.egg-info/dependency_links.txt\n'}
[0.686733] (status_interfaces) StdoutLine: {'line': b'writing top-level names to status_interfaces.egg-info/top_level.txt\n'}
[0.691873] (status_interfaces) StdoutLine: {'line': b"reading manifest file 'status_interfaces.egg-info/SOURCES.txt'\n"}
[0.693000] (status_interfaces) StdoutLine: {'line': b"writing manifest file 'status_interfaces.egg-info/SOURCES.txt'\n"}
[0.703086] (-) TimerEvent: {}
[0.765549] (status_interfaces) StdoutLine: {'line': b'[100%] Built target ament_cmake_python_build_status_interfaces_egg\n'}
[0.784598] (status_interfaces) CommandEnded: {'returncode': 0}
[0.787335] (status_interfaces) JobProgress: {'identifier': 'status_interfaces', 'progress': 'install'}
[0.804237] (status_interfaces) Command: {'cmd': ['/usr/bin/cmake', '--install', '/home/shenhang/ros_study/chapter3/topic_practice_workspace/build/status_interfaces'], 'cwd': '/home/shenhang/ros_study/chapter3/topic_practice_workspace/build/status_interfaces', 'env': OrderedDict([('GJS_DEBUG_TOPICS', 'JS ERROR;JS LOG'), ('PYTHON_BASIC_REPL', '1'), ('LESSOPEN', '| /usr/bin/lesspipe %s'), ('LANGUAGE', 'zh_CN:zh'), ('USER', 'shenhang'), ('XDG_SESSION_TYPE', 'wayland'), ('GIT_ASKPASS', '/usr/share/code/resources/app/extensions/git/dist/askpass.sh'), ('SHLVL', '1'), ('LD_LIBRARY_PATH', '/home/shenhang/ros_study/chapter3/topic_practice_workspace/install/status_interfaces/lib:/opt/ros/humble/opt/rviz_ogre_vendor/lib:/opt/ros/humble/lib/x86_64-linux-gnu:/opt/ros/humble/lib'), ('HOME', '/home/shenhang'), ('CHROME_DESKTOP', 'code.desktop'), ('OLDPWD', '/home/shenhang/ros_study/chapter3/topic_practice_workspace/src'), ('TERM_PROGRAM_VERSION', '1.108.1'), ('DESKTOP_SESSION', 'ubuntu'), ('GIO_LAUNCHED_DESKTOP_FILE', '/usr/share/applications/code.desktop'), ('ROS_PYTHON_VERSION', '3'), ('GNOME_SHELL_SESSION_MODE', 'ubuntu'), ('GTK_MODULES', 'gail:atk-bridge'), ('VSCODE_GIT_ASKPASS_MAIN', '/usr/share/code/resources/app/extensions/git/dist/askpass-main.js'), ('VSCODE_GIT_ASKPASS_NODE', '/usr/share/code/code'), ('MANAGERPID', '2341'), ('PYDEVD_DISABLE_FILE_VALIDATION', '1'), ('SYSTEMD_EXEC_PID', '2505'), ('BUNDLED_DEBUGPY_PATH', '/home/shenhang/.vscode/extensions/ms-python.debugpy-2025.18.0-linux-x64/bundled/libs/debugpy'), ('IM_CONFIG_CHECK_ENV', '1'), ('VSCODE_PYTHON_AUTOACTIVATE_GUARD', '1'), ('DBUS_SESSION_BUS_ADDRESS', 'unix:path=/run/user/1000/bus'), ('COLORTERM', 'truecolor'), ('GIO_LAUNCHED_DESKTOP_FILE_PID', '9065'), ('IM_CONFIG_PHASE', '1'), ('WAYLAND_DISPLAY', 'wayland-0'), ('COLCON_PREFIX_PATH', '/home/shenhang/ros_study/chapter3/topic_practice_workspace/install'), ('ROS_DISTRO', 'humble'), ('LOGNAME', 'shenhang'), ('JOURNAL_STREAM', '8:12577'), ('_', '/usr/bin/colcon'), ('ROS_VERSION', '2'), ('XDG_SESSION_CLASS', 'user'), ('USERNAME', 'shenhang'), ('TERM', 'xterm-256color'), ('GNOME_DESKTOP_SESSION_ID', 'this-is-deprecated'), ('FC_FONTATIONS', '1'), ('ROS_LOCALHOST_ONLY', '0'), ('PATH', '/home/shenhang/.config/Code/User/globalStorage/github.copilot-chat/debugCommand:/home/shenhang/.config/Code/User/globalStorage/github.copilot-chat/copilotCli:/opt/ros/humble/bin:/usr/local/sbin:/usr/local/bin:/usr/sbin:/usr/bin:/sbin:/bin:/usr/games:/usr/local/games:/snap/bin:/snap/bin:/home/shenhang/.vscode/extensions/ms-python.debugpy-2025.18.0-linux-x64/bundled/scripts/noConfigScripts'), ('SESSION_MANAGER', 'local/shenhang-VirtualBox:@/tmp/.ICE-unix/2480,unix/shenhang-VirtualBox:/tmp/.ICE-unix/2480'), ('INVOCATION_ID', 'c3a81940805940c59e7ff094d6b33cb7'), ('XDG_MENU_PREFIX', 'gnome-'), ('GNOME_SETUP_DISPLAY', ':1'), ('XDG_RUNTIME_DIR', '/run/user/1000'), ('GDK_BACKEND', 'wayland'), ('DISPLAY', ':0'), ('VSCODE_DEBUGPY_ADAPTER_ENDPOINTS', '/home/shenhang/.vscode/extensions/ms-python.debugpy-2025.18.0-linux-x64/.noConfigDebugAdapterEndpoints/endpoint-51b4d5a485752e35.txt'), ('LANG', 'zh_CN.UTF-8'), ('XDG_CURRENT_DESKTOP', 'ubuntu:GNOME'), ('PYTHONSTARTUP', '/home/shenhang/.config/Code/User/workspaceStorage/ef4da6c00f614e73fdf73c604713ffa3/ms-python.python/pythonrc.py'), ('XMODIFIERS', '@im=ibus'), ('XDG_SESSION_DESKTOP', 'ubuntu'), ('XAUTHORITY', '/run/user/1000/.mutter-Xwaylandauth.OS4OJ3'), ('LS_COLORS', 'rs=0:di=01;34:ln=01;36:mh=00:pi=40;33:so=01;35:do=01;35:bd=40;33;01:cd=40;33;01:or=40;31;01:mi=00:su=37;41:sg=30;43:ca=30;41:tw=30;42:ow=34;42:st=37;44:ex=01;32:*.tar=01;31:*.tgz=01;31:*.arc=01;31:*.arj=01;31:*.taz=01;31:*.lha=01;31:*.lz4=01;31:*.lzh=01;31:*.lzma=01;31:*.tlz=01;31:*.txz=01;31:*.tzo=01;31:*.t7z=01;31:*.zip=01;31:*.z=01;31:*.dz=01;31:*.gz=01;31:*.lrz=01;31:*.lz=01;31:*.lzo=01;31:*.xz=01;31:*.zst=01;31:*.tzst=01;31:*.bz2=01;31:*.bz=01;31:*.tbz=01;31:*.tbz2=01;31:*.tz=01;31:*.deb=01;31:*.rpm=01;31:*.jar=01;31:*.war=01;31:*.ear=01;31:*.sar=01;31:*.rar=01;31:*.alz=01;31:*.ace=01;31:*.zoo=01;31:*.cpio=01;31:*.7z=01;31:*.rz=01;31:*.cab=01;31:*.wim=01;31:*.swm=01;31:*.dwm=01;31:*.esd=01;31:*.jpg=01;35:*.jpeg=01;35:*.mjpg=01;35:*.mjpeg=01;35:*.gif=01;35:*.bmp=01;35:*.pbm=01;35:*.pgm=01;35:*.ppm=01;35:*.tga=01;35:*.xbm=01;35:*.xpm=01;35:*.tif=01;35:*.tiff=01;35:*.png=01;35:*.svg=01;35:*.svgz=01;35:*.mng=01;35:*.pcx=01;35:*.mov=01;35:*.mpg=01;35:*.mpeg=01;35:*.m2v=01;35:*.mkv=01;35:*.webm=01;35:*.webp=01;35:*.ogm=01;35:*.mp4=01;35:*.m4v=01;35:*.mp4v=01;35:*.vob=01;35:*.qt=01;35:*.nuv=01;35:*.wmv=01;35:*.asf=01;35:*.rm=01;35:*.rmvb=01;35:*.flc=01;35:*.avi=01;35:*.fli=01;35:*.flv=01;35:*.gl=01;35:*.dl=01;35:*.xcf=01;35:*.xwd=01;35:*.yuv=01;35:*.cgm=01;35:*.emf=01;35:*.ogv=01;35:*.ogx=01;35:*.aac=00;36:*.au=00;36:*.flac=00;36:*.m4a=00;36:*.mid=00;36:*.midi=00;36:*.mka=00;36:*.mp3=00;36:*.mpc=00;36:*.ogg=00;36:*.ra=00;36:*.wav=00;36:*.oga=00;36:*.opus=00;36:*.spx=00;36:*.xspf=00;36:'), ('VSCODE_GIT_IPC_HANDLE', '/run/user/1000/vscode-git-cae9e6a9f3.sock'), ('TERM_PROGRAM', 'vscode'), ('SSH_AGENT_LAUNCHER', 'gnome-keyring'), ('SSH_AUTH_SOCK', '/run/user/1000/keyring/ssh'), ('AMENT_PREFIX_PATH', '/home/shenhang/ros_study/chapter3/topic_practice_workspace/install/status_display:/home/shenhang/ros_study/chapter3/topic_practice_workspace/install/status_publisher:/home/shenhang/ros_study/chapter3/topic_practice_workspace/install/status_interfaces:/opt/ros/humble'), ('SHELL', '/bin/bash'), ('QT_ACCESSIBILITY', '1'), ('GDMSESSION', 'ubuntu'), ('LESSCLOSE', '/usr/bin/lesspipe %s %s'), ('GJS_DEBUG_OUTPUT', 'stderr'), ('VSCODE_GIT_ASKPASS_EXTRA_ARGS', ''), ('QT_IM_MODULE', 'ibus'), ('PWD', '/home/shenhang/ros_study/chapter3/topic_practice_workspace/build/status_interfaces'), ('XDG_CONFIG_DIRS', '/etc/xdg/xdg-ubuntu:/etc/xdg'), ('XDG_DATA_DIRS', '/usr/share/ubuntu:/usr/local/share/:/usr/share/:/var/lib/snapd/desktop'), ('PYTHONPATH', '/home/shenhang/ros_study/chapter3/topic_practice_workspace/install/status_publisher/lib/python3.10/site-packages:/home/shenhang/ros_study/chapter3/topic_practice_workspace/install/status_interfaces/local/lib/python3.10/dist-packages:/opt/ros/humble/lib/python3.10/site-packages:/opt/ros/humble/local/lib/python3.10/dist-packages'), ('COLCON', '1'), ('CMAKE_PREFIX_PATH', '/home/shenhang/ros_study/chapter3/topic_practice_workspace/install/status_display:/home/shenhang/ros_study/chapter3/topic_practice_workspace/install/status_interfaces:/home/shenhang/ros_study/chapter3/topic_practice_workspace/install/status_publisher:/opt/ros/humble')]), 'shell': False}
[0.805791] (-) TimerEvent: {}
[0.823821] (status_interfaces) StdoutLine: {'line': b'-- Install configuration: ""\n'}
[0.825765] (status_interfaces) StdoutLine: {'line': b'-- Up-to-date: /home/shenhang/ros_study/chapter3/topic_practice_workspace/install/status_interfaces/share/ament_index/resource_index/rosidl_interfaces/status_interfaces\n'}
[0.826626] (status_interfaces) StdoutLine: {'line': b'-- Up-to-date: /home/shenhang/ros_study/chapter3/topic_practice_workspace/install/status_interfaces/include/status_interfaces/status_interfaces\n'}
[0.826824] (status_interfaces) StdoutLine: {'line': b'-- Up-to-date: /home/shenhang/ros_study/chapter3/topic_practice_workspace/install/status_interfaces/include/status_interfaces/status_interfaces/msg\n'}
[0.827114] (status_interfaces) StdoutLine: {'line': b'-- Up-to-date: /home/shenhang/ros_study/chapter3/topic_practice_workspace/install/status_interfaces/include/status_interfaces/status_interfaces/msg/rosidl_generator_c__visibility_control.h\n'}
[0.827269] (status_interfaces) StdoutLine: {'line': b'-- Up-to-date: /home/shenhang/ros_study/chapter3/topic_practice_workspace/install/status_interfaces/include/status_interfaces/status_interfaces/msg/system_status.h\n'}
[0.827405] (status_interfaces) StdoutLine: {'line': b'-- Up-to-date: /home/shenhang/ros_study/chapter3/topic_practice_workspace/install/status_interfaces/include/status_interfaces/status_interfaces/msg/detail\n'}
[0.827531] (status_interfaces) StdoutLine: {'line': b'-- Up-to-date: /home/shenhang/ros_study/chapter3/topic_practice_workspace/install/status_interfaces/include/status_interfaces/status_interfaces/msg/detail/system_status__struct.h\n'}
[0.827656] (status_interfaces) StdoutLine: {'line': b'-- Up-to-date: /home/shenhang/ros_study/chapter3/topic_practice_workspace/install/status_interfaces/include/status_interfaces/status_interfaces/msg/detail/system_status__functions.c\n'}
[0.827775] (status_interfaces) StdoutLine: {'line': b'-- Up-to-date: /home/shenhang/ros_study/chapter3/topic_practice_workspace/install/status_interfaces/include/status_interfaces/status_interfaces/msg/detail/system_status__type_support.h\n'}
[0.828033] (status_interfaces) StdoutLine: {'line': b'-- Up-to-date: /home/shenhang/ros_study/chapter3/topic_practice_workspace/install/status_interfaces/include/status_interfaces/status_interfaces/msg/detail/system_status__functions.h\n'}
[0.828175] (status_interfaces) StdoutLine: {'line': b'-- Up-to-date: /home/shenhang/ros_study/chapter3/topic_practice_workspace/install/status_interfaces/share/status_interfaces/environment/library_path.sh\n'}
[0.828304] (status_interfaces) StdoutLine: {'line': b'-- Up-to-date: /home/shenhang/ros_study/chapter3/topic_practice_workspace/install/status_interfaces/share/status_interfaces/environment/library_path.dsv\n'}
[0.828431] (status_interfaces) StdoutLine: {'line': b'-- Up-to-date: /home/shenhang/ros_study/chapter3/topic_practice_workspace/install/status_interfaces/lib/libstatus_interfaces__rosidl_generator_c.so\n'}
[0.833984] (status_interfaces) StdoutLine: {'line': b'-- Up-to-date: /home/shenhang/ros_study/chapter3/topic_practice_workspace/install/status_interfaces/include/status_interfaces/status_interfaces\n'}
[0.834415] (status_interfaces) StdoutLine: {'line': b'-- Up-to-date: /home/shenhang/ros_study/chapter3/topic_practice_workspace/install/status_interfaces/include/status_interfaces/status_interfaces/msg\n'}
[0.834611] (status_interfaces) StdoutLine: {'line': b'-- Up-to-date: /home/shenhang/ros_study/chapter3/topic_practice_workspace/install/status_interfaces/include/status_interfaces/status_interfaces/msg/rosidl_typesupport_fastrtps_c__visibility_control.h\n'}
[0.835345] (status_interfaces) StdoutLine: {'line': b'-- Up-to-date: /home/shenhang/ros_study/chapter3/topic_practice_workspace/install/status_interfaces/include/status_interfaces/status_interfaces/msg/detail\n'}
[0.835614] (status_interfaces) StdoutLine: {'line': b'-- Up-to-date: /home/shenhang/ros_study/chapter3/topic_practice_workspace/install/status_interfaces/include/status_interfaces/status_interfaces/msg/detail/system_status__rosidl_typesupport_fastrtps_c.h\n'}
[0.835885] (status_interfaces) StdoutLine: {'line': b'-- Up-to-date: /home/shenhang/ros_study/chapter3/topic_practice_workspace/install/status_interfaces/lib/libstatus_interfaces__rosidl_typesupport_fastrtps_c.so\n'}
[0.836101] (status_interfaces) StdoutLine: {'line': b'-- Up-to-date: /home/shenhang/ros_study/chapter3/topic_practice_workspace/install/status_interfaces/include/status_interfaces/status_interfaces\n'}
[0.836226] (status_interfaces) StdoutLine: {'line': b'-- Up-to-date: /home/shenhang/ros_study/chapter3/topic_practice_workspace/install/status_interfaces/include/status_interfaces/status_interfaces/msg\n'}
[0.836359] (status_interfaces) StdoutLine: {'line': b'-- Up-to-date: /home/shenhang/ros_study/chapter3/topic_practice_workspace/install/status_interfaces/include/status_interfaces/status_interfaces/msg/rosidl_generator_cpp__visibility_control.hpp\n'}
[0.836490] (status_interfaces) StdoutLine: {'line': b'-- Up-to-date: /home/shenhang/ros_study/chapter3/topic_practice_workspace/install/status_interfaces/include/status_interfaces/status_interfaces/msg/detail\n'}
[0.836665] (status_interfaces) StdoutLine: {'line': b'-- Up-to-date: /home/shenhang/ros_study/chapter3/topic_practice_workspace/install/status_interfaces/include/status_interfaces/status_interfaces/msg/detail/system_status__struct.hpp\n'}
[0.836800] (status_interfaces) StdoutLine: {'line': b'-- Up-to-date: /home/shenhang/ros_study/chapter3/topic_practice_workspace/install/status_interfaces/include/status_interfaces/status_interfaces/msg/detail/system_status__builder.hpp\n'}
[0.838635] (status_interfaces) StdoutLine: {'line': b'-- Up-to-date: /home/shenhang/ros_study/chapter3/topic_practice_workspace/install/status_interfaces/include/status_interfaces/status_interfaces/msg/detail/system_status__type_support.hpp\n'}
[0.838815] (status_interfaces) StdoutLine: {'line': b'-- Up-to-date: /home/shenhang/ros_study/chapter3/topic_practice_workspace/install/status_interfaces/include/status_interfaces/status_interfaces/msg/detail/system_status__traits.hpp\n'}
[0.838916] (status_interfaces) StdoutLine: {'line': b'-- Up-to-date: /home/shenhang/ros_study/chapter3/topic_practice_workspace/install/status_interfaces/include/status_interfaces/status_interfaces/msg/system_status.hpp\n'}
[0.839056] (status_interfaces) StdoutLine: {'line': b'-- Up-to-date: /home/shenhang/ros_study/chapter3/topic_practice_workspace/install/status_interfaces/include/status_interfaces/status_interfaces\n'}
[0.839150] (status_interfaces) StdoutLine: {'line': b'-- Up-to-date: /home/shenhang/ros_study/chapter3/topic_practice_workspace/install/status_interfaces/include/status_interfaces/status_interfaces/msg\n'}
[0.839240] (status_interfaces) StdoutLine: {'line': b'-- Up-to-date: /home/shenhang/ros_study/chapter3/topic_practice_workspace/install/status_interfaces/include/status_interfaces/status_interfaces/msg/rosidl_typesupport_fastrtps_cpp__visibility_control.h\n'}
[0.839330] (status_interfaces) StdoutLine: {'line': b'-- Up-to-date: /home/shenhang/ros_study/chapter3/topic_practice_workspace/install/status_interfaces/include/status_interfaces/status_interfaces/msg/detail\n'}
[0.839428] (status_interfaces) StdoutLine: {'line': b'-- Up-to-date: /home/shenhang/ros_study/chapter3/topic_practice_workspace/install/status_interfaces/include/status_interfaces/status_interfaces/msg/detail/dds_fastrtps\n'}
[0.839519] (status_interfaces) StdoutLine: {'line': b'-- Up-to-date: /home/shenhang/ros_study/chapter3/topic_practice_workspace/install/status_interfaces/include/status_interfaces/status_interfaces/msg/detail/system_status__rosidl_typesupport_fastrtps_cpp.hpp\n'}
[0.839640] (status_interfaces) StdoutLine: {'line': b'-- Up-to-date: /home/shenhang/ros_study/chapter3/topic_practice_workspace/install/status_interfaces/lib/libstatus_interfaces__rosidl_typesupport_fastrtps_cpp.so\n'}
[0.839730] (status_interfaces) StdoutLine: {'line': b'-- Up-to-date: /home/shenhang/ros_study/chapter3/topic_practice_workspace/install/status_interfaces/include/status_interfaces/status_interfaces\n'}
[0.839818] (status_interfaces) StdoutLine: {'line': b'-- Up-to-date: /home/shenhang/ros_study/chapter3/topic_practice_workspace/install/status_interfaces/include/status_interfaces/status_interfaces/msg\n'}
[0.839945] (status_interfaces) StdoutLine: {'line': b'-- Up-to-date: /home/shenhang/ros_study/chapter3/topic_practice_workspace/install/status_interfaces/include/status_interfaces/status_interfaces/msg/rosidl_typesupport_introspection_c__visibility_control.h\n'}
[0.840055] (status_interfaces) StdoutLine: {'line': b'-- Up-to-date: /home/shenhang/ros_study/chapter3/topic_practice_workspace/install/status_interfaces/include/status_interfaces/status_interfaces/msg/detail\n'}
[0.840146] (status_interfaces) StdoutLine: {'line': b'-- Up-to-date: /home/shenhang/ros_study/chapter3/topic_practice_workspace/install/status_interfaces/include/status_interfaces/status_interfaces/msg/detail/system_status__type_support.c\n'}
[0.840235] (status_interfaces) StdoutLine: {'line': b'-- Up-to-date: /home/shenhang/ros_study/chapter3/topic_practice_workspace/install/status_interfaces/include/status_interfaces/status_interfaces/msg/detail/system_status__rosidl_typesupport_introspection_c.h\n'}
[0.840332] (status_interfaces) StdoutLine: {'line': b'-- Up-to-date: /home/shenhang/ros_study/chapter3/topic_practice_workspace/install/status_interfaces/lib/libstatus_interfaces__rosidl_typesupport_introspection_c.so\n'}
[0.840421] (status_interfaces) StdoutLine: {'line': b'-- Up-to-date: /home/shenhang/ros_study/chapter3/topic_practice_workspace/install/status_interfaces/lib/libstatus_interfaces__rosidl_typesupport_c.so\n'}
[0.840522] (status_interfaces) StdoutLine: {'line': b'-- Up-to-date: /home/shenhang/ros_study/chapter3/topic_practice_workspace/install/status_interfaces/include/status_interfaces/status_interfaces\n'}
[0.840625] (status_interfaces) StdoutLine: {'line': b'-- Up-to-date: /home/shenhang/ros_study/chapter3/topic_practice_workspace/install/status_interfaces/include/status_interfaces/status_interfaces/msg\n'}
[0.840715] (status_interfaces) StdoutLine: {'line': b'-- Up-to-date: /home/shenhang/ros_study/chapter3/topic_practice_workspace/install/status_interfaces/include/status_interfaces/status_interfaces/msg/detail\n'}
[0.840803] (status_interfaces) StdoutLine: {'line': b'-- Up-to-date: /home/shenhang/ros_study/chapter3/topic_practice_workspace/install/status_interfaces/include/status_interfaces/status_interfaces/msg/detail/system_status__rosidl_typesupport_introspection_cpp.hpp\n'}
[0.840891] (status_interfaces) StdoutLine: {'line': b'-- Up-to-date: /home/shenhang/ros_study/chapter3/topic_practice_workspace/install/status_interfaces/include/status_interfaces/status_interfaces/msg/detail/system_status__type_support.cpp\n'}
[0.841111] (status_interfaces) StdoutLine: {'line': b'-- Up-to-date: /home/shenhang/ros_study/chapter3/topic_practice_workspace/install/status_interfaces/lib/libstatus_interfaces__rosidl_typesupport_introspection_cpp.so\n'}
[0.841209] (status_interfaces) StdoutLine: {'line': b'-- Up-to-date: /home/shenhang/ros_study/chapter3/topic_practice_workspace/install/status_interfaces/lib/libstatus_interfaces__rosidl_typesupport_cpp.so\n'}
[0.843413] (status_interfaces) StdoutLine: {'line': b'-- Up-to-date: /home/shenhang/ros_study/chapter3/topic_practice_workspace/install/status_interfaces/share/status_interfaces/environment/pythonpath.sh\n'}
[0.843559] (status_interfaces) StdoutLine: {'line': b'-- Up-to-date: /home/shenhang/ros_study/chapter3/topic_practice_workspace/install/status_interfaces/share/status_interfaces/environment/pythonpath.dsv\n'}
[0.843705] (status_interfaces) StdoutLine: {'line': b'-- Up-to-date: /home/shenhang/ros_study/chapter3/topic_practice_workspace/install/status_interfaces/local/lib/python3.10/dist-packages/status_interfaces-0.0.0-py3.10.egg-info\n'}
[0.843803] (status_interfaces) StdoutLine: {'line': b'-- Installing: /home/shenhang/ros_study/chapter3/topic_practice_workspace/install/status_interfaces/local/lib/python3.10/dist-packages/status_interfaces-0.0.0-py3.10.egg-info/top_level.txt\n'}
[0.843896] (status_interfaces) StdoutLine: {'line': b'-- Installing: /home/shenhang/ros_study/chapter3/topic_practice_workspace/install/status_interfaces/local/lib/python3.10/dist-packages/status_interfaces-0.0.0-py3.10.egg-info/SOURCES.txt\n'}
[0.844033] (status_interfaces) StdoutLine: {'line': b'-- Installing: /home/shenhang/ros_study/chapter3/topic_practice_workspace/install/status_interfaces/local/lib/python3.10/dist-packages/status_interfaces-0.0.0-py3.10.egg-info/dependency_links.txt\n'}
[0.844126] (status_interfaces) StdoutLine: {'line': b'-- Installing: /home/shenhang/ros_study/chapter3/topic_practice_workspace/install/status_interfaces/local/lib/python3.10/dist-packages/status_interfaces-0.0.0-py3.10.egg-info/PKG-INFO\n'}
[0.844216] (status_interfaces) StdoutLine: {'line': b'-- Up-to-date: /home/shenhang/ros_study/chapter3/topic_practice_workspace/install/status_interfaces/local/lib/python3.10/dist-packages/status_interfaces\n'}
[0.844306] (status_interfaces) StdoutLine: {'line': b'-- Up-to-date: /home/shenhang/ros_study/chapter3/topic_practice_workspace/install/status_interfaces/local/lib/python3.10/dist-packages/status_interfaces/msg\n'}
[0.844406] (status_interfaces) StdoutLine: {'line': b'-- Up-to-date: /home/shenhang/ros_study/chapter3/topic_practice_workspace/install/status_interfaces/local/lib/python3.10/dist-packages/status_interfaces/msg/_system_status.py\n'}
[0.844587] (status_interfaces) StdoutLine: {'line': b'-- Up-to-date: /home/shenhang/ros_study/chapter3/topic_practice_workspace/install/status_interfaces/local/lib/python3.10/dist-packages/status_interfaces/msg/__init__.py\n'}
[0.844720] (status_interfaces) StdoutLine: {'line': b'-- Up-to-date: /home/shenhang/ros_study/chapter3/topic_practice_workspace/install/status_interfaces/local/lib/python3.10/dist-packages/status_interfaces/msg/_system_status_s.c\n'}
[0.844884] (status_interfaces) StdoutLine: {'line': b'-- Up-to-date: /home/shenhang/ros_study/chapter3/topic_practice_workspace/install/status_interfaces/local/lib/python3.10/dist-packages/status_interfaces/__init__.py\n'}
[0.845075] (status_interfaces) StdoutLine: {'line': b'-- Up-to-date: /home/shenhang/ros_study/chapter3/topic_practice_workspace/install/status_interfaces/local/lib/python3.10/dist-packages/status_interfaces/_status_interfaces_s.ep.rosidl_typesupport_fastrtps_c.c\n'}
[0.845217] (status_interfaces) StdoutLine: {'line': b'-- Up-to-date: /home/shenhang/ros_study/chapter3/topic_practice_workspace/install/status_interfaces/local/lib/python3.10/dist-packages/status_interfaces/status_interfaces_s__rosidl_typesupport_c.cpython-310-x86_64-linux-gnu.so\n'}
[0.845339] (status_interfaces) StdoutLine: {'line': b'-- Up-to-date: /home/shenhang/ros_study/chapter3/topic_practice_workspace/install/status_interfaces/local/lib/python3.10/dist-packages/status_interfaces/libstatus_interfaces__rosidl_generator_py.so\n'}
[0.845461] (status_interfaces) StdoutLine: {'line': b'-- Up-to-date: /home/shenhang/ros_study/chapter3/topic_practice_workspace/install/status_interfaces/local/lib/python3.10/dist-packages/status_interfaces/_status_interfaces_s.ep.rosidl_typesupport_c.c\n'}
[0.845594] (status_interfaces) StdoutLine: {'line': b'-- Up-to-date: /home/shenhang/ros_study/chapter3/topic_practice_workspace/install/status_interfaces/local/lib/python3.10/dist-packages/status_interfaces/_status_interfaces_s.ep.rosidl_typesupport_introspection_c.c\n'}
[0.845720] (status_interfaces) StdoutLine: {'line': b'-- Up-to-date: /home/shenhang/ros_study/chapter3/topic_practice_workspace/install/status_interfaces/local/lib/python3.10/dist-packages/status_interfaces/status_interfaces_s__rosidl_typesupport_fastrtps_c.cpython-310-x86_64-linux-gnu.so\n'}
[0.845846] (status_interfaces) StdoutLine: {'line': b'-- Up-to-date: /home/shenhang/ros_study/chapter3/topic_practice_workspace/install/status_interfaces/local/lib/python3.10/dist-packages/status_interfaces/status_interfaces_s__rosidl_typesupport_introspection_c.cpython-310-x86_64-linux-gnu.so\n'}
[0.906012] (-) TimerEvent: {}
[0.929202] (status_interfaces) StdoutLine: {'line': b"Listing '/home/shenhang/ros_study/chapter3/topic_practice_workspace/install/status_interfaces/local/lib/python3.10/dist-packages/status_interfaces'...\n"}
[0.929602] (status_interfaces) StdoutLine: {'line': b"Listing '/home/shenhang/ros_study/chapter3/topic_practice_workspace/install/status_interfaces/local/lib/python3.10/dist-packages/status_interfaces/msg'...\n"}
[0.940341] (status_interfaces) StdoutLine: {'line': b'-- Up-to-date: /home/shenhang/ros_study/chapter3/topic_practice_workspace/install/status_interfaces/local/lib/python3.10/dist-packages/status_interfaces/status_interfaces_s__rosidl_typesupport_fastrtps_c.cpython-310-x86_64-linux-gnu.so\n'}
[0.940632] (status_interfaces) StdoutLine: {'line': b'-- Up-to-date: /home/shenhang/ros_study/chapter3/topic_practice_workspace/install/status_interfaces/local/lib/python3.10/dist-packages/status_interfaces/status_interfaces_s__rosidl_typesupport_introspection_c.cpython-310-x86_64-linux-gnu.so\n'}
[0.940889] (status_interfaces) StdoutLine: {'line': b'-- Up-to-date: /home/shenhang/ros_study/chapter3/topic_practice_workspace/install/status_interfaces/local/lib/python3.10/dist-packages/status_interfaces/status_interfaces_s__rosidl_typesupport_c.cpython-310-x86_64-linux-gnu.so\n'}
[0.941656] (status_interfaces) StdoutLine: {'line': b'-- Up-to-date: /home/shenhang/ros_study/chapter3/topic_practice_workspace/install/status_interfaces/lib/libstatus_interfaces__rosidl_generator_py.so\n'}
[0.942154] (status_interfaces) StdoutLine: {'line': b'-- Up-to-date: /home/shenhang/ros_study/chapter3/topic_practice_workspace/install/status_interfaces/share/status_interfaces/msg/SystemStatus.idl\n'}
[0.942437] (status_interfaces) StdoutLine: {'line': b'-- Up-to-date: /home/shenhang/ros_study/chapter3/topic_practice_workspace/install/status_interfaces/share/status_interfaces/msg/SystemStatus.msg\n'}
[0.944305] (status_interfaces) StdoutLine: {'line': b'-- Up-to-date: /home/shenhang/ros_study/chapter3/topic_practice_workspace/install/status_interfaces/share/ament_index/resource_index/package_run_dependencies/status_interfaces\n'}
[0.944633] (status_interfaces) StdoutLine: {'line': b'-- Up-to-date: /home/shenhang/ros_study/chapter3/topic_practice_workspace/install/status_interfaces/share/ament_index/resource_index/parent_prefix_path/status_interfaces\n'}
[0.945208] (status_interfaces) StdoutLine: {'line': b'-- Up-to-date: /home/shenhang/ros_study/chapter3/topic_practice_workspace/install/status_interfaces/share/status_interfaces/environment/ament_prefix_path.sh\n'}
[0.945454] (status_interfaces) StdoutLine: {'line': b'-- Up-to-date: /home/shenhang/ros_study/chapter3/topic_practice_workspace/install/status_interfaces/share/status_interfaces/environment/ament_prefix_path.dsv\n'}
[0.945610] (status_interfaces) StdoutLine: {'line': b'-- Up-to-date: /home/shenhang/ros_study/chapter3/topic_practice_workspace/install/status_interfaces/share/status_interfaces/environment/path.sh\n'}
[0.945801] (status_interfaces) StdoutLine: {'line': b'-- Up-to-date: /home/shenhang/ros_study/chapter3/topic_practice_workspace/install/status_interfaces/share/status_interfaces/environment/path.dsv\n'}
[0.946112] (status_interfaces) StdoutLine: {'line': b'-- Up-to-date: /home/shenhang/ros_study/chapter3/topic_practice_workspace/install/status_interfaces/share/status_interfaces/local_setup.bash\n'}
[0.946254] (status_interfaces) StdoutLine: {'line': b'-- Up-to-date: /home/shenhang/ros_study/chapter3/topic_practice_workspace/install/status_interfaces/share/status_interfaces/local_setup.sh\n'}
[0.946527] (status_interfaces) StdoutLine: {'line': b'-- Up-to-date: /home/shenhang/ros_study/chapter3/topic_practice_workspace/install/status_interfaces/share/status_interfaces/local_setup.zsh\n'}
[0.946728] (status_interfaces) StdoutLine: {'line': b'-- Up-to-date: /home/shenhang/ros_study/chapter3/topic_practice_workspace/install/status_interfaces/share/status_interfaces/local_setup.dsv\n'}
[0.946994] (status_interfaces) StdoutLine: {'line': b'-- Installing: /home/shenhang/ros_study/chapter3/topic_practice_workspace/install/status_interfaces/share/status_interfaces/package.dsv\n'}
[0.948966] (status_interfaces) StdoutLine: {'line': b'-- Up-to-date: /home/shenhang/ros_study/chapter3/topic_practice_workspace/install/status_interfaces/share/ament_index/resource_index/packages/status_interfaces\n'}
[0.949220] (status_interfaces) StdoutLine: {'line': b'-- Up-to-date: /home/shenhang/ros_study/chapter3/topic_practice_workspace/install/status_interfaces/share/status_interfaces/cmake/export_status_interfaces__rosidl_generator_cExport.cmake\n'}
[0.949382] (status_interfaces) StdoutLine: {'line': b'-- Up-to-date: /home/shenhang/ros_study/chapter3/topic_practice_workspace/install/status_interfaces/share/status_interfaces/cmake/export_status_interfaces__rosidl_generator_cExport-noconfig.cmake\n'}
[0.949537] (status_interfaces) StdoutLine: {'line': b'-- Up-to-date: /home/shenhang/ros_study/chapter3/topic_practice_workspace/install/status_interfaces/share/status_interfaces/cmake/export_status_interfaces__rosidl_typesupport_fastrtps_cExport.cmake\n'}
[0.949766] (status_interfaces) StdoutLine: {'line': b'-- Up-to-date: /home/shenhang/ros_study/chapter3/topic_practice_workspace/install/status_interfaces/share/status_interfaces/cmake/export_status_interfaces__rosidl_typesupport_fastrtps_cExport-noconfig.cmake\n'}
[0.949976] (status_interfaces) StdoutLine: {'line': b'-- Up-to-date: /home/shenhang/ros_study/chapter3/topic_practice_workspace/install/status_interfaces/share/status_interfaces/cmake/export_status_interfaces__rosidl_generator_cppExport.cmake\n'}
[0.950151] (status_interfaces) StdoutLine: {'line': b'-- Up-to-date: /home/shenhang/ros_study/chapter3/topic_practice_workspace/install/status_interfaces/share/status_interfaces/cmake/export_status_interfaces__rosidl_typesupport_fastrtps_cppExport.cmake\n'}
[0.950298] (status_interfaces) StdoutLine: {'line': b'-- Up-to-date: /home/shenhang/ros_study/chapter3/topic_practice_workspace/install/status_interfaces/share/status_interfaces/cmake/export_status_interfaces__rosidl_typesupport_fastrtps_cppExport-noconfig.cmake\n'}
[0.950446] (status_interfaces) StdoutLine: {'line': b'-- Up-to-date: /home/shenhang/ros_study/chapter3/topic_practice_workspace/install/status_interfaces/share/status_interfaces/cmake/status_interfaces__rosidl_typesupport_introspection_cExport.cmake\n'}
[0.950615] (status_interfaces) StdoutLine: {'line': b'-- Up-to-date: /home/shenhang/ros_study/chapter3/topic_practice_workspace/install/status_interfaces/share/status_interfaces/cmake/status_interfaces__rosidl_typesupport_introspection_cExport-noconfig.cmake\n'}
[0.950755] (status_interfaces) StdoutLine: {'line': b'-- Up-to-date: /home/shenhang/ros_study/chapter3/topic_practice_workspace/install/status_interfaces/share/status_interfaces/cmake/status_interfaces__rosidl_typesupport_cExport.cmake\n'}
[0.950968] (status_interfaces) StdoutLine: {'line': b'-- Up-to-date: /home/shenhang/ros_study/chapter3/topic_practice_workspace/install/status_interfaces/share/status_interfaces/cmake/status_interfaces__rosidl_typesupport_cExport-noconfig.cmake\n'}
[0.953224] (status_interfaces) StdoutLine: {'line': b'-- Up-to-date: /home/shenhang/ros_study/chapter3/topic_practice_workspace/install/status_interfaces/share/status_interfaces/cmake/status_interfaces__rosidl_typesupport_introspection_cppExport.cmake\n'}
[0.953460] (status_interfaces) StdoutLine: {'line': b'-- Up-to-date: /home/shenhang/ros_study/chapter3/topic_practice_workspace/install/status_interfaces/share/status_interfaces/cmake/status_interfaces__rosidl_typesupport_introspection_cppExport-noconfig.cmake\n'}
[0.953694] (status_interfaces) StdoutLine: {'line': b'-- Up-to-date: /home/shenhang/ros_study/chapter3/topic_practice_workspace/install/status_interfaces/share/status_interfaces/cmake/status_interfaces__rosidl_typesupport_cppExport.cmake\n'}
[0.953916] (status_interfaces) StdoutLine: {'line': b'-- Up-to-date: /home/shenhang/ros_study/chapter3/topic_practice_workspace/install/status_interfaces/share/status_interfaces/cmake/status_interfaces__rosidl_typesupport_cppExport-noconfig.cmake\n'}
[0.954117] (status_interfaces) StdoutLine: {'line': b'-- Up-to-date: /home/shenhang/ros_study/chapter3/topic_practice_workspace/install/status_interfaces/share/status_interfaces/cmake/export_status_interfaces__rosidl_generator_pyExport.cmake\n'}
[0.954267] (status_interfaces) StdoutLine: {'line': b'-- Up-to-date: /home/shenhang/ros_study/chapter3/topic_practice_workspace/install/status_interfaces/share/status_interfaces/cmake/export_status_interfaces__rosidl_generator_pyExport-noconfig.cmake\n'}
[0.954404] (status_interfaces) StdoutLine: {'line': b'-- Up-to-date: /home/shenhang/ros_study/chapter3/topic_practice_workspace/install/status_interfaces/share/status_interfaces/cmake/rosidl_cmake-extras.cmake\n'}
[0.954546] (status_interfaces) StdoutLine: {'line': b'-- Up-to-date: /home/shenhang/ros_study/chapter3/topic_practice_workspace/install/status_interfaces/share/status_interfaces/cmake/ament_cmake_export_dependencies-extras.cmake\n'}
[0.954696] (status_interfaces) StdoutLine: {'line': b'-- Up-to-date: /home/shenhang/ros_study/chapter3/topic_practice_workspace/install/status_interfaces/share/status_interfaces/cmake/ament_cmake_export_include_directories-extras.cmake\n'}
[0.954867] (status_interfaces) StdoutLine: {'line': b'-- Up-to-date: /home/shenhang/ros_study/chapter3/topic_practice_workspace/install/status_interfaces/share/status_interfaces/cmake/ament_cmake_export_libraries-extras.cmake\n'}
[0.955245] (status_interfaces) StdoutLine: {'line': b'-- Up-to-date: /home/shenhang/ros_study/chapter3/topic_practice_workspace/install/status_interfaces/share/status_interfaces/cmake/ament_cmake_export_targets-extras.cmake\n'}
[0.955360] (status_interfaces) StdoutLine: {'line': b'-- Up-to-date: /home/shenhang/ros_study/chapter3/topic_practice_workspace/install/status_interfaces/share/status_interfaces/cmake/rosidl_cmake_export_typesupport_targets-extras.cmake\n'}
[0.955466] (status_interfaces) StdoutLine: {'line': b'-- Up-to-date: /home/shenhang/ros_study/chapter3/topic_practice_workspace/install/status_interfaces/share/status_interfaces/cmake/rosidl_cmake_export_typesupport_libraries-extras.cmake\n'}
[0.955592] (status_interfaces) StdoutLine: {'line': b'-- Up-to-date: /home/shenhang/ros_study/chapter3/topic_practice_workspace/install/status_interfaces/share/status_interfaces/cmake/status_interfacesConfig.cmake\n'}
[0.955766] (status_interfaces) StdoutLine: {'line': b'-- Up-to-date: /home/shenhang/ros_study/chapter3/topic_practice_workspace/install/status_interfaces/share/status_interfaces/cmake/status_interfacesConfig-version.cmake\n'}
[0.955874] (status_interfaces) StdoutLine: {'line': b'-- Up-to-date: /home/shenhang/ros_study/chapter3/topic_practice_workspace/install/status_interfaces/share/status_interfaces/package.xml\n'}
[0.961052] (status_interfaces) CommandEnded: {'returncode': 0}
[1.001025] (status_interfaces) JobEnded: {'identifier': 'status_interfaces', 'rc': 0}
[1.002041] (status_display) JobStarted: {'identifier': 'status_display'}
[1.018491] (-) TimerEvent: {}
[1.025478] (status_publisher) JobStarted: {'identifier': 'status_publisher'}
[1.056065] (status_display) JobProgress: {'identifier': 'status_display', 'progress': 'cmake'}
[1.056189] (status_display) JobProgress: {'identifier': 'status_display', 'progress': 'build'}
[1.056278] (status_display) Command: {'cmd': ['/usr/bin/cmake', '--build', '/home/shenhang/ros_study/chapter3/topic_practice_workspace/build/status_display', '--', '-j6', '-l6'], 'cwd': '/home/shenhang/ros_study/chapter3/topic_practice_workspace/build/status_display', 'env': OrderedDict([('GJS_DEBUG_TOPICS', 'JS ERROR;JS LOG'), ('PYTHON_BASIC_REPL', '1'), ('LESSOPEN', '| /usr/bin/lesspipe %s'), ('LANGUAGE', 'zh_CN:zh'), ('USER', 'shenhang'), ('XDG_SESSION_TYPE', 'wayland'), ('GIT_ASKPASS', '/usr/share/code/resources/app/extensions/git/dist/askpass.sh'), ('SHLVL', '1'), ('LD_LIBRARY_PATH', '/home/shenhang/ros_study/chapter3/topic_practice_workspace/install/status_interfaces/lib:/opt/ros/humble/opt/rviz_ogre_vendor/lib:/opt/ros/humble/lib/x86_64-linux-gnu:/opt/ros/humble/lib'), ('HOME', '/home/shenhang'), ('CHROME_DESKTOP', 'code.desktop'), ('OLDPWD', '/home/shenhang/ros_study/chapter3/topic_practice_workspace/src'), ('TERM_PROGRAM_VERSION', '1.108.1'), ('DESKTOP_SESSION', 'ubuntu'), ('GIO_LAUNCHED_DESKTOP_FILE', '/usr/share/applications/code.desktop'), ('ROS_PYTHON_VERSION', '3'), ('GNOME_SHELL_SESSION_MODE', 'ubuntu'), ('GTK_MODULES', 'gail:atk-bridge'), ('VSCODE_GIT_ASKPASS_MAIN', '/usr/share/code/resources/app/extensions/git/dist/askpass-main.js'), ('VSCODE_GIT_ASKPASS_NODE', '/usr/share/code/code'), ('MANAGERPID', '2341'), ('PYDEVD_DISABLE_FILE_VALIDATION', '1'), ('SYSTEMD_EXEC_PID', '2505'), ('BUNDLED_DEBUGPY_PATH', '/home/shenhang/.vscode/extensions/ms-python.debugpy-2025.18.0-linux-x64/bundled/libs/debugpy'), ('IM_CONFIG_CHECK_ENV', '1'), ('VSCODE_PYTHON_AUTOACTIVATE_GUARD', '1'), ('DBUS_SESSION_BUS_ADDRESS', 'unix:path=/run/user/1000/bus'), ('COLORTERM', 'truecolor'), ('GIO_LAUNCHED_DESKTOP_FILE_PID', '9065'), ('IM_CONFIG_PHASE', '1'), ('WAYLAND_DISPLAY', 'wayland-0'), ('COLCON_PREFIX_PATH', '/home/shenhang/ros_study/chapter3/topic_practice_workspace/install'), ('ROS_DISTRO', 'humble'), ('LOGNAME', 'shenhang'), ('JOURNAL_STREAM', '8:12577'), ('_', '/usr/bin/colcon'), ('ROS_VERSION', '2'), ('XDG_SESSION_CLASS', 'user'), ('USERNAME', 'shenhang'), ('TERM', 'xterm-256color'), ('GNOME_DESKTOP_SESSION_ID', 'this-is-deprecated'), ('FC_FONTATIONS', '1'), ('ROS_LOCALHOST_ONLY', '0'), ('PATH', '/home/shenhang/.config/Code/User/globalStorage/github.copilot-chat/debugCommand:/home/shenhang/.config/Code/User/globalStorage/github.copilot-chat/copilotCli:/opt/ros/humble/bin:/usr/local/sbin:/usr/local/bin:/usr/sbin:/usr/bin:/sbin:/bin:/usr/games:/usr/local/games:/snap/bin:/snap/bin:/home/shenhang/.vscode/extensions/ms-python.debugpy-2025.18.0-linux-x64/bundled/scripts/noConfigScripts'), ('SESSION_MANAGER', 'local/shenhang-VirtualBox:@/tmp/.ICE-unix/2480,unix/shenhang-VirtualBox:/tmp/.ICE-unix/2480'), ('INVOCATION_ID', 'c3a81940805940c59e7ff094d6b33cb7'), ('XDG_MENU_PREFIX', 'gnome-'), ('GNOME_SETUP_DISPLAY', ':1'), ('XDG_RUNTIME_DIR', '/run/user/1000'), ('GDK_BACKEND', 'wayland'), ('DISPLAY', ':0'), ('VSCODE_DEBUGPY_ADAPTER_ENDPOINTS', '/home/shenhang/.vscode/extensions/ms-python.debugpy-2025.18.0-linux-x64/.noConfigDebugAdapterEndpoints/endpoint-51b4d5a485752e35.txt'), ('LANG', 'zh_CN.UTF-8'), ('XDG_CURRENT_DESKTOP', 'ubuntu:GNOME'), ('PYTHONSTARTUP', '/home/shenhang/.config/Code/User/workspaceStorage/ef4da6c00f614e73fdf73c604713ffa3/ms-python.python/pythonrc.py'), ('XMODIFIERS', '@im=ibus'), ('XDG_SESSION_DESKTOP', 'ubuntu'), ('XAUTHORITY', '/run/user/1000/.mutter-Xwaylandauth.OS4OJ3'), ('LS_COLORS', 'rs=0:di=01;34:ln=01;36:mh=00:pi=40;33:so=01;35:do=01;35:bd=40;33;01:cd=40;33;01:or=40;31;01:mi=00:su=37;41:sg=30;43:ca=30;41:tw=30;42:ow=34;42:st=37;44:ex=01;32:*.tar=01;31:*.tgz=01;31:*.arc=01;31:*.arj=01;31:*.taz=01;31:*.lha=01;31:*.lz4=01;31:*.lzh=01;31:*.lzma=01;31:*.tlz=01;31:*.txz=01;31:*.tzo=01;31:*.t7z=01;31:*.zip=01;31:*.z=01;31:*.dz=01;31:*.gz=01;31:*.lrz=01;31:*.lz=01;31:*.lzo=01;31:*.xz=01;31:*.zst=01;31:*.tzst=01;31:*.bz2=01;31:*.bz=01;31:*.tbz=01;31:*.tbz2=01;31:*.tz=01;31:*.deb=01;31:*.rpm=01;31:*.jar=01;31:*.war=01;31:*.ear=01;31:*.sar=01;31:*.rar=01;31:*.alz=01;31:*.ace=01;31:*.zoo=01;31:*.cpio=01;31:*.7z=01;31:*.rz=01;31:*.cab=01;31:*.wim=01;31:*.swm=01;31:*.dwm=01;31:*.esd=01;31:*.jpg=01;35:*.jpeg=01;35:*.mjpg=01;35:*.mjpeg=01;35:*.gif=01;35:*.bmp=01;35:*.pbm=01;35:*.pgm=01;35:*.ppm=01;35:*.tga=01;35:*.xbm=01;35:*.xpm=01;35:*.tif=01;35:*.tiff=01;35:*.png=01;35:*.svg=01;35:*.svgz=01;35:*.mng=01;35:*.pcx=01;35:*.mov=01;35:*.mpg=01;35:*.mpeg=01;35:*.m2v=01;35:*.mkv=01;35:*.webm=01;35:*.webp=01;35:*.ogm=01;35:*.mp4=01;35:*.m4v=01;35:*.mp4v=01;35:*.vob=01;35:*.qt=01;35:*.nuv=01;35:*.wmv=01;35:*.asf=01;35:*.rm=01;35:*.rmvb=01;35:*.flc=01;35:*.avi=01;35:*.fli=01;35:*.flv=01;35:*.gl=01;35:*.dl=01;35:*.xcf=01;35:*.xwd=01;35:*.yuv=01;35:*.cgm=01;35:*.emf=01;35:*.ogv=01;35:*.ogx=01;35:*.aac=00;36:*.au=00;36:*.flac=00;36:*.m4a=00;36:*.mid=00;36:*.midi=00;36:*.mka=00;36:*.mp3=00;36:*.mpc=00;36:*.ogg=00;36:*.ra=00;36:*.wav=00;36:*.oga=00;36:*.opus=00;36:*.spx=00;36:*.xspf=00;36:'), ('VSCODE_GIT_IPC_HANDLE', '/run/user/1000/vscode-git-cae9e6a9f3.sock'), ('TERM_PROGRAM', 'vscode'), ('SSH_AGENT_LAUNCHER', 'gnome-keyring'), ('SSH_AUTH_SOCK', '/run/user/1000/keyring/ssh'), ('AMENT_PREFIX_PATH', '/home/shenhang/ros_study/chapter3/topic_practice_workspace/install/status_display:/home/shenhang/ros_study/chapter3/topic_practice_workspace/install/status_publisher:/home/shenhang/ros_study/chapter3/topic_practice_workspace/install/status_interfaces:/opt/ros/humble'), ('SHELL', '/bin/bash'), ('QT_ACCESSIBILITY', '1'), ('GDMSESSION', 'ubuntu'), ('LESSCLOSE', '/usr/bin/lesspipe %s %s'), ('GJS_DEBUG_OUTPUT', 'stderr'), ('VSCODE_GIT_ASKPASS_EXTRA_ARGS', ''), ('QT_IM_MODULE', 'ibus'), ('PWD', '/home/shenhang/ros_study/chapter3/topic_practice_workspace/build/status_display'), ('XDG_CONFIG_DIRS', '/etc/xdg/xdg-ubuntu:/etc/xdg'), ('XDG_DATA_DIRS', '/usr/share/ubuntu:/usr/local/share/:/usr/share/:/var/lib/snapd/desktop'), ('PYTHONPATH', '/home/shenhang/ros_study/chapter3/topic_practice_workspace/install/status_publisher/lib/python3.10/site-packages:/home/shenhang/ros_study/chapter3/topic_practice_workspace/install/status_interfaces/local/lib/python3.10/dist-packages:/opt/ros/humble/lib/python3.10/site-packages:/opt/ros/humble/local/lib/python3.10/dist-packages'), ('COLCON', '1'), ('CMAKE_PREFIX_PATH', '/home/shenhang/ros_study/chapter3/topic_practice_workspace/install/status_interfaces:/home/shenhang/ros_study/chapter3/topic_practice_workspace/install/status_display:/home/shenhang/ros_study/chapter3/topic_practice_workspace/install/status_publisher:/opt/ros/humble')]), 'shell': False}
[1.120760] (-) TimerEvent: {}
[1.183155] (status_display) StdoutLine: {'line': b'\x1b[35m\x1b[1mConsolidate compiler generated dependencies of target sys_status_display_exe\x1b[0m\n'}
[1.209127] (status_display) StdoutLine: {'line': b'[ 50%] Built target hello_qt_exe\n'}
[1.214221] (status_display) StdoutLine: {'line': b'[ 75%] \x1b[32mBuilding CXX object CMakeFiles/sys_status_display_exe.dir/src/sys_status_display.cpp.o\x1b[0m\n'}
[1.223042] (-) TimerEvent: {}
[1.323666] (-) TimerEvent: {}
[1.424249] (-) TimerEvent: {}
[1.526787] (-) TimerEvent: {}
[1.627426] (-) TimerEvent: {}
[1.728109] (-) TimerEvent: {}
[1.828984] (-) TimerEvent: {}
[1.929432] (-) TimerEvent: {}
[2.029777] (-) TimerEvent: {}
[2.130281] (-) TimerEvent: {}
[2.230818] (-) TimerEvent: {}
[2.333034] (-) TimerEvent: {}
[2.350315] (status_publisher) Command: {'cmd': ['/usr/bin/python3', '-W', 'ignore:setup.py install is deprecated', '-W', 'ignore:easy_install command is deprecated', 'setup.py', 'egg_info', '--egg-base', '../../build/status_publisher', 'build', '--build-base', '/home/shenhang/ros_study/chapter3/topic_practice_workspace/build/status_publisher/build', 'install', '--record', '/home/shenhang/ros_study/chapter3/topic_practice_workspace/build/status_publisher/install.log', '--single-version-externally-managed', 'install_data'], 'cwd': '/home/shenhang/ros_study/chapter3/topic_practice_workspace/src/status_publisher', 'env': {'GJS_DEBUG_TOPICS': 'JS ERROR;JS LOG', 'PYTHON_BASIC_REPL': '1', 'LESSOPEN': '| /usr/bin/lesspipe %s', 'LANGUAGE': 'zh_CN:zh', 'USER': 'shenhang', 'XDG_SESSION_TYPE': 'wayland', 'GIT_ASKPASS': '/usr/share/code/resources/app/extensions/git/dist/askpass.sh', 'SHLVL': '1', 'LD_LIBRARY_PATH': '/home/shenhang/ros_study/chapter3/topic_practice_workspace/install/status_interfaces/lib:/opt/ros/humble/opt/rviz_ogre_vendor/lib:/opt/ros/humble/lib/x86_64-linux-gnu:/opt/ros/humble/lib', 'HOME': '/home/shenhang', 'CHROME_DESKTOP': 'code.desktop', 'OLDPWD': '/home/shenhang/ros_study/chapter3/topic_practice_workspace/src', 'TERM_PROGRAM_VERSION': '1.108.1', 'DESKTOP_SESSION': 'ubuntu', 'GIO_LAUNCHED_DESKTOP_FILE': '/usr/share/applications/code.desktop', 'ROS_PYTHON_VERSION': '3', 'GNOME_SHELL_SESSION_MODE': 'ubuntu', 'GTK_MODULES': 'gail:atk-bridge', 'VSCODE_GIT_ASKPASS_MAIN': '/usr/share/code/resources/app/extensions/git/dist/askpass-main.js', 'VSCODE_GIT_ASKPASS_NODE': '/usr/share/code/code', 'MANAGERPID': '2341', 'PYDEVD_DISABLE_FILE_VALIDATION': '1', 'SYSTEMD_EXEC_PID': '2505', 'BUNDLED_DEBUGPY_PATH': '/home/shenhang/.vscode/extensions/ms-python.debugpy-2025.18.0-linux-x64/bundled/libs/debugpy', 'IM_CONFIG_CHECK_ENV': '1', 'VSCODE_PYTHON_AUTOACTIVATE_GUARD': '1', 'DBUS_SESSION_BUS_ADDRESS': 'unix:path=/run/user/1000/bus', 'COLORTERM': 'truecolor', 'GIO_LAUNCHED_DESKTOP_FILE_PID': '9065', 'IM_CONFIG_PHASE': '1', 'WAYLAND_DISPLAY': 'wayland-0', 'COLCON_PREFIX_PATH': '/home/shenhang/ros_study/chapter3/topic_practice_workspace/install', 'ROS_DISTRO': 'humble', 'LOGNAME': 'shenhang', 'JOURNAL_STREAM': '8:12577', '_': '/usr/bin/colcon', 'ROS_VERSION': '2', 'XDG_SESSION_CLASS': 'user', 'USERNAME': 'shenhang', 'TERM': 'xterm-256color', 'GNOME_DESKTOP_SESSION_ID': 'this-is-deprecated', 'FC_FONTATIONS': '1', 'ROS_LOCALHOST_ONLY': '0', 'PATH': '/home/shenhang/.config/Code/User/globalStorage/github.copilot-chat/debugCommand:/home/shenhang/.config/Code/User/globalStorage/github.copilot-chat/copilotCli:/opt/ros/humble/bin:/usr/local/sbin:/usr/local/bin:/usr/sbin:/usr/bin:/sbin:/bin:/usr/games:/usr/local/games:/snap/bin:/snap/bin:/home/shenhang/.vscode/extensions/ms-python.debugpy-2025.18.0-linux-x64/bundled/scripts/noConfigScripts', 'SESSION_MANAGER': 'local/shenhang-VirtualBox:@/tmp/.ICE-unix/2480,unix/shenhang-VirtualBox:/tmp/.ICE-unix/2480', 'INVOCATION_ID': 'c3a81940805940c59e7ff094d6b33cb7', 'XDG_MENU_PREFIX': 'gnome-', 'GNOME_SETUP_DISPLAY': ':1', 'XDG_RUNTIME_DIR': '/run/user/1000', 'GDK_BACKEND': 'wayland', 'DISPLAY': ':0', 'VSCODE_DEBUGPY_ADAPTER_ENDPOINTS': '/home/shenhang/.vscode/extensions/ms-python.debugpy-2025.18.0-linux-x64/.noConfigDebugAdapterEndpoints/endpoint-51b4d5a485752e35.txt', 'LANG': 'zh_CN.UTF-8', 'XDG_CURRENT_DESKTOP': 'ubuntu:GNOME', 'PYTHONSTARTUP': '/home/shenhang/.config/Code/User/workspaceStorage/ef4da6c00f614e73fdf73c604713ffa3/ms-python.python/pythonrc.py', 'XMODIFIERS': '@im=ibus', 'XDG_SESSION_DESKTOP': 'ubuntu', 'XAUTHORITY': '/run/user/1000/.mutter-Xwaylandauth.OS4OJ3', 'LS_COLORS': 'rs=0:di=01;34:ln=01;36:mh=00:pi=40;33:so=01;35:do=01;35:bd=40;33;01:cd=40;33;01:or=40;31;01:mi=00:su=37;41:sg=30;43:ca=30;41:tw=30;42:ow=34;42:st=37;44:ex=01;32:*.tar=01;31:*.tgz=01;31:*.arc=01;31:*.arj=01;31:*.taz=01;31:*.lha=01;31:*.lz4=01;31:*.lzh=01;31:*.lzma=01;31:*.tlz=01;31:*.txz=01;31:*.tzo=01;31:*.t7z=01;31:*.zip=01;31:*.z=01;31:*.dz=01;31:*.gz=01;31:*.lrz=01;31:*.lz=01;31:*.lzo=01;31:*.xz=01;31:*.zst=01;31:*.tzst=01;31:*.bz2=01;31:*.bz=01;31:*.tbz=01;31:*.tbz2=01;31:*.tz=01;31:*.deb=01;31:*.rpm=01;31:*.jar=01;31:*.war=01;31:*.ear=01;31:*.sar=01;31:*.rar=01;31:*.alz=01;31:*.ace=01;31:*.zoo=01;31:*.cpio=01;31:*.7z=01;31:*.rz=01;31:*.cab=01;31:*.wim=01;31:*.swm=01;31:*.dwm=01;31:*.esd=01;31:*.jpg=01;35:*.jpeg=01;35:*.mjpg=01;35:*.mjpeg=01;35:*.gif=01;35:*.bmp=01;35:*.pbm=01;35:*.pgm=01;35:*.ppm=01;35:*.tga=01;35:*.xbm=01;35:*.xpm=01;35:*.tif=01;35:*.tiff=01;35:*.png=01;35:*.svg=01;35:*.svgz=01;35:*.mng=01;35:*.pcx=01;35:*.mov=01;35:*.mpg=01;35:*.mpeg=01;35:*.m2v=01;35:*.mkv=01;35:*.webm=01;35:*.webp=01;35:*.ogm=01;35:*.mp4=01;35:*.m4v=01;35:*.mp4v=01;35:*.vob=01;35:*.qt=01;35:*.nuv=01;35:*.wmv=01;35:*.asf=01;35:*.rm=01;35:*.rmvb=01;35:*.flc=01;35:*.avi=01;35:*.fli=01;35:*.flv=01;35:*.gl=01;35:*.dl=01;35:*.xcf=01;35:*.xwd=01;35:*.yuv=01;35:*.cgm=01;35:*.emf=01;35:*.ogv=01;35:*.ogx=01;35:*.aac=00;36:*.au=00;36:*.flac=00;36:*.m4a=00;36:*.mid=00;36:*.midi=00;36:*.mka=00;36:*.mp3=00;36:*.mpc=00;36:*.ogg=00;36:*.ra=00;36:*.wav=00;36:*.oga=00;36:*.opus=00;36:*.spx=00;36:*.xspf=00;36:', 'VSCODE_GIT_IPC_HANDLE': '/run/user/1000/vscode-git-cae9e6a9f3.sock', 'TERM_PROGRAM': 'vscode', 'SSH_AGENT_LAUNCHER': 'gnome-keyring', 'SSH_AUTH_SOCK': '/run/user/1000/keyring/ssh', 'AMENT_PREFIX_PATH': '/home/shenhang/ros_study/chapter3/topic_practice_workspace/install/status_display:/home/shenhang/ros_study/chapter3/topic_practice_workspace/install/status_publisher:/home/shenhang/ros_study/chapter3/topic_practice_workspace/install/status_interfaces:/opt/ros/humble', 'SHELL': '/bin/bash', 'QT_ACCESSIBILITY': '1', 'GDMSESSION': 'ubuntu', 'LESSCLOSE': '/usr/bin/lesspipe %s %s', 'GJS_DEBUG_OUTPUT': 'stderr', 'VSCODE_GIT_ASKPASS_EXTRA_ARGS': '', 'QT_IM_MODULE': 'ibus', 'PWD': '/home/shenhang/ros_study/chapter3/topic_practice_workspace/build/status_publisher', 'XDG_CONFIG_DIRS': '/etc/xdg/xdg-ubuntu:/etc/xdg', 'XDG_DATA_DIRS': '/usr/share/ubuntu:/usr/local/share/:/usr/share/:/var/lib/snapd/desktop', 'PYTHONPATH': '/home/shenhang/ros_study/chapter3/topic_practice_workspace/build/status_publisher/prefix_override:/usr/lib/python3/dist-packages/colcon_core/task/python/colcon_distutils_commands:/home/shenhang/ros_study/chapter3/topic_practice_workspace/install/status_publisher/lib/python3.10/site-packages:/home/shenhang/ros_study/chapter3/topic_practice_workspace/install/status_publisher/lib/python3.10/site-packages:/home/shenhang/ros_study/chapter3/topic_practice_workspace/install/status_interfaces/local/lib/python3.10/dist-packages:/opt/ros/humble/lib/python3.10/site-packages:/opt/ros/humble/local/lib/python3.10/dist-packages', 'COLCON': '1', 'CMAKE_PREFIX_PATH': '/home/shenhang/ros_study/chapter3/topic_practice_workspace/install/status_interfaces:/home/shenhang/ros_study/chapter3/topic_practice_workspace/install/status_display'}, 'shell': False}
[2.433244] (-) TimerEvent: {}
[2.535160] (-) TimerEvent: {}
[2.636108] (-) TimerEvent: {}
[2.738695] (-) TimerEvent: {}
[2.839361] (-) TimerEvent: {}
[2.914411] (status_publisher) StdoutLine: {'line': b'running egg_info\n'}
[2.916974] (status_publisher) StdoutLine: {'line': b'writing ../../build/status_publisher/status_publisher.egg-info/PKG-INFO\n'}
[2.917338] (status_publisher) StdoutLine: {'line': b'writing dependency_links to ../../build/status_publisher/status_publisher.egg-info/dependency_links.txt\n'}
[2.918422] (status_publisher) StdoutLine: {'line': b'writing entry points to ../../build/status_publisher/status_publisher.egg-info/entry_points.txt\n'}
[2.918704] (status_publisher) StdoutLine: {'line': b'writing requirements to ../../build/status_publisher/status_publisher.egg-info/requires.txt\n'}
[2.918865] (status_publisher) StdoutLine: {'line': b'writing top-level names to ../../build/status_publisher/status_publisher.egg-info/top_level.txt\n'}
[2.925074] (status_publisher) StdoutLine: {'line': b"reading manifest file '../../build/status_publisher/status_publisher.egg-info/SOURCES.txt'\n"}
[2.925427] (status_publisher) StdoutLine: {'line': b"adding license file 'LICENSE'\n"}
[2.925724] (status_publisher) StdoutLine: {'line': b"writing manifest file '../../build/status_publisher/status_publisher.egg-info/SOURCES.txt'\n"}
[2.926050] (status_publisher) StdoutLine: {'line': b'running build\n'}
[2.926338] (status_publisher) StdoutLine: {'line': b'running build_py\n'}
[2.927033] (status_publisher) StdoutLine: {'line': b'running install\n'}
[2.927993] (status_publisher) StdoutLine: {'line': b'running install_lib\n'}
[2.930659] (status_publisher) StdoutLine: {'line': b'running install_data\n'}
[2.931977] (status_publisher) StdoutLine: {'line': b'running install_egg_info\n'}
[2.934972] (status_publisher) StdoutLine: {'line': b"removing '/home/shenhang/ros_study/chapter3/topic_practice_workspace/install/status_publisher/lib/python3.10/site-packages/status_publisher-0.0.0-py3.10.egg-info' (and everything under it)\n"}
[2.938700] (status_publisher) StdoutLine: {'line': b'Copying ../../build/status_publisher/status_publisher.egg-info to /home/shenhang/ros_study/chapter3/topic_practice_workspace/install/status_publisher/lib/python3.10/site-packages/status_publisher-0.0.0-py3.10.egg-info\n'}
[2.938980] (status_publisher) StdoutLine: {'line': b'running install_scripts\n'}
[2.939456] (-) TimerEvent: {}
[2.981071] (status_publisher) StdoutLine: {'line': b'Installing sys_status_pub_exe script to /home/shenhang/ros_study/chapter3/topic_practice_workspace/install/status_publisher/lib/status_publisher\n'}
[2.982706] (status_publisher) StdoutLine: {'line': b"writing list of installed files to '/home/shenhang/ros_study/chapter3/topic_practice_workspace/build/status_publisher/install.log'\n"}
[3.040914] (-) TimerEvent: {}
[3.051392] (status_publisher) CommandEnded: {'returncode': 0}
[3.083001] (status_publisher) JobEnded: {'identifier': 'status_publisher', 'rc': 0}
[3.143422] (-) TimerEvent: {}
[3.245532] (-) TimerEvent: {}
[3.346750] (-) TimerEvent: {}
[3.448531] (-) TimerEvent: {}
[3.548996] (-) TimerEvent: {}
[3.649457] (-) TimerEvent: {}
[3.751295] (-) TimerEvent: {}
[3.856593] (-) TimerEvent: {}
[3.957559] (-) TimerEvent: {}
[4.061271] (-) TimerEvent: {}
[4.163433] (-) TimerEvent: {}
[4.264120] (-) TimerEvent: {}
[4.364574] (-) TimerEvent: {}
[4.465447] (-) TimerEvent: {}
[4.566508] (-) TimerEvent: {}
[4.667139] (-) TimerEvent: {}
[4.768396] (-) TimerEvent: {}
[4.873157] (-) TimerEvent: {}
[4.975091] (-) TimerEvent: {}
[5.075683] (-) TimerEvent: {}
[5.177180] (-) TimerEvent: {}
[5.278569] (-) TimerEvent: {}
[5.380054] (-) TimerEvent: {}
[5.480902] (-) TimerEvent: {}
[5.581989] (-) TimerEvent: {}
[5.683113] (-) TimerEvent: {}
[5.783842] (-) TimerEvent: {}
[5.885215] (-) TimerEvent: {}
[5.987175] (-) TimerEvent: {}
[6.089986] (-) TimerEvent: {}
[6.190485] (-) TimerEvent: {}
[6.291572] (-) TimerEvent: {}
[6.392774] (-) TimerEvent: {}
[6.494876] (-) TimerEvent: {}
[6.598436] (-) TimerEvent: {}
[6.699146] (-) TimerEvent: {}
[6.801181] (-) TimerEvent: {}
[6.902561] (-) TimerEvent: {}
[7.004657] (-) TimerEvent: {}
[7.105629] (-) TimerEvent: {}
[7.207472] (-) TimerEvent: {}
[7.307877] (-) TimerEvent: {}
[7.408322] (-) TimerEvent: {}
[7.509588] (-) TimerEvent: {}
[7.599578] (status_display) StderrLine: {'line': b'\x1b[01m\x1b[K/home/shenhang/ros_study/chapter3/topic_practice_workspace/src/status_display/src/sys_status_display.cpp:\x1b[m\x1b[K In member function \xe2\x80\x98\x1b[01m\x1b[KQString SysStatusDisplay::get_qstr_from_msg(status_interfaces::msg::SystemStatus_<std::allocator<void> >::SharedPtr)\x1b[m\x1b[K\xe2\x80\x99:\n'}
[7.602157] (status_display) StderrLine: {'line': b'\x1b[01m\x1b[K/home/shenhang/ros_study/chapter3/topic_practice_workspace/src/status_display/src/sys_status_display.cpp:19:34:\x1b[m\x1b[K \x1b[01;31m\x1b[Kerror: \x1b[m\x1b[Kno match for \xe2\x80\x98\x1b[01m\x1b[Koperator<<\x1b[m\x1b[K\xe2\x80\x99 (operand types are \xe2\x80\x98\x1b[01m\x1b[Kstd::basic_ostream<char>\x1b[m\x1b[K\xe2\x80\x99 and \xe2\x80\x98\x1b[01m\x1b[Kstatus_interfaces::msg::SystemStatus_<std::allocator<void> >::_stamp_type\x1b[m\x1b[K\xe2\x80\x99 {aka \xe2\x80\x98\x1b[01m\x1b[Kbuiltin_interfaces::msg::Time_<std::allocator<void> >\x1b[m\x1b[K\xe2\x80\x99})\n'}
[7.602319] (status_display) StderrLine: {'line': b'   18 |         \x1b[32m\x1b[Kshow_str << "==================\xe7\xb3\xbb\xe7\xbb\x9f\xe7\x8a\xb6\xe6\x80\x81\xe6\x98\xbe\xe7\xa4\xba======================\\n"\x1b[m\x1b[K\n'}
[7.602434] (status_display) StderrLine: {'line': b'      |         \x1b[32m\x1b[K~~~~~~~~~~~~~~~~~~~~~~~~~~~~~~~~~~~~~~~~~~~~~~~~~~~~~~~~~~~~~~~~~~~~\x1b[m\x1b[K\n'}
[7.604056] (status_display) StderrLine: {'line': b'   19 | \x1b[32m\x1b[K                 << "\xe6\x95\xb0\xe6\x8d\xae\xe6\x97\xb6\xe9\x97\xb4: "\x1b[m\x1b[K \x1b[01;31m\x1b[K<<\x1b[m\x1b[K \x1b[34m\x1b[Kmsg->stamp\x1b[m\x1b[K << " s\\n"\n'}
[7.604185] (status_display) StderrLine: {'line': b'      |                  \x1b[32m\x1b[K~~~~~~~~~~~~~~~\x1b[m\x1b[K \x1b[01;31m\x1b[K^~\x1b[m\x1b[K \x1b[34m\x1b[K~~~~~~~~~~\x1b[m\x1b[K\n'}
[7.604278] (status_display) StderrLine: {'line': b'      |                  \x1b[32m\x1b[K|\x1b[m\x1b[K                       \x1b[34m\x1b[K|\x1b[m\x1b[K\n'}
[7.604376] (status_display) StderrLine: {'line': b'      |                  \x1b[32m\x1b[K|\x1b[m\x1b[K                       \x1b[34m\x1b[Kstatus_interfaces::msg::SystemStatus_<std::allocator<void> >::_stamp_type {aka builtin_interfaces::msg::Time_<std::allocator<void> >}\x1b[m\x1b[K\n'}
[7.604467] (status_display) StderrLine: {'line': b'      |                  \x1b[32m\x1b[Kstd::basic_ostream<char>\x1b[m\x1b[K\n'}
[7.604554] (status_display) StderrLine: {'line': b'In file included from \x1b[01m\x1b[K/usr/include/c++/11/iostream:39\x1b[m\x1b[K,\n'}
[7.604641] (status_display) StderrLine: {'line': b'                 from \x1b[01m\x1b[K/opt/ros/humble/include/rclcpp/rclcpp/executor.hpp:22\x1b[m\x1b[K,\n'}
[7.604761] (status_display) StderrLine: {'line': b'                 from \x1b[01m\x1b[K/opt/ros/humble/include/rclcpp/rclcpp/executors/multi_threaded_executor.hpp:25\x1b[m\x1b[K,\n'}
[7.604849] (status_display) StderrLine: {'line': b'                 from \x1b[01m\x1b[K/opt/ros/humble/include/rclcpp/rclcpp/executors.hpp:21\x1b[m\x1b[K,\n'}
[7.604965] (status_display) StderrLine: {'line': b'                 from \x1b[01m\x1b[K/opt/ros/humble/include/rclcpp/rclcpp/rclcpp.hpp:155\x1b[m\x1b[K,\n'}
[7.605073] (status_display) StderrLine: {'line': b'                 from \x1b[01m\x1b[K/home/shenhang/ros_study/chapter3/topic_practice_workspace/src/status_display/src/sys_status_display.cpp:4\x1b[m\x1b[K:\n'}
[7.605162] (status_display) StderrLine: {'line': b'\x1b[01m\x1b[K/usr/include/c++/11/ostream:108:7:\x1b[m\x1b[K \x1b[01;36m\x1b[Knote: \x1b[m\x1b[Kcandidate: \xe2\x80\x98\x1b[01m\x1b[Kstd::basic_ostream<_CharT, _Traits>::__ostream_type& std::basic_ostream<_CharT, _Traits>::operator<<(std::basic_ostream<_CharT, _Traits>::__ostream_type& (*)(std::basic_ostream<_CharT, _Traits>::__ostream_type&)) [with _CharT = char; _Traits = std::char_traits<char>; std::basic_ostream<_CharT, _Traits>::__ostream_type = std::basic_ostream<char>]\x1b[m\x1b[K\xe2\x80\x99\n'}
[7.605255] (status_display) StderrLine: {'line': b'  108 |       \x1b[01;36m\x1b[Koperator\x1b[m\x1b[K<<(__ostream_type& (*__pf)(__ostream_type&))\n'}
[7.605342] (status_display) StderrLine: {'line': b'      |       \x1b[01;36m\x1b[K^~~~~~~~\x1b[m\x1b[K\n'}
[7.605429] (status_display) StderrLine: {'line': b'\x1b[01m\x1b[K/usr/include/c++/11/ostream:108:36:\x1b[m\x1b[K \x1b[01;36m\x1b[Knote: \x1b[m\x1b[K  no known conversion for argument 1 from \xe2\x80\x98\x1b[01m\x1b[Kstatus_interfaces::msg::SystemStatus_<std::allocator<void> >::_stamp_type\x1b[m\x1b[K\xe2\x80\x99 {aka \xe2\x80\x98\x1b[01m\x1b[Kbuiltin_interfaces::msg::Time_<std::allocator<void> >\x1b[m\x1b[K\xe2\x80\x99} to \xe2\x80\x98\x1b[01m\x1b[Kstd::basic_ostream<char>::__ostream_type& (*)(std::basic_ostream<char>::__ostream_type&)\x1b[m\x1b[K\xe2\x80\x99 {aka \xe2\x80\x98\x1b[01m\x1b[Kstd::basic_ostream<char>& (*)(std::basic_ostream<char>&)\x1b[m\x1b[K\xe2\x80\x99}\n'}
[7.605520] (status_display) StderrLine: {'line': b'  108 |       operator<<(\x1b[01;36m\x1b[K__ostream_type& (*__pf)(__ostream_type&)\x1b[m\x1b[K)\n'}
[7.605616] (status_display) StderrLine: {'line': b'      |                  \x1b[01;36m\x1b[K~~~~~~~~~~~~~~~~~~^~~~~~~~~~~~~~~~~~~~~~\x1b[m\x1b[K\n'}
[7.605780] (status_display) StderrLine: {'line': b'\x1b[01m\x1b[K/usr/include/c++/11/ostream:117:7:\x1b[m\x1b[K \x1b[01;36m\x1b[Knote: \x1b[m\x1b[Kcandidate: \xe2\x80\x98\x1b[01m\x1b[Kstd::basic_ostream<_CharT, _Traits>::__ostream_type& std::basic_ostream<_CharT, _Traits>::operator<<(std::basic_ostream<_CharT, _Traits>::__ios_type& (*)(std::basic_ostream<_CharT, _Traits>::__ios_type&)) [with _CharT = char; _Traits = std::char_traits<char>; std::basic_ostream<_CharT, _Traits>::__ostream_type = std::basic_ostream<char>; std::basic_ostream<_CharT, _Traits>::__ios_type = std::basic_ios<char>]\x1b[m\x1b[K\xe2\x80\x99\n'}
[7.605974] (status_display) StderrLine: {'line': b'  117 |       \x1b[01;36m\x1b[Koperator\x1b[m\x1b[K<<(__ios_type& (*__pf)(__ios_type&))\n'}
[7.607479] (status_display) StderrLine: {'line': b'      |       \x1b[01;36m\x1b[K^~~~~~~~\x1b[m\x1b[K\n'}
[7.607684] (status_display) StderrLine: {'line': b'\x1b[01m\x1b[K/usr/include/c++/11/ostream:117:32:\x1b[m\x1b[K \x1b[01;36m\x1b[Knote: \x1b[m\x1b[K  no known conversion for argument 1 from \xe2\x80\x98\x1b[01m\x1b[Kstatus_interfaces::msg::SystemStatus_<std::allocator<void> >::_stamp_type\x1b[m\x1b[K\xe2\x80\x99 {aka \xe2\x80\x98\x1b[01m\x1b[Kbuiltin_interfaces::msg::Time_<std::allocator<void> >\x1b[m\x1b[K\xe2\x80\x99} to \xe2\x80\x98\x1b[01m\x1b[Kstd::basic_ostream<char>::__ios_type& (*)(std::basic_ostream<char>::__ios_type&)\x1b[m\x1b[K\xe2\x80\x99 {aka \xe2\x80\x98\x1b[01m\x1b[Kstd::basic_ios<char>& (*)(std::basic_ios<char>&)\x1b[m\x1b[K\xe2\x80\x99}\n'}
[7.609521] (status_display) StderrLine: {'line': b'  117 |       operator<<(\x1b[01;36m\x1b[K__ios_type& (*__pf)(__ios_type&)\x1b[m\x1b[K)\n'}
[7.609662] (-) TimerEvent: {}
[7.610284] (status_display) StderrLine: {'line': b'      |                  \x1b[01;36m\x1b[K~~~~~~~~~~~~~~^~~~~~~~~~~~~~~~~~\x1b[m\x1b[K\n'}
[7.610429] (status_display) StderrLine: {'line': b'\x1b[01m\x1b[K/usr/include/c++/11/ostream:127:7:\x1b[m\x1b[K \x1b[01;36m\x1b[Knote: \x1b[m\x1b[Kcandidate: \xe2\x80\x98\x1b[01m\x1b[Kstd::basic_ostream<_CharT, _Traits>::__ostream_type& std::basic_ostream<_CharT, _Traits>::operator<<(std::ios_base& (*)(std::ios_base&)) [with _CharT = char; _Traits = std::char_traits<char>; std::basic_ostream<_CharT, _Traits>::__ostream_type = std::basic_ostream<char>]\x1b[m\x1b[K\xe2\x80\x99\n'}
[7.610569] (status_display) StderrLine: {'line': b'  127 |       \x1b[01;36m\x1b[Koperator\x1b[m\x1b[K<<(ios_base& (*__pf) (ios_base&))\n'}
[7.610663] (status_display) StderrLine: {'line': b'      |       \x1b[01;36m\x1b[K^~~~~~~~\x1b[m\x1b[K\n'}
[7.610755] (status_display) StderrLine: {'line': b'\x1b[01m\x1b[K/usr/include/c++/11/ostream:127:30:\x1b[m\x1b[K \x1b[01;36m\x1b[Knote: \x1b[m\x1b[K  no known conversion for argument 1 from \xe2\x80\x98\x1b[01m\x1b[Kstatus_interfaces::msg::SystemStatus_<std::allocator<void> >::_stamp_type\x1b[m\x1b[K\xe2\x80\x99 {aka \xe2\x80\x98\x1b[01m\x1b[Kbuiltin_interfaces::msg::Time_<std::allocator<void> >\x1b[m\x1b[K\xe2\x80\x99} to \xe2\x80\x98\x1b[01m\x1b[Kstd::ios_base& (*)(std::ios_base&)\x1b[m\x1b[K\xe2\x80\x99\n'}
[7.610851] (status_display) StderrLine: {'line': b'  127 |       operator<<(\x1b[01;36m\x1b[Kios_base& (*__pf) (ios_base&)\x1b[m\x1b[K)\n'}
[7.610943] (status_display) StderrLine: {'line': b'      |                  \x1b[01;36m\x1b[K~~~~~~~~~~~~^~~~~~~~~~~~~~~~~\x1b[m\x1b[K\n'}
[7.611034] (status_display) StderrLine: {'line': b'\x1b[01m\x1b[K/usr/include/c++/11/ostream:166:7:\x1b[m\x1b[K \x1b[01;36m\x1b[Knote: \x1b[m\x1b[Kcandidate: \xe2\x80\x98\x1b[01m\x1b[Kstd::basic_ostream<_CharT, _Traits>::__ostream_type& std::basic_ostream<_CharT, _Traits>::operator<<(long int) [with _CharT = char; _Traits = std::char_traits<char>; std::basic_ostream<_CharT, _Traits>::__ostream_type = std::basic_ostream<char>]\x1b[m\x1b[K\xe2\x80\x99\n'}
[7.611130] (status_display) StderrLine: {'line': b'  166 |       \x1b[01;36m\x1b[Koperator\x1b[m\x1b[K<<(long __n)\n'}
[7.611223] (status_display) StderrLine: {'line': b'      |       \x1b[01;36m\x1b[K^~~~~~~~\x1b[m\x1b[K\n'}
[7.611312] (status_display) StderrLine: {'line': b'\x1b[01m\x1b[K/usr/include/c++/11/ostream:166:23:\x1b[m\x1b[K \x1b[01;36m\x1b[Knote: \x1b[m\x1b[K  no known conversion for argument 1 from \xe2\x80\x98\x1b[01m\x1b[Kstatus_interfaces::msg::SystemStatus_<std::allocator<void> >::_stamp_type\x1b[m\x1b[K\xe2\x80\x99 {aka \xe2\x80\x98\x1b[01m\x1b[Kbuiltin_interfaces::msg::Time_<std::allocator<void> >\x1b[m\x1b[K\xe2\x80\x99} to \xe2\x80\x98\x1b[01m\x1b[Klong int\x1b[m\x1b[K\xe2\x80\x99\n'}
[7.611406] (status_display) StderrLine: {'line': b'  166 |       operator<<(\x1b[01;36m\x1b[Klong __n\x1b[m\x1b[K)\n'}
[7.611542] (status_display) StderrLine: {'line': b'      |                  \x1b[01;36m\x1b[K~~~~~^~~\x1b[m\x1b[K\n'}
[7.611668] (status_display) StderrLine: {'line': b'\x1b[01m\x1b[K/usr/include/c++/11/ostream:170:7:\x1b[m\x1b[K \x1b[01;36m\x1b[Knote: \x1b[m\x1b[Kcandidate: \xe2\x80\x98\x1b[01m\x1b[Kstd::basic_ostream<_CharT, _Traits>::__ostream_type& std::basic_ostream<_CharT, _Traits>::operator<<(long unsigned int) [with _CharT = char; _Traits = std::char_traits<char>; std::basic_ostream<_CharT, _Traits>::__ostream_type = std::basic_ostream<char>]\x1b[m\x1b[K\xe2\x80\x99\n'}
[7.611769] (status_display) StderrLine: {'line': b'  170 |       \x1b[01;36m\x1b[Koperator\x1b[m\x1b[K<<(unsigned long __n)\n'}
[7.611919] (status_display) StderrLine: {'line': b'      |       \x1b[01;36m\x1b[K^~~~~~~~\x1b[m\x1b[K\n'}
[7.612090] (status_display) StderrLine: {'line': b'\x1b[01m\x1b[K/usr/include/c++/11/ostream:170:32:\x1b[m\x1b[K \x1b[01;36m\x1b[Knote: \x1b[m\x1b[K  no known conversion for argument 1 from \xe2\x80\x98\x1b[01m\x1b[Kstatus_interfaces::msg::SystemStatus_<std::allocator<void> >::_stamp_type\x1b[m\x1b[K\xe2\x80\x99 {aka \xe2\x80\x98\x1b[01m\x1b[Kbuiltin_interfaces::msg::Time_<std::allocator<void> >\x1b[m\x1b[K\xe2\x80\x99} to \xe2\x80\x98\x1b[01m\x1b[Klong unsigned int\x1b[m\x1b[K\xe2\x80\x99\n'}
[7.612298] (status_display) StderrLine: {'line': b'  170 |       operator<<(\x1b[01;36m\x1b[Kunsigned long __n\x1b[m\x1b[K)\n'}
[7.612370] (status_display) StderrLine: {'line': b'      |                  \x1b[01;36m\x1b[K~~~~~~~~~~~~~~^~~\x1b[m\x1b[K\n'}
[7.612508] (status_display) StderrLine: {'line': b'\x1b[01m\x1b[K/usr/include/c++/11/ostream:174:7:\x1b[m\x1b[K \x1b[01;36m\x1b[Knote: \x1b[m\x1b[Kcandidate: \xe2\x80\x98\x1b[01m\x1b[Kstd::basic_ostream<_CharT, _Traits>::__ostream_type& std::basic_ostream<_CharT, _Traits>::operator<<(bool) [with _CharT = char; _Traits = std::char_traits<char>; std::basic_ostream<_CharT, _Traits>::__ostream_type = std::basic_ostream<char>]\x1b[m\x1b[K\xe2\x80\x99\n'}
[7.612762] (status_display) StderrLine: {'line': b'  174 |       \x1b[01;36m\x1b[Koperator\x1b[m\x1b[K<<(bool __n)\n'}
[7.612838] (status_display) StderrLine: {'line': b'      |       \x1b[01;36m\x1b[K^~~~~~~~\x1b[m\x1b[K\n'}
[7.613019] (status_display) StderrLine: {'line': b'\x1b[01m\x1b[K/usr/include/c++/11/ostream:174:23:\x1b[m\x1b[K \x1b[01;36m\x1b[Knote: \x1b[m\x1b[K  no known conversion for argument 1 from \xe2\x80\x98\x1b[01m\x1b[Kstatus_interfaces::msg::SystemStatus_<std::allocator<void> >::_stamp_type\x1b[m\x1b[K\xe2\x80\x99 {aka \xe2\x80\x98\x1b[01m\x1b[Kbuiltin_interfaces::msg::Time_<std::allocator<void> >\x1b[m\x1b[K\xe2\x80\x99} to \xe2\x80\x98\x1b[01m\x1b[Kbool\x1b[m\x1b[K\xe2\x80\x99\n'}
[7.613247] (status_display) StderrLine: {'line': b'  174 |       operator<<(\x1b[01;36m\x1b[Kbool __n\x1b[m\x1b[K)\n'}
[7.613321] (status_display) StderrLine: {'line': b'      |                  \x1b[01;36m\x1b[K~~~~~^~~\x1b[m\x1b[K\n'}
[7.613383] (status_display) StderrLine: {'line': b'In file included from \x1b[01m\x1b[K/usr/include/c++/11/ostream:829\x1b[m\x1b[K,\n'}
[7.613495] (status_display) StderrLine: {'line': b'                 from \x1b[01m\x1b[K/usr/include/c++/11/iostream:39\x1b[m\x1b[K,\n'}
[7.613606] (status_display) StderrLine: {'line': b'                 from \x1b[01m\x1b[K/opt/ros/humble/include/rclcpp/rclcpp/executor.hpp:22\x1b[m\x1b[K,\n'}
[7.613708] (status_display) StderrLine: {'line': b'                 from \x1b[01m\x1b[K/opt/ros/humble/include/rclcpp/rclcpp/executors/multi_threaded_executor.hpp:25\x1b[m\x1b[K,\n'}
[7.614110] (status_display) StderrLine: {'line': b'                 from \x1b[01m\x1b[K/opt/ros/humble/include/rclcpp/rclcpp/executors.hpp:21\x1b[m\x1b[K,\n'}
[7.614185] (status_display) StderrLine: {'line': b'                 from \x1b[01m\x1b[K/opt/ros/humble/include/rclcpp/rclcpp/rclcpp.hpp:155\x1b[m\x1b[K,\n'}
[7.614249] (status_display) StderrLine: {'line': b'                 from \x1b[01m\x1b[K/home/shenhang/ros_study/chapter3/topic_practice_workspace/src/status_display/src/sys_status_display.cpp:4\x1b[m\x1b[K:\n'}
[7.614313] (status_display) StderrLine: {'line': b'\x1b[01m\x1b[K/usr/include/c++/11/bits/ostream.tcc:91:5:\x1b[m\x1b[K \x1b[01;36m\x1b[Knote: \x1b[m\x1b[Kcandidate: \xe2\x80\x98\x1b[01m\x1b[Kstd::basic_ostream<_CharT, _Traits>& std::basic_ostream<_CharT, _Traits>::operator<<(short int) [with _CharT = char; _Traits = std::char_traits<char>]\x1b[m\x1b[K\xe2\x80\x99\n'}
[7.614384] (status_display) StderrLine: {'line': b'   91 |     \x1b[01;36m\x1b[Kbasic_ostream<_CharT, _Traits>\x1b[m\x1b[K::\n'}
[7.614654] (status_display) StderrLine: {'line': b'      |     \x1b[01;36m\x1b[K^~~~~~~~~~~~~~~~~~~~~~~~~~~~~~\x1b[m\x1b[K\n'}
[7.614728] (status_display) StderrLine: {'line': b'\x1b[01m\x1b[K/usr/include/c++/11/bits/ostream.tcc:92:22:\x1b[m\x1b[K \x1b[01;36m\x1b[Knote: \x1b[m\x1b[K  no known conversion for argument 1 from \xe2\x80\x98\x1b[01m\x1b[Kstatus_interfaces::msg::SystemStatus_<std::allocator<void> >::_stamp_type\x1b[m\x1b[K\xe2\x80\x99 {aka \xe2\x80\x98\x1b[01m\x1b[Kbuiltin_interfaces::msg::Time_<std::allocator<void> >\x1b[m\x1b[K\xe2\x80\x99} to \xe2\x80\x98\x1b[01m\x1b[Kshort int\x1b[m\x1b[K\xe2\x80\x99\n'}
[7.614967] (status_display) StderrLine: {'line': b'   92 |     operator<<(\x1b[01;36m\x1b[Kshort __n\x1b[m\x1b[K)\n'}
[7.615085] (status_display) StderrLine: {'line': b'      |                \x1b[01;36m\x1b[K~~~~~~^~~\x1b[m\x1b[K\n'}
[7.615213] (status_display) StderrLine: {'line': b'In file included from \x1b[01m\x1b[K/usr/include/c++/11/iostream:39\x1b[m\x1b[K,\n'}
[7.615651] (status_display) StderrLine: {'line': b'                 from \x1b[01m\x1b[K/opt/ros/humble/include/rclcpp/rclcpp/executor.hpp:22\x1b[m\x1b[K,\n'}
[7.615846] (status_display) StderrLine: {'line': b'                 from \x1b[01m\x1b[K/opt/ros/humble/include/rclcpp/rclcpp/executors/multi_threaded_executor.hpp:25\x1b[m\x1b[K,\n'}
[7.616105] (status_display) StderrLine: {'line': b'                 from \x1b[01m\x1b[K/opt/ros/humble/include/rclcpp/rclcpp/executors.hpp:21\x1b[m\x1b[K,\n'}
[7.616789] (status_display) StderrLine: {'line': b'                 from \x1b[01m\x1b[K/opt/ros/humble/include/rclcpp/rclcpp/rclcpp.hpp:155\x1b[m\x1b[K,\n'}
[7.617100] (status_display) StderrLine: {'line': b'                 from \x1b[01m\x1b[K/home/shenhang/ros_study/chapter3/topic_practice_workspace/src/status_display/src/sys_status_display.cpp:4\x1b[m\x1b[K:\n'}
[7.619847] (status_display) StderrLine: {'line': b'\x1b[01m\x1b[K/usr/include/c++/11/ostream:181:7:\x1b[m\x1b[K \x1b[01;36m\x1b[Knote: \x1b[m\x1b[Kcandidate: \xe2\x80\x98\x1b[01m\x1b[Kstd::basic_ostream<_CharT, _Traits>::__ostream_type& std::basic_ostream<_CharT, _Traits>::operator<<(short unsigned int) [with _CharT = char; _Traits = std::char_traits<char>; std::basic_ostream<_CharT, _Traits>::__ostream_type = std::basic_ostream<char>]\x1b[m\x1b[K\xe2\x80\x99\n'}
[7.620033] (status_display) StderrLine: {'line': b'  181 |       \x1b[01;36m\x1b[Koperator\x1b[m\x1b[K<<(unsigned short __n)\n'}
[7.620150] (status_display) StderrLine: {'line': b'      |       \x1b[01;36m\x1b[K^~~~~~~~\x1b[m\x1b[K\n'}
[7.620257] (status_display) StderrLine: {'line': b'\x1b[01m\x1b[K/usr/include/c++/11/ostream:181:33:\x1b[m\x1b[K \x1b[01;36m\x1b[Knote: \x1b[m\x1b[K  no known conversion for argument 1 from \xe2\x80\x98\x1b[01m\x1b[Kstatus_interfaces::msg::SystemStatus_<std::allocator<void> >::_stamp_type\x1b[m\x1b[K\xe2\x80\x99 {aka \xe2\x80\x98\x1b[01m\x1b[Kbuiltin_interfaces::msg::Time_<std::allocator<void> >\x1b[m\x1b[K\xe2\x80\x99} to \xe2\x80\x98\x1b[01m\x1b[Kshort unsigned int\x1b[m\x1b[K\xe2\x80\x99\n'}
[7.620564] (status_display) StderrLine: {'line': b'  181 |       operator<<(\x1b[01;36m\x1b[Kunsigned short __n\x1b[m\x1b[K)\n'}
[7.620635] (status_display) StderrLine: {'line': b'      |                  \x1b[01;36m\x1b[K~~~~~~~~~~~~~~~^~~\x1b[m\x1b[K\n'}
[7.620687] (status_display) StderrLine: {'line': b'In file included from \x1b[01m\x1b[K/usr/include/c++/11/ostream:829\x1b[m\x1b[K,\n'}
[7.620737] (status_display) StderrLine: {'line': b'                 from \x1b[01m\x1b[K/usr/include/c++/11/iostream:39\x1b[m\x1b[K,\n'}
[7.620786] (status_display) StderrLine: {'line': b'                 from \x1b[01m\x1b[K/opt/ros/humble/include/rclcpp/rclcpp/executor.hpp:22\x1b[m\x1b[K,\n'}
[7.620835] (status_display) StderrLine: {'line': b'                 from \x1b[01m\x1b[K/opt/ros/humble/include/rclcpp/rclcpp/executors/multi_threaded_executor.hpp:25\x1b[m\x1b[K,\n'}
[7.620891] (status_display) StderrLine: {'line': b'                 from \x1b[01m\x1b[K/opt/ros/humble/include/rclcpp/rclcpp/executors.hpp:21\x1b[m\x1b[K,\n'}
[7.621044] (status_display) StderrLine: {'line': b'                 from \x1b[01m\x1b[K/opt/ros/humble/include/rclcpp/rclcpp/rclcpp.hpp:155\x1b[m\x1b[K,\n'}
[7.621132] (status_display) StderrLine: {'line': b'                 from \x1b[01m\x1b[K/home/shenhang/ros_study/chapter3/topic_practice_workspace/src/status_display/src/sys_status_display.cpp:4\x1b[m\x1b[K:\n'}
[7.621218] (status_display) StderrLine: {'line': b'\x1b[01m\x1b[K/usr/include/c++/11/bits/ostream.tcc:105:5:\x1b[m\x1b[K \x1b[01;36m\x1b[Knote: \x1b[m\x1b[Kcandidate: \xe2\x80\x98\x1b[01m\x1b[Kstd::basic_ostream<_CharT, _Traits>& std::basic_ostream<_CharT, _Traits>::operator<<(int) [with _CharT = char; _Traits = std::char_traits<char>]\x1b[m\x1b[K\xe2\x80\x99\n'}
[7.621340] (status_display) StderrLine: {'line': b'  105 |     \x1b[01;36m\x1b[Kbasic_ostream<_CharT, _Traits>\x1b[m\x1b[K::\n'}
[7.621428] (status_display) StderrLine: {'line': b'      |     \x1b[01;36m\x1b[K^~~~~~~~~~~~~~~~~~~~~~~~~~~~~~\x1b[m\x1b[K\n'}
[7.621513] (status_display) StderrLine: {'line': b'\x1b[01m\x1b[K/usr/include/c++/11/bits/ostream.tcc:106:20:\x1b[m\x1b[K \x1b[01;36m\x1b[Knote: \x1b[m\x1b[K  no known conversion for argument 1 from \xe2\x80\x98\x1b[01m\x1b[Kstatus_interfaces::msg::SystemStatus_<std::allocator<void> >::_stamp_type\x1b[m\x1b[K\xe2\x80\x99 {aka \xe2\x80\x98\x1b[01m\x1b[Kbuiltin_interfaces::msg::Time_<std::allocator<void> >\x1b[m\x1b[K\xe2\x80\x99} to \xe2\x80\x98\x1b[01m\x1b[Kint\x1b[m\x1b[K\xe2\x80\x99\n'}
[7.621605] (status_display) StderrLine: {'line': b'  106 |     operator<<(\x1b[01;36m\x1b[Kint __n\x1b[m\x1b[K)\n'}
[7.621690] (status_display) StderrLine: {'line': b'      |                \x1b[01;36m\x1b[K~~~~^~~\x1b[m\x1b[K\n'}
[7.621775] (status_display) StderrLine: {'line': b'In file included from \x1b[01m\x1b[K/usr/include/c++/11/iostream:39\x1b[m\x1b[K,\n'}
[7.621860] (status_display) StderrLine: {'line': b'                 from \x1b[01m\x1b[K/opt/ros/humble/include/rclcpp/rclcpp/executor.hpp:22\x1b[m\x1b[K,\n'}
[7.621950] (status_display) StderrLine: {'line': b'                 from \x1b[01m\x1b[K/opt/ros/humble/include/rclcpp/rclcpp/executors/multi_threaded_executor.hpp:25\x1b[m\x1b[K,\n'}
[7.622040] (status_display) StderrLine: {'line': b'                 from \x1b[01m\x1b[K/opt/ros/humble/include/rclcpp/rclcpp/executors.hpp:21\x1b[m\x1b[K,\n'}
[7.622131] (status_display) StderrLine: {'line': b'                 from \x1b[01m\x1b[K/opt/ros/humble/include/rclcpp/rclcpp/rclcpp.hpp:155\x1b[m\x1b[K,\n'}
[7.622269] (status_display) StderrLine: {'line': b'                 from \x1b[01m\x1b[K/home/shenhang/ros_study/chapter3/topic_practice_workspace/src/status_display/src/sys_status_display.cpp:4\x1b[m\x1b[K:\n'}
[7.622777] (status_display) StderrLine: {'line': b'\x1b[01m\x1b[K/usr/include/c++/11/ostream:192:7:\x1b[m\x1b[K \x1b[01;36m\x1b[Knote: \x1b[m\x1b[Kcandidate: \xe2\x80\x98\x1b[01m\x1b[Kstd::basic_ostream<_CharT, _Traits>::__ostream_type& std::basic_ostream<_CharT, _Traits>::operator<<(unsigned int) [with _CharT = char; _Traits = std::char_traits<char>; std::basic_ostream<_CharT, _Traits>::__ostream_type = std::basic_ostream<char>]\x1b[m\x1b[K\xe2\x80\x99\n'}
[7.622874] (status_display) StderrLine: {'line': b'  192 |       \x1b[01;36m\x1b[Koperator\x1b[m\x1b[K<<(unsigned int __n)\n'}
[7.623023] (status_display) StderrLine: {'line': b'      |       \x1b[01;36m\x1b[K^~~~~~~~\x1b[m\x1b[K\n'}
[7.623113] (status_display) StderrLine: {'line': b'\x1b[01m\x1b[K/usr/include/c++/11/ostream:192:31:\x1b[m\x1b[K \x1b[01;36m\x1b[Knote: \x1b[m\x1b[K  no known conversion for argument 1 from \xe2\x80\x98\x1b[01m\x1b[Kstatus_interfaces::msg::SystemStatus_<std::allocator<void> >::_stamp_type\x1b[m\x1b[K\xe2\x80\x99 {aka \xe2\x80\x98\x1b[01m\x1b[Kbuiltin_interfaces::msg::Time_<std::allocator<void> >\x1b[m\x1b[K\xe2\x80\x99} to \xe2\x80\x98\x1b[01m\x1b[Kunsigned int\x1b[m\x1b[K\xe2\x80\x99\n'}
[7.623247] (status_display) StderrLine: {'line': b'  192 |       operator<<(\x1b[01;36m\x1b[Kunsigned int __n\x1b[m\x1b[K)\n'}
[7.623345] (status_display) StderrLine: {'line': b'      |                  \x1b[01;36m\x1b[K~~~~~~~~~~~~~^~~\x1b[m\x1b[K\n'}
[7.623430] (status_display) StderrLine: {'line': b'\x1b[01m\x1b[K/usr/include/c++/11/ostream:201:7:\x1b[m\x1b[K \x1b[01;36m\x1b[Knote: \x1b[m\x1b[Kcandidate: \xe2\x80\x98\x1b[01m\x1b[Kstd::basic_ostream<_CharT, _Traits>::__ostream_type& std::basic_ostream<_CharT, _Traits>::operator<<(long long int) [with _CharT = char; _Traits = std::char_traits<char>; std::basic_ostream<_CharT, _Traits>::__ostream_type = std::basic_ostream<char>]\x1b[m\x1b[K\xe2\x80\x99\n'}
[7.623519] (status_display) StderrLine: {'line': b'  201 |       \x1b[01;36m\x1b[Koperator\x1b[m\x1b[K<<(long long __n)\n'}
[7.623620] (status_display) StderrLine: {'line': b'      |       \x1b[01;36m\x1b[K^~~~~~~~\x1b[m\x1b[K\n'}
[7.623720] (status_display) StderrLine: {'line': b'\x1b[01m\x1b[K/usr/include/c++/11/ostream:201:28:\x1b[m\x1b[K \x1b[01;36m\x1b[Knote: \x1b[m\x1b[K  no known conversion for argument 1 from \xe2\x80\x98\x1b[01m\x1b[Kstatus_interfaces::msg::SystemStatus_<std::allocator<void> >::_stamp_type\x1b[m\x1b[K\xe2\x80\x99 {aka \xe2\x80\x98\x1b[01m\x1b[Kbuiltin_interfaces::msg::Time_<std::allocator<void> >\x1b[m\x1b[K\xe2\x80\x99} to \xe2\x80\x98\x1b[01m\x1b[Klong long int\x1b[m\x1b[K\xe2\x80\x99\n'}
[7.623835] (status_display) StderrLine: {'line': b'  201 |       operator<<(\x1b[01;36m\x1b[Klong long __n\x1b[m\x1b[K)\n'}
[7.624003] (status_display) StderrLine: {'line': b'      |                  \x1b[01;36m\x1b[K~~~~~~~~~~^~~\x1b[m\x1b[K\n'}
[7.624110] (status_display) StderrLine: {'line': b'\x1b[01m\x1b[K/usr/include/c++/11/ostream:205:7:\x1b[m\x1b[K \x1b[01;36m\x1b[Knote: \x1b[m\x1b[Kcandidate: \xe2\x80\x98\x1b[01m\x1b[Kstd::basic_ostream<_CharT, _Traits>::__ostream_type& std::basic_ostream<_CharT, _Traits>::operator<<(long long unsigned int) [with _CharT = char; _Traits = std::char_traits<char>; std::basic_ostream<_CharT, _Traits>::__ostream_type = std::basic_ostream<char>]\x1b[m\x1b[K\xe2\x80\x99\n'}
[7.624443] (status_display) StderrLine: {'line': b'  205 |       \x1b[01;36m\x1b[Koperator\x1b[m\x1b[K<<(unsigned long long __n)\n'}
[7.624546] (status_display) StderrLine: {'line': b'      |       \x1b[01;36m\x1b[K^~~~~~~~\x1b[m\x1b[K\n'}
[7.624640] (status_display) StderrLine: {'line': b'\x1b[01m\x1b[K/usr/include/c++/11/ostream:205:37:\x1b[m\x1b[K \x1b[01;36m\x1b[Knote: \x1b[m\x1b[K  no known conversion for argument 1 from \xe2\x80\x98\x1b[01m\x1b[Kstatus_interfaces::msg::SystemStatus_<std::allocator<void> >::_stamp_type\x1b[m\x1b[K\xe2\x80\x99 {aka \xe2\x80\x98\x1b[01m\x1b[Kbuiltin_interfaces::msg::Time_<std::allocator<void> >\x1b[m\x1b[K\xe2\x80\x99} to \xe2\x80\x98\x1b[01m\x1b[Klong long unsigned int\x1b[m\x1b[K\xe2\x80\x99\n'}
[7.624743] (status_display) StderrLine: {'line': b'  205 |       operator<<(\x1b[01;36m\x1b[Kunsigned long long __n\x1b[m\x1b[K)\n'}
[7.624848] (status_display) StderrLine: {'line': b'      |                  \x1b[01;36m\x1b[K~~~~~~~~~~~~~~~~~~~^~~\x1b[m\x1b[K\n'}
[7.625004] (status_display) StderrLine: {'line': b'\x1b[01m\x1b[K/usr/include/c++/11/ostream:220:7:\x1b[m\x1b[K \x1b[01;36m\x1b[Knote: \x1b[m\x1b[Kcandidate: \xe2\x80\x98\x1b[01m\x1b[Kstd::basic_ostream<_CharT, _Traits>::__ostream_type& std::basic_ostream<_CharT, _Traits>::operator<<(double) [with _CharT = char; _Traits = std::char_traits<char>; std::basic_ostream<_CharT, _Traits>::__ostream_type = std::basic_ostream<char>]\x1b[m\x1b[K\xe2\x80\x99\n'}
[7.625472] (status_display) StderrLine: {'line': b'  220 |       \x1b[01;36m\x1b[Koperator\x1b[m\x1b[K<<(double __f)\n'}
[7.625535] (status_display) StderrLine: {'line': b'      |       \x1b[01;36m\x1b[K^~~~~~~~\x1b[m\x1b[K\n'}
[7.625593] (status_display) StderrLine: {'line': b'\x1b[01m\x1b[K/usr/include/c++/11/ostream:220:25:\x1b[m\x1b[K \x1b[01;36m\x1b[Knote: \x1b[m\x1b[K  no known conversion for argument 1 from \xe2\x80\x98\x1b[01m\x1b[Kstatus_interfaces::msg::SystemStatus_<std::allocator<void> >::_stamp_type\x1b[m\x1b[K\xe2\x80\x99 {aka \xe2\x80\x98\x1b[01m\x1b[Kbuiltin_interfaces::msg::Time_<std::allocator<void> >\x1b[m\x1b[K\xe2\x80\x99} to \xe2\x80\x98\x1b[01m\x1b[Kdouble\x1b[m\x1b[K\xe2\x80\x99\n'}
[7.625651] (status_display) StderrLine: {'line': b'  220 |       operator<<(\x1b[01;36m\x1b[Kdouble __f\x1b[m\x1b[K)\n'}
[7.625700] (status_display) StderrLine: {'line': b'      |                  \x1b[01;36m\x1b[K~~~~~~~^~~\x1b[m\x1b[K\n'}
[7.625749] (status_display) StderrLine: {'line': b'\x1b[01m\x1b[K/usr/include/c++/11/ostream:224:7:\x1b[m\x1b[K \x1b[01;36m\x1b[Knote: \x1b[m\x1b[Kcandidate: \xe2\x80\x98\x1b[01m\x1b[Kstd::basic_ostream<_CharT, _Traits>::__ostream_type& std::basic_ostream<_CharT, _Traits>::operator<<(float) [with _CharT = char; _Traits = std::char_traits<char>; std::basic_ostream<_CharT, _Traits>::__ostream_type = std::basic_ostream<char>]\x1b[m\x1b[K\xe2\x80\x99\n'}
[7.625801] (status_display) StderrLine: {'line': b'  224 |       \x1b[01;36m\x1b[Koperator\x1b[m\x1b[K<<(float __f)\n'}
[7.625850] (status_display) StderrLine: {'line': b'      |       \x1b[01;36m\x1b[K^~~~~~~~\x1b[m\x1b[K\n'}
[7.625940] (status_display) StderrLine: {'line': b'\x1b[01m\x1b[K/usr/include/c++/11/ostream:224:24:\x1b[m\x1b[K \x1b[01;36m\x1b[Knote: \x1b[m\x1b[K  no known conversion for argument 1 from \xe2\x80\x98\x1b[01m\x1b[Kstatus_interfaces::msg::SystemStatus_<std::allocator<void> >::_stamp_type\x1b[m\x1b[K\xe2\x80\x99 {aka \xe2\x80\x98\x1b[01m\x1b[Kbuiltin_interfaces::msg::Time_<std::allocator<void> >\x1b[m\x1b[K\xe2\x80\x99} to \xe2\x80\x98\x1b[01m\x1b[Kfloat\x1b[m\x1b[K\xe2\x80\x99\n'}
[7.626054] (status_display) StderrLine: {'line': b'  224 |       operator<<(\x1b[01;36m\x1b[Kfloat __f\x1b[m\x1b[K)\n'}
[7.626178] (status_display) StderrLine: {'line': b'      |                  \x1b[01;36m\x1b[K~~~~~~^~~\x1b[m\x1b[K\n'}
[7.626275] (status_display) StderrLine: {'line': b'\x1b[01m\x1b[K/usr/include/c++/11/ostream:232:7:\x1b[m\x1b[K \x1b[01;36m\x1b[Knote: \x1b[m\x1b[Kcandidate: \xe2\x80\x98\x1b[01m\x1b[Kstd::basic_ostream<_CharT, _Traits>::__ostream_type& std::basic_ostream<_CharT, _Traits>::operator<<(long double) [with _CharT = char; _Traits = std::char_traits<char>; std::basic_ostream<_CharT, _Traits>::__ostream_type = std::basic_ostream<char>]\x1b[m\x1b[K\xe2\x80\x99\n'}
[7.626374] (status_display) StderrLine: {'line': b'  232 |       \x1b[01;36m\x1b[Koperator\x1b[m\x1b[K<<(long double __f)\n'}
[7.626460] (status_display) StderrLine: {'line': b'      |       \x1b[01;36m\x1b[K^~~~~~~~\x1b[m\x1b[K\n'}
[7.626544] (status_display) StderrLine: {'line': b'\x1b[01m\x1b[K/usr/include/c++/11/ostream:232:30:\x1b[m\x1b[K \x1b[01;36m\x1b[Knote: \x1b[m\x1b[K  no known conversion for argument 1 from \xe2\x80\x98\x1b[01m\x1b[Kstatus_interfaces::msg::SystemStatus_<std::allocator<void> >::_stamp_type\x1b[m\x1b[K\xe2\x80\x99 {aka \xe2\x80\x98\x1b[01m\x1b[Kbuiltin_interfaces::msg::Time_<std::allocator<void> >\x1b[m\x1b[K\xe2\x80\x99} to \xe2\x80\x98\x1b[01m\x1b[Klong double\x1b[m\x1b[K\xe2\x80\x99\n'}
[7.626643] (status_display) StderrLine: {'line': b'  232 |       operator<<(\x1b[01;36m\x1b[Klong double __f\x1b[m\x1b[K)\n'}
[7.626728] (status_display) StderrLine: {'line': b'      |                  \x1b[01;36m\x1b[K~~~~~~~~~~~~^~~\x1b[m\x1b[K\n'}
[7.626820] (status_display) StderrLine: {'line': b'\x1b[01m\x1b[K/usr/include/c++/11/ostream:245:7:\x1b[m\x1b[K \x1b[01;36m\x1b[Knote: \x1b[m\x1b[Kcandidate: \xe2\x80\x98\x1b[01m\x1b[Kstd::basic_ostream<_CharT, _Traits>::__ostream_type& std::basic_ostream<_CharT, _Traits>::operator<<(const void*) [with _CharT = char; _Traits = std::char_traits<char>; std::basic_ostream<_CharT, _Traits>::__ostream_type = std::basic_ostream<char>]\x1b[m\x1b[K\xe2\x80\x99\n'}
[7.626912] (status_display) StderrLine: {'line': b'  245 |       \x1b[01;36m\x1b[Koperator\x1b[m\x1b[K<<(const void* __p)\n'}
[7.627005] (status_display) StderrLine: {'line': b'      |       \x1b[01;36m\x1b[K^~~~~~~~\x1b[m\x1b[K\n'}
[7.627142] (status_display) StderrLine: {'line': b'\x1b[01m\x1b[K/usr/include/c++/11/ostream:245:30:\x1b[m\x1b[K \x1b[01;36m\x1b[Knote: \x1b[m\x1b[K  no known conversion for argument 1 from \xe2\x80\x98\x1b[01m\x1b[Kstatus_interfaces::msg::SystemStatus_<std::allocator<void> >::_stamp_type\x1b[m\x1b[K\xe2\x80\x99 {aka \xe2\x80\x98\x1b[01m\x1b[Kbuiltin_interfaces::msg::Time_<std::allocator<void> >\x1b[m\x1b[K\xe2\x80\x99} to \xe2\x80\x98\x1b[01m\x1b[Kconst void*\x1b[m\x1b[K\xe2\x80\x99\n'}
[7.627268] (status_display) StderrLine: {'line': b'  245 |       operator<<(\x1b[01;36m\x1b[Kconst void* __p\x1b[m\x1b[K)\n'}
[7.627356] (status_display) StderrLine: {'line': b'      |                  \x1b[01;36m\x1b[K~~~~~~~~~~~~^~~\x1b[m\x1b[K\n'}
[7.627442] (status_display) StderrLine: {'line': b'\x1b[01m\x1b[K/usr/include/c++/11/ostream:250:7:\x1b[m\x1b[K \x1b[01;36m\x1b[Knote: \x1b[m\x1b[Kcandidate: \xe2\x80\x98\x1b[01m\x1b[Kstd::basic_ostream<_CharT, _Traits>::__ostream_type& std::basic_ostream<_CharT, _Traits>::operator<<(std::nullptr_t) [with _CharT = char; _Traits = std::char_traits<char>; std::basic_ostream<_CharT, _Traits>::__ostream_type = std::basic_ostream<char>; std::nullptr_t = std::nullptr_t]\x1b[m\x1b[K\xe2\x80\x99\n'}
[7.627530] (status_display) StderrLine: {'line': b'  250 |       \x1b[01;36m\x1b[Koperator\x1b[m\x1b[K<<(nullptr_t)\n'}
[7.627616] (status_display) StderrLine: {'line': b'      |       \x1b[01;36m\x1b[K^~~~~~~~\x1b[m\x1b[K\n'}
[7.627701] (status_display) StderrLine: {'line': b'\x1b[01m\x1b[K/usr/include/c++/11/ostream:250:18:\x1b[m\x1b[K \x1b[01;36m\x1b[Knote: \x1b[m\x1b[K  no known conversion for argument 1 from \xe2\x80\x98\x1b[01m\x1b[Kstatus_interfaces::msg::SystemStatus_<std::allocator<void> >::_stamp_type\x1b[m\x1b[K\xe2\x80\x99 {aka \xe2\x80\x98\x1b[01m\x1b[Kbuiltin_interfaces::msg::Time_<std::allocator<void> >\x1b[m\x1b[K\xe2\x80\x99} to \xe2\x80\x98\x1b[01m\x1b[Kstd::nullptr_t\x1b[m\x1b[K\xe2\x80\x99\n'}
[7.627793] (status_display) StderrLine: {'line': b'  250 |       operator<<(\x1b[01;36m\x1b[Knullptr_t\x1b[m\x1b[K)\n'}
[7.627879] (status_display) StderrLine: {'line': b'      |                  \x1b[01;36m\x1b[K^~~~~~~~~\x1b[m\x1b[K\n'}
[7.627963] (status_display) StderrLine: {'line': b'In file included from \x1b[01m\x1b[K/usr/include/c++/11/ostream:829\x1b[m\x1b[K,\n'}
[7.628048] (status_display) StderrLine: {'line': b'                 from \x1b[01m\x1b[K/usr/include/c++/11/iostream:39\x1b[m\x1b[K,\n'}
[7.628208] (status_display) StderrLine: {'line': b'                 from \x1b[01m\x1b[K/opt/ros/humble/include/rclcpp/rclcpp/executor.hpp:22\x1b[m\x1b[K,\n'}
[7.628325] (status_display) StderrLine: {'line': b'                 from \x1b[01m\x1b[K/opt/ros/humble/include/rclcpp/rclcpp/executors/multi_threaded_executor.hpp:25\x1b[m\x1b[K,\n'}
[7.628411] (status_display) StderrLine: {'line': b'                 from \x1b[01m\x1b[K/opt/ros/humble/include/rclcpp/rclcpp/executors.hpp:21\x1b[m\x1b[K,\n'}
[7.628494] (status_display) StderrLine: {'line': b'                 from \x1b[01m\x1b[K/opt/ros/humble/include/rclcpp/rclcpp/rclcpp.hpp:155\x1b[m\x1b[K,\n'}
[7.628577] (status_display) StderrLine: {'line': b'                 from \x1b[01m\x1b[K/home/shenhang/ros_study/chapter3/topic_practice_workspace/src/status_display/src/sys_status_display.cpp:4\x1b[m\x1b[K:\n'}
[7.628661] (status_display) StderrLine: {'line': b'\x1b[01m\x1b[K/usr/include/c++/11/bits/ostream.tcc:119:5:\x1b[m\x1b[K \x1b[01;36m\x1b[Knote: \x1b[m\x1b[Kcandidate: \xe2\x80\x98\x1b[01m\x1b[Kstd::basic_ostream<_CharT, _Traits>& std::basic_ostream<_CharT, _Traits>::operator<<(std::basic_ostream<_CharT, _Traits>::__streambuf_type*) [with _CharT = char; _Traits = std::char_traits<char>; std::basic_ostream<_CharT, _Traits>::__streambuf_type = std::basic_streambuf<char>]\x1b[m\x1b[K\xe2\x80\x99\n'}
[7.628747] (status_display) StderrLine: {'line': b'  119 |     \x1b[01;36m\x1b[Kbasic_ostream<_CharT, _Traits>\x1b[m\x1b[K::\n'}
[7.628830] (status_display) StderrLine: {'line': b'      |     \x1b[01;36m\x1b[K^~~~~~~~~~~~~~~~~~~~~~~~~~~~~~\x1b[m\x1b[K\n'}
[7.628913] (status_display) StderrLine: {'line': b'\x1b[01m\x1b[K/usr/include/c++/11/bits/ostream.tcc:120:34:\x1b[m\x1b[K \x1b[01;36m\x1b[Knote: \x1b[m\x1b[K  no known conversion for argument 1 from \xe2\x80\x98\x1b[01m\x1b[Kstatus_interfaces::msg::SystemStatus_<std::allocator<void> >::_stamp_type\x1b[m\x1b[K\xe2\x80\x99 {aka \xe2\x80\x98\x1b[01m\x1b[Kbuiltin_interfaces::msg::Time_<std::allocator<void> >\x1b[m\x1b[K\xe2\x80\x99} to \xe2\x80\x98\x1b[01m\x1b[Kstd::basic_ostream<char>::__streambuf_type*\x1b[m\x1b[K\xe2\x80\x99 {aka \xe2\x80\x98\x1b[01m\x1b[Kstd::basic_streambuf<char>*\x1b[m\x1b[K\xe2\x80\x99}\n'}
[7.629130] (status_display) StderrLine: {'line': b'  120 |     operator<<(\x1b[01;36m\x1b[K__streambuf_type* __sbin\x1b[m\x1b[K)\n'}
[7.629269] (status_display) StderrLine: {'line': b'      |                \x1b[01;36m\x1b[K~~~~~~~~~~~~~~~~~~^~~~~~\x1b[m\x1b[K\n'}
[7.629411] (status_display) StderrLine: {'line': b'In file included from \x1b[01m\x1b[K/usr/include/x86_64-linux-gnu/qt5/QtGui/qregion.h:49\x1b[m\x1b[K,\n'}
[7.629538] (status_display) StderrLine: {'line': b'                 from \x1b[01m\x1b[K/usr/include/x86_64-linux-gnu/qt5/QtGui/qmatrix.h:45\x1b[m\x1b[K,\n'}
[7.629664] (status_display) StderrLine: {'line': b'                 from \x1b[01m\x1b[K/usr/include/x86_64-linux-gnu/qt5/QtGui/qbrush.h:49\x1b[m\x1b[K,\n'}
[7.629795] (status_display) StderrLine: {'line': b'                 from \x1b[01m\x1b[K/usr/include/x86_64-linux-gnu/qt5/QtGui/qpalette.h:46\x1b[m\x1b[K,\n'}
[7.629957] (status_display) StderrLine: {'line': b'                 from \x1b[01m\x1b[K/usr/include/x86_64-linux-gnu/qt5/QtWidgets/qwidget.h:48\x1b[m\x1b[K,\n'}
[7.630163] (status_display) StderrLine: {'line': b'                 from \x1b[01m\x1b[K/usr/include/x86_64-linux-gnu/qt5/QtWidgets/qframe.h:44\x1b[m\x1b[K,\n'}
[7.630292] (status_display) StderrLine: {'line': b'                 from \x1b[01m\x1b[K/usr/include/x86_64-linux-gnu/qt5/QtWidgets/qlabel.h:44\x1b[m\x1b[K,\n'}
[7.630497] (status_display) StderrLine: {'line': b'                 from \x1b[01m\x1b[K/usr/include/x86_64-linux-gnu/qt5/QtWidgets/QLabel:1\x1b[m\x1b[K,\n'}
[7.630590] (status_display) StderrLine: {'line': b'                 from \x1b[01m\x1b[K/home/shenhang/ros_study/chapter3/topic_practice_workspace/src/status_display/src/sys_status_display.cpp:2\x1b[m\x1b[K:\n'}
[7.630672] (status_display) StderrLine: {'line': b'\x1b[01m\x1b[K/usr/include/x86_64-linux-gnu/qt5/QtCore/qdatastream.h:405:21:\x1b[m\x1b[K \x1b[01;36m\x1b[Knote: \x1b[m\x1b[Kcandidate: \xe2\x80\x98\x1b[01m\x1b[Ktemplate<class E> QDataStream& operator<<(QDataStream&, QFlags<T>)\x1b[m\x1b[K\xe2\x80\x99\n'}
[7.630754] (status_display) StderrLine: {'line': b'  405 | inline QDataStream &\x1b[01;36m\x1b[Koperator\x1b[m\x1b[K<<(QDataStream &s, QFlags<Enum> e)\n'}
[7.630835] (status_display) StderrLine: {'line': b'      |                     \x1b[01;36m\x1b[K^~~~~~~~\x1b[m\x1b[K\n'}
[7.630918] (status_display) StderrLine: {'line': b'\x1b[01m\x1b[K/usr/include/x86_64-linux-gnu/qt5/QtCore/qdatastream.h:405:21:\x1b[m\x1b[K \x1b[01;36m\x1b[Knote: \x1b[m\x1b[K  template argument deduction/substitution failed:\n'}
[7.631124] (status_display) StderrLine: {'line': b'\x1b[01m\x1b[K/home/shenhang/ros_study/chapter3/topic_practice_workspace/src/status_display/src/sys_status_display.cpp:19:42:\x1b[m\x1b[K \x1b[01;36m\x1b[Knote: \x1b[m\x1b[K  \xe2\x80\x98\x1b[01m\x1b[Kbuiltin_interfaces::msg::Time_<std::allocator<void> >\x1b[m\x1b[K\xe2\x80\x99 is not derived from \xe2\x80\x98\x1b[01m\x1b[KQFlags<T>\x1b[m\x1b[K\xe2\x80\x99\n'}
[7.631214] (status_display) StderrLine: {'line': b'   19 |                  << "\xe6\x95\xb0\xe6\x8d\xae\xe6\x97\xb6\xe9\x97\xb4: " << msg->\x1b[01;36m\x1b[Kstamp\x1b[m\x1b[K << " s\\n"\n'}
[7.631295] (status_display) StderrLine: {'line': b'      |                                          \x1b[01;36m\x1b[K^~~~~\x1b[m\x1b[K\n'}
[7.631375] (status_display) StderrLine: {'line': b'In file included from \x1b[01m\x1b[K/usr/include/x86_64-linux-gnu/qt5/QtGui/qregion.h:49\x1b[m\x1b[K,\n'}
[7.631463] (status_display) StderrLine: {'line': b'                 from \x1b[01m\x1b[K/usr/include/x86_64-linux-gnu/qt5/QtGui/qmatrix.h:45\x1b[m\x1b[K,\n'}
[7.631558] (status_display) StderrLine: {'line': b'                 from \x1b[01m\x1b[K/usr/include/x86_64-linux-gnu/qt5/QtGui/qbrush.h:49\x1b[m\x1b[K,\n'}
[7.631643] (status_display) StderrLine: {'line': b'                 from \x1b[01m\x1b[K/usr/include/x86_64-linux-gnu/qt5/QtGui/qpalette.h:46\x1b[m\x1b[K,\n'}
[7.631728] (status_display) StderrLine: {'line': b'                 from \x1b[01m\x1b[K/usr/include/x86_64-linux-gnu/qt5/QtWidgets/qwidget.h:48\x1b[m\x1b[K,\n'}
[7.631935] (status_display) StderrLine: {'line': b'                 from \x1b[01m\x1b[K/usr/include/x86_64-linux-gnu/qt5/QtWidgets/qframe.h:44\x1b[m\x1b[K,\n'}
[7.632109] (status_display) StderrLine: {'line': b'                 from \x1b[01m\x1b[K/usr/include/x86_64-linux-gnu/qt5/QtWidgets/qlabel.h:44\x1b[m\x1b[K,\n'}
[7.632200] (status_display) StderrLine: {'line': b'                 from \x1b[01m\x1b[K/usr/include/x86_64-linux-gnu/qt5/QtWidgets/QLabel:1\x1b[m\x1b[K,\n'}
[7.632295] (status_display) StderrLine: {'line': b'                 from \x1b[01m\x1b[K/home/shenhang/ros_study/chapter3/topic_practice_workspace/src/status_display/src/sys_status_display.cpp:2\x1b[m\x1b[K:\n'}
[7.632382] (status_display) StderrLine: {'line': b'\x1b[01m\x1b[K/usr/include/x86_64-linux-gnu/qt5/QtCore/qdatastream.h:414:1:\x1b[m\x1b[K \x1b[01;36m\x1b[Knote: \x1b[m\x1b[Kcandidate: \xe2\x80\x98\x1b[01m\x1b[Ktemplate<class T> typename std::enable_if<std::is_enum<_Tp>::value, QDataStream&>::type& operator<<(QDataStream&, const T&)\x1b[m\x1b[K\xe2\x80\x99\n'}
[7.632472] (status_display) StderrLine: {'line': b'  414 | \x1b[01;36m\x1b[Koperator\x1b[m\x1b[K<<(QDataStream &s, const T &t)\n'}
[7.632558] (status_display) StderrLine: {'line': b'      | \x1b[01;36m\x1b[K^~~~~~~~\x1b[m\x1b[K\n'}
[7.632642] (status_display) StderrLine: {'line': b'\x1b[01m\x1b[K/usr/include/x86_64-linux-gnu/qt5/QtCore/qdatastream.h:414:1:\x1b[m\x1b[K \x1b[01;36m\x1b[Knote: \x1b[m\x1b[K  template argument deduction/substitution failed:\n'}
[7.632742] (status_display) StderrLine: {'line': b'\x1b[01m\x1b[K/home/shenhang/ros_study/chapter3/topic_practice_workspace/src/status_display/src/sys_status_display.cpp:19:18:\x1b[m\x1b[K \x1b[01;36m\x1b[Knote: \x1b[m\x1b[K  cannot convert \xe2\x80\x98\x1b[01m\x1b[Kstd::operator<< <std::char_traits<char> >((* & std::operator<< <std::char_traits<char> >(show_str.std::__cxx11::basic_stringstream<char>::<anonymous>.std::basic_iostream<char>::<anonymous>, ((const char*)"==================\\37777777747\\37777777663\\37777777673\\37777777747\\37777777673\\37777777637\\37777777747\\37777777612\\37777777666\\37777777746\\37777777600\\37777777601\\37777777746\\37777777630\\37777777676\\37777777747\\37777777644\\37777777672======================\\012"))), ((const char*)"\\37777777746\\37777777625\\37777777660\\37777777746\\37777777615\\37777777656\\37777777746\\37777777627\\37777777666\\37777777751\\37777777627\\37777777664: "))\x1b[m\x1b[K\xe2\x80\x99 (type \xe2\x80\x98\x1b[01m\x1b[Kstd::basic_ostream<char>\x1b[m\x1b[K\xe2\x80\x99) to type \xe2\x80\x98\x1b[01m\x1b[KQDataStream&\x1b[m\x1b[K\xe2\x80\x99\n'}
[7.632854] (status_display) StderrLine: {'line': b'   18 |         \x1b[01;36m\x1b[Kshow_str << "==================\xe7\xb3\xbb\xe7\xbb\x9f\xe7\x8a\xb6\xe6\x80\x81\xe6\x98\xbe\xe7\xa4\xba======================\\n"\x1b[m\x1b[K\n'}
[7.633145] (status_display) StderrLine: {'line': b'      |         \x1b[01;36m\x1b[K~~~~~~~~~~~~~~~~~~~~~~~~~~~~~~~~~~~~~~~~~~~~~~~~~~~~~~~~~~~~~~~~~~~~\x1b[m\x1b[K\n'}
[7.633317] (status_display) StderrLine: {'line': b'   19 | \x1b[01;36m\x1b[K                 << "\xe6\x95\xb0\xe6\x8d\xae\xe6\x97\xb6\xe9\x97\xb4: "\x1b[m\x1b[K << msg->stamp << " s\\n"\n'}
[7.633515] (status_display) StderrLine: {'line': b'      |                  \x1b[01;36m\x1b[K^~~~~~~~~~~~~~~\x1b[m\x1b[K\n'}
[7.633644] (status_display) StderrLine: {'line': b'In file included from \x1b[01m\x1b[K/usr/include/x86_64-linux-gnu/qt5/QtGui/qregion.h:49\x1b[m\x1b[K,\n'}
[7.633764] (status_display) StderrLine: {'line': b'                 from \x1b[01m\x1b[K/usr/include/x86_64-linux-gnu/qt5/QtGui/qmatrix.h:45\x1b[m\x1b[K,\n'}
[7.633915] (status_display) StderrLine: {'line': b'                 from \x1b[01m\x1b[K/usr/include/x86_64-linux-gnu/qt5/QtGui/qbrush.h:49\x1b[m\x1b[K,\n'}
[7.634126] (status_display) StderrLine: {'line': b'                 from \x1b[01m\x1b[K/usr/include/x86_64-linux-gnu/qt5/QtGui/qpalette.h:46\x1b[m\x1b[K,\n'}
[7.634248] (status_display) StderrLine: {'line': b'                 from \x1b[01m\x1b[K/usr/include/x86_64-linux-gnu/qt5/QtWidgets/qwidget.h:48\x1b[m\x1b[K,\n'}
[7.634336] (status_display) StderrLine: {'line': b'                 from \x1b[01m\x1b[K/usr/include/x86_64-linux-gnu/qt5/QtWidgets/qframe.h:44\x1b[m\x1b[K,\n'}
[7.634443] (status_display) StderrLine: {'line': b'                 from \x1b[01m\x1b[K/usr/include/x86_64-linux-gnu/qt5/QtWidgets/qlabel.h:44\x1b[m\x1b[K,\n'}
[7.634534] (status_display) StderrLine: {'line': b'                 from \x1b[01m\x1b[K/usr/include/x86_64-linux-gnu/qt5/QtWidgets/QLabel:1\x1b[m\x1b[K,\n'}
[7.634625] (status_display) StderrLine: {'line': b'                 from \x1b[01m\x1b[K/home/shenhang/ros_study/chapter3/topic_practice_workspace/src/status_display/src/sys_status_display.cpp:2\x1b[m\x1b[K:\n'}
[7.634997] (status_display) StderrLine: {'line': b'\x1b[01m\x1b[K/usr/include/x86_64-linux-gnu/qt5/QtCore/qdatastream.h:429:21:\x1b[m\x1b[K \x1b[01;36m\x1b[Knote: \x1b[m\x1b[Kcandidate: \xe2\x80\x98\x1b[01m\x1b[Ktemplate<class T> QDataStream& operator<<(QDataStream&, const QList<T>&)\x1b[m\x1b[K\xe2\x80\x99\n'}
[7.635222] (status_display) StderrLine: {'line': b'  429 | inline QDataStream &\x1b[01;36m\x1b[Koperator\x1b[m\x1b[K<<(QDataStream &s, const QList<T> &l)\n'}
[7.635461] (status_display) StderrLine: {'line': b'      |                     \x1b[01;36m\x1b[K^~~~~~~~\x1b[m\x1b[K\n'}
[7.635590] (status_display) StderrLine: {'line': b'\x1b[01m\x1b[K/usr/include/x86_64-linux-gnu/qt5/QtCore/qdatastream.h:429:21:\x1b[m\x1b[K \x1b[01;36m\x1b[Knote: \x1b[m\x1b[K  template argument deduction/substitution failed:\n'}
[7.635774] (status_display) StderrLine: {'line': b'\x1b[01m\x1b[K/home/shenhang/ros_study/chapter3/topic_practice_workspace/src/status_display/src/sys_status_display.cpp:19:42:\x1b[m\x1b[K \x1b[01;36m\x1b[Knote: \x1b[m\x1b[K  \xe2\x80\x98\x1b[01m\x1b[Kstatus_interfaces::msg::SystemStatus_<std::allocator<void> >::_stamp_type\x1b[m\x1b[K\xe2\x80\x99 {aka \xe2\x80\x98\x1b[01m\x1b[Kbuiltin_interfaces::msg::Time_<std::allocator<void> >\x1b[m\x1b[K\xe2\x80\x99} is not derived from \xe2\x80\x98\x1b[01m\x1b[Kconst QList<T>\x1b[m\x1b[K\xe2\x80\x99\n'}
[7.639176] (status_display) StderrLine: {'line': b'   19 |                  << "\xe6\x95\xb0\xe6\x8d\xae\xe6\x97\xb6\xe9\x97\xb4: " << msg->\x1b[01;36m\x1b[Kstamp\x1b[m\x1b[K << " s\\n"\n'}
[7.639352] (status_display) StderrLine: {'line': b'      |                                          \x1b[01;36m\x1b[K^~~~~\x1b[m\x1b[K\n'}
[7.639506] (status_display) StderrLine: {'line': b'In file included from \x1b[01m\x1b[K/usr/include/x86_64-linux-gnu/qt5/QtGui/qregion.h:49\x1b[m\x1b[K,\n'}
[7.639644] (status_display) StderrLine: {'line': b'                 from \x1b[01m\x1b[K/usr/include/x86_64-linux-gnu/qt5/QtGui/qmatrix.h:45\x1b[m\x1b[K,\n'}
[7.639833] (status_display) StderrLine: {'line': b'                 from \x1b[01m\x1b[K/usr/include/x86_64-linux-gnu/qt5/QtGui/qbrush.h:49\x1b[m\x1b[K,\n'}
[7.640075] (status_display) StderrLine: {'line': b'                 from \x1b[01m\x1b[K/usr/include/x86_64-linux-gnu/qt5/QtGui/qpalette.h:46\x1b[m\x1b[K,\n'}
[7.640214] (status_display) StderrLine: {'line': b'                 from \x1b[01m\x1b[K/usr/include/x86_64-linux-gnu/qt5/QtWidgets/qwidget.h:48\x1b[m\x1b[K,\n'}
[7.640348] (status_display) StderrLine: {'line': b'                 from \x1b[01m\x1b[K/usr/include/x86_64-linux-gnu/qt5/QtWidgets/qframe.h:44\x1b[m\x1b[K,\n'}
[7.640502] (status_display) StderrLine: {'line': b'                 from \x1b[01m\x1b[K/usr/include/x86_64-linux-gnu/qt5/QtWidgets/qlabel.h:44\x1b[m\x1b[K,\n'}
[7.640650] (status_display) StderrLine: {'line': b'                 from \x1b[01m\x1b[K/usr/include/x86_64-linux-gnu/qt5/QtWidgets/QLabel:1\x1b[m\x1b[K,\n'}
[7.640838] (status_display) StderrLine: {'line': b'                 from \x1b[01m\x1b[K/home/shenhang/ros_study/chapter3/topic_practice_workspace/src/status_display/src/sys_status_display.cpp:2\x1b[m\x1b[K:\n'}
[7.641026] (status_display) StderrLine: {'line': b'\x1b[01m\x1b[K/usr/include/x86_64-linux-gnu/qt5/QtCore/qdatastream.h:441:21:\x1b[m\x1b[K \x1b[01;36m\x1b[Knote: \x1b[m\x1b[Kcandidate: \xe2\x80\x98\x1b[01m\x1b[Ktemplate<class T> QDataStream& operator<<(QDataStream&, const QVector<T>&)\x1b[m\x1b[K\xe2\x80\x99\n'}
[7.641179] (status_display) StderrLine: {'line': b'  441 | inline QDataStream &\x1b[01;36m\x1b[Koperator\x1b[m\x1b[K<<(QDataStream &s, const QVector<T> &v)\n'}
[7.641317] (status_display) StderrLine: {'line': b'      |                     \x1b[01;36m\x1b[K^~~~~~~~\x1b[m\x1b[K\n'}
[7.641456] (status_display) StderrLine: {'line': b'\x1b[01m\x1b[K/usr/include/x86_64-linux-gnu/qt5/QtCore/qdatastream.h:441:21:\x1b[m\x1b[K \x1b[01;36m\x1b[Knote: \x1b[m\x1b[K  template argument deduction/substitution failed:\n'}
[7.641590] (status_display) StderrLine: {'line': b'\x1b[01m\x1b[K/home/shenhang/ros_study/chapter3/topic_practice_workspace/src/status_display/src/sys_status_display.cpp:19:42:\x1b[m\x1b[K \x1b[01;36m\x1b[Knote: \x1b[m\x1b[K  \xe2\x80\x98\x1b[01m\x1b[Kstatus_interfaces::msg::SystemStatus_<std::allocator<void> >::_stamp_type\x1b[m\x1b[K\xe2\x80\x99 {aka \xe2\x80\x98\x1b[01m\x1b[Kbuiltin_interfaces::msg::Time_<std::allocator<void> >\x1b[m\x1b[K\xe2\x80\x99} is not derived from \xe2\x80\x98\x1b[01m\x1b[Kconst QVector<T>\x1b[m\x1b[K\xe2\x80\x99\n'}
[7.641785] (status_display) StderrLine: {'line': b'   19 |                  << "\xe6\x95\xb0\xe6\x8d\xae\xe6\x97\xb6\xe9\x97\xb4: " << msg->\x1b[01;36m\x1b[Kstamp\x1b[m\x1b[K << " s\\n"\n'}
[7.641998] (status_display) StderrLine: {'line': b'      |                                          \x1b[01;36m\x1b[K^~~~~\x1b[m\x1b[K\n'}
[7.642107] (status_display) StderrLine: {'line': b'In file included from \x1b[01m\x1b[K/usr/include/x86_64-linux-gnu/qt5/QtGui/qregion.h:49\x1b[m\x1b[K,\n'}
[7.642196] (status_display) StderrLine: {'line': b'                 from \x1b[01m\x1b[K/usr/include/x86_64-linux-gnu/qt5/QtGui/qmatrix.h:45\x1b[m\x1b[K,\n'}
[7.642282] (status_display) StderrLine: {'line': b'                 from \x1b[01m\x1b[K/usr/include/x86_64-linux-gnu/qt5/QtGui/qbrush.h:49\x1b[m\x1b[K,\n'}
[7.642370] (status_display) StderrLine: {'line': b'                 from \x1b[01m\x1b[K/usr/include/x86_64-linux-gnu/qt5/QtGui/qpalette.h:46\x1b[m\x1b[K,\n'}
[7.642455] (status_display) StderrLine: {'line': b'                 from \x1b[01m\x1b[K/usr/include/x86_64-linux-gnu/qt5/QtWidgets/qwidget.h:48\x1b[m\x1b[K,\n'}
[7.642540] (status_display) StderrLine: {'line': b'                 from \x1b[01m\x1b[K/usr/include/x86_64-linux-gnu/qt5/QtWidgets/qframe.h:44\x1b[m\x1b[K,\n'}
[7.642625] (status_display) StderrLine: {'line': b'                 from \x1b[01m\x1b[K/usr/include/x86_64-linux-gnu/qt5/QtWidgets/qlabel.h:44\x1b[m\x1b[K,\n'}
[7.642726] (status_display) StderrLine: {'line': b'                 from \x1b[01m\x1b[K/usr/include/x86_64-linux-gnu/qt5/QtWidgets/QLabel:1\x1b[m\x1b[K,\n'}
[7.642873] (status_display) StderrLine: {'line': b'                 from \x1b[01m\x1b[K/home/shenhang/ros_study/chapter3/topic_practice_workspace/src/status_display/src/sys_status_display.cpp:2\x1b[m\x1b[K:\n'}
[7.643039] (status_display) StderrLine: {'line': b'\x1b[01m\x1b[K/usr/include/x86_64-linux-gnu/qt5/QtCore/qdatastream.h:453:21:\x1b[m\x1b[K \x1b[01;36m\x1b[Knote: \x1b[m\x1b[Kcandidate: \xe2\x80\x98\x1b[01m\x1b[Ktemplate<class T> QDataStream& operator<<(QDataStream&, const QSet<T>&)\x1b[m\x1b[K\xe2\x80\x99\n'}
[7.643132] (status_display) StderrLine: {'line': b'  453 | inline QDataStream &\x1b[01;36m\x1b[Koperator\x1b[m\x1b[K<<(QDataStream &s, const QSet<T> &set)\n'}
[7.643217] (status_display) StderrLine: {'line': b'      |                     \x1b[01;36m\x1b[K^~~~~~~~\x1b[m\x1b[K\n'}
[7.643309] (status_display) StderrLine: {'line': b'\x1b[01m\x1b[K/usr/include/x86_64-linux-gnu/qt5/QtCore/qdatastream.h:453:21:\x1b[m\x1b[K \x1b[01;36m\x1b[Knote: \x1b[m\x1b[K  template argument deduction/substitution failed:\n'}
[7.643395] (status_display) StderrLine: {'line': b'\x1b[01m\x1b[K/home/shenhang/ros_study/chapter3/topic_practice_workspace/src/status_display/src/sys_status_display.cpp:19:42:\x1b[m\x1b[K \x1b[01;36m\x1b[Knote: \x1b[m\x1b[K  \xe2\x80\x98\x1b[01m\x1b[Kstatus_interfaces::msg::SystemStatus_<std::allocator<void> >::_stamp_type\x1b[m\x1b[K\xe2\x80\x99 {aka \xe2\x80\x98\x1b[01m\x1b[Kbuiltin_interfaces::msg::Time_<std::allocator<void> >\x1b[m\x1b[K\xe2\x80\x99} is not derived from \xe2\x80\x98\x1b[01m\x1b[Kconst QSet<T>\x1b[m\x1b[K\xe2\x80\x99\n'}
[7.643484] (status_display) StderrLine: {'line': b'   19 |                  << "\xe6\x95\xb0\xe6\x8d\xae\xe6\x97\xb6\xe9\x97\xb4: " << msg->\x1b[01;36m\x1b[Kstamp\x1b[m\x1b[K << " s\\n"\n'}
[7.643570] (status_display) StderrLine: {'line': b'      |                                          \x1b[01;36m\x1b[K^~~~~\x1b[m\x1b[K\n'}
[7.643655] (status_display) StderrLine: {'line': b'In file included from \x1b[01m\x1b[K/usr/include/x86_64-linux-gnu/qt5/QtGui/qregion.h:49\x1b[m\x1b[K,\n'}
[7.643785] (status_display) StderrLine: {'line': b'                 from \x1b[01m\x1b[K/usr/include/x86_64-linux-gnu/qt5/QtGui/qmatrix.h:45\x1b[m\x1b[K,\n'}
[7.643874] (status_display) StderrLine: {'line': b'                 from \x1b[01m\x1b[K/usr/include/x86_64-linux-gnu/qt5/QtGui/qbrush.h:49\x1b[m\x1b[K,\n'}
[7.644041] (status_display) StderrLine: {'line': b'                 from \x1b[01m\x1b[K/usr/include/x86_64-linux-gnu/qt5/QtGui/qpalette.h:46\x1b[m\x1b[K,\n'}
[7.644132] (status_display) StderrLine: {'line': b'                 from \x1b[01m\x1b[K/usr/include/x86_64-linux-gnu/qt5/QtWidgets/qwidget.h:48\x1b[m\x1b[K,\n'}
[7.644222] (status_display) StderrLine: {'line': b'                 from \x1b[01m\x1b[K/usr/include/x86_64-linux-gnu/qt5/QtWidgets/qframe.h:44\x1b[m\x1b[K,\n'}
[7.644307] (status_display) StderrLine: {'line': b'                 from \x1b[01m\x1b[K/usr/include/x86_64-linux-gnu/qt5/QtWidgets/qlabel.h:44\x1b[m\x1b[K,\n'}
[7.644391] (status_display) StderrLine: {'line': b'                 from \x1b[01m\x1b[K/usr/include/x86_64-linux-gnu/qt5/QtWidgets/QLabel:1\x1b[m\x1b[K,\n'}
[7.644476] (status_display) StderrLine: {'line': b'                 from \x1b[01m\x1b[K/home/shenhang/ros_study/chapter3/topic_practice_workspace/src/status_display/src/sys_status_display.cpp:2\x1b[m\x1b[K:\n'}
[7.644561] (status_display) StderrLine: {'line': b'\x1b[01m\x1b[K/usr/include/x86_64-linux-gnu/qt5/QtCore/qdatastream.h:465:21:\x1b[m\x1b[K \x1b[01;36m\x1b[Knote: \x1b[m\x1b[Kcandidate: \xe2\x80\x98\x1b[01m\x1b[Ktemplate<class Key, class T> QDataStream& operator<<(QDataStream&, const QHash<K, V>&)\x1b[m\x1b[K\xe2\x80\x99\n'}
[7.644647] (status_display) StderrLine: {'line': b'  465 | inline QDataStream &\x1b[01;36m\x1b[Koperator\x1b[m\x1b[K<<(QDataStream &s, const QHash<Key, T> &hash)\n'}
[7.644776] (status_display) StderrLine: {'line': b'      |                     \x1b[01;36m\x1b[K^~~~~~~~\x1b[m\x1b[K\n'}
[7.644866] (status_display) StderrLine: {'line': b'\x1b[01m\x1b[K/usr/include/x86_64-linux-gnu/qt5/QtCore/qdatastream.h:465:21:\x1b[m\x1b[K \x1b[01;36m\x1b[Knote: \x1b[m\x1b[K  template argument deduction/substitution failed:\n'}
[7.645050] (status_display) StderrLine: {'line': b'\x1b[01m\x1b[K/home/shenhang/ros_study/chapter3/topic_practice_workspace/src/status_display/src/sys_status_display.cpp:19:42:\x1b[m\x1b[K \x1b[01;36m\x1b[Knote: \x1b[m\x1b[K  \xe2\x80\x98\x1b[01m\x1b[Kstatus_interfaces::msg::SystemStatus_<std::allocator<void> >::_stamp_type\x1b[m\x1b[K\xe2\x80\x99 {aka \xe2\x80\x98\x1b[01m\x1b[Kbuiltin_interfaces::msg::Time_<std::allocator<void> >\x1b[m\x1b[K\xe2\x80\x99} is not derived from \xe2\x80\x98\x1b[01m\x1b[Kconst QHash<K, V>\x1b[m\x1b[K\xe2\x80\x99\n'}
[7.645150] (status_display) StderrLine: {'line': b'   19 |                  << "\xe6\x95\xb0\xe6\x8d\xae\xe6\x97\xb6\xe9\x97\xb4: " << msg->\x1b[01;36m\x1b[Kstamp\x1b[m\x1b[K << " s\\n"\n'}
[7.645241] (status_display) StderrLine: {'line': b'      |                                          \x1b[01;36m\x1b[K^~~~~\x1b[m\x1b[K\n'}
[7.645326] (status_display) StderrLine: {'line': b'In file included from \x1b[01m\x1b[K/usr/include/x86_64-linux-gnu/qt5/QtGui/qregion.h:49\x1b[m\x1b[K,\n'}
[7.645411] (status_display) StderrLine: {'line': b'                 from \x1b[01m\x1b[K/usr/include/x86_64-linux-gnu/qt5/QtGui/qmatrix.h:45\x1b[m\x1b[K,\n'}
[7.645495] (status_display) StderrLine: {'line': b'                 from \x1b[01m\x1b[K/usr/include/x86_64-linux-gnu/qt5/QtGui/qbrush.h:49\x1b[m\x1b[K,\n'}
[7.645583] (status_display) StderrLine: {'line': b'                 from \x1b[01m\x1b[K/usr/include/x86_64-linux-gnu/qt5/QtGui/qpalette.h:46\x1b[m\x1b[K,\n'}
[7.645693] (status_display) StderrLine: {'line': b'                 from \x1b[01m\x1b[K/usr/include/x86_64-linux-gnu/qt5/QtWidgets/qwidget.h:48\x1b[m\x1b[K,\n'}
[7.645783] (status_display) StderrLine: {'line': b'                 from \x1b[01m\x1b[K/usr/include/x86_64-linux-gnu/qt5/QtWidgets/qframe.h:44\x1b[m\x1b[K,\n'}
[7.645867] (status_display) StderrLine: {'line': b'                 from \x1b[01m\x1b[K/usr/include/x86_64-linux-gnu/qt5/QtWidgets/qlabel.h:44\x1b[m\x1b[K,\n'}
[7.645978] (status_display) StderrLine: {'line': b'                 from \x1b[01m\x1b[K/usr/include/x86_64-linux-gnu/qt5/QtWidgets/QLabel:1\x1b[m\x1b[K,\n'}
[7.646070] (status_display) StderrLine: {'line': b'                 from \x1b[01m\x1b[K/home/shenhang/ros_study/chapter3/topic_practice_workspace/src/status_display/src/sys_status_display.cpp:2\x1b[m\x1b[K:\n'}
[7.646157] (status_display) StderrLine: {'line': b'\x1b[01m\x1b[K/usr/include/x86_64-linux-gnu/qt5/QtCore/qdatastream.h:477:21:\x1b[m\x1b[K \x1b[01;36m\x1b[Knote: \x1b[m\x1b[Kcandidate: \xe2\x80\x98\x1b[01m\x1b[Ktemplate<class Key, class T> QDataStream& operator<<(QDataStream&, const QMap<K, V>&)\x1b[m\x1b[K\xe2\x80\x99\n'}
[7.646246] (status_display) StderrLine: {'line': b'  477 | inline QDataStream &\x1b[01;36m\x1b[Koperator\x1b[m\x1b[K<<(QDataStream &s, const QMap<Key, T> &map)\n'}
[7.646332] (status_display) StderrLine: {'line': b'      |                     \x1b[01;36m\x1b[K^~~~~~~~\x1b[m\x1b[K\n'}
[7.646417] (status_display) StderrLine: {'line': b'\x1b[01m\x1b[K/usr/include/x86_64-linux-gnu/qt5/QtCore/qdatastream.h:477:21:\x1b[m\x1b[K \x1b[01;36m\x1b[Knote: \x1b[m\x1b[K  template argument deduction/substitution failed:\n'}
[7.646503] (status_display) StderrLine: {'line': b'\x1b[01m\x1b[K/home/shenhang/ros_study/chapter3/topic_practice_workspace/src/status_display/src/sys_status_display.cpp:19:42:\x1b[m\x1b[K \x1b[01;36m\x1b[Knote: \x1b[m\x1b[K  \xe2\x80\x98\x1b[01m\x1b[Kstatus_interfaces::msg::SystemStatus_<std::allocator<void> >::_stamp_type\x1b[m\x1b[K\xe2\x80\x99 {aka \xe2\x80\x98\x1b[01m\x1b[Kbuiltin_interfaces::msg::Time_<std::allocator<void> >\x1b[m\x1b[K\xe2\x80\x99} is not derived from \xe2\x80\x98\x1b[01m\x1b[Kconst QMap<K, V>\x1b[m\x1b[K\xe2\x80\x99\n'}
[7.646591] (status_display) StderrLine: {'line': b'   19 |                  << "\xe6\x95\xb0\xe6\x8d\xae\xe6\x97\xb6\xe9\x97\xb4: " << msg->\x1b[01;36m\x1b[Kstamp\x1b[m\x1b[K << " s\\n"\n'}
[7.646707] (status_display) StderrLine: {'line': b'      |                                          \x1b[01;36m\x1b[K^~~~~\x1b[m\x1b[K\n'}
[7.646795] (status_display) StderrLine: {'line': b'In file included from \x1b[01m\x1b[K/usr/include/x86_64-linux-gnu/qt5/QtGui/qregion.h:49\x1b[m\x1b[K,\n'}
[7.646911] (status_display) StderrLine: {'line': b'                 from \x1b[01m\x1b[K/usr/include/x86_64-linux-gnu/qt5/QtGui/qmatrix.h:45\x1b[m\x1b[K,\n'}
[7.647076] (status_display) StderrLine: {'line': b'                 from \x1b[01m\x1b[K/usr/include/x86_64-linux-gnu/qt5/QtGui/qbrush.h:49\x1b[m\x1b[K,\n'}
[7.647199] (status_display) StderrLine: {'line': b'                 from \x1b[01m\x1b[K/usr/include/x86_64-linux-gnu/qt5/QtGui/qpalette.h:46\x1b[m\x1b[K,\n'}
[7.647328] (status_display) StderrLine: {'line': b'                 from \x1b[01m\x1b[K/usr/include/x86_64-linux-gnu/qt5/QtWidgets/qwidget.h:48\x1b[m\x1b[K,\n'}
[7.647453] (status_display) StderrLine: {'line': b'                 from \x1b[01m\x1b[K/usr/include/x86_64-linux-gnu/qt5/QtWidgets/qframe.h:44\x1b[m\x1b[K,\n'}
[7.647565] (status_display) StderrLine: {'line': b'                 from \x1b[01m\x1b[K/usr/include/x86_64-linux-gnu/qt5/QtWidgets/qlabel.h:44\x1b[m\x1b[K,\n'}
[7.647700] (status_display) StderrLine: {'line': b'                 from \x1b[01m\x1b[K/usr/include/x86_64-linux-gnu/qt5/QtWidgets/QLabel:1\x1b[m\x1b[K,\n'}
[7.647798] (status_display) StderrLine: {'line': b'                 from \x1b[01m\x1b[K/home/shenhang/ros_study/chapter3/topic_practice_workspace/src/status_display/src/sys_status_display.cpp:2\x1b[m\x1b[K:\n'}
[7.647973] (status_display) StderrLine: {'line': b'\x1b[01m\x1b[K/usr/include/x86_64-linux-gnu/qt5/QtCore/qdatastream.h:491:21:\x1b[m\x1b[K \x1b[01;36m\x1b[Knote: \x1b[m\x1b[Kcandidate: \xe2\x80\x98\x1b[01m\x1b[Ktemplate<class T1, class T2> QDataStream& operator<<(QDataStream&, const QPair<T1, T2>&)\x1b[m\x1b[K\xe2\x80\x99\n'}
[7.648078] (status_display) StderrLine: {'line': b'  491 | inline QDataStream& \x1b[01;36m\x1b[Koperator\x1b[m\x1b[K<<(QDataStream& s, const QPair<T1, T2>& p)\n'}
[7.648164] (status_display) StderrLine: {'line': b'      |                     \x1b[01;36m\x1b[K^~~~~~~~\x1b[m\x1b[K\n'}
[7.648249] (status_display) StderrLine: {'line': b'\x1b[01m\x1b[K/usr/include/x86_64-linux-gnu/qt5/QtCore/qdatastream.h:491:21:\x1b[m\x1b[K \x1b[01;36m\x1b[Knote: \x1b[m\x1b[K  template argument deduction/substitution failed:\n'}
[7.648336] (status_display) StderrLine: {'line': b'\x1b[01m\x1b[K/home/shenhang/ros_study/chapter3/topic_practice_workspace/src/status_display/src/sys_status_display.cpp:19:42:\x1b[m\x1b[K \x1b[01;36m\x1b[Knote: \x1b[m\x1b[K  \xe2\x80\x98\x1b[01m\x1b[Kstatus_interfaces::msg::SystemStatus_<std::allocator<void> >::_stamp_type\x1b[m\x1b[K\xe2\x80\x99 {aka \xe2\x80\x98\x1b[01m\x1b[Kbuiltin_interfaces::msg::Time_<std::allocator<void> >\x1b[m\x1b[K\xe2\x80\x99} is not derived from \xe2\x80\x98\x1b[01m\x1b[Kconst QPair<T1, T2>\x1b[m\x1b[K\xe2\x80\x99\n'}
[7.648433] (status_display) StderrLine: {'line': b'   19 |                  << "\xe6\x95\xb0\xe6\x8d\xae\xe6\x97\xb6\xe9\x97\xb4: " << msg->\x1b[01;36m\x1b[Kstamp\x1b[m\x1b[K << " s\\n"\n'}
[7.648563] (status_display) StderrLine: {'line': b'      |                                          \x1b[01;36m\x1b[K^~~~~\x1b[m\x1b[K\n'}
[7.648708] (status_display) StderrLine: {'line': b'In file included from \x1b[01m\x1b[K/usr/include/x86_64-linux-gnu/qt5/QtCore/qglobal.h:46\x1b[m\x1b[K,\n'}
[7.648816] (status_display) StderrLine: {'line': b'                 from \x1b[01m\x1b[K/usr/include/x86_64-linux-gnu/qt5/QtGui/qtguiglobal.h:43\x1b[m\x1b[K,\n'}
[7.648964] (status_display) StderrLine: {'line': b'                 from \x1b[01m\x1b[K/usr/include/x86_64-linux-gnu/qt5/QtWidgets/qtwidgetsglobal.h:43\x1b[m\x1b[K,\n'}
[7.649110] (status_display) StderrLine: {'line': b'                 from \x1b[01m\x1b[K/usr/include/x86_64-linux-gnu/qt5/QtWidgets/qapplication.h:43\x1b[m\x1b[K,\n'}
[7.649223] (status_display) StderrLine: {'line': b'                 from \x1b[01m\x1b[K/usr/include/x86_64-linux-gnu/qt5/QtWidgets/QApplication:1\x1b[m\x1b[K,\n'}
[7.649336] (status_display) StderrLine: {'line': b'                 from \x1b[01m\x1b[K/home/shenhang/ros_study/chapter3/topic_practice_workspace/src/status_display/src/sys_status_display.cpp:1\x1b[m\x1b[K:\n'}
[7.649517] (status_display) StderrLine: {'line': b'\x1b[01m\x1b[K/usr/include/c++/11/cstddef:126:5:\x1b[m\x1b[K \x1b[01;36m\x1b[Knote: \x1b[m\x1b[Kcandidate: \xe2\x80\x98\x1b[01m\x1b[Ktemplate<class _IntegerType> constexpr std::__byte_op_t<_IntegerType> std::operator<<(std::byte, _IntegerType)\x1b[m\x1b[K\xe2\x80\x99\n'}
[7.649671] (status_display) StderrLine: {'line': b'  126 |     \x1b[01;36m\x1b[Koperator\x1b[m\x1b[K<<(byte __b, _IntegerType __shift) noexcept\n'}
[7.649786] (status_display) StderrLine: {'line': b'      |     \x1b[01;36m\x1b[K^~~~~~~~\x1b[m\x1b[K\n'}
[7.649955] (status_display) StderrLine: {'line': b'\x1b[01m\x1b[K/usr/include/c++/11/cstddef:126:5:\x1b[m\x1b[K \x1b[01;36m\x1b[Knote: \x1b[m\x1b[K  template argument deduction/substitution failed:\n'}
[7.653030] (status_display) StderrLine: {'line': b'\x1b[01m\x1b[K/home/shenhang/ros_study/chapter3/topic_practice_workspace/src/status_display/src/sys_status_display.cpp:19:18:\x1b[m\x1b[K \x1b[01;36m\x1b[Knote: \x1b[m\x1b[K  cannot convert \xe2\x80\x98\x1b[01m\x1b[Kstd::operator<< <std::char_traits<char> >((* & std::operator<< <std::char_traits<char> >(show_str.std::__cxx11::basic_stringstream<char>::<anonymous>.std::basic_iostream<char>::<anonymous>, ((const char*)"==================\\37777777747\\37777777663\\37777777673\\37777777747\\37777777673\\37777777637\\37777777747\\37777777612\\37777777666\\37777777746\\37777777600\\37777777601\\37777777746\\37777777630\\37777777676\\37777777747\\37777777644\\37777777672======================\\012"))), ((const char*)"\\37777777746\\37777777625\\37777777660\\37777777746\\37777777615\\37777777656\\37777777746\\37777777627\\37777777666\\37777777751\\37777777627\\37777777664: "))\x1b[m\x1b[K\xe2\x80\x99 (type \xe2\x80\x98\x1b[01m\x1b[Kstd::basic_ostream<char>\x1b[m\x1b[K\xe2\x80\x99) to type \xe2\x80\x98\x1b[01m\x1b[Kstd::byte\x1b[m\x1b[K\xe2\x80\x99\n'}
[7.653271] (status_display) StderrLine: {'line': b'   18 |         \x1b[01;36m\x1b[Kshow_str << "==================\xe7\xb3\xbb\xe7\xbb\x9f\xe7\x8a\xb6\xe6\x80\x81\xe6\x98\xbe\xe7\xa4\xba======================\\n"\x1b[m\x1b[K\n'}
[7.653364] (status_display) StderrLine: {'line': b'      |         \x1b[01;36m\x1b[K~~~~~~~~~~~~~~~~~~~~~~~~~~~~~~~~~~~~~~~~~~~~~~~~~~~~~~~~~~~~~~~~~~~~\x1b[m\x1b[K\n'}
[7.653494] (status_display) StderrLine: {'line': b'   19 | \x1b[01;36m\x1b[K                 << "\xe6\x95\xb0\xe6\x8d\xae\xe6\x97\xb6\xe9\x97\xb4: "\x1b[m\x1b[K << msg->stamp << " s\\n"\n'}
[7.653644] (status_display) StderrLine: {'line': b'      |                  \x1b[01;36m\x1b[K^~~~~~~~~~~~~~~\x1b[m\x1b[K\n'}
[7.653751] (status_display) StderrLine: {'line': b'In file included from \x1b[01m\x1b[K/usr/include/c++/11/bits/basic_string.h:48\x1b[m\x1b[K,\n'}
[7.653850] (status_display) StderrLine: {'line': b'                 from \x1b[01m\x1b[K/usr/include/c++/11/string:55\x1b[m\x1b[K,\n'}
[7.654003] (status_display) StderrLine: {'line': b'                 from \x1b[01m\x1b[K/usr/include/x86_64-linux-gnu/qt5/QtCore/qbytearray.h:52\x1b[m\x1b[K,\n'}
[7.654107] (status_display) StderrLine: {'line': b'                 from \x1b[01m\x1b[K/usr/include/x86_64-linux-gnu/qt5/QtCore/qstring.h:50\x1b[m\x1b[K,\n'}
[7.654233] (status_display) StderrLine: {'line': b'                 from \x1b[01m\x1b[K/usr/include/x86_64-linux-gnu/qt5/QtCore/qcoreapplication.h:44\x1b[m\x1b[K,\n'}
[7.654323] (status_display) StderrLine: {'line': b'                 from \x1b[01m\x1b[K/usr/include/x86_64-linux-gnu/qt5/QtWidgets/qapplication.h:44\x1b[m\x1b[K,\n'}
[7.654456] (status_display) StderrLine: {'line': b'                 from \x1b[01m\x1b[K/usr/include/x86_64-linux-gnu/qt5/QtWidgets/QApplication:1\x1b[m\x1b[K,\n'}
[7.654593] (status_display) StderrLine: {'line': b'                 from \x1b[01m\x1b[K/home/shenhang/ros_study/chapter3/topic_practice_workspace/src/status_display/src/sys_status_display.cpp:1\x1b[m\x1b[K:\n'}
[7.654724] (status_display) StderrLine: {'line': b'\x1b[01m\x1b[K/usr/include/c++/11/string_view:667:5:\x1b[m\x1b[K \x1b[01;36m\x1b[Knote: \x1b[m\x1b[Kcandidate: \xe2\x80\x98\x1b[01m\x1b[Ktemplate<class _CharT, class _Traits> std::basic_ostream<_CharT, _Traits>& std::operator<<(std::basic_ostream<_CharT, _Traits>&, std::basic_string_view<_CharT, _Traits>)\x1b[m\x1b[K\xe2\x80\x99\n'}
[7.654871] (status_display) StderrLine: {'line': b'  667 |     \x1b[01;36m\x1b[Koperator\x1b[m\x1b[K<<(basic_ostream<_CharT, _Traits>& __os,\n'}
[7.655064] (status_display) StderrLine: {'line': b'      |     \x1b[01;36m\x1b[K^~~~~~~~\x1b[m\x1b[K\n'}
[7.655171] (status_display) StderrLine: {'line': b'\x1b[01m\x1b[K/usr/include/c++/11/string_view:667:5:\x1b[m\x1b[K \x1b[01;36m\x1b[Knote: \x1b[m\x1b[K  template argument deduction/substitution failed:\n'}
[7.655269] (status_display) StderrLine: {'line': b'\x1b[01m\x1b[K/home/shenhang/ros_study/chapter3/topic_practice_workspace/src/status_display/src/sys_status_display.cpp:19:42:\x1b[m\x1b[K \x1b[01;36m\x1b[Knote: \x1b[m\x1b[K  \xe2\x80\x98\x1b[01m\x1b[Kbuiltin_interfaces::msg::Time_<std::allocator<void> >\x1b[m\x1b[K\xe2\x80\x99 is not derived from \xe2\x80\x98\x1b[01m\x1b[Kstd::basic_string_view<_CharT, _Traits>\x1b[m\x1b[K\xe2\x80\x99\n'}
[7.655359] (status_display) StderrLine: {'line': b'   19 |                  << "\xe6\x95\xb0\xe6\x8d\xae\xe6\x97\xb6\xe9\x97\xb4: " << msg->\x1b[01;36m\x1b[Kstamp\x1b[m\x1b[K << " s\\n"\n'}
[7.655472] (status_display) StderrLine: {'line': b'      |                                          \x1b[01;36m\x1b[K^~~~~\x1b[m\x1b[K\n'}
[7.655562] (status_display) StderrLine: {'line': b'In file included from \x1b[01m\x1b[K/usr/include/c++/11/string:55\x1b[m\x1b[K,\n'}
[7.655648] (status_display) StderrLine: {'line': b'                 from \x1b[01m\x1b[K/usr/include/x86_64-linux-gnu/qt5/QtCore/qbytearray.h:52\x1b[m\x1b[K,\n'}
[7.655733] (status_display) StderrLine: {'line': b'                 from \x1b[01m\x1b[K/usr/include/x86_64-linux-gnu/qt5/QtCore/qstring.h:50\x1b[m\x1b[K,\n'}
[7.655824] (status_display) StderrLine: {'line': b'                 from \x1b[01m\x1b[K/usr/include/x86_64-linux-gnu/qt5/QtCore/qcoreapplication.h:44\x1b[m\x1b[K,\n'}
[7.655942] (status_display) StderrLine: {'line': b'                 from \x1b[01m\x1b[K/usr/include/x86_64-linux-gnu/qt5/QtWidgets/qapplication.h:44\x1b[m\x1b[K,\n'}
[7.656064] (status_display) StderrLine: {'line': b'                 from \x1b[01m\x1b[K/usr/include/x86_64-linux-gnu/qt5/QtWidgets/QApplication:1\x1b[m\x1b[K,\n'}
[7.656167] (status_display) StderrLine: {'line': b'                 from \x1b[01m\x1b[K/home/shenhang/ros_study/chapter3/topic_practice_workspace/src/status_display/src/sys_status_display.cpp:1\x1b[m\x1b[K:\n'}
[7.656253] (status_display) StderrLine: {'line': b'\x1b[01m\x1b[K/usr/include/c++/11/bits/basic_string.h:6531:5:\x1b[m\x1b[K \x1b[01;36m\x1b[Knote: \x1b[m\x1b[Kcandidate: \xe2\x80\x98\x1b[01m\x1b[Ktemplate<class _CharT, class _Traits, class _Alloc> std::basic_ostream<_CharT, _Traits>& std::operator<<(std::basic_ostream<_CharT, _Traits>&, const std::__cxx11::basic_string<_CharT, _Traits, _Allocator>&)\x1b[m\x1b[K\xe2\x80\x99\n'}
[7.656341] (status_display) StderrLine: {'line': b' 6531 |     \x1b[01;36m\x1b[Koperator\x1b[m\x1b[K<<(basic_ostream<_CharT, _Traits>& __os,\n'}
[7.656456] (status_display) StderrLine: {'line': b'      |     \x1b[01;36m\x1b[K^~~~~~~~\x1b[m\x1b[K\n'}
[7.656543] (status_display) StderrLine: {'line': b'\x1b[01m\x1b[K/usr/include/c++/11/bits/basic_string.h:6531:5:\x1b[m\x1b[K \x1b[01;36m\x1b[Knote: \x1b[m\x1b[K  template argument deduction/substitution failed:\n'}
[7.656628] (status_display) StderrLine: {'line': b'\x1b[01m\x1b[K/home/shenhang/ros_study/chapter3/topic_practice_workspace/src/status_display/src/sys_status_display.cpp:19:42:\x1b[m\x1b[K \x1b[01;36m\x1b[Knote: \x1b[m\x1b[K  \xe2\x80\x98\x1b[01m\x1b[Kstatus_interfaces::msg::SystemStatus_<std::allocator<void> >::_stamp_type\x1b[m\x1b[K\xe2\x80\x99 {aka \xe2\x80\x98\x1b[01m\x1b[Kbuiltin_interfaces::msg::Time_<std::allocator<void> >\x1b[m\x1b[K\xe2\x80\x99} is not derived from \xe2\x80\x98\x1b[01m\x1b[Kconst std::__cxx11::basic_string<_CharT, _Traits, _Allocator>\x1b[m\x1b[K\xe2\x80\x99\n'}
[7.656718] (status_display) StderrLine: {'line': b'   19 |                  << "\xe6\x95\xb0\xe6\x8d\xae\xe6\x97\xb6\xe9\x97\xb4: " << msg->\x1b[01;36m\x1b[Kstamp\x1b[m\x1b[K << " s\\n"\n'}
[7.656803] (status_display) StderrLine: {'line': b'      |                                          \x1b[01;36m\x1b[K^~~~~\x1b[m\x1b[K\n'}
[7.656887] (status_display) StderrLine: {'line': b'In file included from \x1b[01m\x1b[K/usr/include/c++/11/bits/ios_base.h:46\x1b[m\x1b[K,\n'}
[7.657056] (status_display) StderrLine: {'line': b'                 from \x1b[01m\x1b[K/usr/include/c++/11/streambuf:41\x1b[m\x1b[K,\n'}
[7.657156] (status_display) StderrLine: {'line': b'                 from \x1b[01m\x1b[K/usr/include/c++/11/bits/streambuf_iterator.h:35\x1b[m\x1b[K,\n'}
[7.657242] (status_display) StderrLine: {'line': b'                 from \x1b[01m\x1b[K/usr/include/c++/11/iterator:66\x1b[m\x1b[K,\n'}
[7.657380] (status_display) StderrLine: {'line': b'                 from \x1b[01m\x1b[K/usr/include/x86_64-linux-gnu/qt5/QtCore/qbytearray.h:53\x1b[m\x1b[K,\n'}
[7.657480] (status_display) StderrLine: {'line': b'                 from \x1b[01m\x1b[K/usr/include/x86_64-linux-gnu/qt5/QtCore/qstring.h:50\x1b[m\x1b[K,\n'}
[7.657587] (status_display) StderrLine: {'line': b'                 from \x1b[01m\x1b[K/usr/include/x86_64-linux-gnu/qt5/QtCore/qcoreapplication.h:44\x1b[m\x1b[K,\n'}
[7.657714] (status_display) StderrLine: {'line': b'                 from \x1b[01m\x1b[K/usr/include/x86_64-linux-gnu/qt5/QtWidgets/qapplication.h:44\x1b[m\x1b[K,\n'}
[7.657864] (status_display) StderrLine: {'line': b'                 from \x1b[01m\x1b[K/usr/include/x86_64-linux-gnu/qt5/QtWidgets/QApplication:1\x1b[m\x1b[K,\n'}
[7.658065] (status_display) StderrLine: {'line': b'                 from \x1b[01m\x1b[K/home/shenhang/ros_study/chapter3/topic_practice_workspace/src/status_display/src/sys_status_display.cpp:1\x1b[m\x1b[K:\n'}
[7.658165] (status_display) StderrLine: {'line': b'\x1b[01m\x1b[K/usr/include/c++/11/system_error:279:5:\x1b[m\x1b[K \x1b[01;36m\x1b[Knote: \x1b[m\x1b[Kcandidate: \xe2\x80\x98\x1b[01m\x1b[Ktemplate<class _CharT, class _Traits> std::basic_ostream<_CharT, _Traits>& std::operator<<(std::basic_ostream<_CharT, _Traits>&, const std::error_code&)\x1b[m\x1b[K\xe2\x80\x99\n'}
[7.658287] (status_display) StderrLine: {'line': b'  279 |     \x1b[01;36m\x1b[Koperator\x1b[m\x1b[K<<(basic_ostream<_CharT, _Traits>& __os, const error_code& __e)\n'}
[7.658411] (status_display) StderrLine: {'line': b'      |     \x1b[01;36m\x1b[K^~~~~~~~\x1b[m\x1b[K\n'}
[7.658500] (status_display) StderrLine: {'line': b'\x1b[01m\x1b[K/usr/include/c++/11/system_error:279:5:\x1b[m\x1b[K \x1b[01;36m\x1b[Knote: \x1b[m\x1b[K  template argument deduction/substitution failed:\n'}
[7.658597] (status_display) StderrLine: {'line': b'\x1b[01m\x1b[K/home/shenhang/ros_study/chapter3/topic_practice_workspace/src/status_display/src/sys_status_display.cpp:19:42:\x1b[m\x1b[K \x1b[01;36m\x1b[Knote: \x1b[m\x1b[K  cannot convert \xe2\x80\x98\x1b[01m\x1b[K((const std::__shared_ptr_access<status_interfaces::msg::SystemStatus_<std::allocator<void> >, __gnu_cxx::_S_atomic, false, false>*)(& msg))->std::__shared_ptr_access<status_interfaces::msg::SystemStatus_<std::allocator<void> >, __gnu_cxx::_S_atomic, false, false>::operator->()->status_interfaces::msg::SystemStatus_<std::allocator<void> >::stamp\x1b[m\x1b[K\xe2\x80\x99 (type \xe2\x80\x98\x1b[01m\x1b[Kstatus_interfaces::msg::SystemStatus_<std::allocator<void> >::_stamp_type\x1b[m\x1b[K\xe2\x80\x99 {aka \xe2\x80\x98\x1b[01m\x1b[Kbuiltin_interfaces::msg::Time_<std::allocator<void> >\x1b[m\x1b[K\xe2\x80\x99}) to type \xe2\x80\x98\x1b[01m\x1b[Kconst std::error_code&\x1b[m\x1b[K\xe2\x80\x99\n'}
[7.658693] (status_display) StderrLine: {'line': b'   19 |                  << "\xe6\x95\xb0\xe6\x8d\xae\xe6\x97\xb6\xe9\x97\xb4: " << \x1b[01;36m\x1b[Kmsg->stamp\x1b[m\x1b[K << " s\\n"\n'}
[7.658776] (status_display) StderrLine: {'line': b'      |                                     \x1b[01;36m\x1b[K~~~~~^~~~~\x1b[m\x1b[K\n'}
[7.658857] (status_display) StderrLine: {'line': b'In file included from \x1b[01m\x1b[K/usr/include/c++/11/memory:77\x1b[m\x1b[K,\n'}
[7.659014] (status_display) StderrLine: {'line': b'                 from \x1b[01m\x1b[K/usr/include/x86_64-linux-gnu/qt5/QtCore/qsharedpointer_impl.h:71\x1b[m\x1b[K,\n'}
[7.659107] (status_display) StderrLine: {'line': b'                 from \x1b[01m\x1b[K/usr/include/x86_64-linux-gnu/qt5/QtCore/qsharedpointer.h:48\x1b[m\x1b[K,\n'}
[7.659189] (status_display) StderrLine: {'line': b'                 from \x1b[01m\x1b[K/usr/include/x86_64-linux-gnu/qt5/QtGui/qpixmap.h:48\x1b[m\x1b[K,\n'}
[7.659279] (status_display) StderrLine: {'line': b'                 from \x1b[01m\x1b[K/usr/include/x86_64-linux-gnu/qt5/QtGui/qbrush.h:52\x1b[m\x1b[K,\n'}
[7.659445] (status_display) StderrLine: {'line': b'                 from \x1b[01m\x1b[K/usr/include/x86_64-linux-gnu/qt5/QtGui/qpalette.h:46\x1b[m\x1b[K,\n'}
[7.659581] (status_display) StderrLine: {'line': b'                 from \x1b[01m\x1b[K/usr/include/x86_64-linux-gnu/qt5/QtWidgets/qwidget.h:48\x1b[m\x1b[K,\n'}
[7.659772] (status_display) StderrLine: {'line': b'                 from \x1b[01m\x1b[K/usr/include/x86_64-linux-gnu/qt5/QtWidgets/qframe.h:44\x1b[m\x1b[K,\n'}
[7.659881] (status_display) StderrLine: {'line': b'                 from \x1b[01m\x1b[K/usr/include/x86_64-linux-gnu/qt5/QtWidgets/qlabel.h:44\x1b[m\x1b[K,\n'}
[7.660124] (status_display) StderrLine: {'line': b'                 from \x1b[01m\x1b[K/usr/include/x86_64-linux-gnu/qt5/QtWidgets/QLabel:1\x1b[m\x1b[K,\n'}
[7.660210] (status_display) StderrLine: {'line': b'                 from \x1b[01m\x1b[K/home/shenhang/ros_study/chapter3/topic_practice_workspace/src/status_display/src/sys_status_display.cpp:2\x1b[m\x1b[K:\n'}
[7.660330] (status_display) StderrLine: {'line': b'\x1b[01m\x1b[K/usr/include/c++/11/bits/shared_ptr.h:70:5:\x1b[m\x1b[K \x1b[01;36m\x1b[Knote: \x1b[m\x1b[Kcandidate: \xe2\x80\x98\x1b[01m\x1b[Ktemplate<class _Ch, class _Tr, class _Tp, __gnu_cxx::_Lock_policy _Lp> std::basic_ostream<_CharT, _Traits>& std::operator<<(std::basic_ostream<_CharT, _Traits>&, const std::__shared_ptr<_Tp, _Lp>&)\x1b[m\x1b[K\xe2\x80\x99\n'}
[7.660474] (status_display) StderrLine: {'line': b'   70 |     \x1b[01;36m\x1b[Koperator\x1b[m\x1b[K<<(std::basic_ostream<_Ch, _Tr>& __os,\n'}
[7.660578] (status_display) StderrLine: {'line': b'      |     \x1b[01;36m\x1b[K^~~~~~~~\x1b[m\x1b[K\n'}
[7.660687] (status_display) StderrLine: {'line': b'\x1b[01m\x1b[K/usr/include/c++/11/bits/shared_ptr.h:70:5:\x1b[m\x1b[K \x1b[01;36m\x1b[Knote: \x1b[m\x1b[K  template argument deduction/substitution failed:\n'}
[7.660809] (status_display) StderrLine: {'line': b'\x1b[01m\x1b[K/home/shenhang/ros_study/chapter3/topic_practice_workspace/src/status_display/src/sys_status_display.cpp:19:42:\x1b[m\x1b[K \x1b[01;36m\x1b[Knote: \x1b[m\x1b[K  \xe2\x80\x98\x1b[01m\x1b[Kstatus_interfaces::msg::SystemStatus_<std::allocator<void> >::_stamp_type\x1b[m\x1b[K\xe2\x80\x99 {aka \xe2\x80\x98\x1b[01m\x1b[Kbuiltin_interfaces::msg::Time_<std::allocator<void> >\x1b[m\x1b[K\xe2\x80\x99} is not derived from \xe2\x80\x98\x1b[01m\x1b[Kconst std::__shared_ptr<_Tp, _Lp>\x1b[m\x1b[K\xe2\x80\x99\n'}
[7.660898] (status_display) StderrLine: {'line': b'   19 |                  << "\xe6\x95\xb0\xe6\x8d\xae\xe6\x97\xb6\xe9\x97\xb4: " << msg->\x1b[01;36m\x1b[Kstamp\x1b[m\x1b[K << " s\\n"\n'}
[7.661030] (status_display) StderrLine: {'line': b'      |                                          \x1b[01;36m\x1b[K^~~~~\x1b[m\x1b[K\n'}
[7.661192] (status_display) StderrLine: {'line': b'In file included from \x1b[01m\x1b[K/opt/ros/humble/include/rclcpp/rclcpp/executors/multi_threaded_executor.hpp:22\x1b[m\x1b[K,\n'}
[7.661310] (status_display) StderrLine: {'line': b'                 from \x1b[01m\x1b[K/opt/ros/humble/include/rclcpp/rclcpp/executors.hpp:21\x1b[m\x1b[K,\n'}
[7.661428] (status_display) StderrLine: {'line': b'                 from \x1b[01m\x1b[K/opt/ros/humble/include/rclcpp/rclcpp/rclcpp.hpp:155\x1b[m\x1b[K,\n'}
[7.661516] (status_display) StderrLine: {'line': b'                 from \x1b[01m\x1b[K/home/shenhang/ros_study/chapter3/topic_practice_workspace/src/status_display/src/sys_status_display.cpp:4\x1b[m\x1b[K:\n'}
[7.661620] (status_display) StderrLine: {'line': b'\x1b[01m\x1b[K/usr/include/c++/11/thread:92:5:\x1b[m\x1b[K \x1b[01;36m\x1b[Knote: \x1b[m\x1b[Kcandidate: \xe2\x80\x98\x1b[01m\x1b[Ktemplate<class _CharT, class _Traits> std::basic_ostream<_CharT, _Traits>& std::operator<<(std::basic_ostream<_CharT, _Traits>&, std::thread::id)\x1b[m\x1b[K\xe2\x80\x99\n'}
[7.661722] (status_display) StderrLine: {'line': b'   92 |     \x1b[01;36m\x1b[Koperator\x1b[m\x1b[K<<(basic_ostream<_CharT, _Traits>& __out, thread::id __id)\n'}
[7.661809] (status_display) StderrLine: {'line': b'      |     \x1b[01;36m\x1b[K^~~~~~~~\x1b[m\x1b[K\n'}
[7.661926] (status_display) StderrLine: {'line': b'\x1b[01m\x1b[K/usr/include/c++/11/thread:92:5:\x1b[m\x1b[K \x1b[01;36m\x1b[Knote: \x1b[m\x1b[K  template argument deduction/substitution failed:\n'}
[7.662027] (status_display) StderrLine: {'line': b'\x1b[01m\x1b[K/home/shenhang/ros_study/chapter3/topic_practice_workspace/src/status_display/src/sys_status_display.cpp:19:42:\x1b[m\x1b[K \x1b[01;36m\x1b[Knote: \x1b[m\x1b[K  cannot convert \xe2\x80\x98\x1b[01m\x1b[K((const std::__shared_ptr_access<status_interfaces::msg::SystemStatus_<std::allocator<void> >, __gnu_cxx::_S_atomic, false, false>*)(& msg))->std::__shared_ptr_access<status_interfaces::msg::SystemStatus_<std::allocator<void> >, __gnu_cxx::_S_atomic, false, false>::operator->()->status_interfaces::msg::SystemStatus_<std::allocator<void> >::stamp\x1b[m\x1b[K\xe2\x80\x99 (type \xe2\x80\x98\x1b[01m\x1b[Kstatus_interfaces::msg::SystemStatus_<std::allocator<void> >::_stamp_type\x1b[m\x1b[K\xe2\x80\x99 {aka \xe2\x80\x98\x1b[01m\x1b[Kbuiltin_interfaces::msg::Time_<std::allocator<void> >\x1b[m\x1b[K\xe2\x80\x99}) to type \xe2\x80\x98\x1b[01m\x1b[Kstd::thread::id\x1b[m\x1b[K\xe2\x80\x99\n'}
[7.662120] (status_display) StderrLine: {'line': b'   19 |                  << "\xe6\x95\xb0\xe6\x8d\xae\xe6\x97\xb6\xe9\x97\xb4: " << \x1b[01;36m\x1b[Kmsg->stamp\x1b[m\x1b[K << " s\\n"\n'}
[7.662205] (status_display) StderrLine: {'line': b'      |                                     \x1b[01;36m\x1b[K~~~~~^~~~~\x1b[m\x1b[K\n'}
[7.662315] (status_display) StderrLine: {'line': b'In file included from \x1b[01m\x1b[K/usr/include/c++/11/iostream:39\x1b[m\x1b[K,\n'}
[7.662416] (status_display) StderrLine: {'line': b'                 from \x1b[01m\x1b[K/opt/ros/humble/include/rclcpp/rclcpp/executor.hpp:22\x1b[m\x1b[K,\n'}
[7.662502] (status_display) StderrLine: {'line': b'                 from \x1b[01m\x1b[K/opt/ros/humble/include/rclcpp/rclcpp/executors/multi_threaded_executor.hpp:25\x1b[m\x1b[K,\n'}
[7.662634] (status_display) StderrLine: {'line': b'                 from \x1b[01m\x1b[K/opt/ros/humble/include/rclcpp/rclcpp/executors.hpp:21\x1b[m\x1b[K,\n'}
[7.662789] (status_display) StderrLine: {'line': b'                 from \x1b[01m\x1b[K/opt/ros/humble/include/rclcpp/rclcpp/rclcpp.hpp:155\x1b[m\x1b[K,\n'}
[7.662990] (status_display) StderrLine: {'line': b'                 from \x1b[01m\x1b[K/home/shenhang/ros_study/chapter3/topic_practice_workspace/src/status_display/src/sys_status_display.cpp:4\x1b[m\x1b[K:\n'}
[7.663127] (status_display) StderrLine: {'line': b'\x1b[01m\x1b[K/usr/include/c++/11/ostream:513:5:\x1b[m\x1b[K \x1b[01;36m\x1b[Knote: \x1b[m\x1b[Kcandidate: \xe2\x80\x98\x1b[01m\x1b[Ktemplate<class _CharT, class _Traits> std::basic_ostream<_CharT, _Traits>& std::operator<<(std::basic_ostream<_CharT, _Traits>&, _CharT)\x1b[m\x1b[K\xe2\x80\x99\n'}
[7.663290] (status_display) StderrLine: {'line': b'  513 |     \x1b[01;36m\x1b[Koperator\x1b[m\x1b[K<<(basic_ostream<_CharT, _Traits>& __out, _CharT __c)\n'}
[7.663413] (status_display) StderrLine: {'line': b'      |     \x1b[01;36m\x1b[K^~~~~~~~\x1b[m\x1b[K\n'}
[7.663541] (status_display) StderrLine: {'line': b'\x1b[01m\x1b[K/usr/include/c++/11/ostream:513:5:\x1b[m\x1b[K \x1b[01;36m\x1b[Knote: \x1b[m\x1b[K  template argument deduction/substitution failed:\n'}
[7.663653] (status_display) StderrLine: {'line': b'\x1b[01m\x1b[K/home/shenhang/ros_study/chapter3/topic_practice_workspace/src/status_display/src/sys_status_display.cpp:19:42:\x1b[m\x1b[K \x1b[01;36m\x1b[Knote: \x1b[m\x1b[K  deduced conflicting types for parameter \xe2\x80\x98\x1b[01m\x1b[K_CharT\x1b[m\x1b[K\xe2\x80\x99 (\xe2\x80\x98\x1b[01m\x1b[Kchar\x1b[m\x1b[K\xe2\x80\x99 and \xe2\x80\x98\x1b[01m\x1b[Kbuiltin_interfaces::msg::Time_<std::allocator<void> >\x1b[m\x1b[K\xe2\x80\x99)\n'}
[7.663770] (status_display) StderrLine: {'line': b'   19 |                  << "\xe6\x95\xb0\xe6\x8d\xae\xe6\x97\xb6\xe9\x97\xb4: " << msg->\x1b[01;36m\x1b[Kstamp\x1b[m\x1b[K << " s\\n"\n'}
[7.664004] (status_display) StderrLine: {'line': b'      |                                          \x1b[01;36m\x1b[K^~~~~\x1b[m\x1b[K\n'}
[7.664162] (status_display) StderrLine: {'line': b'In file included from \x1b[01m\x1b[K/usr/include/c++/11/iostream:39\x1b[m\x1b[K,\n'}
[7.664300] (status_display) StderrLine: {'line': b'                 from \x1b[01m\x1b[K/opt/ros/humble/include/rclcpp/rclcpp/executor.hpp:22\x1b[m\x1b[K,\n'}
[7.664413] (status_display) StderrLine: {'line': b'                 from \x1b[01m\x1b[K/opt/ros/humble/include/rclcpp/rclcpp/executors/multi_threaded_executor.hpp:25\x1b[m\x1b[K,\n'}
[7.664523] (status_display) StderrLine: {'line': b'                 from \x1b[01m\x1b[K/opt/ros/humble/include/rclcpp/rclcpp/executors.hpp:21\x1b[m\x1b[K,\n'}
[7.664638] (status_display) StderrLine: {'line': b'                 from \x1b[01m\x1b[K/opt/ros/humble/include/rclcpp/rclcpp/rclcpp.hpp:155\x1b[m\x1b[K,\n'}
[7.664761] (status_display) StderrLine: {'line': b'                 from \x1b[01m\x1b[K/home/shenhang/ros_study/chapter3/topic_practice_workspace/src/status_display/src/sys_status_display.cpp:4\x1b[m\x1b[K:\n'}
[7.664885] (status_display) StderrLine: {'line': b'\x1b[01m\x1b[K/usr/include/c++/11/ostream:518:5:\x1b[m\x1b[K \x1b[01;36m\x1b[Knote: \x1b[m\x1b[Kcandidate: \xe2\x80\x98\x1b[01m\x1b[Ktemplate<class _CharT, class _Traits> std::basic_ostream<_CharT, _Traits>& std::operator<<(std::basic_ostream<_CharT, _Traits>&, char)\x1b[m\x1b[K\xe2\x80\x99\n'}
[7.665018] (status_display) StderrLine: {'line': b'  518 |     \x1b[01;36m\x1b[Koperator\x1b[m\x1b[K<<(basic_ostream<_CharT, _Traits>& __out, char __c)\n'}
[7.665184] (status_display) StderrLine: {'line': b'      |     \x1b[01;36m\x1b[K^~~~~~~~\x1b[m\x1b[K\n'}
[7.665372] (status_display) StderrLine: {'line': b'\x1b[01m\x1b[K/usr/include/c++/11/ostream:518:5:\x1b[m\x1b[K \x1b[01;36m\x1b[Knote: \x1b[m\x1b[K  template argument deduction/substitution failed:\n'}
[7.665508] (status_display) StderrLine: {'line': b'\x1b[01m\x1b[K/home/shenhang/ros_study/chapter3/topic_practice_workspace/src/status_display/src/sys_status_display.cpp:19:42:\x1b[m\x1b[K \x1b[01;36m\x1b[Knote: \x1b[m\x1b[K  cannot convert \xe2\x80\x98\x1b[01m\x1b[K((const std::__shared_ptr_access<status_interfaces::msg::SystemStatus_<std::allocator<void> >, __gnu_cxx::_S_atomic, false, false>*)(& msg))->std::__shared_ptr_access<status_interfaces::msg::SystemStatus_<std::allocator<void> >, __gnu_cxx::_S_atomic, false, false>::operator->()->status_interfaces::msg::SystemStatus_<std::allocator<void> >::stamp\x1b[m\x1b[K\xe2\x80\x99 (type \xe2\x80\x98\x1b[01m\x1b[Kstatus_interfaces::msg::SystemStatus_<std::allocator<void> >::_stamp_type\x1b[m\x1b[K\xe2\x80\x99 {aka \xe2\x80\x98\x1b[01m\x1b[Kbuiltin_interfaces::msg::Time_<std::allocator<void> >\x1b[m\x1b[K\xe2\x80\x99}) to type \xe2\x80\x98\x1b[01m\x1b[Kchar\x1b[m\x1b[K\xe2\x80\x99\n'}
[7.665682] (status_display) StderrLine: {'line': b'   19 |                  << "\xe6\x95\xb0\xe6\x8d\xae\xe6\x97\xb6\xe9\x97\xb4: " << \x1b[01;36m\x1b[Kmsg->stamp\x1b[m\x1b[K << " s\\n"\n'}
[7.665843] (status_display) StderrLine: {'line': b'      |                                     \x1b[01;36m\x1b[K~~~~~^~~~~\x1b[m\x1b[K\n'}
[7.665994] (status_display) StderrLine: {'line': b'In file included from \x1b[01m\x1b[K/usr/include/c++/11/iostream:39\x1b[m\x1b[K,\n'}
[7.666175] (status_display) StderrLine: {'line': b'                 from \x1b[01m\x1b[K/opt/ros/humble/include/rclcpp/rclcpp/executor.hpp:22\x1b[m\x1b[K,\n'}
[7.666310] (status_display) StderrLine: {'line': b'                 from \x1b[01m\x1b[K/opt/ros/humble/include/rclcpp/rclcpp/executors/multi_threaded_executor.hpp:25\x1b[m\x1b[K,\n'}
[7.666434] (status_display) StderrLine: {'line': b'                 from \x1b[01m\x1b[K/opt/ros/humble/include/rclcpp/rclcpp/executors.hpp:21\x1b[m\x1b[K,\n'}
[7.666560] (status_display) StderrLine: {'line': b'                 from \x1b[01m\x1b[K/opt/ros/humble/include/rclcpp/rclcpp/rclcpp.hpp:155\x1b[m\x1b[K,\n'}
[7.666694] (status_display) StderrLine: {'line': b'                 from \x1b[01m\x1b[K/home/shenhang/ros_study/chapter3/topic_practice_workspace/src/status_display/src/sys_status_display.cpp:4\x1b[m\x1b[K:\n'}
[7.666831] (status_display) StderrLine: {'line': b'\x1b[01m\x1b[K/usr/include/c++/11/ostream:524:5:\x1b[m\x1b[K \x1b[01;36m\x1b[Knote: \x1b[m\x1b[Kcandidate: \xe2\x80\x98\x1b[01m\x1b[Ktemplate<class _Traits> std::basic_ostream<char, _Traits>& std::operator<<(std::basic_ostream<char, _Traits>&, char)\x1b[m\x1b[K\xe2\x80\x99\n'}
[7.667046] (status_display) StderrLine: {'line': b'  524 |     \x1b[01;36m\x1b[Koperator\x1b[m\x1b[K<<(basic_ostream<char, _Traits>& __out, char __c)\n'}
[7.667221] (status_display) StderrLine: {'line': b'      |     \x1b[01;36m\x1b[K^~~~~~~~\x1b[m\x1b[K\n'}
[7.667351] (status_display) StderrLine: {'line': b'\x1b[01m\x1b[K/usr/include/c++/11/ostream:524:5:\x1b[m\x1b[K \x1b[01;36m\x1b[Knote: \x1b[m\x1b[K  template argument deduction/substitution failed:\n'}
[7.667479] (status_display) StderrLine: {'line': b'\x1b[01m\x1b[K/home/shenhang/ros_study/chapter3/topic_practice_workspace/src/status_display/src/sys_status_display.cpp:19:42:\x1b[m\x1b[K \x1b[01;36m\x1b[Knote: \x1b[m\x1b[K  cannot convert \xe2\x80\x98\x1b[01m\x1b[K((const std::__shared_ptr_access<status_interfaces::msg::SystemStatus_<std::allocator<void> >, __gnu_cxx::_S_atomic, false, false>*)(& msg))->std::__shared_ptr_access<status_interfaces::msg::SystemStatus_<std::allocator<void> >, __gnu_cxx::_S_atomic, false, false>::operator->()->status_interfaces::msg::SystemStatus_<std::allocator<void> >::stamp\x1b[m\x1b[K\xe2\x80\x99 (type \xe2\x80\x98\x1b[01m\x1b[Kstatus_interfaces::msg::SystemStatus_<std::allocator<void> >::_stamp_type\x1b[m\x1b[K\xe2\x80\x99 {aka \xe2\x80\x98\x1b[01m\x1b[Kbuiltin_interfaces::msg::Time_<std::allocator<void> >\x1b[m\x1b[K\xe2\x80\x99}) to type \xe2\x80\x98\x1b[01m\x1b[Kchar\x1b[m\x1b[K\xe2\x80\x99\n'}
[7.667616] (status_display) StderrLine: {'line': b'   19 |                  << "\xe6\x95\xb0\xe6\x8d\xae\xe6\x97\xb6\xe9\x97\xb4: " << \x1b[01;36m\x1b[Kmsg->stamp\x1b[m\x1b[K << " s\\n"\n'}
[7.667741] (status_display) StderrLine: {'line': b'      |                                     \x1b[01;36m\x1b[K~~~~~^~~~~\x1b[m\x1b[K\n'}
[7.667869] (status_display) StderrLine: {'line': b'In file included from \x1b[01m\x1b[K/usr/include/c++/11/iostream:39\x1b[m\x1b[K,\n'}
[7.668066] (status_display) StderrLine: {'line': b'                 from \x1b[01m\x1b[K/opt/ros/humble/include/rclcpp/rclcpp/executor.hpp:22\x1b[m\x1b[K,\n'}
[7.668223] (status_display) StderrLine: {'line': b'                 from \x1b[01m\x1b[K/opt/ros/humble/include/rclcpp/rclcpp/executors/multi_threaded_executor.hpp:25\x1b[m\x1b[K,\n'}
[7.668347] (status_display) StderrLine: {'line': b'                 from \x1b[01m\x1b[K/opt/ros/humble/include/rclcpp/rclcpp/executors.hpp:21\x1b[m\x1b[K,\n'}
[7.668469] (status_display) StderrLine: {'line': b'                 from \x1b[01m\x1b[K/opt/ros/humble/include/rclcpp/rclcpp/rclcpp.hpp:155\x1b[m\x1b[K,\n'}
[7.668590] (status_display) StderrLine: {'line': b'                 from \x1b[01m\x1b[K/home/shenhang/ros_study/chapter3/topic_practice_workspace/src/status_display/src/sys_status_display.cpp:4\x1b[m\x1b[K:\n'}
[7.668710] (status_display) StderrLine: {'line': b'\x1b[01m\x1b[K/usr/include/c++/11/ostream:530:5:\x1b[m\x1b[K \x1b[01;36m\x1b[Knote: \x1b[m\x1b[Kcandidate: \xe2\x80\x98\x1b[01m\x1b[Ktemplate<class _Traits> std::basic_ostream<char, _Traits>& std::operator<<(std::basic_ostream<char, _Traits>&, signed char)\x1b[m\x1b[K\xe2\x80\x99\n'}
[7.668837] (status_display) StderrLine: {'line': b'  530 |     \x1b[01;36m\x1b[Koperator\x1b[m\x1b[K<<(basic_ostream<char, _Traits>& __out, signed char __c)\n'}
[7.669010] (status_display) StderrLine: {'line': b'      |     \x1b[01;36m\x1b[K^~~~~~~~\x1b[m\x1b[K\n'}
[7.669180] (status_display) StderrLine: {'line': b'\x1b[01m\x1b[K/usr/include/c++/11/ostream:530:5:\x1b[m\x1b[K \x1b[01;36m\x1b[Knote: \x1b[m\x1b[K  template argument deduction/substitution failed:\n'}
[7.669314] (status_display) StderrLine: {'line': b'\x1b[01m\x1b[K/home/shenhang/ros_study/chapter3/topic_practice_workspace/src/status_display/src/sys_status_display.cpp:19:42:\x1b[m\x1b[K \x1b[01;36m\x1b[Knote: \x1b[m\x1b[K  cannot convert \xe2\x80\x98\x1b[01m\x1b[K((const std::__shared_ptr_access<status_interfaces::msg::SystemStatus_<std::allocator<void> >, __gnu_cxx::_S_atomic, false, false>*)(& msg))->std::__shared_ptr_access<status_interfaces::msg::SystemStatus_<std::allocator<void> >, __gnu_cxx::_S_atomic, false, false>::operator->()->status_interfaces::msg::SystemStatus_<std::allocator<void> >::stamp\x1b[m\x1b[K\xe2\x80\x99 (type \xe2\x80\x98\x1b[01m\x1b[Kstatus_interfaces::msg::SystemStatus_<std::allocator<void> >::_stamp_type\x1b[m\x1b[K\xe2\x80\x99 {aka \xe2\x80\x98\x1b[01m\x1b[Kbuiltin_interfaces::msg::Time_<std::allocator<void> >\x1b[m\x1b[K\xe2\x80\x99}) to type \xe2\x80\x98\x1b[01m\x1b[Ksigned char\x1b[m\x1b[K\xe2\x80\x99\n'}
[7.669473] (status_display) StderrLine: {'line': b'   19 |                  << "\xe6\x95\xb0\xe6\x8d\xae\xe6\x97\xb6\xe9\x97\xb4: " << \x1b[01;36m\x1b[Kmsg->stamp\x1b[m\x1b[K << " s\\n"\n'}
[7.669597] (status_display) StderrLine: {'line': b'      |                                     \x1b[01;36m\x1b[K~~~~~^~~~~\x1b[m\x1b[K\n'}
[7.669721] (status_display) StderrLine: {'line': b'In file included from \x1b[01m\x1b[K/usr/include/c++/11/iostream:39\x1b[m\x1b[K,\n'}
[7.669847] (status_display) StderrLine: {'line': b'                 from \x1b[01m\x1b[K/opt/ros/humble/include/rclcpp/rclcpp/executor.hpp:22\x1b[m\x1b[K,\n'}
[7.670023] (status_display) StderrLine: {'line': b'                 from \x1b[01m\x1b[K/opt/ros/humble/include/rclcpp/rclcpp/executors/multi_threaded_executor.hpp:25\x1b[m\x1b[K,\n'}
[7.670173] (status_display) StderrLine: {'line': b'                 from \x1b[01m\x1b[K/opt/ros/humble/include/rclcpp/rclcpp/executors.hpp:21\x1b[m\x1b[K,\n'}
[7.670290] (status_display) StderrLine: {'line': b'                 from \x1b[01m\x1b[K/opt/ros/humble/include/rclcpp/rclcpp/rclcpp.hpp:155\x1b[m\x1b[K,\n'}
[7.670410] (status_display) StderrLine: {'line': b'                 from \x1b[01m\x1b[K/home/shenhang/ros_study/chapter3/topic_practice_workspace/src/status_display/src/sys_status_display.cpp:4\x1b[m\x1b[K:\n'}
[7.670534] (status_display) StderrLine: {'line': b'\x1b[01m\x1b[K/usr/include/c++/11/ostream:535:5:\x1b[m\x1b[K \x1b[01;36m\x1b[Knote: \x1b[m\x1b[Kcandidate: \xe2\x80\x98\x1b[01m\x1b[Ktemplate<class _Traits> std::basic_ostream<char, _Traits>& std::operator<<(std::basic_ostream<char, _Traits>&, unsigned char)\x1b[m\x1b[K\xe2\x80\x99\n'}
[7.670660] (status_display) StderrLine: {'line': b'  535 |     \x1b[01;36m\x1b[Koperator\x1b[m\x1b[K<<(basic_ostream<char, _Traits>& __out, unsigned char __c)\n'}
[7.670777] (status_display) StderrLine: {'line': b'      |     \x1b[01;36m\x1b[K^~~~~~~~\x1b[m\x1b[K\n'}
[7.670901] (status_display) StderrLine: {'line': b'\x1b[01m\x1b[K/usr/include/c++/11/ostream:535:5:\x1b[m\x1b[K \x1b[01;36m\x1b[Knote: \x1b[m\x1b[K  template argument deduction/substitution failed:\n'}
[7.671096] (status_display) StderrLine: {'line': b'\x1b[01m\x1b[K/home/shenhang/ros_study/chapter3/topic_practice_workspace/src/status_display/src/sys_status_display.cpp:19:42:\x1b[m\x1b[K \x1b[01;36m\x1b[Knote: \x1b[m\x1b[K  cannot convert \xe2\x80\x98\x1b[01m\x1b[K((const std::__shared_ptr_access<status_interfaces::msg::SystemStatus_<std::allocator<void> >, __gnu_cxx::_S_atomic, false, false>*)(& msg))->std::__shared_ptr_access<status_interfaces::msg::SystemStatus_<std::allocator<void> >, __gnu_cxx::_S_atomic, false, false>::operator->()->status_interfaces::msg::SystemStatus_<std::allocator<void> >::stamp\x1b[m\x1b[K\xe2\x80\x99 (type \xe2\x80\x98\x1b[01m\x1b[Kstatus_interfaces::msg::SystemStatus_<std::allocator<void> >::_stamp_type\x1b[m\x1b[K\xe2\x80\x99 {aka \xe2\x80\x98\x1b[01m\x1b[Kbuiltin_interfaces::msg::Time_<std::allocator<void> >\x1b[m\x1b[K\xe2\x80\x99}) to type \xe2\x80\x98\x1b[01m\x1b[Kunsigned char\x1b[m\x1b[K\xe2\x80\x99\n'}
[7.671253] (status_display) StderrLine: {'line': b'   19 |                  << "\xe6\x95\xb0\xe6\x8d\xae\xe6\x97\xb6\xe9\x97\xb4: " << \x1b[01;36m\x1b[Kmsg->stamp\x1b[m\x1b[K << " s\\n"\n'}
[7.671378] (status_display) StderrLine: {'line': b'      |                                     \x1b[01;36m\x1b[K~~~~~^~~~~\x1b[m\x1b[K\n'}
[7.671495] (status_display) StderrLine: {'line': b'In file included from \x1b[01m\x1b[K/usr/include/c++/11/iostream:39\x1b[m\x1b[K,\n'}
[7.671611] (status_display) StderrLine: {'line': b'                 from \x1b[01m\x1b[K/opt/ros/humble/include/rclcpp/rclcpp/executor.hpp:22\x1b[m\x1b[K,\n'}
[7.671731] (status_display) StderrLine: {'line': b'                 from \x1b[01m\x1b[K/opt/ros/humble/include/rclcpp/rclcpp/executors/multi_threaded_executor.hpp:25\x1b[m\x1b[K,\n'}
[7.671850] (status_display) StderrLine: {'line': b'                 from \x1b[01m\x1b[K/opt/ros/humble/include/rclcpp/rclcpp/executors.hpp:21\x1b[m\x1b[K,\n'}
[7.672041] (status_display) StderrLine: {'line': b'                 from \x1b[01m\x1b[K/opt/ros/humble/include/rclcpp/rclcpp/rclcpp.hpp:155\x1b[m\x1b[K,\n'}
[7.672175] (status_display) StderrLine: {'line': b'                 from \x1b[01m\x1b[K/home/shenhang/ros_study/chapter3/topic_practice_workspace/src/status_display/src/sys_status_display.cpp:4\x1b[m\x1b[K:\n'}
[7.672294] (status_display) StderrLine: {'line': b'\x1b[01m\x1b[K/usr/include/c++/11/ostream:594:5:\x1b[m\x1b[K \x1b[01;36m\x1b[Knote: \x1b[m\x1b[Kcandidate: \xe2\x80\x98\x1b[01m\x1b[Ktemplate<class _CharT, class _Traits> std::basic_ostream<_CharT, _Traits>& std::operator<<(std::basic_ostream<_CharT, _Traits>&, const _CharT*)\x1b[m\x1b[K\xe2\x80\x99\n'}
[7.672424] (status_display) StderrLine: {'line': b'  594 |     \x1b[01;36m\x1b[Koperator\x1b[m\x1b[K<<(basic_ostream<_CharT, _Traits>& __out, const _CharT* __s)\n'}
[7.672547] (status_display) StderrLine: {'line': b'      |     \x1b[01;36m\x1b[K^~~~~~~~\x1b[m\x1b[K\n'}
[7.672669] (status_display) StderrLine: {'line': b'\x1b[01m\x1b[K/usr/include/c++/11/ostream:594:5:\x1b[m\x1b[K \x1b[01;36m\x1b[Knote: \x1b[m\x1b[K  template argument deduction/substitution failed:\n'}
[7.672791] (status_display) StderrLine: {'line': b'\x1b[01m\x1b[K/home/shenhang/ros_study/chapter3/topic_practice_workspace/src/status_display/src/sys_status_display.cpp:19:42:\x1b[m\x1b[K \x1b[01;36m\x1b[Knote: \x1b[m\x1b[K  mismatched types \xe2\x80\x98\x1b[01m\x1b[Kconst _CharT*\x1b[m\x1b[K\xe2\x80\x99 and \xe2\x80\x98\x1b[01m\x1b[Kbuiltin_interfaces::msg::Time_<std::allocator<void> >\x1b[m\x1b[K\xe2\x80\x99\n'}
[7.672961] (status_display) StderrLine: {'line': b'   19 |                  << "\xe6\x95\xb0\xe6\x8d\xae\xe6\x97\xb6\xe9\x97\xb4: " << msg->\x1b[01;36m\x1b[Kstamp\x1b[m\x1b[K << " s\\n"\n'}
[7.673130] (status_display) StderrLine: {'line': b'      |                                          \x1b[01;36m\x1b[K^~~~~\x1b[m\x1b[K\n'}
[7.673248] (status_display) StderrLine: {'line': b'In file included from \x1b[01m\x1b[K/usr/include/c++/11/ostream:829\x1b[m\x1b[K,\n'}
[7.673364] (status_display) StderrLine: {'line': b'                 from \x1b[01m\x1b[K/usr/include/c++/11/iostream:39\x1b[m\x1b[K,\n'}
[7.673480] (status_display) StderrLine: {'line': b'                 from \x1b[01m\x1b[K/opt/ros/humble/include/rclcpp/rclcpp/executor.hpp:22\x1b[m\x1b[K,\n'}
[7.673603] (status_display) StderrLine: {'line': b'                 from \x1b[01m\x1b[K/opt/ros/humble/include/rclcpp/rclcpp/executors/multi_threaded_executor.hpp:25\x1b[m\x1b[K,\n'}
[7.673720] (status_display) StderrLine: {'line': b'                 from \x1b[01m\x1b[K/opt/ros/humble/include/rclcpp/rclcpp/executors.hpp:21\x1b[m\x1b[K,\n'}
[7.673837] (status_display) StderrLine: {'line': b'                 from \x1b[01m\x1b[K/opt/ros/humble/include/rclcpp/rclcpp/rclcpp.hpp:155\x1b[m\x1b[K,\n'}
[7.674004] (status_display) StderrLine: {'line': b'                 from \x1b[01m\x1b[K/home/shenhang/ros_study/chapter3/topic_practice_workspace/src/status_display/src/sys_status_display.cpp:4\x1b[m\x1b[K:\n'}
[7.674154] (status_display) StderrLine: {'line': b'\x1b[01m\x1b[K/usr/include/c++/11/bits/ostream.tcc:321:5:\x1b[m\x1b[K \x1b[01;36m\x1b[Knote: \x1b[m\x1b[Kcandidate: \xe2\x80\x98\x1b[01m\x1b[Ktemplate<class _CharT, class _Traits> std::basic_ostream<_CharT, _Traits>& std::operator<<(std::basic_ostream<_CharT, _Traits>&, const char*)\x1b[m\x1b[K\xe2\x80\x99\n'}
[7.674278] (status_display) StderrLine: {'line': b'  321 |     \x1b[01;36m\x1b[Koperator\x1b[m\x1b[K<<(basic_ostream<_CharT, _Traits>& __out, const char* __s)\n'}
[7.674398] (status_display) StderrLine: {'line': b'      |     \x1b[01;36m\x1b[K^~~~~~~~\x1b[m\x1b[K\n'}
[7.674515] (status_display) StderrLine: {'line': b'\x1b[01m\x1b[K/usr/include/c++/11/bits/ostream.tcc:321:5:\x1b[m\x1b[K \x1b[01;36m\x1b[Knote: \x1b[m\x1b[K  template argument deduction/substitution failed:\n'}
[7.674635] (status_display) StderrLine: {'line': b'\x1b[01m\x1b[K/home/shenhang/ros_study/chapter3/topic_practice_workspace/src/status_display/src/sys_status_display.cpp:19:42:\x1b[m\x1b[K \x1b[01;36m\x1b[Knote: \x1b[m\x1b[K  cannot convert \xe2\x80\x98\x1b[01m\x1b[K((const std::__shared_ptr_access<status_interfaces::msg::SystemStatus_<std::allocator<void> >, __gnu_cxx::_S_atomic, false, false>*)(& msg))->std::__shared_ptr_access<status_interfaces::msg::SystemStatus_<std::allocator<void> >, __gnu_cxx::_S_atomic, false, false>::operator->()->status_interfaces::msg::SystemStatus_<std::allocator<void> >::stamp\x1b[m\x1b[K\xe2\x80\x99 (type \xe2\x80\x98\x1b[01m\x1b[Kstatus_interfaces::msg::SystemStatus_<std::allocator<void> >::_stamp_type\x1b[m\x1b[K\xe2\x80\x99 {aka \xe2\x80\x98\x1b[01m\x1b[Kbuiltin_interfaces::msg::Time_<std::allocator<void> >\x1b[m\x1b[K\xe2\x80\x99}) to type \xe2\x80\x98\x1b[01m\x1b[Kconst char*\x1b[m\x1b[K\xe2\x80\x99\n'}
[7.674761] (status_display) StderrLine: {'line': b'   19 |                  << "\xe6\x95\xb0\xe6\x8d\xae\xe6\x97\xb6\xe9\x97\xb4: " << \x1b[01;36m\x1b[Kmsg->stamp\x1b[m\x1b[K << " s\\n"\n'}
[7.674946] (status_display) StderrLine: {'line': b'      |                                     \x1b[01;36m\x1b[K~~~~~^~~~~\x1b[m\x1b[K\n'}
[7.675138] (status_display) StderrLine: {'line': b'In file included from \x1b[01m\x1b[K/usr/include/c++/11/iostream:39\x1b[m\x1b[K,\n'}
[7.675266] (status_display) StderrLine: {'line': b'                 from \x1b[01m\x1b[K/opt/ros/humble/include/rclcpp/rclcpp/executor.hpp:22\x1b[m\x1b[K,\n'}
[7.675448] (status_display) StderrLine: {'line': b'                 from \x1b[01m\x1b[K/opt/ros/humble/include/rclcpp/rclcpp/executors/multi_threaded_executor.hpp:25\x1b[m\x1b[K,\n'}
[7.675614] (status_display) StderrLine: {'line': b'                 from \x1b[01m\x1b[K/opt/ros/humble/include/rclcpp/rclcpp/executors.hpp:21\x1b[m\x1b[K,\n'}
[7.675738] (status_display) StderrLine: {'line': b'                 from \x1b[01m\x1b[K/opt/ros/humble/include/rclcpp/rclcpp/rclcpp.hpp:155\x1b[m\x1b[K,\n'}
[7.675843] (status_display) StderrLine: {'line': b'                 from \x1b[01m\x1b[K/home/shenhang/ros_study/chapter3/topic_practice_workspace/src/status_display/src/sys_status_display.cpp:4\x1b[m\x1b[K:\n'}
[7.676059] (status_display) StderrLine: {'line': b'\x1b[01m\x1b[K/usr/include/c++/11/ostream:611:5:\x1b[m\x1b[K \x1b[01;36m\x1b[Knote: \x1b[m\x1b[Kcandidate: \xe2\x80\x98\x1b[01m\x1b[Ktemplate<class _Traits> std::basic_ostream<char, _Traits>& std::operator<<(std::basic_ostream<char, _Traits>&, const char*)\x1b[m\x1b[K\xe2\x80\x99\n'}
[7.676168] (status_display) StderrLine: {'line': b'  611 |     \x1b[01;36m\x1b[Koperator\x1b[m\x1b[K<<(basic_ostream<char, _Traits>& __out, const char* __s)\n'}
[7.676262] (status_display) StderrLine: {'line': b'      |     \x1b[01;36m\x1b[K^~~~~~~~\x1b[m\x1b[K\n'}
[7.676355] (status_display) StderrLine: {'line': b'\x1b[01m\x1b[K/usr/include/c++/11/ostream:611:5:\x1b[m\x1b[K \x1b[01;36m\x1b[Knote: \x1b[m\x1b[K  template argument deduction/substitution failed:\n'}
[7.676440] (status_display) StderrLine: {'line': b'\x1b[01m\x1b[K/home/shenhang/ros_study/chapter3/topic_practice_workspace/src/status_display/src/sys_status_display.cpp:19:42:\x1b[m\x1b[K \x1b[01;36m\x1b[Knote: \x1b[m\x1b[K  cannot convert \xe2\x80\x98\x1b[01m\x1b[K((const std::__shared_ptr_access<status_interfaces::msg::SystemStatus_<std::allocator<void> >, __gnu_cxx::_S_atomic, false, false>*)(& msg))->std::__shared_ptr_access<status_interfaces::msg::SystemStatus_<std::allocator<void> >, __gnu_cxx::_S_atomic, false, false>::operator->()->status_interfaces::msg::SystemStatus_<std::allocator<void> >::stamp\x1b[m\x1b[K\xe2\x80\x99 (type \xe2\x80\x98\x1b[01m\x1b[Kstatus_interfaces::msg::SystemStatus_<std::allocator<void> >::_stamp_type\x1b[m\x1b[K\xe2\x80\x99 {aka \xe2\x80\x98\x1b[01m\x1b[Kbuiltin_interfaces::msg::Time_<std::allocator<void> >\x1b[m\x1b[K\xe2\x80\x99}) to type \xe2\x80\x98\x1b[01m\x1b[Kconst char*\x1b[m\x1b[K\xe2\x80\x99\n'}
[7.676540] (status_display) StderrLine: {'line': b'   19 |                  << "\xe6\x95\xb0\xe6\x8d\xae\xe6\x97\xb6\xe9\x97\xb4: " << \x1b[01;36m\x1b[Kmsg->stamp\x1b[m\x1b[K << " s\\n"\n'}
[7.676628] (status_display) StderrLine: {'line': b'      |                                     \x1b[01;36m\x1b[K~~~~~^~~~~\x1b[m\x1b[K\n'}
[7.676732] (status_display) StderrLine: {'line': b'In file included from \x1b[01m\x1b[K/usr/include/c++/11/iostream:39\x1b[m\x1b[K,\n'}
[7.676816] (status_display) StderrLine: {'line': b'                 from \x1b[01m\x1b[K/opt/ros/humble/include/rclcpp/rclcpp/executor.hpp:22\x1b[m\x1b[K,\n'}
[7.676951] (status_display) StderrLine: {'line': b'                 from \x1b[01m\x1b[K/opt/ros/humble/include/rclcpp/rclcpp/executors/multi_threaded_executor.hpp:25\x1b[m\x1b[K,\n'}
[7.677086] (status_display) StderrLine: {'line': b'                 from \x1b[01m\x1b[K/opt/ros/humble/include/rclcpp/rclcpp/executors.hpp:21\x1b[m\x1b[K,\n'}
[7.677175] (status_display) StderrLine: {'line': b'                 from \x1b[01m\x1b[K/opt/ros/humble/include/rclcpp/rclcpp/rclcpp.hpp:155\x1b[m\x1b[K,\n'}
[7.677259] (status_display) StderrLine: {'line': b'                 from \x1b[01m\x1b[K/home/shenhang/ros_study/chapter3/topic_practice_workspace/src/status_display/src/sys_status_display.cpp:4\x1b[m\x1b[K:\n'}
[7.677378] (status_display) StderrLine: {'line': b'\x1b[01m\x1b[K/usr/include/c++/11/ostream:624:5:\x1b[m\x1b[K \x1b[01;36m\x1b[Knote: \x1b[m\x1b[Kcandidate: \xe2\x80\x98\x1b[01m\x1b[Ktemplate<class _Traits> std::basic_ostream<char, _Traits>& std::operator<<(std::basic_ostream<char, _Traits>&, const signed char*)\x1b[m\x1b[K\xe2\x80\x99\n'}
[7.677479] (status_display) StderrLine: {'line': b'  624 |     \x1b[01;36m\x1b[Koperator\x1b[m\x1b[K<<(basic_ostream<char, _Traits>& __out, const signed char* __s)\n'}
[7.677561] (status_display) StderrLine: {'line': b'      |     \x1b[01;36m\x1b[K^~~~~~~~\x1b[m\x1b[K\n'}
[7.677663] (status_display) StderrLine: {'line': b'\x1b[01m\x1b[K/usr/include/c++/11/ostream:624:5:\x1b[m\x1b[K \x1b[01;36m\x1b[Knote: \x1b[m\x1b[K  template argument deduction/substitution failed:\n'}
[7.677750] (status_display) StderrLine: {'line': b'\x1b[01m\x1b[K/home/shenhang/ros_study/chapter3/topic_practice_workspace/src/status_display/src/sys_status_display.cpp:19:42:\x1b[m\x1b[K \x1b[01;36m\x1b[Knote: \x1b[m\x1b[K  cannot convert \xe2\x80\x98\x1b[01m\x1b[K((const std::__shared_ptr_access<status_interfaces::msg::SystemStatus_<std::allocator<void> >, __gnu_cxx::_S_atomic, false, false>*)(& msg))->std::__shared_ptr_access<status_interfaces::msg::SystemStatus_<std::allocator<void> >, __gnu_cxx::_S_atomic, false, false>::operator->()->status_interfaces::msg::SystemStatus_<std::allocator<void> >::stamp\x1b[m\x1b[K\xe2\x80\x99 (type \xe2\x80\x98\x1b[01m\x1b[Kstatus_interfaces::msg::SystemStatus_<std::allocator<void> >::_stamp_type\x1b[m\x1b[K\xe2\x80\x99 {aka \xe2\x80\x98\x1b[01m\x1b[Kbuiltin_interfaces::msg::Time_<std::allocator<void> >\x1b[m\x1b[K\xe2\x80\x99}) to type \xe2\x80\x98\x1b[01m\x1b[Kconst signed char*\x1b[m\x1b[K\xe2\x80\x99\n'}
[7.677924] (status_display) StderrLine: {'line': b'   19 |                  << "\xe6\x95\xb0\xe6\x8d\xae\xe6\x97\xb6\xe9\x97\xb4: " << \x1b[01;36m\x1b[Kmsg->stamp\x1b[m\x1b[K << " s\\n"\n'}
[7.678046] (status_display) StderrLine: {'line': b'      |                                     \x1b[01;36m\x1b[K~~~~~^~~~~\x1b[m\x1b[K\n'}
[7.678142] (status_display) StderrLine: {'line': b'In file included from \x1b[01m\x1b[K/usr/include/c++/11/iostream:39\x1b[m\x1b[K,\n'}
[7.678259] (status_display) StderrLine: {'line': b'                 from \x1b[01m\x1b[K/opt/ros/humble/include/rclcpp/rclcpp/executor.hpp:22\x1b[m\x1b[K,\n'}
[7.678357] (status_display) StderrLine: {'line': b'                 from \x1b[01m\x1b[K/opt/ros/humble/include/rclcpp/rclcpp/executors/multi_threaded_executor.hpp:25\x1b[m\x1b[K,\n'}
[7.678440] (status_display) StderrLine: {'line': b'                 from \x1b[01m\x1b[K/opt/ros/humble/include/rclcpp/rclcpp/executors.hpp:21\x1b[m\x1b[K,\n'}
[7.678523] (status_display) StderrLine: {'line': b'                 from \x1b[01m\x1b[K/opt/ros/humble/include/rclcpp/rclcpp/rclcpp.hpp:155\x1b[m\x1b[K,\n'}
[7.678606] (status_display) StderrLine: {'line': b'                 from \x1b[01m\x1b[K/home/shenhang/ros_study/chapter3/topic_practice_workspace/src/status_display/src/sys_status_display.cpp:4\x1b[m\x1b[K:\n'}
[7.678689] (status_display) StderrLine: {'line': b'\x1b[01m\x1b[K/usr/include/c++/11/ostream:629:5:\x1b[m\x1b[K \x1b[01;36m\x1b[Knote: \x1b[m\x1b[Kcandidate: \xe2\x80\x98\x1b[01m\x1b[Ktemplate<class _Traits> std::basic_ostream<char, _Traits>& std::operator<<(std::basic_ostream<char, _Traits>&, const unsigned char*)\x1b[m\x1b[K\xe2\x80\x99\n'}
[7.678886] (status_display) StderrLine: {'line': b'  629 |     \x1b[01;36m\x1b[Koperator\x1b[m\x1b[K<<(basic_ostream<char, _Traits>& __out, const unsigned char* __s)\n'}
[7.679038] (status_display) StderrLine: {'line': b'      |     \x1b[01;36m\x1b[K^~~~~~~~\x1b[m\x1b[K\n'}
[7.679140] (status_display) StderrLine: {'line': b'\x1b[01m\x1b[K/usr/include/c++/11/ostream:629:5:\x1b[m\x1b[K \x1b[01;36m\x1b[Knote: \x1b[m\x1b[K  template argument deduction/substitution failed:\n'}
[7.679224] (status_display) StderrLine: {'line': b'\x1b[01m\x1b[K/home/shenhang/ros_study/chapter3/topic_practice_workspace/src/status_display/src/sys_status_display.cpp:19:42:\x1b[m\x1b[K \x1b[01;36m\x1b[Knote: \x1b[m\x1b[K  cannot convert \xe2\x80\x98\x1b[01m\x1b[K((const std::__shared_ptr_access<status_interfaces::msg::SystemStatus_<std::allocator<void> >, __gnu_cxx::_S_atomic, false, false>*)(& msg))->std::__shared_ptr_access<status_interfaces::msg::SystemStatus_<std::allocator<void> >, __gnu_cxx::_S_atomic, false, false>::operator->()->status_interfaces::msg::SystemStatus_<std::allocator<void> >::stamp\x1b[m\x1b[K\xe2\x80\x99 (type \xe2\x80\x98\x1b[01m\x1b[Kstatus_interfaces::msg::SystemStatus_<std::allocator<void> >::_stamp_type\x1b[m\x1b[K\xe2\x80\x99 {aka \xe2\x80\x98\x1b[01m\x1b[Kbuiltin_interfaces::msg::Time_<std::allocator<void> >\x1b[m\x1b[K\xe2\x80\x99}) to type \xe2\x80\x98\x1b[01m\x1b[Kconst unsigned char*\x1b[m\x1b[K\xe2\x80\x99\n'}
[7.679327] (status_display) StderrLine: {'line': b'   19 |                  << "\xe6\x95\xb0\xe6\x8d\xae\xe6\x97\xb6\xe9\x97\xb4: " << \x1b[01;36m\x1b[Kmsg->stamp\x1b[m\x1b[K << " s\\n"\n'}
[7.679415] (status_display) StderrLine: {'line': b'      |                                     \x1b[01;36m\x1b[K~~~~~^~~~~\x1b[m\x1b[K\n'}
[7.680123] (status_display) StderrLine: {'line': b'In file included from \x1b[01m\x1b[K/usr/include/c++/11/iostream:39\x1b[m\x1b[K,\n'}
[7.680219] (status_display) StderrLine: {'line': b'                 from \x1b[01m\x1b[K/opt/ros/humble/include/rclcpp/rclcpp/executor.hpp:22\x1b[m\x1b[K,\n'}
[7.680313] (status_display) StderrLine: {'line': b'                 from \x1b[01m\x1b[K/opt/ros/humble/include/rclcpp/rclcpp/executors/multi_threaded_executor.hpp:25\x1b[m\x1b[K,\n'}
[7.680400] (status_display) StderrLine: {'line': b'                 from \x1b[01m\x1b[K/opt/ros/humble/include/rclcpp/rclcpp/executors.hpp:21\x1b[m\x1b[K,\n'}
[7.680485] (status_display) StderrLine: {'line': b'                 from \x1b[01m\x1b[K/opt/ros/humble/include/rclcpp/rclcpp/rclcpp.hpp:155\x1b[m\x1b[K,\n'}
[7.680569] (status_display) StderrLine: {'line': b'                 from \x1b[01m\x1b[K/home/shenhang/ros_study/chapter3/topic_practice_workspace/src/status_display/src/sys_status_display.cpp:4\x1b[m\x1b[K:\n'}
[7.680680] (status_display) StderrLine: {'line': b'\x1b[01m\x1b[K/usr/include/c++/11/ostream:750:5:\x1b[m\x1b[K \x1b[01;36m\x1b[Knote: \x1b[m\x1b[Kcandidate: \xe2\x80\x98\x1b[01m\x1b[Ktemplate<class _Ostream, class _Tp> _Ostream&& std::operator<<(_Ostream&&, const _Tp&)\x1b[m\x1b[K\xe2\x80\x99\n'}
[7.680768] (status_display) StderrLine: {'line': b'  750 |     \x1b[01;36m\x1b[Koperator\x1b[m\x1b[K<<(_Ostream&& __os, const _Tp& __x)\n'}
[7.681065] (status_display) StderrLine: {'line': b'      |     \x1b[01;36m\x1b[K^~~~~~~~\x1b[m\x1b[K\n'}
[7.681158] (status_display) StderrLine: {'line': b'\x1b[01m\x1b[K/usr/include/c++/11/ostream:750:5:\x1b[m\x1b[K \x1b[01;36m\x1b[Knote: \x1b[m\x1b[K  template argument deduction/substitution failed:\n'}
[7.681243] (status_display) StderrLine: {'line': b'/usr/include/c++/11/ostream: In substitution of \xe2\x80\x98\x1b[01m\x1b[Ktemplate<class _Ostream, class _Tp> _Ostream&& std::operator<<(_Ostream&&, const _Tp&) [with _Ostream = std::basic_ostream<char>&; _Tp = builtin_interfaces::msg::Time_<std::allocator<void> >]\x1b[m\x1b[K\xe2\x80\x99:\n'}
[7.681332] (status_display) StderrLine: {'line': b'\x1b[01m\x1b[K/home/shenhang/ros_study/chapter3/topic_practice_workspace/src/status_display/src/sys_status_display.cpp:19:46:\x1b[m\x1b[K   required from here\n'}
[7.681418] (status_display) StderrLine: {'line': b'\x1b[01m\x1b[K/usr/include/c++/11/ostream:750:5:\x1b[m\x1b[K \x1b[01;31m\x1b[Kerror: \x1b[m\x1b[Kno type named \xe2\x80\x98\x1b[01m\x1b[Ktype\x1b[m\x1b[K\xe2\x80\x99 in \xe2\x80\x98\x1b[01m\x1b[Kstruct std::enable_if<false, void>\x1b[m\x1b[K\xe2\x80\x99\n'}
[7.681504] (status_display) StderrLine: {'line': b'In file included from \x1b[01m\x1b[K/opt/ros/humble/include/rosidl_runtime_cpp/rosidl_runtime_cpp/traits.hpp:19\x1b[m\x1b[K,\n'}
[7.681620] (status_display) StderrLine: {'line': b'                 from \x1b[01m\x1b[K/opt/ros/humble/include/builtin_interfaces/builtin_interfaces/msg/detail/duration__traits.hpp:15\x1b[m\x1b[K,\n'}
[7.681707] (status_display) StderrLine: {'line': b'                 from \x1b[01m\x1b[K/opt/ros/humble/include/builtin_interfaces/builtin_interfaces/msg/duration.hpp:9\x1b[m\x1b[K,\n'}
[7.681873] (status_display) StderrLine: {'line': b'                 from \x1b[01m\x1b[K/opt/ros/humble/include/rclcpp/rclcpp/duration.hpp:20\x1b[m\x1b[K,\n'}
[7.682109] (status_display) StderrLine: {'line': b'                 from \x1b[01m\x1b[K/opt/ros/humble/include/rclcpp/rclcpp/qos.hpp:20\x1b[m\x1b[K,\n'}
[7.682242] (status_display) StderrLine: {'line': b'                 from \x1b[01m\x1b[K/opt/ros/humble/include/rclcpp/rclcpp/node_interfaces/node_graph_interface.hpp:32\x1b[m\x1b[K,\n'}
[7.682356] (status_display) StderrLine: {'line': b'                 from \x1b[01m\x1b[K/opt/ros/humble/include/rclcpp/rclcpp/client.hpp:42\x1b[m\x1b[K,\n'}
[7.682466] (status_display) StderrLine: {'line': b'                 from \x1b[01m\x1b[K/opt/ros/humble/include/rclcpp/rclcpp/callback_group.hpp:24\x1b[m\x1b[K,\n'}
[7.682577] (status_display) StderrLine: {'line': b'                 from \x1b[01m\x1b[K/opt/ros/humble/include/rclcpp/rclcpp/any_executable.hpp:20\x1b[m\x1b[K,\n'}
[7.682686] (status_display) StderrLine: {'line': b'                 from \x1b[01m\x1b[K/opt/ros/humble/include/rclcpp/rclcpp/memory_strategy.hpp:25\x1b[m\x1b[K,\n'}
[7.682961] (status_display) StderrLine: {'line': b'                 from \x1b[01m\x1b[K/opt/ros/humble/include/rclcpp/rclcpp/memory_strategies.hpp:18\x1b[m\x1b[K,\n'}
[7.683176] (status_display) StderrLine: {'line': b'                 from \x1b[01m\x1b[K/opt/ros/humble/include/rclcpp/rclcpp/executor_options.hpp:20\x1b[m\x1b[K,\n'}
[7.683319] (status_display) StderrLine: {'line': b'                 from \x1b[01m\x1b[K/opt/ros/humble/include/rclcpp/rclcpp/executor.hpp:37\x1b[m\x1b[K,\n'}
[7.683481] (status_display) StderrLine: {'line': b'                 from \x1b[01m\x1b[K/opt/ros/humble/include/rclcpp/rclcpp/executors/multi_threaded_executor.hpp:25\x1b[m\x1b[K,\n'}
[7.683638] (status_display) StderrLine: {'line': b'                 from \x1b[01m\x1b[K/opt/ros/humble/include/rclcpp/rclcpp/executors.hpp:21\x1b[m\x1b[K,\n'}
[7.683879] (status_display) StderrLine: {'line': b'                 from \x1b[01m\x1b[K/opt/ros/humble/include/rclcpp/rclcpp/rclcpp.hpp:155\x1b[m\x1b[K,\n'}
[7.684108] (status_display) StderrLine: {'line': b'                 from \x1b[01m\x1b[K/home/shenhang/ros_study/chapter3/topic_practice_workspace/src/status_display/src/sys_status_display.cpp:4\x1b[m\x1b[K:\n'}
[7.684347] (status_display) StderrLine: {'line': b'\x1b[01m\x1b[K/usr/include/c++/11/iomanip:79:5:\x1b[m\x1b[K \x1b[01;36m\x1b[Knote: \x1b[m\x1b[Kcandidate: \xe2\x80\x98\x1b[01m\x1b[Ktemplate<class _CharT, class _Traits> std::basic_ostream<_CharT, _Traits>& std::operator<<(std::basic_ostream<_CharT, _Traits>&, std::_Resetiosflags)\x1b[m\x1b[K\xe2\x80\x99\n'}
[7.684536] (status_display) StderrLine: {'line': b'   79 |     \x1b[01;36m\x1b[Koperator\x1b[m\x1b[K<<(basic_ostream<_CharT, _Traits>& __os, _Resetiosflags __f)\n'}
[7.684658] (status_display) StderrLine: {'line': b'      |     \x1b[01;36m\x1b[K^~~~~~~~\x1b[m\x1b[K\n'}
[7.684844] (status_display) StderrLine: {'line': b'\x1b[01m\x1b[K/usr/include/c++/11/iomanip:79:5:\x1b[m\x1b[K \x1b[01;36m\x1b[Knote: \x1b[m\x1b[K  template argument deduction/substitution failed:\n'}
[7.684947] (status_display) StderrLine: {'line': b'\x1b[01m\x1b[K/home/shenhang/ros_study/chapter3/topic_practice_workspace/src/status_display/src/sys_status_display.cpp:19:42:\x1b[m\x1b[K \x1b[01;36m\x1b[Knote: \x1b[m\x1b[K  cannot convert \xe2\x80\x98\x1b[01m\x1b[K((const std::__shared_ptr_access<status_interfaces::msg::SystemStatus_<std::allocator<void> >, __gnu_cxx::_S_atomic, false, false>*)(& msg))->std::__shared_ptr_access<status_interfaces::msg::SystemStatus_<std::allocator<void> >, __gnu_cxx::_S_atomic, false, false>::operator->()->status_interfaces::msg::SystemStatus_<std::allocator<void> >::stamp\x1b[m\x1b[K\xe2\x80\x99 (type \xe2\x80\x98\x1b[01m\x1b[Kstatus_interfaces::msg::SystemStatus_<std::allocator<void> >::_stamp_type\x1b[m\x1b[K\xe2\x80\x99 {aka \xe2\x80\x98\x1b[01m\x1b[Kbuiltin_interfaces::msg::Time_<std::allocator<void> >\x1b[m\x1b[K\xe2\x80\x99}) to type \xe2\x80\x98\x1b[01m\x1b[Kstd::_Resetiosflags\x1b[m\x1b[K\xe2\x80\x99\n'}
[7.685051] (status_display) StderrLine: {'line': b'   19 |                  << "\xe6\x95\xb0\xe6\x8d\xae\xe6\x97\xb6\xe9\x97\xb4: " << \x1b[01;36m\x1b[Kmsg->stamp\x1b[m\x1b[K << " s\\n"\n'}
[7.685141] (status_display) StderrLine: {'line': b'      |                                     \x1b[01;36m\x1b[K~~~~~^~~~~\x1b[m\x1b[K\n'}
[7.685228] (status_display) StderrLine: {'line': b'In file included from \x1b[01m\x1b[K/opt/ros/humble/include/rosidl_runtime_cpp/rosidl_runtime_cpp/traits.hpp:19\x1b[m\x1b[K,\n'}
[7.685316] (status_display) StderrLine: {'line': b'                 from \x1b[01m\x1b[K/opt/ros/humble/include/builtin_interfaces/builtin_interfaces/msg/detail/duration__traits.hpp:15\x1b[m\x1b[K,\n'}
[7.685403] (status_display) StderrLine: {'line': b'                 from \x1b[01m\x1b[K/opt/ros/humble/include/builtin_interfaces/builtin_interfaces/msg/duration.hpp:9\x1b[m\x1b[K,\n'}
[7.685490] (status_display) StderrLine: {'line': b'                 from \x1b[01m\x1b[K/opt/ros/humble/include/rclcpp/rclcpp/duration.hpp:20\x1b[m\x1b[K,\n'}
[7.685577] (status_display) StderrLine: {'line': b'                 from \x1b[01m\x1b[K/opt/ros/humble/include/rclcpp/rclcpp/qos.hpp:20\x1b[m\x1b[K,\n'}
[7.685783] (status_display) StderrLine: {'line': b'                 from \x1b[01m\x1b[K/opt/ros/humble/include/rclcpp/rclcpp/node_interfaces/node_graph_interface.hpp:32\x1b[m\x1b[K,\n'}
[7.686017] (status_display) StderrLine: {'line': b'                 from \x1b[01m\x1b[K/opt/ros/humble/include/rclcpp/rclcpp/client.hpp:42\x1b[m\x1b[K,\n'}
[7.686109] (status_display) StderrLine: {'line': b'                 from \x1b[01m\x1b[K/opt/ros/humble/include/rclcpp/rclcpp/callback_group.hpp:24\x1b[m\x1b[K,\n'}
[7.686198] (status_display) StderrLine: {'line': b'                 from \x1b[01m\x1b[K/opt/ros/humble/include/rclcpp/rclcpp/any_executable.hpp:20\x1b[m\x1b[K,\n'}
[7.686279] (status_display) StderrLine: {'line': b'                 from \x1b[01m\x1b[K/opt/ros/humble/include/rclcpp/rclcpp/memory_strategy.hpp:25\x1b[m\x1b[K,\n'}
[7.686392] (status_display) StderrLine: {'line': b'                 from \x1b[01m\x1b[K/opt/ros/humble/include/rclcpp/rclcpp/memory_strategies.hpp:18\x1b[m\x1b[K,\n'}
[7.686472] (status_display) StderrLine: {'line': b'                 from \x1b[01m\x1b[K/opt/ros/humble/include/rclcpp/rclcpp/executor_options.hpp:20\x1b[m\x1b[K,\n'}
[7.686552] (status_display) StderrLine: {'line': b'                 from \x1b[01m\x1b[K/opt/ros/humble/include/rclcpp/rclcpp/executor.hpp:37\x1b[m\x1b[K,\n'}
[7.686786] (status_display) StderrLine: {'line': b'                 from \x1b[01m\x1b[K/opt/ros/humble/include/rclcpp/rclcpp/executors/multi_threaded_executor.hpp:25\x1b[m\x1b[K,\n'}
[7.686901] (status_display) StderrLine: {'line': b'                 from \x1b[01m\x1b[K/opt/ros/humble/include/rclcpp/rclcpp/executors.hpp:21\x1b[m\x1b[K,\n'}
[7.686985] (status_display) StderrLine: {'line': b'                 from \x1b[01m\x1b[K/opt/ros/humble/include/rclcpp/rclcpp/rclcpp.hpp:155\x1b[m\x1b[K,\n'}
[7.687074] (status_display) StderrLine: {'line': b'                 from \x1b[01m\x1b[K/home/shenhang/ros_study/chapter3/topic_practice_workspace/src/status_display/src/sys_status_display.cpp:4\x1b[m\x1b[K:\n'}
[7.687158] (status_display) StderrLine: {'line': b'\x1b[01m\x1b[K/usr/include/c++/11/iomanip:109:5:\x1b[m\x1b[K \x1b[01;36m\x1b[Knote: \x1b[m\x1b[Kcandidate: \xe2\x80\x98\x1b[01m\x1b[Ktemplate<class _CharT, class _Traits> std::basic_ostream<_CharT, _Traits>& std::operator<<(std::basic_ostream<_CharT, _Traits>&, std::_Setiosflags)\x1b[m\x1b[K\xe2\x80\x99\n'}
[7.687245] (status_display) StderrLine: {'line': b'  109 |     \x1b[01;36m\x1b[Koperator\x1b[m\x1b[K<<(basic_ostream<_CharT, _Traits>& __os, _Setiosflags __f)\n'}
[7.687378] (status_display) StderrLine: {'line': b'      |     \x1b[01;36m\x1b[K^~~~~~~~\x1b[m\x1b[K\n'}
[7.687458] (status_display) StderrLine: {'line': b'\x1b[01m\x1b[K/usr/include/c++/11/iomanip:109:5:\x1b[m\x1b[K \x1b[01;36m\x1b[Knote: \x1b[m\x1b[K  template argument deduction/substitution failed:\n'}
[7.687540] (status_display) StderrLine: {'line': b'\x1b[01m\x1b[K/home/shenhang/ros_study/chapter3/topic_practice_workspace/src/status_display/src/sys_status_display.cpp:19:42:\x1b[m\x1b[K \x1b[01;36m\x1b[Knote: \x1b[m\x1b[K  cannot convert \xe2\x80\x98\x1b[01m\x1b[K((const std::__shared_ptr_access<status_interfaces::msg::SystemStatus_<std::allocator<void> >, __gnu_cxx::_S_atomic, false, false>*)(& msg))->std::__shared_ptr_access<status_interfaces::msg::SystemStatus_<std::allocator<void> >, __gnu_cxx::_S_atomic, false, false>::operator->()->status_interfaces::msg::SystemStatus_<std::allocator<void> >::stamp\x1b[m\x1b[K\xe2\x80\x99 (type \xe2\x80\x98\x1b[01m\x1b[Kstatus_interfaces::msg::SystemStatus_<std::allocator<void> >::_stamp_type\x1b[m\x1b[K\xe2\x80\x99 {aka \xe2\x80\x98\x1b[01m\x1b[Kbuiltin_interfaces::msg::Time_<std::allocator<void> >\x1b[m\x1b[K\xe2\x80\x99}) to type \xe2\x80\x98\x1b[01m\x1b[Kstd::_Setiosflags\x1b[m\x1b[K\xe2\x80\x99\n'}
[7.687746] (status_display) StderrLine: {'line': b'   19 |                  << "\xe6\x95\xb0\xe6\x8d\xae\xe6\x97\xb6\xe9\x97\xb4: " << \x1b[01;36m\x1b[Kmsg->stamp\x1b[m\x1b[K << " s\\n"\n'}
[7.687848] (status_display) StderrLine: {'line': b'      |                                     \x1b[01;36m\x1b[K~~~~~^~~~~\x1b[m\x1b[K\n'}
[7.687945] (status_display) StderrLine: {'line': b'In file included from \x1b[01m\x1b[K/opt/ros/humble/include/rosidl_runtime_cpp/rosidl_runtime_cpp/traits.hpp:19\x1b[m\x1b[K,\n'}
[7.688032] (status_display) StderrLine: {'line': b'                 from \x1b[01m\x1b[K/opt/ros/humble/include/builtin_interfaces/builtin_interfaces/msg/detail/duration__traits.hpp:15\x1b[m\x1b[K,\n'}
[7.688115] (status_display) StderrLine: {'line': b'                 from \x1b[01m\x1b[K/opt/ros/humble/include/builtin_interfaces/builtin_interfaces/msg/duration.hpp:9\x1b[m\x1b[K,\n'}
[7.688201] (status_display) StderrLine: {'line': b'                 from \x1b[01m\x1b[K/opt/ros/humble/include/rclcpp/rclcpp/duration.hpp:20\x1b[m\x1b[K,\n'}
[7.688283] (status_display) StderrLine: {'line': b'                 from \x1b[01m\x1b[K/opt/ros/humble/include/rclcpp/rclcpp/qos.hpp:20\x1b[m\x1b[K,\n'}
[7.688368] (status_display) StderrLine: {'line': b'                 from \x1b[01m\x1b[K/opt/ros/humble/include/rclcpp/rclcpp/node_interfaces/node_graph_interface.hpp:32\x1b[m\x1b[K,\n'}
[7.688450] (status_display) StderrLine: {'line': b'                 from \x1b[01m\x1b[K/opt/ros/humble/include/rclcpp/rclcpp/client.hpp:42\x1b[m\x1b[K,\n'}
[7.688532] (status_display) StderrLine: {'line': b'                 from \x1b[01m\x1b[K/opt/ros/humble/include/rclcpp/rclcpp/callback_group.hpp:24\x1b[m\x1b[K,\n'}
[7.688660] (status_display) StderrLine: {'line': b'                 from \x1b[01m\x1b[K/opt/ros/humble/include/rclcpp/rclcpp/any_executable.hpp:20\x1b[m\x1b[K,\n'}
[7.688753] (status_display) StderrLine: {'line': b'                 from \x1b[01m\x1b[K/opt/ros/humble/include/rclcpp/rclcpp/memory_strategy.hpp:25\x1b[m\x1b[K,\n'}
[7.688837] (status_display) StderrLine: {'line': b'                 from \x1b[01m\x1b[K/opt/ros/humble/include/rclcpp/rclcpp/memory_strategies.hpp:18\x1b[m\x1b[K,\n'}
[7.688920] (status_display) StderrLine: {'line': b'                 from \x1b[01m\x1b[K/opt/ros/humble/include/rclcpp/rclcpp/executor_options.hpp:20\x1b[m\x1b[K,\n'}
[7.689034] (status_display) StderrLine: {'line': b'                 from \x1b[01m\x1b[K/opt/ros/humble/include/rclcpp/rclcpp/executor.hpp:37\x1b[m\x1b[K,\n'}
[7.689120] (status_display) StderrLine: {'line': b'                 from \x1b[01m\x1b[K/opt/ros/humble/include/rclcpp/rclcpp/executors/multi_threaded_executor.hpp:25\x1b[m\x1b[K,\n'}
[7.689202] (status_display) StderrLine: {'line': b'                 from \x1b[01m\x1b[K/opt/ros/humble/include/rclcpp/rclcpp/executors.hpp:21\x1b[m\x1b[K,\n'}
[7.689284] (status_display) StderrLine: {'line': b'                 from \x1b[01m\x1b[K/opt/ros/humble/include/rclcpp/rclcpp/rclcpp.hpp:155\x1b[m\x1b[K,\n'}
[7.689366] (status_display) StderrLine: {'line': b'                 from \x1b[01m\x1b[K/home/shenhang/ros_study/chapter3/topic_practice_workspace/src/status_display/src/sys_status_display.cpp:4\x1b[m\x1b[K:\n'}
[7.689448] (status_display) StderrLine: {'line': b'\x1b[01m\x1b[K/usr/include/c++/11/iomanip:143:5:\x1b[m\x1b[K \x1b[01;36m\x1b[Knote: \x1b[m\x1b[Kcandidate: \xe2\x80\x98\x1b[01m\x1b[Ktemplate<class _CharT, class _Traits> std::basic_ostream<_CharT, _Traits>& std::operator<<(std::basic_ostream<_CharT, _Traits>&, std::_Setbase)\x1b[m\x1b[K\xe2\x80\x99\n'}
[7.689532] (status_display) StderrLine: {'line': b'  143 |     \x1b[01;36m\x1b[Koperator\x1b[m\x1b[K<<(basic_ostream<_CharT, _Traits>& __os, _Setbase __f)\n'}
[7.689679] (status_display) StderrLine: {'line': b'      |     \x1b[01;36m\x1b[K^~~~~~~~\x1b[m\x1b[K\n'}
[7.689764] (status_display) StderrLine: {'line': b'\x1b[01m\x1b[K/usr/include/c++/11/iomanip:143:5:\x1b[m\x1b[K \x1b[01;36m\x1b[Knote: \x1b[m\x1b[K  template argument deduction/substitution failed:\n'}
[7.689854] (status_display) StderrLine: {'line': b'\x1b[01m\x1b[K/home/shenhang/ros_study/chapter3/topic_practice_workspace/src/status_display/src/sys_status_display.cpp:19:42:\x1b[m\x1b[K \x1b[01;36m\x1b[Knote: \x1b[m\x1b[K  cannot convert \xe2\x80\x98\x1b[01m\x1b[K((const std::__shared_ptr_access<status_interfaces::msg::SystemStatus_<std::allocator<void> >, __gnu_cxx::_S_atomic, false, false>*)(& msg))->std::__shared_ptr_access<status_interfaces::msg::SystemStatus_<std::allocator<void> >, __gnu_cxx::_S_atomic, false, false>::operator->()->status_interfaces::msg::SystemStatus_<std::allocator<void> >::stamp\x1b[m\x1b[K\xe2\x80\x99 (type \xe2\x80\x98\x1b[01m\x1b[Kstatus_interfaces::msg::SystemStatus_<std::allocator<void> >::_stamp_type\x1b[m\x1b[K\xe2\x80\x99 {aka \xe2\x80\x98\x1b[01m\x1b[Kbuiltin_interfaces::msg::Time_<std::allocator<void> >\x1b[m\x1b[K\xe2\x80\x99}) to type \xe2\x80\x98\x1b[01m\x1b[Kstd::_Setbase\x1b[m\x1b[K\xe2\x80\x99\n'}
[7.689951] (status_display) StderrLine: {'line': b'   19 |                  << "\xe6\x95\xb0\xe6\x8d\xae\xe6\x97\xb6\xe9\x97\xb4: " << \x1b[01;36m\x1b[Kmsg->stamp\x1b[m\x1b[K << " s\\n"\n'}
[7.690040] (status_display) StderrLine: {'line': b'      |                                     \x1b[01;36m\x1b[K~~~~~^~~~~\x1b[m\x1b[K\n'}
[7.690129] (status_display) StderrLine: {'line': b'In file included from \x1b[01m\x1b[K/opt/ros/humble/include/rosidl_runtime_cpp/rosidl_runtime_cpp/traits.hpp:19\x1b[m\x1b[K,\n'}
[7.690216] (status_display) StderrLine: {'line': b'                 from \x1b[01m\x1b[K/opt/ros/humble/include/builtin_interfaces/builtin_interfaces/msg/detail/duration__traits.hpp:15\x1b[m\x1b[K,\n'}
[7.690304] (status_display) StderrLine: {'line': b'                 from \x1b[01m\x1b[K/opt/ros/humble/include/builtin_interfaces/builtin_interfaces/msg/duration.hpp:9\x1b[m\x1b[K,\n'}
[7.690391] (status_display) StderrLine: {'line': b'                 from \x1b[01m\x1b[K/opt/ros/humble/include/rclcpp/rclcpp/duration.hpp:20\x1b[m\x1b[K,\n'}
[7.690480] (status_display) StderrLine: {'line': b'                 from \x1b[01m\x1b[K/opt/ros/humble/include/rclcpp/rclcpp/qos.hpp:20\x1b[m\x1b[K,\n'}
[7.690606] (status_display) StderrLine: {'line': b'                 from \x1b[01m\x1b[K/opt/ros/humble/include/rclcpp/rclcpp/node_interfaces/node_graph_interface.hpp:32\x1b[m\x1b[K,\n'}
[7.690766] (status_display) StderrLine: {'line': b'                 from \x1b[01m\x1b[K/opt/ros/humble/include/rclcpp/rclcpp/client.hpp:42\x1b[m\x1b[K,\n'}
[7.690909] (status_display) StderrLine: {'line': b'                 from \x1b[01m\x1b[K/opt/ros/humble/include/rclcpp/rclcpp/callback_group.hpp:24\x1b[m\x1b[K,\n'}
[7.691038] (status_display) StderrLine: {'line': b'                 from \x1b[01m\x1b[K/opt/ros/humble/include/rclcpp/rclcpp/any_executable.hpp:20\x1b[m\x1b[K,\n'}
[7.691123] (status_display) StderrLine: {'line': b'                 from \x1b[01m\x1b[K/opt/ros/humble/include/rclcpp/rclcpp/memory_strategy.hpp:25\x1b[m\x1b[K,\n'}
[7.691212] (status_display) StderrLine: {'line': b'                 from \x1b[01m\x1b[K/opt/ros/humble/include/rclcpp/rclcpp/memory_strategies.hpp:18\x1b[m\x1b[K,\n'}
[7.691296] (status_display) StderrLine: {'line': b'                 from \x1b[01m\x1b[K/opt/ros/humble/include/rclcpp/rclcpp/executor_options.hpp:20\x1b[m\x1b[K,\n'}
[7.691380] (status_display) StderrLine: {'line': b'                 from \x1b[01m\x1b[K/opt/ros/humble/include/rclcpp/rclcpp/executor.hpp:37\x1b[m\x1b[K,\n'}
[7.691468] (status_display) StderrLine: {'line': b'                 from \x1b[01m\x1b[K/opt/ros/humble/include/rclcpp/rclcpp/executors/multi_threaded_executor.hpp:25\x1b[m\x1b[K,\n'}
[7.691577] (status_display) StderrLine: {'line': b'                 from \x1b[01m\x1b[K/opt/ros/humble/include/rclcpp/rclcpp/executors.hpp:21\x1b[m\x1b[K,\n'}
[7.691664] (status_display) StderrLine: {'line': b'                 from \x1b[01m\x1b[K/opt/ros/humble/include/rclcpp/rclcpp/rclcpp.hpp:155\x1b[m\x1b[K,\n'}
[7.691748] (status_display) StderrLine: {'line': b'                 from \x1b[01m\x1b[K/home/shenhang/ros_study/chapter3/topic_practice_workspace/src/status_display/src/sys_status_display.cpp:4\x1b[m\x1b[K:\n'}
[7.691833] (status_display) StderrLine: {'line': b'\x1b[01m\x1b[K/usr/include/c++/11/iomanip:178:5:\x1b[m\x1b[K \x1b[01;36m\x1b[Knote: \x1b[m\x1b[Kcandidate: \xe2\x80\x98\x1b[01m\x1b[Ktemplate<class _CharT, class _Traits> std::basic_ostream<_CharT, _Traits>& std::operator<<(std::basic_ostream<_CharT, _Traits>&, std::_Setfill<_CharT>)\x1b[m\x1b[K\xe2\x80\x99\n'}
[7.691923] (status_display) StderrLine: {'line': b'  178 |     \x1b[01;36m\x1b[Koperator\x1b[m\x1b[K<<(basic_ostream<_CharT, _Traits>& __os, _Setfill<_CharT> __f)\n'}
[7.692025] (status_display) StderrLine: {'line': b'      |     \x1b[01;36m\x1b[K^~~~~~~~\x1b[m\x1b[K\n'}
[7.692113] (status_display) StderrLine: {'line': b'\x1b[01m\x1b[K/usr/include/c++/11/iomanip:178:5:\x1b[m\x1b[K \x1b[01;36m\x1b[Knote: \x1b[m\x1b[K  template argument deduction/substitution failed:\n'}
[7.692207] (status_display) StderrLine: {'line': b'\x1b[01m\x1b[K/home/shenhang/ros_study/chapter3/topic_practice_workspace/src/status_display/src/sys_status_display.cpp:19:42:\x1b[m\x1b[K \x1b[01;36m\x1b[Knote: \x1b[m\x1b[K  \xe2\x80\x98\x1b[01m\x1b[Kbuiltin_interfaces::msg::Time_<std::allocator<void> >\x1b[m\x1b[K\xe2\x80\x99 is not derived from \xe2\x80\x98\x1b[01m\x1b[Kstd::_Setfill<_CharT>\x1b[m\x1b[K\xe2\x80\x99\n'}
[7.692298] (status_display) StderrLine: {'line': b'   19 |                  << "\xe6\x95\xb0\xe6\x8d\xae\xe6\x97\xb6\xe9\x97\xb4: " << msg->\x1b[01;36m\x1b[Kstamp\x1b[m\x1b[K << " s\\n"\n'}
[7.692385] (status_display) StderrLine: {'line': b'      |                                          \x1b[01;36m\x1b[K^~~~~\x1b[m\x1b[K\n'}
[7.692472] (status_display) StderrLine: {'line': b'In file included from \x1b[01m\x1b[K/opt/ros/humble/include/rosidl_runtime_cpp/rosidl_runtime_cpp/traits.hpp:19\x1b[m\x1b[K,\n'}
[7.692686] (status_display) StderrLine: {'line': b'                 from \x1b[01m\x1b[K/opt/ros/humble/include/builtin_interfaces/builtin_interfaces/msg/detail/duration__traits.hpp:15\x1b[m\x1b[K,\n'}
[7.692780] (status_display) StderrLine: {'line': b'                 from \x1b[01m\x1b[K/opt/ros/humble/include/builtin_interfaces/builtin_interfaces/msg/duration.hpp:9\x1b[m\x1b[K,\n'}
[7.692863] (status_display) StderrLine: {'line': b'                 from \x1b[01m\x1b[K/opt/ros/humble/include/rclcpp/rclcpp/duration.hpp:20\x1b[m\x1b[K,\n'}
[7.692945] (status_display) StderrLine: {'line': b'                 from \x1b[01m\x1b[K/opt/ros/humble/include/rclcpp/rclcpp/qos.hpp:20\x1b[m\x1b[K,\n'}
[7.693030] (status_display) StderrLine: {'line': b'                 from \x1b[01m\x1b[K/opt/ros/humble/include/rclcpp/rclcpp/node_interfaces/node_graph_interface.hpp:32\x1b[m\x1b[K,\n'}
[7.693112] (status_display) StderrLine: {'line': b'                 from \x1b[01m\x1b[K/opt/ros/humble/include/rclcpp/rclcpp/client.hpp:42\x1b[m\x1b[K,\n'}
[7.693194] (status_display) StderrLine: {'line': b'                 from \x1b[01m\x1b[K/opt/ros/humble/include/rclcpp/rclcpp/callback_group.hpp:24\x1b[m\x1b[K,\n'}
[7.693275] (status_display) StderrLine: {'line': b'                 from \x1b[01m\x1b[K/opt/ros/humble/include/rclcpp/rclcpp/any_executable.hpp:20\x1b[m\x1b[K,\n'}
[7.693356] (status_display) StderrLine: {'line': b'                 from \x1b[01m\x1b[K/opt/ros/humble/include/rclcpp/rclcpp/memory_strategy.hpp:25\x1b[m\x1b[K,\n'}
[7.693438] (status_display) StderrLine: {'line': b'                 from \x1b[01m\x1b[K/opt/ros/humble/include/rclcpp/rclcpp/memory_strategies.hpp:18\x1b[m\x1b[K,\n'}
[7.693660] (status_display) StderrLine: {'line': b'                 from \x1b[01m\x1b[K/opt/ros/humble/include/rclcpp/rclcpp/executor_options.hpp:20\x1b[m\x1b[K,\n'}
[7.693749] (status_display) StderrLine: {'line': b'                 from \x1b[01m\x1b[K/opt/ros/humble/include/rclcpp/rclcpp/executor.hpp:37\x1b[m\x1b[K,\n'}
[7.693835] (status_display) StderrLine: {'line': b'                 from \x1b[01m\x1b[K/opt/ros/humble/include/rclcpp/rclcpp/executors/multi_threaded_executor.hpp:25\x1b[m\x1b[K,\n'}
[7.693924] (status_display) StderrLine: {'line': b'                 from \x1b[01m\x1b[K/opt/ros/humble/include/rclcpp/rclcpp/executors.hpp:21\x1b[m\x1b[K,\n'}
[7.694011] (status_display) StderrLine: {'line': b'                 from \x1b[01m\x1b[K/opt/ros/humble/include/rclcpp/rclcpp/rclcpp.hpp:155\x1b[m\x1b[K,\n'}
[7.694099] (status_display) StderrLine: {'line': b'                 from \x1b[01m\x1b[K/home/shenhang/ros_study/chapter3/topic_practice_workspace/src/status_display/src/sys_status_display.cpp:4\x1b[m\x1b[K:\n'}
[7.694394] (status_display) StderrLine: {'line': b'\x1b[01m\x1b[K/usr/include/c++/11/iomanip:208:5:\x1b[m\x1b[K \x1b[01;36m\x1b[Knote: \x1b[m\x1b[Kcandidate: \xe2\x80\x98\x1b[01m\x1b[Ktemplate<class _CharT, class _Traits> std::basic_ostream<_CharT, _Traits>& std::operator<<(std::basic_ostream<_CharT, _Traits>&, std::_Setprecision)\x1b[m\x1b[K\xe2\x80\x99\n'}
[7.694536] (status_display) StderrLine: {'line': b'  208 |     \x1b[01;36m\x1b[Koperator\x1b[m\x1b[K<<(basic_ostream<_CharT, _Traits>& __os, _Setprecision __f)\n'}
[7.694634] (status_display) StderrLine: {'line': b'      |     \x1b[01;36m\x1b[K^~~~~~~~\x1b[m\x1b[K\n'}
[7.694722] (status_display) StderrLine: {'line': b'\x1b[01m\x1b[K/usr/include/c++/11/iomanip:208:5:\x1b[m\x1b[K \x1b[01;36m\x1b[Knote: \x1b[m\x1b[K  template argument deduction/substitution failed:\n'}
[7.694810] (status_display) StderrLine: {'line': b'\x1b[01m\x1b[K/home/shenhang/ros_study/chapter3/topic_practice_workspace/src/status_display/src/sys_status_display.cpp:19:42:\x1b[m\x1b[K \x1b[01;36m\x1b[Knote: \x1b[m\x1b[K  cannot convert \xe2\x80\x98\x1b[01m\x1b[K((const std::__shared_ptr_access<status_interfaces::msg::SystemStatus_<std::allocator<void> >, __gnu_cxx::_S_atomic, false, false>*)(& msg))->std::__shared_ptr_access<status_interfaces::msg::SystemStatus_<std::allocator<void> >, __gnu_cxx::_S_atomic, false, false>::operator->()->status_interfaces::msg::SystemStatus_<std::allocator<void> >::stamp\x1b[m\x1b[K\xe2\x80\x99 (type \xe2\x80\x98\x1b[01m\x1b[Kstatus_interfaces::msg::SystemStatus_<std::allocator<void> >::_stamp_type\x1b[m\x1b[K\xe2\x80\x99 {aka \xe2\x80\x98\x1b[01m\x1b[Kbuiltin_interfaces::msg::Time_<std::allocator<void> >\x1b[m\x1b[K\xe2\x80\x99}) to type \xe2\x80\x98\x1b[01m\x1b[Kstd::_Setprecision\x1b[m\x1b[K\xe2\x80\x99\n'}
[7.694909] (status_display) StderrLine: {'line': b'   19 |                  << "\xe6\x95\xb0\xe6\x8d\xae\xe6\x97\xb6\xe9\x97\xb4: " << \x1b[01;36m\x1b[Kmsg->stamp\x1b[m\x1b[K << " s\\n"\n'}
[7.694998] (status_display) StderrLine: {'line': b'      |                                     \x1b[01;36m\x1b[K~~~~~^~~~~\x1b[m\x1b[K\n'}
[7.695086] (status_display) StderrLine: {'line': b'In file included from \x1b[01m\x1b[K/opt/ros/humble/include/rosidl_runtime_cpp/rosidl_runtime_cpp/traits.hpp:19\x1b[m\x1b[K,\n'}
[7.695175] (status_display) StderrLine: {'line': b'                 from \x1b[01m\x1b[K/opt/ros/humble/include/builtin_interfaces/builtin_interfaces/msg/detail/duration__traits.hpp:15\x1b[m\x1b[K,\n'}
[7.695261] (status_display) StderrLine: {'line': b'                 from \x1b[01m\x1b[K/opt/ros/humble/include/builtin_interfaces/builtin_interfaces/msg/duration.hpp:9\x1b[m\x1b[K,\n'}
[7.695348] (status_display) StderrLine: {'line': b'                 from \x1b[01m\x1b[K/opt/ros/humble/include/rclcpp/rclcpp/duration.hpp:20\x1b[m\x1b[K,\n'}
[7.695691] (status_display) StderrLine: {'line': b'                 from \x1b[01m\x1b[K/opt/ros/humble/include/rclcpp/rclcpp/qos.hpp:20\x1b[m\x1b[K,\n'}
[7.695820] (status_display) StderrLine: {'line': b'                 from \x1b[01m\x1b[K/opt/ros/humble/include/rclcpp/rclcpp/node_interfaces/node_graph_interface.hpp:32\x1b[m\x1b[K,\n'}
[7.695963] (status_display) StderrLine: {'line': b'                 from \x1b[01m\x1b[K/opt/ros/humble/include/rclcpp/rclcpp/client.hpp:42\x1b[m\x1b[K,\n'}
[7.696063] (status_display) StderrLine: {'line': b'                 from \x1b[01m\x1b[K/opt/ros/humble/include/rclcpp/rclcpp/callback_group.hpp:24\x1b[m\x1b[K,\n'}
[7.696151] (status_display) StderrLine: {'line': b'                 from \x1b[01m\x1b[K/opt/ros/humble/include/rclcpp/rclcpp/any_executable.hpp:20\x1b[m\x1b[K,\n'}
[7.696234] (status_display) StderrLine: {'line': b'                 from \x1b[01m\x1b[K/opt/ros/humble/include/rclcpp/rclcpp/memory_strategy.hpp:25\x1b[m\x1b[K,\n'}
[7.696316] (status_display) StderrLine: {'line': b'                 from \x1b[01m\x1b[K/opt/ros/humble/include/rclcpp/rclcpp/memory_strategies.hpp:18\x1b[m\x1b[K,\n'}
[7.696448] (status_display) StderrLine: {'line': b'                 from \x1b[01m\x1b[K/opt/ros/humble/include/rclcpp/rclcpp/executor_options.hpp:20\x1b[m\x1b[K,\n'}
[7.696560] (status_display) StderrLine: {'line': b'                 from \x1b[01m\x1b[K/opt/ros/humble/include/rclcpp/rclcpp/executor.hpp:37\x1b[m\x1b[K,\n'}
[7.696686] (status_display) StderrLine: {'line': b'                 from \x1b[01m\x1b[K/opt/ros/humble/include/rclcpp/rclcpp/executors/multi_threaded_executor.hpp:25\x1b[m\x1b[K,\n'}
[7.696774] (status_display) StderrLine: {'line': b'                 from \x1b[01m\x1b[K/opt/ros/humble/include/rclcpp/rclcpp/executors.hpp:21\x1b[m\x1b[K,\n'}
[7.696858] (status_display) StderrLine: {'line': b'                 from \x1b[01m\x1b[K/opt/ros/humble/include/rclcpp/rclcpp/rclcpp.hpp:155\x1b[m\x1b[K,\n'}
[7.696945] (status_display) StderrLine: {'line': b'                 from \x1b[01m\x1b[K/home/shenhang/ros_study/chapter3/topic_practice_workspace/src/status_display/src/sys_status_display.cpp:4\x1b[m\x1b[K:\n'}
[7.697055] (status_display) StderrLine: {'line': b'\x1b[01m\x1b[K/usr/include/c++/11/iomanip:238:5:\x1b[m\x1b[K \x1b[01;36m\x1b[Knote: \x1b[m\x1b[Kcandidate: \xe2\x80\x98\x1b[01m\x1b[Ktemplate<class _CharT, class _Traits> std::basic_ostream<_CharT, _Traits>& std::operator<<(std::basic_ostream<_CharT, _Traits>&, std::_Setw)\x1b[m\x1b[K\xe2\x80\x99\n'}
[7.697148] (status_display) StderrLine: {'line': b'  238 |     \x1b[01;36m\x1b[Koperator\x1b[m\x1b[K<<(basic_ostream<_CharT, _Traits>& __os, _Setw __f)\n'}
[7.697238] (status_display) StderrLine: {'line': b'      |     \x1b[01;36m\x1b[K^~~~~~~~\x1b[m\x1b[K\n'}
[7.697328] (status_display) StderrLine: {'line': b'\x1b[01m\x1b[K/usr/include/c++/11/iomanip:238:5:\x1b[m\x1b[K \x1b[01;36m\x1b[Knote: \x1b[m\x1b[K  template argument deduction/substitution failed:\n'}
[7.697502] (status_display) StderrLine: {'line': b'\x1b[01m\x1b[K/home/shenhang/ros_study/chapter3/topic_practice_workspace/src/status_display/src/sys_status_display.cpp:19:42:\x1b[m\x1b[K \x1b[01;36m\x1b[Knote: \x1b[m\x1b[K  cannot convert \xe2\x80\x98\x1b[01m\x1b[K((const std::__shared_ptr_access<status_interfaces::msg::SystemStatus_<std::allocator<void> >, __gnu_cxx::_S_atomic, false, false>*)(& msg))->std::__shared_ptr_access<status_interfaces::msg::SystemStatus_<std::allocator<void> >, __gnu_cxx::_S_atomic, false, false>::operator->()->status_interfaces::msg::SystemStatus_<std::allocator<void> >::stamp\x1b[m\x1b[K\xe2\x80\x99 (type \xe2\x80\x98\x1b[01m\x1b[Kstatus_interfaces::msg::SystemStatus_<std::allocator<void> >::_stamp_type\x1b[m\x1b[K\xe2\x80\x99 {aka \xe2\x80\x98\x1b[01m\x1b[Kbuiltin_interfaces::msg::Time_<std::allocator<void> >\x1b[m\x1b[K\xe2\x80\x99}) to type \xe2\x80\x98\x1b[01m\x1b[Kstd::_Setw\x1b[m\x1b[K\xe2\x80\x99\n'}
[7.697602] (status_display) StderrLine: {'line': b'   19 |                  << "\xe6\x95\xb0\xe6\x8d\xae\xe6\x97\xb6\xe9\x97\xb4: " << \x1b[01;36m\x1b[Kmsg->stamp\x1b[m\x1b[K << " s\\n"\n'}
[7.697726] (status_display) StderrLine: {'line': b'      |                                     \x1b[01;36m\x1b[K~~~~~^~~~~\x1b[m\x1b[K\n'}
[7.697824] (status_display) StderrLine: {'line': b'In file included from \x1b[01m\x1b[K/opt/ros/humble/include/rosidl_runtime_cpp/rosidl_runtime_cpp/traits.hpp:19\x1b[m\x1b[K,\n'}
[7.697968] (status_display) StderrLine: {'line': b'                 from \x1b[01m\x1b[K/opt/ros/humble/include/builtin_interfaces/builtin_interfaces/msg/detail/duration__traits.hpp:15\x1b[m\x1b[K,\n'}
[7.698060] (status_display) StderrLine: {'line': b'                 from \x1b[01m\x1b[K/opt/ros/humble/include/builtin_interfaces/builtin_interfaces/msg/duration.hpp:9\x1b[m\x1b[K,\n'}
[7.698157] (status_display) StderrLine: {'line': b'                 from \x1b[01m\x1b[K/opt/ros/humble/include/rclcpp/rclcpp/duration.hpp:20\x1b[m\x1b[K,\n'}
[7.698265] (status_display) StderrLine: {'line': b'                 from \x1b[01m\x1b[K/opt/ros/humble/include/rclcpp/rclcpp/qos.hpp:20\x1b[m\x1b[K,\n'}
[7.698456] (status_display) StderrLine: {'line': b'                 from \x1b[01m\x1b[K/opt/ros/humble/include/rclcpp/rclcpp/node_interfaces/node_graph_interface.hpp:32\x1b[m\x1b[K,\n'}
[7.698573] (status_display) StderrLine: {'line': b'                 from \x1b[01m\x1b[K/opt/ros/humble/include/rclcpp/rclcpp/client.hpp:42\x1b[m\x1b[K,\n'}
[7.698681] (status_display) StderrLine: {'line': b'                 from \x1b[01m\x1b[K/opt/ros/humble/include/rclcpp/rclcpp/callback_group.hpp:24\x1b[m\x1b[K,\n'}
[7.698803] (status_display) StderrLine: {'line': b'                 from \x1b[01m\x1b[K/opt/ros/humble/include/rclcpp/rclcpp/any_executable.hpp:20\x1b[m\x1b[K,\n'}
[7.698917] (status_display) StderrLine: {'line': b'                 from \x1b[01m\x1b[K/opt/ros/humble/include/rclcpp/rclcpp/memory_strategy.hpp:25\x1b[m\x1b[K,\n'}
[7.699107] (status_display) StderrLine: {'line': b'                 from \x1b[01m\x1b[K/opt/ros/humble/include/rclcpp/rclcpp/memory_strategies.hpp:18\x1b[m\x1b[K,\n'}
[7.699221] (status_display) StderrLine: {'line': b'                 from \x1b[01m\x1b[K/opt/ros/humble/include/rclcpp/rclcpp/executor_options.hpp:20\x1b[m\x1b[K,\n'}
[7.699351] (status_display) StderrLine: {'line': b'                 from \x1b[01m\x1b[K/opt/ros/humble/include/rclcpp/rclcpp/executor.hpp:37\x1b[m\x1b[K,\n'}
[7.699473] (status_display) StderrLine: {'line': b'                 from \x1b[01m\x1b[K/opt/ros/humble/include/rclcpp/rclcpp/executors/multi_threaded_executor.hpp:25\x1b[m\x1b[K,\n'}
[7.699637] (status_display) StderrLine: {'line': b'                 from \x1b[01m\x1b[K/opt/ros/humble/include/rclcpp/rclcpp/executors.hpp:21\x1b[m\x1b[K,\n'}
[7.699817] (status_display) StderrLine: {'line': b'                 from \x1b[01m\x1b[K/opt/ros/humble/include/rclcpp/rclcpp/rclcpp.hpp:155\x1b[m\x1b[K,\n'}
[7.700007] (status_display) StderrLine: {'line': b'                 from \x1b[01m\x1b[K/home/shenhang/ros_study/chapter3/topic_practice_workspace/src/status_display/src/sys_status_display.cpp:4\x1b[m\x1b[K:\n'}
[7.700141] (status_display) StderrLine: {'line': b'\x1b[01m\x1b[K/usr/include/c++/11/iomanip:311:5:\x1b[m\x1b[K \x1b[01;36m\x1b[Knote: \x1b[m\x1b[Kcandidate: \xe2\x80\x98\x1b[01m\x1b[Ktemplate<class _CharT, class _Traits, class _MoneyT> std::basic_ostream<_CharT, _Traits>& std::operator<<(std::basic_ostream<_CharT, _Traits>&, std::_Put_money<_MoneyT>)\x1b[m\x1b[K\xe2\x80\x99\n'}
[7.700270] (status_display) StderrLine: {'line': b'  311 |     \x1b[01;36m\x1b[Koperator\x1b[m\x1b[K<<(basic_ostream<_CharT, _Traits>& __os, _Put_money<_MoneyT> __f)\n'}
[7.700421] (status_display) StderrLine: {'line': b'      |     \x1b[01;36m\x1b[K^~~~~~~~\x1b[m\x1b[K\n'}
[7.700535] (status_display) StderrLine: {'line': b'\x1b[01m\x1b[K/usr/include/c++/11/iomanip:311:5:\x1b[m\x1b[K \x1b[01;36m\x1b[Knote: \x1b[m\x1b[K  template argument deduction/substitution failed:\n'}
[7.700624] (status_display) StderrLine: {'line': b'\x1b[01m\x1b[K/home/shenhang/ros_study/chapter3/topic_practice_workspace/src/status_display/src/sys_status_display.cpp:19:42:\x1b[m\x1b[K \x1b[01;36m\x1b[Knote: \x1b[m\x1b[K  \xe2\x80\x98\x1b[01m\x1b[Kbuiltin_interfaces::msg::Time_<std::allocator<void> >\x1b[m\x1b[K\xe2\x80\x99 is not derived from \xe2\x80\x98\x1b[01m\x1b[Kstd::_Put_money<_MoneyT>\x1b[m\x1b[K\xe2\x80\x99\n'}
[7.700736] (status_display) StderrLine: {'line': b'   19 |                  << "\xe6\x95\xb0\xe6\x8d\xae\xe6\x97\xb6\xe9\x97\xb4: " << msg->\x1b[01;36m\x1b[Kstamp\x1b[m\x1b[K << " s\\n"\n'}
[7.700833] (status_display) StderrLine: {'line': b'      |                                          \x1b[01;36m\x1b[K^~~~~\x1b[m\x1b[K\n'}
[7.703623] (status_display) StderrLine: {'line': b'In file included from \x1b[01m\x1b[K/opt/ros/humble/include/rosidl_runtime_cpp/rosidl_runtime_cpp/traits.hpp:19\x1b[m\x1b[K,\n'}
[7.703726] (status_display) StderrLine: {'line': b'                 from \x1b[01m\x1b[K/opt/ros/humble/include/builtin_interfaces/builtin_interfaces/msg/detail/duration__traits.hpp:15\x1b[m\x1b[K,\n'}
[7.703816] (status_display) StderrLine: {'line': b'                 from \x1b[01m\x1b[K/opt/ros/humble/include/builtin_interfaces/builtin_interfaces/msg/duration.hpp:9\x1b[m\x1b[K,\n'}
[7.703900] (status_display) StderrLine: {'line': b'                 from \x1b[01m\x1b[K/opt/ros/humble/include/rclcpp/rclcpp/duration.hpp:20\x1b[m\x1b[K,\n'}
[7.704079] (status_display) StderrLine: {'line': b'                 from \x1b[01m\x1b[K/opt/ros/humble/include/rclcpp/rclcpp/qos.hpp:20\x1b[m\x1b[K,\n'}
[7.704292] (status_display) StderrLine: {'line': b'                 from \x1b[01m\x1b[K/opt/ros/humble/include/rclcpp/rclcpp/node_interfaces/node_graph_interface.hpp:32\x1b[m\x1b[K,\n'}
[7.704401] (status_display) StderrLine: {'line': b'                 from \x1b[01m\x1b[K/opt/ros/humble/include/rclcpp/rclcpp/client.hpp:42\x1b[m\x1b[K,\n'}
[7.704485] (status_display) StderrLine: {'line': b'                 from \x1b[01m\x1b[K/opt/ros/humble/include/rclcpp/rclcpp/callback_group.hpp:24\x1b[m\x1b[K,\n'}
[7.704568] (status_display) StderrLine: {'line': b'                 from \x1b[01m\x1b[K/opt/ros/humble/include/rclcpp/rclcpp/any_executable.hpp:20\x1b[m\x1b[K,\n'}
[7.704651] (status_display) StderrLine: {'line': b'                 from \x1b[01m\x1b[K/opt/ros/humble/include/rclcpp/rclcpp/memory_strategy.hpp:25\x1b[m\x1b[K,\n'}
[7.704732] (status_display) StderrLine: {'line': b'                 from \x1b[01m\x1b[K/opt/ros/humble/include/rclcpp/rclcpp/memory_strategies.hpp:18\x1b[m\x1b[K,\n'}
[7.704814] (status_display) StderrLine: {'line': b'                 from \x1b[01m\x1b[K/opt/ros/humble/include/rclcpp/rclcpp/executor_options.hpp:20\x1b[m\x1b[K,\n'}
[7.704907] (status_display) StderrLine: {'line': b'                 from \x1b[01m\x1b[K/opt/ros/humble/include/rclcpp/rclcpp/executor.hpp:37\x1b[m\x1b[K,\n'}
[7.705001] (status_display) StderrLine: {'line': b'                 from \x1b[01m\x1b[K/opt/ros/humble/include/rclcpp/rclcpp/executors/multi_threaded_executor.hpp:25\x1b[m\x1b[K,\n'}
[7.705096] (status_display) StderrLine: {'line': b'                 from \x1b[01m\x1b[K/opt/ros/humble/include/rclcpp/rclcpp/executors.hpp:21\x1b[m\x1b[K,\n'}
[7.705245] (status_display) StderrLine: {'line': b'                 from \x1b[01m\x1b[K/opt/ros/humble/include/rclcpp/rclcpp/rclcpp.hpp:155\x1b[m\x1b[K,\n'}
[7.705365] (status_display) StderrLine: {'line': b'                 from \x1b[01m\x1b[K/home/shenhang/ros_study/chapter3/topic_practice_workspace/src/status_display/src/sys_status_display.cpp:4\x1b[m\x1b[K:\n'}
[7.705450] (status_display) StderrLine: {'line': b'\x1b[01m\x1b[K/usr/include/c++/11/iomanip:363:5:\x1b[m\x1b[K \x1b[01;36m\x1b[Knote: \x1b[m\x1b[Kcandidate: \xe2\x80\x98\x1b[01m\x1b[Ktemplate<class _CharT, class _Traits> std::basic_ostream<_CharT, _Traits>& std::operator<<(std::basic_ostream<_CharT, _Traits>&, std::_Put_time<_CharT>)\x1b[m\x1b[K\xe2\x80\x99\n'}
[7.705627] (status_display) StderrLine: {'line': b'  363 |     \x1b[01;36m\x1b[Koperator\x1b[m\x1b[K<<(basic_ostream<_CharT, _Traits>& __os, _Put_time<_CharT> __f)\n'}
[7.705834] (status_display) StderrLine: {'line': b'      |     \x1b[01;36m\x1b[K^~~~~~~~\x1b[m\x1b[K\n'}
[7.706020] (status_display) StderrLine: {'line': b'\x1b[01m\x1b[K/usr/include/c++/11/iomanip:363:5:\x1b[m\x1b[K \x1b[01;36m\x1b[Knote: \x1b[m\x1b[K  template argument deduction/substitution failed:\n'}
[7.706120] (status_display) StderrLine: {'line': b'\x1b[01m\x1b[K/home/shenhang/ros_study/chapter3/topic_practice_workspace/src/status_display/src/sys_status_display.cpp:19:42:\x1b[m\x1b[K \x1b[01;36m\x1b[Knote: \x1b[m\x1b[K  \xe2\x80\x98\x1b[01m\x1b[Kbuiltin_interfaces::msg::Time_<std::allocator<void> >\x1b[m\x1b[K\xe2\x80\x99 is not derived from \xe2\x80\x98\x1b[01m\x1b[Kstd::_Put_time<_CharT>\x1b[m\x1b[K\xe2\x80\x99\n'}
[7.706300] (status_display) StderrLine: {'line': b'   19 |                  << "\xe6\x95\xb0\xe6\x8d\xae\xe6\x97\xb6\xe9\x97\xb4: " << msg->\x1b[01;36m\x1b[Kstamp\x1b[m\x1b[K << " s\\n"\n'}
[7.706389] (status_display) StderrLine: {'line': b'      |                                          \x1b[01;36m\x1b[K^~~~~\x1b[m\x1b[K\n'}
[7.706472] (status_display) StderrLine: {'line': b'In file included from \x1b[01m\x1b[K/usr/include/x86_64-linux-gnu/qt5/QtCore/qstring.h:49\x1b[m\x1b[K,\n'}
[7.706575] (status_display) StderrLine: {'line': b'                 from \x1b[01m\x1b[K/usr/include/x86_64-linux-gnu/qt5/QtCore/qcoreapplication.h:44\x1b[m\x1b[K,\n'}
[7.706658] (status_display) StderrLine: {'line': b'                 from \x1b[01m\x1b[K/usr/include/x86_64-linux-gnu/qt5/QtWidgets/qapplication.h:44\x1b[m\x1b[K,\n'}
[7.706748] (status_display) StderrLine: {'line': b'                 from \x1b[01m\x1b[K/usr/include/x86_64-linux-gnu/qt5/QtWidgets/QApplication:1\x1b[m\x1b[K,\n'}
[7.706845] (status_display) StderrLine: {'line': b'                 from \x1b[01m\x1b[K/home/shenhang/ros_study/chapter3/topic_practice_workspace/src/status_display/src/sys_status_display.cpp:1\x1b[m\x1b[K:\n'}
[7.706942] (status_display) StderrLine: {'line': b'\x1b[01m\x1b[K/usr/include/x86_64-linux-gnu/qt5/QtCore/qchar.h:662:28:\x1b[m\x1b[K \x1b[01;36m\x1b[Knote: \x1b[m\x1b[Kcandidate: \xe2\x80\x98\x1b[01m\x1b[KQDataStream& operator<<(QDataStream&, QChar)\x1b[m\x1b[K\xe2\x80\x99\n'}
[7.707037] (status_display) StderrLine: {'line': b'  662 | Q_CORE_EXPORT QDataStream &\x1b[01;36m\x1b[Koperator\x1b[m\x1b[K<<(QDataStream &, QChar);\n'}
[7.707205] (status_display) StderrLine: {'line': b'      |                            \x1b[01;36m\x1b[K^~~~~~~~\x1b[m\x1b[K\n'}
[7.707320] (status_display) StderrLine: {'line': b'\x1b[01m\x1b[K/usr/include/x86_64-linux-gnu/qt5/QtCore/qchar.h:662:39:\x1b[m\x1b[K \x1b[01;36m\x1b[Knote: \x1b[m\x1b[K  no known conversion for argument 1 from \xe2\x80\x98\x1b[01m\x1b[Kstd::basic_ostream<char>\x1b[m\x1b[K\xe2\x80\x99 to \xe2\x80\x98\x1b[01m\x1b[KQDataStream&\x1b[m\x1b[K\xe2\x80\x99\n'}
[7.707410] (status_display) StderrLine: {'line': b'  662 | Q_CORE_EXPORT QDataStream &operator<<(\x1b[01;36m\x1b[KQDataStream &\x1b[m\x1b[K, QChar);\n'}
[7.707496] (status_display) StderrLine: {'line': b'      |                                       \x1b[01;36m\x1b[K^~~~~~~~~~~~~\x1b[m\x1b[K\n'}
[7.707580] (status_display) StderrLine: {'line': b'In file included from \x1b[01m\x1b[K/usr/include/x86_64-linux-gnu/qt5/QtCore/qstring.h:50\x1b[m\x1b[K,\n'}
[7.707704] (status_display) StderrLine: {'line': b'                 from \x1b[01m\x1b[K/usr/include/x86_64-linux-gnu/qt5/QtCore/qcoreapplication.h:44\x1b[m\x1b[K,\n'}
[7.707794] (status_display) StderrLine: {'line': b'                 from \x1b[01m\x1b[K/usr/include/x86_64-linux-gnu/qt5/QtWidgets/qapplication.h:44\x1b[m\x1b[K,\n'}
[7.707882] (status_display) StderrLine: {'line': b'                 from \x1b[01m\x1b[K/usr/include/x86_64-linux-gnu/qt5/QtWidgets/QApplication:1\x1b[m\x1b[K,\n'}
[7.707971] (status_display) StderrLine: {'line': b'                 from \x1b[01m\x1b[K/home/shenhang/ros_study/chapter3/topic_practice_workspace/src/status_display/src/sys_status_display.cpp:1\x1b[m\x1b[K:\n'}
[7.708064] (status_display) StderrLine: {'line': b'\x1b[01m\x1b[K/usr/include/x86_64-linux-gnu/qt5/QtCore/qbytearray.h:759:28:\x1b[m\x1b[K \x1b[01;36m\x1b[Knote: \x1b[m\x1b[Kcandidate: \xe2\x80\x98\x1b[01m\x1b[KQDataStream& operator<<(QDataStream&, const QByteArray&)\x1b[m\x1b[K\xe2\x80\x99\n'}
[7.708250] (status_display) StderrLine: {'line': b'  759 | Q_CORE_EXPORT QDataStream &\x1b[01;36m\x1b[Koperator\x1b[m\x1b[K<<(QDataStream &, const QByteArray &);\n'}
[7.708347] (status_display) StderrLine: {'line': b'      |                            \x1b[01;36m\x1b[K^~~~~~~~\x1b[m\x1b[K\n'}
[7.708433] (status_display) StderrLine: {'line': b'\x1b[01m\x1b[K/usr/include/x86_64-linux-gnu/qt5/QtCore/qbytearray.h:759:39:\x1b[m\x1b[K \x1b[01;36m\x1b[Knote: \x1b[m\x1b[K  no known conversion for argument 1 from \xe2\x80\x98\x1b[01m\x1b[Kstd::basic_ostream<char>\x1b[m\x1b[K\xe2\x80\x99 to \xe2\x80\x98\x1b[01m\x1b[KQDataStream&\x1b[m\x1b[K\xe2\x80\x99\n'}
[7.708520] (status_display) StderrLine: {'line': b'  759 | Q_CORE_EXPORT QDataStream &operator<<(\x1b[01;36m\x1b[KQDataStream &\x1b[m\x1b[K, const QByteArray &);\n'}
[7.708610] (status_display) StderrLine: {'line': b'      |                                       \x1b[01;36m\x1b[K^~~~~~~~~~~~~\x1b[m\x1b[K\n'}
[7.708696] (status_display) StderrLine: {'line': b'In file included from \x1b[01m\x1b[K/usr/include/x86_64-linux-gnu/qt5/QtCore/qcoreapplication.h:44\x1b[m\x1b[K,\n'}
[7.708792] (status_display) StderrLine: {'line': b'                 from \x1b[01m\x1b[K/usr/include/x86_64-linux-gnu/qt5/QtWidgets/qapplication.h:44\x1b[m\x1b[K,\n'}
[7.708877] (status_display) StderrLine: {'line': b'                 from \x1b[01m\x1b[K/usr/include/x86_64-linux-gnu/qt5/QtWidgets/QApplication:1\x1b[m\x1b[K,\n'}
[7.709032] (status_display) StderrLine: {'line': b'                 from \x1b[01m\x1b[K/home/shenhang/ros_study/chapter3/topic_practice_workspace/src/status_display/src/sys_status_display.cpp:1\x1b[m\x1b[K:\n'}
[7.709153] (status_display) StderrLine: {'line': b'\x1b[01m\x1b[K/usr/include/x86_64-linux-gnu/qt5/QtCore/qstring.h:1594:28:\x1b[m\x1b[K \x1b[01;36m\x1b[Knote: \x1b[m\x1b[Kcandidate: \xe2\x80\x98\x1b[01m\x1b[KQDataStream& operator<<(QDataStream&, const QString&)\x1b[m\x1b[K\xe2\x80\x99\n'}
[7.709243] (status_display) StderrLine: {'line': b' 1594 | Q_CORE_EXPORT QDataStream &\x1b[01;36m\x1b[Koperator\x1b[m\x1b[K<<(QDataStream &, const QString &);\n'}
[7.709327] (status_display) StderrLine: {'line': b'      |                            \x1b[01;36m\x1b[K^~~~~~~~\x1b[m\x1b[K\n'}
[7.709412] (status_display) StderrLine: {'line': b'\x1b[01m\x1b[K/usr/include/x86_64-linux-gnu/qt5/QtCore/qstring.h:1594:39:\x1b[m\x1b[K \x1b[01;36m\x1b[Knote: \x1b[m\x1b[K  no known conversion for argument 1 from \xe2\x80\x98\x1b[01m\x1b[Kstd::basic_ostream<char>\x1b[m\x1b[K\xe2\x80\x99 to \xe2\x80\x98\x1b[01m\x1b[KQDataStream&\x1b[m\x1b[K\xe2\x80\x99\n'}
[7.709499] (status_display) StderrLine: {'line': b' 1594 | Q_CORE_EXPORT QDataStream &operator<<(\x1b[01;36m\x1b[KQDataStream &\x1b[m\x1b[K, const QString &);\n'}
[7.709589] (status_display) StderrLine: {'line': b'      |                                       \x1b[01;36m\x1b[K^~~~~~~~~~~~~\x1b[m\x1b[K\n'}
[7.709671] (-) TimerEvent: {}
[7.709846] (status_display) StderrLine: {'line': b'In file included from \x1b[01m\x1b[K/usr/include/x86_64-linux-gnu/qt5/QtCore/qstringlist.h:48\x1b[m\x1b[K,\n'}
[7.709941] (status_display) StderrLine: {'line': b'                 from \x1b[01m\x1b[K/usr/include/x86_64-linux-gnu/qt5/QtCore/qlist.h:1196\x1b[m\x1b[K,\n'}
[7.710030] (status_display) StderrLine: {'line': b'                 from \x1b[01m\x1b[K/usr/include/x86_64-linux-gnu/qt5/QtCore/qobject.h:49\x1b[m\x1b[K,\n'}
[7.710209] (status_display) StderrLine: {'line': b'                 from \x1b[01m\x1b[K/usr/include/x86_64-linux-gnu/qt5/QtCore/qcoreapplication.h:46\x1b[m\x1b[K,\n'}
[7.710319] (status_display) StderrLine: {'line': b'                 from \x1b[01m\x1b[K/usr/include/x86_64-linux-gnu/qt5/QtWidgets/qapplication.h:44\x1b[m\x1b[K,\n'}
[7.710407] (status_display) StderrLine: {'line': b'                 from \x1b[01m\x1b[K/usr/include/x86_64-linux-gnu/qt5/QtWidgets/QApplication:1\x1b[m\x1b[K,\n'}
[7.710505] (status_display) StderrLine: {'line': b'                 from \x1b[01m\x1b[K/home/shenhang/ros_study/chapter3/topic_practice_workspace/src/status_display/src/sys_status_display.cpp:1\x1b[m\x1b[K:\n'}
[7.710588] (status_display) StderrLine: {'line': b'\x1b[01m\x1b[K/usr/include/x86_64-linux-gnu/qt5/QtCore/qregexp.h:122:28:\x1b[m\x1b[K \x1b[01;36m\x1b[Knote: \x1b[m\x1b[Kcandidate: \xe2\x80\x98\x1b[01m\x1b[KQDataStream& operator<<(QDataStream&, const QRegExp&)\x1b[m\x1b[K\xe2\x80\x99\n'}
[7.710672] (status_display) StderrLine: {'line': b'  122 | Q_CORE_EXPORT QDataStream &\x1b[01;36m\x1b[Koperator\x1b[m\x1b[K<<(QDataStream &out, const QRegExp &regExp);\n'}
[7.710785] (status_display) StderrLine: {'line': b'      |                            \x1b[01;36m\x1b[K^~~~~~~~\x1b[m\x1b[K\n'}
[7.710871] (status_display) StderrLine: {'line': b'\x1b[01m\x1b[K/usr/include/x86_64-linux-gnu/qt5/QtCore/qregexp.h:122:52:\x1b[m\x1b[K \x1b[01;36m\x1b[Knote: \x1b[m\x1b[K  no known conversion for argument 1 from \xe2\x80\x98\x1b[01m\x1b[Kstd::basic_ostream<char>\x1b[m\x1b[K\xe2\x80\x99 to \xe2\x80\x98\x1b[01m\x1b[KQDataStream&\x1b[m\x1b[K\xe2\x80\x99\n'}
[7.710997] (status_display) StderrLine: {'line': b'  122 | Q_CORE_EXPORT QDataStream &operator<<(\x1b[01;36m\x1b[KQDataStream &out\x1b[m\x1b[K, const QRegExp &regExp);\n'}
[7.711132] (status_display) StderrLine: {'line': b'      |                                       \x1b[01;36m\x1b[K~~~~~~~~~~~~~^~~\x1b[m\x1b[K\n'}
[7.711233] (status_display) StderrLine: {'line': b'\x1b[01m\x1b[K/usr/include/x86_64-linux-gnu/qt5/QtCore/qregexp.h:127:22:\x1b[m\x1b[K \x1b[01;36m\x1b[Knote: \x1b[m\x1b[Kcandidate: \xe2\x80\x98\x1b[01m\x1b[KQDebug operator<<(QDebug, const QRegExp&)\x1b[m\x1b[K\xe2\x80\x99\n'}
[7.711346] (status_display) StderrLine: {'line': b'  127 | Q_CORE_EXPORT QDebug \x1b[01;36m\x1b[Koperator\x1b[m\x1b[K<<(QDebug, const QRegExp &);\n'}
[7.711430] (status_display) StderrLine: {'line': b'      |                      \x1b[01;36m\x1b[K^~~~~~~~\x1b[m\x1b[K\n'}
[7.711515] (status_display) StderrLine: {'line': b'\x1b[01m\x1b[K/usr/include/x86_64-linux-gnu/qt5/QtCore/qregexp.h:127:33:\x1b[m\x1b[K \x1b[01;36m\x1b[Knote: \x1b[m\x1b[K  no known conversion for argument 1 from \xe2\x80\x98\x1b[01m\x1b[Kstd::basic_ostream<char>\x1b[m\x1b[K\xe2\x80\x99 to \xe2\x80\x98\x1b[01m\x1b[KQDebug\x1b[m\x1b[K\xe2\x80\x99\n'}
[7.711601] (status_display) StderrLine: {'line': b'  127 | Q_CORE_EXPORT QDebug operator<<(\x1b[01;36m\x1b[KQDebug\x1b[m\x1b[K, const QRegExp &);\n'}
[7.711686] (status_display) StderrLine: {'line': b'      |                                 \x1b[01;36m\x1b[K^~~~~~\x1b[m\x1b[K\n'}
[7.711773] (status_display) StderrLine: {'line': b'In file included from \x1b[01m\x1b[K/usr/include/x86_64-linux-gnu/qt5/QtCore/qcoreapplication.h:46\x1b[m\x1b[K,\n'}
[7.711928] (status_display) StderrLine: {'line': b'                 from \x1b[01m\x1b[K/usr/include/x86_64-linux-gnu/qt5/QtWidgets/qapplication.h:44\x1b[m\x1b[K,\n'}
[7.712219] (status_display) StderrLine: {'line': b'                 from \x1b[01m\x1b[K/usr/include/x86_64-linux-gnu/qt5/QtWidgets/QApplication:1\x1b[m\x1b[K,\n'}
[7.712307] (status_display) StderrLine: {'line': b'                 from \x1b[01m\x1b[K/home/shenhang/ros_study/chapter3/topic_practice_workspace/src/status_display/src/sys_status_display.cpp:1\x1b[m\x1b[K:\n'}
[7.712397] (status_display) StderrLine: {'line': b'\x1b[01m\x1b[K/usr/include/x86_64-linux-gnu/qt5/QtCore/qobject.h:554:22:\x1b[m\x1b[K \x1b[01;36m\x1b[Knote: \x1b[m\x1b[Kcandidate: \xe2\x80\x98\x1b[01m\x1b[KQDebug operator<<(QDebug, const QObject*)\x1b[m\x1b[K\xe2\x80\x99\n'}
[7.712482] (status_display) StderrLine: {'line': b'  554 | Q_CORE_EXPORT QDebug \x1b[01;36m\x1b[Koperator\x1b[m\x1b[K<<(QDebug, const QObject *);\n'}
[7.712564] (status_display) StderrLine: {'line': b'      |                      \x1b[01;36m\x1b[K^~~~~~~~\x1b[m\x1b[K\n'}
[7.712646] (status_display) StderrLine: {'line': b'\x1b[01m\x1b[K/usr/include/x86_64-linux-gnu/qt5/QtCore/qobject.h:554:33:\x1b[m\x1b[K \x1b[01;36m\x1b[Knote: \x1b[m\x1b[K  no known conversion for argument 1 from \xe2\x80\x98\x1b[01m\x1b[Kstd::basic_ostream<char>\x1b[m\x1b[K\xe2\x80\x99 to \xe2\x80\x98\x1b[01m\x1b[KQDebug\x1b[m\x1b[K\xe2\x80\x99\n'}
[7.712735] (status_display) StderrLine: {'line': b'  554 | Q_CORE_EXPORT QDebug operator<<(\x1b[01;36m\x1b[KQDebug\x1b[m\x1b[K, const QObject *);\n'}
[7.712818] (status_display) StderrLine: {'line': b'      |                                 \x1b[01;36m\x1b[K^~~~~~\x1b[m\x1b[K\n'}
[7.712905] (status_display) StderrLine: {'line': b'In file included from \x1b[01m\x1b[K/usr/include/x86_64-linux-gnu/qt5/QtWidgets/qapplication.h:46\x1b[m\x1b[K,\n'}
[7.713016] (status_display) StderrLine: {'line': b'                 from \x1b[01m\x1b[K/usr/include/x86_64-linux-gnu/qt5/QtWidgets/QApplication:1\x1b[m\x1b[K,\n'}
[7.713117] (status_display) StderrLine: {'line': b'                 from \x1b[01m\x1b[K/home/shenhang/ros_study/chapter3/topic_practice_workspace/src/status_display/src/sys_status_display.cpp:1\x1b[m\x1b[K:\n'}
[7.713201] (status_display) StderrLine: {'line': b'\x1b[01m\x1b[K/usr/include/x86_64-linux-gnu/qt5/QtCore/qpoint.h:114:28:\x1b[m\x1b[K \x1b[01;36m\x1b[Knote: \x1b[m\x1b[Kcandidate: \xe2\x80\x98\x1b[01m\x1b[KQDataStream& operator<<(QDataStream&, const QPoint&)\x1b[m\x1b[K\xe2\x80\x99\n'}
[7.713289] (status_display) StderrLine: {'line': b'  114 | Q_CORE_EXPORT QDataStream &\x1b[01;36m\x1b[Koperator\x1b[m\x1b[K<<(QDataStream &, const QPoint &);\n'}
[7.713372] (status_display) StderrLine: {'line': b'      |                            \x1b[01;36m\x1b[K^~~~~~~~\x1b[m\x1b[K\n'}
[7.713461] (status_display) StderrLine: {'line': b'\x1b[01m\x1b[K/usr/include/x86_64-linux-gnu/qt5/QtCore/qpoint.h:114:39:\x1b[m\x1b[K \x1b[01;36m\x1b[Knote: \x1b[m\x1b[K  no known conversion for argument 1 from \xe2\x80\x98\x1b[01m\x1b[Kstd::basic_ostream<char>\x1b[m\x1b[K\xe2\x80\x99 to \xe2\x80\x98\x1b[01m\x1b[KQDataStream&\x1b[m\x1b[K\xe2\x80\x99\n'}
[7.713544] (status_display) StderrLine: {'line': b'  114 | Q_CORE_EXPORT QDataStream &operator<<(\x1b[01;36m\x1b[KQDataStream &\x1b[m\x1b[K, const QPoint &);\n'}
[7.713631] (status_display) StderrLine: {'line': b'      |                                       \x1b[01;36m\x1b[K^~~~~~~~~~~~~\x1b[m\x1b[K\n'}
[7.713713] (status_display) StderrLine: {'line': b'\x1b[01m\x1b[K/usr/include/x86_64-linux-gnu/qt5/QtCore/qpoint.h:214:22:\x1b[m\x1b[K \x1b[01;36m\x1b[Knote: \x1b[m\x1b[Kcandidate: \xe2\x80\x98\x1b[01m\x1b[KQDebug operator<<(QDebug, const QPoint&)\x1b[m\x1b[K\xe2\x80\x99\n'}
[7.713797] (status_display) StderrLine: {'line': b'  214 | Q_CORE_EXPORT QDebug \x1b[01;36m\x1b[Koperator\x1b[m\x1b[K<<(QDebug, const QPoint &);\n'}
[7.713878] (status_display) StderrLine: {'line': b'      |                      \x1b[01;36m\x1b[K^~~~~~~~\x1b[m\x1b[K\n'}
[7.713995] (status_display) StderrLine: {'line': b'\x1b[01m\x1b[K/usr/include/x86_64-linux-gnu/qt5/QtCore/qpoint.h:214:33:\x1b[m\x1b[K \x1b[01;36m\x1b[Knote: \x1b[m\x1b[K  no known conversion for argument 1 from \xe2\x80\x98\x1b[01m\x1b[Kstd::basic_ostream<char>\x1b[m\x1b[K\xe2\x80\x99 to \xe2\x80\x98\x1b[01m\x1b[KQDebug\x1b[m\x1b[K\xe2\x80\x99\n'}
[7.714090] (status_display) StderrLine: {'line': b'  214 | Q_CORE_EXPORT QDebug operator<<(\x1b[01;36m\x1b[KQDebug\x1b[m\x1b[K, const QPoint &);\n'}
[7.714173] (status_display) StderrLine: {'line': b'      |                                 \x1b[01;36m\x1b[K^~~~~~\x1b[m\x1b[K\n'}
[7.714256] (status_display) StderrLine: {'line': b'\x1b[01m\x1b[K/usr/include/x86_64-linux-gnu/qt5/QtCore/qpoint.h:281:28:\x1b[m\x1b[K \x1b[01;36m\x1b[Knote: \x1b[m\x1b[Kcandidate: \xe2\x80\x98\x1b[01m\x1b[KQDataStream& operator<<(QDataStream&, const QPointF&)\x1b[m\x1b[K\xe2\x80\x99\n'}
[7.714339] (status_display) StderrLine: {'line': b'  281 | Q_CORE_EXPORT QDataStream &\x1b[01;36m\x1b[Koperator\x1b[m\x1b[K<<(QDataStream &, const QPointF &);\n'}
[7.714420] (status_display) StderrLine: {'line': b'      |                            \x1b[01;36m\x1b[K^~~~~~~~\x1b[m\x1b[K\n'}
[7.714501] (status_display) StderrLine: {'line': b'\x1b[01m\x1b[K/usr/include/x86_64-linux-gnu/qt5/QtCore/qpoint.h:281:39:\x1b[m\x1b[K \x1b[01;36m\x1b[Knote: \x1b[m\x1b[K  no known conversion for argument 1 from \xe2\x80\x98\x1b[01m\x1b[Kstd::basic_ostream<char>\x1b[m\x1b[K\xe2\x80\x99 to \xe2\x80\x98\x1b[01m\x1b[KQDataStream&\x1b[m\x1b[K\xe2\x80\x99\n'}
[7.714584] (status_display) StderrLine: {'line': b'  281 | Q_CORE_EXPORT QDataStream &operator<<(\x1b[01;36m\x1b[KQDataStream &\x1b[m\x1b[K, const QPointF &);\n'}
[7.714665] (status_display) StderrLine: {'line': b'      |                                       \x1b[01;36m\x1b[K^~~~~~~~~~~~~\x1b[m\x1b[K\n'}
[7.714747] (status_display) StderrLine: {'line': b'\x1b[01m\x1b[K/usr/include/x86_64-linux-gnu/qt5/QtCore/qpoint.h:418:22:\x1b[m\x1b[K \x1b[01;36m\x1b[Knote: \x1b[m\x1b[Kcandidate: \xe2\x80\x98\x1b[01m\x1b[KQDebug operator<<(QDebug, const QPointF&)\x1b[m\x1b[K\xe2\x80\x99\n'}
[7.714830] (status_display) StderrLine: {'line': b'  418 | Q_CORE_EXPORT QDebug \x1b[01;36m\x1b[Koperator\x1b[m\x1b[K<<(QDebug d, const QPointF &p);\n'}
[7.714974] (status_display) StderrLine: {'line': b'      |                      \x1b[01;36m\x1b[K^~~~~~~~\x1b[m\x1b[K\n'}
[7.715126] (status_display) StderrLine: {'line': b'\x1b[01m\x1b[K/usr/include/x86_64-linux-gnu/qt5/QtCore/qpoint.h:418:40:\x1b[m\x1b[K \x1b[01;36m\x1b[Knote: \x1b[m\x1b[K  no known conversion for argument 1 from \xe2\x80\x98\x1b[01m\x1b[Kstd::basic_ostream<char>\x1b[m\x1b[K\xe2\x80\x99 to \xe2\x80\x98\x1b[01m\x1b[KQDebug\x1b[m\x1b[K\xe2\x80\x99\n'}
[7.715240] (status_display) StderrLine: {'line': b'  418 | Q_CORE_EXPORT QDebug operator<<(\x1b[01;36m\x1b[KQDebug d\x1b[m\x1b[K, const QPointF &p);\n'}
[7.715396] (status_display) StderrLine: {'line': b'      |                                 \x1b[01;36m\x1b[K~~~~~~~^\x1b[m\x1b[K\n'}
[7.715505] (status_display) StderrLine: {'line': b'In file included from \x1b[01m\x1b[K/usr/include/x86_64-linux-gnu/qt5/QtCore/qsize.h:44\x1b[m\x1b[K,\n'}
[7.715609] (status_display) StderrLine: {'line': b'                 from \x1b[01m\x1b[K/usr/include/x86_64-linux-gnu/qt5/QtWidgets/qapplication.h:47\x1b[m\x1b[K,\n'}
[7.715717] (status_display) StderrLine: {'line': b'                 from \x1b[01m\x1b[K/usr/include/x86_64-linux-gnu/qt5/QtWidgets/QApplication:1\x1b[m\x1b[K,\n'}
[7.715823] (status_display) StderrLine: {'line': b'                 from \x1b[01m\x1b[K/home/shenhang/ros_study/chapter3/topic_practice_workspace/src/status_display/src/sys_status_display.cpp:1\x1b[m\x1b[K:\n'}
[7.716119] (status_display) StderrLine: {'line': b'\x1b[01m\x1b[K/usr/include/x86_64-linux-gnu/qt5/QtCore/qmargins.h:94:28:\x1b[m\x1b[K \x1b[01;36m\x1b[Knote: \x1b[m\x1b[Kcandidate: \xe2\x80\x98\x1b[01m\x1b[KQDataStream& operator<<(QDataStream&, const QMargins&)\x1b[m\x1b[K\xe2\x80\x99\n'}
[7.716325] (status_display) StderrLine: {'line': b'   94 | Q_CORE_EXPORT QDataStream &\x1b[01;36m\x1b[Koperator\x1b[m\x1b[K<<(QDataStream &, const QMargins &);\n'}
[7.716495] (status_display) StderrLine: {'line': b'      |                            \x1b[01;36m\x1b[K^~~~~~~~\x1b[m\x1b[K\n'}
[7.716656] (status_display) StderrLine: {'line': b'\x1b[01m\x1b[K/usr/include/x86_64-linux-gnu/qt5/QtCore/qmargins.h:94:39:\x1b[m\x1b[K \x1b[01;36m\x1b[Knote: \x1b[m\x1b[K  no known conversion for argument 1 from \xe2\x80\x98\x1b[01m\x1b[Kstd::basic_ostream<char>\x1b[m\x1b[K\xe2\x80\x99 to \xe2\x80\x98\x1b[01m\x1b[KQDataStream&\x1b[m\x1b[K\xe2\x80\x99\n'}
[7.716817] (status_display) StderrLine: {'line': b'   94 | Q_CORE_EXPORT QDataStream &operator<<(\x1b[01;36m\x1b[KQDataStream &\x1b[m\x1b[K, const QMargins &);\n'}
[7.717147] (status_display) StderrLine: {'line': b'      |                                       \x1b[01;36m\x1b[K^~~~~~~~~~~~~\x1b[m\x1b[K\n'}
[7.717320] (status_display) StderrLine: {'line': b'\x1b[01m\x1b[K/usr/include/x86_64-linux-gnu/qt5/QtCore/qmargins.h:278:22:\x1b[m\x1b[K \x1b[01;36m\x1b[Knote: \x1b[m\x1b[Kcandidate: \xe2\x80\x98\x1b[01m\x1b[KQDebug operator<<(QDebug, const QMargins&)\x1b[m\x1b[K\xe2\x80\x99\n'}
[7.717446] (status_display) StderrLine: {'line': b'  278 | Q_CORE_EXPORT QDebug \x1b[01;36m\x1b[Koperator\x1b[m\x1b[K<<(QDebug, const QMargins &);\n'}
[7.717576] (status_display) StderrLine: {'line': b'      |                      \x1b[01;36m\x1b[K^~~~~~~~\x1b[m\x1b[K\n'}
[7.717714] (status_display) StderrLine: {'line': b'\x1b[01m\x1b[K/usr/include/x86_64-linux-gnu/qt5/QtCore/qmargins.h:278:33:\x1b[m\x1b[K \x1b[01;36m\x1b[Knote: \x1b[m\x1b[K  no known conversion for argument 1 from \xe2\x80\x98\x1b[01m\x1b[Kstd::basic_ostream<char>\x1b[m\x1b[K\xe2\x80\x99 to \xe2\x80\x98\x1b[01m\x1b[KQDebug\x1b[m\x1b[K\xe2\x80\x99\n'}
[7.717845] (status_display) StderrLine: {'line': b'  278 | Q_CORE_EXPORT QDebug operator<<(\x1b[01;36m\x1b[KQDebug\x1b[m\x1b[K, const QMargins &);\n'}
[7.718081] (status_display) StderrLine: {'line': b'      |                                 \x1b[01;36m\x1b[K^~~~~~\x1b[m\x1b[K\n'}
[7.718281] (status_display) StderrLine: {'line': b'\x1b[01m\x1b[K/usr/include/x86_64-linux-gnu/qt5/QtCore/qmargins.h:327:28:\x1b[m\x1b[K \x1b[01;36m\x1b[Knote: \x1b[m\x1b[Kcandidate: \xe2\x80\x98\x1b[01m\x1b[KQDataStream& operator<<(QDataStream&, const QMarginsF&)\x1b[m\x1b[K\xe2\x80\x99\n'}
[7.718413] (status_display) StderrLine: {'line': b'  327 | Q_CORE_EXPORT QDataStream &\x1b[01;36m\x1b[Koperator\x1b[m\x1b[K<<(QDataStream &, const QMarginsF &);\n'}
[7.718531] (status_display) StderrLine: {'line': b'      |                            \x1b[01;36m\x1b[K^~~~~~~~\x1b[m\x1b[K\n'}
[7.718705] (status_display) StderrLine: {'line': b'\x1b[01m\x1b[K/usr/include/x86_64-linux-gnu/qt5/QtCore/qmargins.h:327:39:\x1b[m\x1b[K \x1b[01;36m\x1b[Knote: \x1b[m\x1b[K  no known conversion for argument 1 from \xe2\x80\x98\x1b[01m\x1b[Kstd::basic_ostream<char>\x1b[m\x1b[K\xe2\x80\x99 to \xe2\x80\x98\x1b[01m\x1b[KQDataStream&\x1b[m\x1b[K\xe2\x80\x99\n'}
[7.718962] (status_display) StderrLine: {'line': b'  327 | Q_CORE_EXPORT QDataStream &operator<<(\x1b[01;36m\x1b[KQDataStream &\x1b[m\x1b[K, const QMarginsF &);\n'}
[7.719106] (status_display) StderrLine: {'line': b'      |                                       \x1b[01;36m\x1b[K^~~~~~~~~~~~~\x1b[m\x1b[K\n'}
[7.719229] (status_display) StderrLine: {'line': b'\x1b[01m\x1b[K/usr/include/x86_64-linux-gnu/qt5/QtCore/qmargins.h:487:22:\x1b[m\x1b[K \x1b[01;36m\x1b[Knote: \x1b[m\x1b[Kcandidate: \xe2\x80\x98\x1b[01m\x1b[KQDebug operator<<(QDebug, const QMarginsF&)\x1b[m\x1b[K\xe2\x80\x99\n'}
[7.719356] (status_display) StderrLine: {'line': b'  487 | Q_CORE_EXPORT QDebug \x1b[01;36m\x1b[Koperator\x1b[m\x1b[K<<(QDebug, const QMarginsF &);\n'}
[7.719469] (status_display) StderrLine: {'line': b'      |                      \x1b[01;36m\x1b[K^~~~~~~~\x1b[m\x1b[K\n'}
[7.719583] (status_display) StderrLine: {'line': b'\x1b[01m\x1b[K/usr/include/x86_64-linux-gnu/qt5/QtCore/qmargins.h:487:33:\x1b[m\x1b[K \x1b[01;36m\x1b[Knote: \x1b[m\x1b[K  no known conversion for argument 1 from \xe2\x80\x98\x1b[01m\x1b[Kstd::basic_ostream<char>\x1b[m\x1b[K\xe2\x80\x99 to \xe2\x80\x98\x1b[01m\x1b[KQDebug\x1b[m\x1b[K\xe2\x80\x99\n'}
[7.719711] (status_display) StderrLine: {'line': b'  487 | Q_CORE_EXPORT QDebug operator<<(\x1b[01;36m\x1b[KQDebug\x1b[m\x1b[K, const QMarginsF &);\n'}
[7.719873] (status_display) StderrLine: {'line': b'      |                                 \x1b[01;36m\x1b[K^~~~~~\x1b[m\x1b[K\n'}
[7.720065] (status_display) StderrLine: {'line': b'In file included from \x1b[01m\x1b[K/usr/include/x86_64-linux-gnu/qt5/QtWidgets/qapplication.h:47\x1b[m\x1b[K,\n'}
[7.720202] (status_display) StderrLine: {'line': b'                 from \x1b[01m\x1b[K/usr/include/x86_64-linux-gnu/qt5/QtWidgets/QApplication:1\x1b[m\x1b[K,\n'}
[7.720385] (status_display) StderrLine: {'line': b'                 from \x1b[01m\x1b[K/home/shenhang/ros_study/chapter3/topic_practice_workspace/src/status_display/src/sys_status_display.cpp:1\x1b[m\x1b[K:\n'}
[7.720540] (status_display) StderrLine: {'line': b'\x1b[01m\x1b[K/usr/include/x86_64-linux-gnu/qt5/QtCore/qsize.h:114:28:\x1b[m\x1b[K \x1b[01;36m\x1b[Knote: \x1b[m\x1b[Kcandidate: \xe2\x80\x98\x1b[01m\x1b[KQDataStream& operator<<(QDataStream&, const QSize&)\x1b[m\x1b[K\xe2\x80\x99\n'}
[7.720705] (status_display) StderrLine: {'line': b'  114 | Q_CORE_EXPORT QDataStream &\x1b[01;36m\x1b[Koperator\x1b[m\x1b[K<<(QDataStream &, const QSize &);\n'}
[7.720967] (status_display) StderrLine: {'line': b'      |                            \x1b[01;36m\x1b[K^~~~~~~~\x1b[m\x1b[K\n'}
[7.721147] (status_display) StderrLine: {'line': b'\x1b[01m\x1b[K/usr/include/x86_64-linux-gnu/qt5/QtCore/qsize.h:114:39:\x1b[m\x1b[K \x1b[01;36m\x1b[Knote: \x1b[m\x1b[K  no known conversion for argument 1 from \xe2\x80\x98\x1b[01m\x1b[Kstd::basic_ostream<char>\x1b[m\x1b[K\xe2\x80\x99 to \xe2\x80\x98\x1b[01m\x1b[KQDataStream&\x1b[m\x1b[K\xe2\x80\x99\n'}
[7.721295] (status_display) StderrLine: {'line': b'  114 | Q_CORE_EXPORT QDataStream &operator<<(\x1b[01;36m\x1b[KQDataStream &\x1b[m\x1b[K, const QSize &);\n'}
[7.721429] (status_display) StderrLine: {'line': b'      |                                       \x1b[01;36m\x1b[K^~~~~~~~~~~~~\x1b[m\x1b[K\n'}
[7.721584] (status_display) StderrLine: {'line': b'\x1b[01m\x1b[K/usr/include/x86_64-linux-gnu/qt5/QtCore/qsize.h:217:22:\x1b[m\x1b[K \x1b[01;36m\x1b[Knote: \x1b[m\x1b[Kcandidate: \xe2\x80\x98\x1b[01m\x1b[KQDebug operator<<(QDebug, const QSize&)\x1b[m\x1b[K\xe2\x80\x99\n'}
[7.721727] (status_display) StderrLine: {'line': b'  217 | Q_CORE_EXPORT QDebug \x1b[01;36m\x1b[Koperator\x1b[m\x1b[K<<(QDebug, const QSize &);\n'}
[7.721917] (status_display) StderrLine: {'line': b'      |                      \x1b[01;36m\x1b[K^~~~~~~~\x1b[m\x1b[K\n'}
[7.722042] (status_display) StderrLine: {'line': b'\x1b[01m\x1b[K/usr/include/x86_64-linux-gnu/qt5/QtCore/qsize.h:217:33:\x1b[m\x1b[K \x1b[01;36m\x1b[Knote: \x1b[m\x1b[K  no known conversion for argument 1 from \xe2\x80\x98\x1b[01m\x1b[Kstd::basic_ostream<char>\x1b[m\x1b[K\xe2\x80\x99 to \xe2\x80\x98\x1b[01m\x1b[KQDebug\x1b[m\x1b[K\xe2\x80\x99\n'}
[7.722207] (status_display) StderrLine: {'line': b'  217 | Q_CORE_EXPORT QDebug operator<<(\x1b[01;36m\x1b[KQDebug\x1b[m\x1b[K, const QSize &);\n'}
[7.722498] (status_display) StderrLine: {'line': b'      |                                 \x1b[01;36m\x1b[K^~~~~~\x1b[m\x1b[K\n'}
[7.722654] (status_display) StderrLine: {'line': b'\x1b[01m\x1b[K/usr/include/x86_64-linux-gnu/qt5/QtCore/qsize.h:287:28:\x1b[m\x1b[K \x1b[01;36m\x1b[Knote: \x1b[m\x1b[Kcandidate: \xe2\x80\x98\x1b[01m\x1b[KQDataStream& operator<<(QDataStream&, const QSizeF&)\x1b[m\x1b[K\xe2\x80\x99\n'}
[7.722917] (status_display) StderrLine: {'line': b'  287 | Q_CORE_EXPORT QDataStream &\x1b[01;36m\x1b[Koperator\x1b[m\x1b[K<<(QDataStream &, const QSizeF &);\n'}
[7.723100] (status_display) StderrLine: {'line': b'      |                            \x1b[01;36m\x1b[K^~~~~~~~\x1b[m\x1b[K\n'}
[7.723189] (status_display) StderrLine: {'line': b'\x1b[01m\x1b[K/usr/include/x86_64-linux-gnu/qt5/QtCore/qsize.h:287:39:\x1b[m\x1b[K \x1b[01;36m\x1b[Knote: \x1b[m\x1b[K  no known conversion for argument 1 from \xe2\x80\x98\x1b[01m\x1b[Kstd::basic_ostream<char>\x1b[m\x1b[K\xe2\x80\x99 to \xe2\x80\x98\x1b[01m\x1b[KQDataStream&\x1b[m\x1b[K\xe2\x80\x99\n'}
[7.723312] (status_display) StderrLine: {'line': b'  287 | Q_CORE_EXPORT QDataStream &operator<<(\x1b[01;36m\x1b[KQDataStream &\x1b[m\x1b[K, const QSizeF &);\n'}
[7.723396] (status_display) StderrLine: {'line': b'      |                                       \x1b[01;36m\x1b[K^~~~~~~~~~~~~\x1b[m\x1b[K\n'}
[7.723479] (status_display) StderrLine: {'line': b'\x1b[01m\x1b[K/usr/include/x86_64-linux-gnu/qt5/QtCore/qsize.h:397:22:\x1b[m\x1b[K \x1b[01;36m\x1b[Knote: \x1b[m\x1b[Kcandidate: \xe2\x80\x98\x1b[01m\x1b[KQDebug operator<<(QDebug, const QSizeF&)\x1b[m\x1b[K\xe2\x80\x99\n'}
[7.723579] (status_display) StderrLine: {'line': b'  397 | Q_CORE_EXPORT QDebug \x1b[01;36m\x1b[Koperator\x1b[m\x1b[K<<(QDebug, const QSizeF &);\n'}
[7.723661] (status_display) StderrLine: {'line': b'      |                      \x1b[01;36m\x1b[K^~~~~~~~\x1b[m\x1b[K\n'}
[7.723788] (status_display) StderrLine: {'line': b'\x1b[01m\x1b[K/usr/include/x86_64-linux-gnu/qt5/QtCore/qsize.h:397:33:\x1b[m\x1b[K \x1b[01;36m\x1b[Knote: \x1b[m\x1b[K  no known conversion for argument 1 from \xe2\x80\x98\x1b[01m\x1b[Kstd::basic_ostream<char>\x1b[m\x1b[K\xe2\x80\x99 to \xe2\x80\x98\x1b[01m\x1b[KQDebug\x1b[m\x1b[K\xe2\x80\x99\n'}
[7.723891] (status_display) StderrLine: {'line': b'  397 | Q_CORE_EXPORT QDebug operator<<(\x1b[01;36m\x1b[KQDebug\x1b[m\x1b[K, const QSizeF &);\n'}
[7.723979] (status_display) StderrLine: {'line': b'      |                                 \x1b[01;36m\x1b[K^~~~~~\x1b[m\x1b[K\n'}
[7.724065] (status_display) StderrLine: {'line': b'In file included from \x1b[01m\x1b[K/usr/include/x86_64-linux-gnu/qt5/QtWidgets/qapplication.h:48\x1b[m\x1b[K,\n'}
[7.724152] (status_display) StderrLine: {'line': b'                 from \x1b[01m\x1b[K/usr/include/x86_64-linux-gnu/qt5/QtWidgets/QApplication:1\x1b[m\x1b[K,\n'}
[7.724238] (status_display) StderrLine: {'line': b'                 from \x1b[01m\x1b[K/home/shenhang/ros_study/chapter3/topic_practice_workspace/src/status_display/src/sys_status_display.cpp:1\x1b[m\x1b[K:\n'}
[7.724501] (status_display) StderrLine: {'line': b'\x1b[01m\x1b[K/usr/include/x86_64-linux-gnu/qt5/QtGui/qcursor.h:136:27:\x1b[m\x1b[K \x1b[01;36m\x1b[Knote: \x1b[m\x1b[Kcandidate: \xe2\x80\x98\x1b[01m\x1b[KQDataStream& operator<<(QDataStream&, const QCursor&)\x1b[m\x1b[K\xe2\x80\x99\n'}
[7.724601] (status_display) StderrLine: {'line': b'  136 | Q_GUI_EXPORT QDataStream &\x1b[01;36m\x1b[Koperator\x1b[m\x1b[K<<(QDataStream &outS, const QCursor &cursor);\n'}
[7.724687] (status_display) StderrLine: {'line': b'      |                           \x1b[01;36m\x1b[K^~~~~~~~\x1b[m\x1b[K\n'}
[7.724825] (status_display) StderrLine: {'line': b'\x1b[01m\x1b[K/usr/include/x86_64-linux-gnu/qt5/QtGui/qcursor.h:136:51:\x1b[m\x1b[K \x1b[01;36m\x1b[Knote: \x1b[m\x1b[K  no known conversion for argument 1 from \xe2\x80\x98\x1b[01m\x1b[Kstd::basic_ostream<char>\x1b[m\x1b[K\xe2\x80\x99 to \xe2\x80\x98\x1b[01m\x1b[KQDataStream&\x1b[m\x1b[K\xe2\x80\x99\n'}
[7.724915] (status_display) StderrLine: {'line': b'  136 | Q_GUI_EXPORT QDataStream &operator<<(\x1b[01;36m\x1b[KQDataStream &outS\x1b[m\x1b[K, const QCursor &cursor);\n'}
[7.725003] (status_display) StderrLine: {'line': b'      |                                      \x1b[01;36m\x1b[K~~~~~~~~~~~~~^~~~\x1b[m\x1b[K\n'}
[7.725091] (status_display) StderrLine: {'line': b'\x1b[01m\x1b[K/usr/include/x86_64-linux-gnu/qt5/QtGui/qcursor.h:141:21:\x1b[m\x1b[K \x1b[01;36m\x1b[Knote: \x1b[m\x1b[Kcandidate: \xe2\x80\x98\x1b[01m\x1b[KQDebug operator<<(QDebug, const QCursor&)\x1b[m\x1b[K\xe2\x80\x99\n'}
[7.725178] (status_display) StderrLine: {'line': b'  141 | Q_GUI_EXPORT QDebug \x1b[01;36m\x1b[Koperator\x1b[m\x1b[K<<(QDebug, const QCursor &);\n'}
[7.725265] (status_display) StderrLine: {'line': b'      |                     \x1b[01;36m\x1b[K^~~~~~~~\x1b[m\x1b[K\n'}
[7.725352] (status_display) StderrLine: {'line': b'\x1b[01m\x1b[K/usr/include/x86_64-linux-gnu/qt5/QtGui/qcursor.h:141:32:\x1b[m\x1b[K \x1b[01;36m\x1b[Knote: \x1b[m\x1b[K  no known conversion for argument 1 from \xe2\x80\x98\x1b[01m\x1b[Kstd::basic_ostream<char>\x1b[m\x1b[K\xe2\x80\x99 to \xe2\x80\x98\x1b[01m\x1b[KQDebug\x1b[m\x1b[K\xe2\x80\x99\n'}
[7.725440] (status_display) StderrLine: {'line': b'  141 | Q_GUI_EXPORT QDebug operator<<(\x1b[01;36m\x1b[KQDebug\x1b[m\x1b[K, const QCursor &);\n'}
[7.725526] (status_display) StderrLine: {'line': b'      |                                \x1b[01;36m\x1b[K^~~~~~\x1b[m\x1b[K\n'}
[7.726324] (status_display) StderrLine: {'line': b'In file included from \x1b[01m\x1b[K/usr/include/x86_64-linux-gnu/qt5/QtCore/qlocale.h:43\x1b[m\x1b[K,\n'}
[7.726489] (status_display) StderrLine: {'line': b'                 from \x1b[01m\x1b[K/usr/include/x86_64-linux-gnu/qt5/QtGui/qguiapplication.h:47\x1b[m\x1b[K,\n'}
[7.726621] (status_display) StderrLine: {'line': b'                 from \x1b[01m\x1b[K/usr/include/x86_64-linux-gnu/qt5/QtWidgets/qapplication.h:52\x1b[m\x1b[K,\n'}
[7.726879] (status_display) StderrLine: {'line': b'                 from \x1b[01m\x1b[K/usr/include/x86_64-linux-gnu/qt5/QtWidgets/QApplication:1\x1b[m\x1b[K,\n'}
[7.726992] (status_display) StderrLine: {'line': b'                 from \x1b[01m\x1b[K/home/shenhang/ros_study/chapter3/topic_practice_workspace/src/status_display/src/sys_status_display.cpp:1\x1b[m\x1b[K:\n'}
[7.727106] (status_display) StderrLine: {'line': b'\x1b[01m\x1b[K/usr/include/x86_64-linux-gnu/qt5/QtCore/qvariant.h:584:28:\x1b[m\x1b[K \x1b[01;36m\x1b[Knote: \x1b[m\x1b[Kcandidate: \xe2\x80\x98\x1b[01m\x1b[KQDataStream& operator<<(QDataStream&, const QVariant&)\x1b[m\x1b[K\xe2\x80\x99\n'}
[7.727309] (status_display) StderrLine: {'line': b'  584 | Q_CORE_EXPORT QDataStream& \x1b[01;36m\x1b[Koperator\x1b[m\x1b[K<< (QDataStream& s, const QVariant& p);\n'}
[7.727443] (status_display) StderrLine: {'line': b'      |                            \x1b[01;36m\x1b[K^~~~~~~~\x1b[m\x1b[K\n'}
[7.727562] (status_display) StderrLine: {'line': b'\x1b[01m\x1b[K/usr/include/x86_64-linux-gnu/qt5/QtCore/qvariant.h:584:53:\x1b[m\x1b[K \x1b[01;36m\x1b[Knote: \x1b[m\x1b[K  no known conversion for argument 1 from \xe2\x80\x98\x1b[01m\x1b[Kstd::basic_ostream<char>\x1b[m\x1b[K\xe2\x80\x99 to \xe2\x80\x98\x1b[01m\x1b[KQDataStream&\x1b[m\x1b[K\xe2\x80\x99\n'}
[7.727817] (status_display) StderrLine: {'line': b'  584 | Q_CORE_EXPORT QDataStream& operator<< (\x1b[01;36m\x1b[KQDataStream& s\x1b[m\x1b[K, const QVariant& p);\n'}
[7.727928] (status_display) StderrLine: {'line': b'      |                                        \x1b[01;36m\x1b[K~~~~~~~~~~~~~^\x1b[m\x1b[K\n'}
[7.728176] (status_display) StderrLine: {'line': b'\x1b[01m\x1b[K/usr/include/x86_64-linux-gnu/qt5/QtCore/qvariant.h:586:28:\x1b[m\x1b[K \x1b[01;36m\x1b[Knote: \x1b[m\x1b[Kcandidate: \xe2\x80\x98\x1b[01m\x1b[KQDataStream& operator<<(QDataStream&, QVariant::Type)\x1b[m\x1b[K\xe2\x80\x99\n'}
[7.728298] (status_display) StderrLine: {'line': b'  586 | Q_CORE_EXPORT QDataStream& \x1b[01;36m\x1b[Koperator\x1b[m\x1b[K<< (QDataStream& s, const QVariant::Type p);\n'}
[7.728407] (status_display) StderrLine: {'line': b'      |                            \x1b[01;36m\x1b[K^~~~~~~~\x1b[m\x1b[K\n'}
[7.728512] (status_display) StderrLine: {'line': b'\x1b[01m\x1b[K/usr/include/x86_64-linux-gnu/qt5/QtCore/qvariant.h:586:53:\x1b[m\x1b[K \x1b[01;36m\x1b[Knote: \x1b[m\x1b[K  no known conversion for argument 1 from \xe2\x80\x98\x1b[01m\x1b[Kstd::basic_ostream<char>\x1b[m\x1b[K\xe2\x80\x99 to \xe2\x80\x98\x1b[01m\x1b[KQDataStream&\x1b[m\x1b[K\xe2\x80\x99\n'}
[7.728640] (status_display) StderrLine: {'line': b'  586 | Q_CORE_EXPORT QDataStream& operator<< (\x1b[01;36m\x1b[KQDataStream& s\x1b[m\x1b[K, const QVariant::Type p);\n'}
[7.728789] (status_display) StderrLine: {'line': b'      |                                        \x1b[01;36m\x1b[K~~~~~~~~~~~~~^\x1b[m\x1b[K\n'}
[7.728899] (status_display) StderrLine: {'line': b'In file included from \x1b[01m\x1b[K/usr/include/x86_64-linux-gnu/qt5/QtCore/qlocale.h:43\x1b[m\x1b[K,\n'}
[7.729000] (status_display) StderrLine: {'line': b'                 from \x1b[01m\x1b[K/usr/include/x86_64-linux-gnu/qt5/QtGui/qguiapplication.h:47\x1b[m\x1b[K,\n'}
[7.729101] (status_display) StderrLine: {'line': b'                 from \x1b[01m\x1b[K/usr/include/x86_64-linux-gnu/qt5/QtWidgets/qapplication.h:52\x1b[m\x1b[K,\n'}
[7.729202] (status_display) StderrLine: {'line': b'                 from \x1b[01m\x1b[K/usr/include/x86_64-linux-gnu/qt5/QtWidgets/QApplication:1\x1b[m\x1b[K,\n'}
[7.729303] (status_display) StderrLine: {'line': b'                 from \x1b[01m\x1b[K/home/shenhang/ros_study/chapter3/topic_practice_workspace/src/status_display/src/sys_status_display.cpp:1\x1b[m\x1b[K:\n'}
[7.729404] (status_display) StderrLine: {'line': b'\x1b[01m\x1b[K/usr/include/x86_64-linux-gnu/qt5/QtCore/qvariant.h:902:22:\x1b[m\x1b[K \x1b[01;36m\x1b[Knote: \x1b[m\x1b[Kcandidate: \xe2\x80\x98\x1b[01m\x1b[KQDebug operator<<(QDebug, const QVariant&)\x1b[m\x1b[K\xe2\x80\x99\n'}
[7.729547] (status_display) StderrLine: {'line': b'  902 | Q_CORE_EXPORT QDebug \x1b[01;36m\x1b[Koperator\x1b[m\x1b[K<<(QDebug, const QVariant &);\n'}
[7.729761] (status_display) StderrLine: {'line': b'      |                      \x1b[01;36m\x1b[K^~~~~~~~\x1b[m\x1b[K\n'}
[7.729885] (status_display) StderrLine: {'line': b'In file included from \x1b[01m\x1b[K/usr/include/x86_64-linux-gnu/qt5/QtCore/qlocale.h:43\x1b[m\x1b[K,\n'}
[7.730004] (status_display) StderrLine: {'line': b'                 from \x1b[01m\x1b[K/usr/include/x86_64-linux-gnu/qt5/QtGui/qguiapplication.h:47\x1b[m\x1b[K,\n'}
[7.730118] (status_display) StderrLine: {'line': b'                 from \x1b[01m\x1b[K/usr/include/x86_64-linux-gnu/qt5/QtWidgets/qapplication.h:52\x1b[m\x1b[K,\n'}
[7.730233] (status_display) StderrLine: {'line': b'                 from \x1b[01m\x1b[K/usr/include/x86_64-linux-gnu/qt5/QtWidgets/QApplication:1\x1b[m\x1b[K,\n'}
[7.730350] (status_display) StderrLine: {'line': b'                 from \x1b[01m\x1b[K/home/shenhang/ros_study/chapter3/topic_practice_workspace/src/status_display/src/sys_status_display.cpp:1\x1b[m\x1b[K:\n'}
[7.730465] (status_display) StderrLine: {'line': b'\x1b[01m\x1b[K/usr/include/x86_64-linux-gnu/qt5/QtCore/qvariant.h:480:44:\x1b[m\x1b[K \x1b[01;36m\x1b[Knote: \x1b[m\x1b[K  no known conversion for argument 1 from \xe2\x80\x98\x1b[01m\x1b[Kstd::basic_ostream<char>\x1b[m\x1b[K\xe2\x80\x99 to \xe2\x80\x98\x1b[01m\x1b[KQDebug\x1b[m\x1b[K\xe2\x80\x99\n'}
[7.730678] (status_display) StderrLine: {'line': b'  480 |     friend Q_CORE_EXPORT QDebug operator<<(\x1b[01;36m\x1b[KQDebug\x1b[m\x1b[K, const QVariant &);\n'}
[7.730860] (status_display) StderrLine: {'line': b'      |                                            \x1b[01;36m\x1b[K^~~~~~\x1b[m\x1b[K\n'}
[7.731042] (status_display) StderrLine: {'line': b'In file included from \x1b[01m\x1b[K/usr/include/x86_64-linux-gnu/qt5/QtCore/qlocale.h:43\x1b[m\x1b[K,\n'}
[7.731158] (status_display) StderrLine: {'line': b'                 from \x1b[01m\x1b[K/usr/include/x86_64-linux-gnu/qt5/QtGui/qguiapplication.h:47\x1b[m\x1b[K,\n'}
[7.731260] (status_display) StderrLine: {'line': b'                 from \x1b[01m\x1b[K/usr/include/x86_64-linux-gnu/qt5/QtWidgets/qapplication.h:52\x1b[m\x1b[K,\n'}
[7.731358] (status_display) StderrLine: {'line': b'                 from \x1b[01m\x1b[K/usr/include/x86_64-linux-gnu/qt5/QtWidgets/QApplication:1\x1b[m\x1b[K,\n'}
[7.731509] (status_display) StderrLine: {'line': b'                 from \x1b[01m\x1b[K/home/shenhang/ros_study/chapter3/topic_practice_workspace/src/status_display/src/sys_status_display.cpp:1\x1b[m\x1b[K:\n'}
[7.731676] (status_display) StderrLine: {'line': b'\x1b[01m\x1b[K/usr/include/x86_64-linux-gnu/qt5/QtCore/qvariant.h:903:22:\x1b[m\x1b[K \x1b[01;36m\x1b[Knote: \x1b[m\x1b[Kcandidate: \xe2\x80\x98\x1b[01m\x1b[KQDebug operator<<(QDebug, QVariant::Type)\x1b[m\x1b[K\xe2\x80\x99\n'}
[7.731821] (status_display) StderrLine: {'line': b'  903 | Q_CORE_EXPORT QDebug \x1b[01;36m\x1b[Koperator\x1b[m\x1b[K<<(QDebug, const QVariant::Type);\n'}
[7.732039] (status_display) StderrLine: {'line': b'      |                      \x1b[01;36m\x1b[K^~~~~~~~\x1b[m\x1b[K\n'}
[7.732180] (status_display) StderrLine: {'line': b'\x1b[01m\x1b[K/usr/include/x86_64-linux-gnu/qt5/QtCore/qvariant.h:903:33:\x1b[m\x1b[K \x1b[01;36m\x1b[Knote: \x1b[m\x1b[K  no known conversion for argument 1 from \xe2\x80\x98\x1b[01m\x1b[Kstd::basic_ostream<char>\x1b[m\x1b[K\xe2\x80\x99 to \xe2\x80\x98\x1b[01m\x1b[KQDebug\x1b[m\x1b[K\xe2\x80\x99\n'}
[7.732273] (status_display) StderrLine: {'line': b'  903 | Q_CORE_EXPORT QDebug operator<<(\x1b[01;36m\x1b[KQDebug\x1b[m\x1b[K, const QVariant::Type);\n'}
[7.732371] (status_display) StderrLine: {'line': b'      |                                 \x1b[01;36m\x1b[K^~~~~~\x1b[m\x1b[K\n'}
[7.732455] (status_display) StderrLine: {'line': b'In file included from \x1b[01m\x1b[K/usr/include/x86_64-linux-gnu/qt5/QtGui/qguiapplication.h:47\x1b[m\x1b[K,\n'}
[7.732601] (status_display) StderrLine: {'line': b'                 from \x1b[01m\x1b[K/usr/include/x86_64-linux-gnu/qt5/QtWidgets/qapplication.h:52\x1b[m\x1b[K,\n'}
[7.732697] (status_display) StderrLine: {'line': b'                 from \x1b[01m\x1b[K/usr/include/x86_64-linux-gnu/qt5/QtWidgets/QApplication:1\x1b[m\x1b[K,\n'}
[7.732800] (status_display) StderrLine: {'line': b'                 from \x1b[01m\x1b[K/home/shenhang/ros_study/chapter3/topic_practice_workspace/src/status_display/src/sys_status_display.cpp:1\x1b[m\x1b[K:\n'}
[7.732891] (status_display) StderrLine: {'line': b'\x1b[01m\x1b[K/usr/include/x86_64-linux-gnu/qt5/QtCore/qlocale.h:1222:28:\x1b[m\x1b[K \x1b[01;36m\x1b[Knote: \x1b[m\x1b[Kcandidate: \xe2\x80\x98\x1b[01m\x1b[KQDataStream& operator<<(QDataStream&, const QLocale&)\x1b[m\x1b[K\xe2\x80\x99\n'}
[7.733011] (status_display) StderrLine: {'line': b' 1222 | Q_CORE_EXPORT QDataStream &\x1b[01;36m\x1b[Koperator\x1b[m\x1b[K<<(QDataStream &, const QLocale &);\n'}
[7.733161] (status_display) StderrLine: {'line': b'      |                            \x1b[01;36m\x1b[K^~~~~~~~\x1b[m\x1b[K\n'}
[7.733258] (status_display) StderrLine: {'line': b'\x1b[01m\x1b[K/usr/include/x86_64-linux-gnu/qt5/QtCore/qlocale.h:1222:39:\x1b[m\x1b[K \x1b[01;36m\x1b[Knote: \x1b[m\x1b[K  no known conversion for argument 1 from \xe2\x80\x98\x1b[01m\x1b[Kstd::basic_ostream<char>\x1b[m\x1b[K\xe2\x80\x99 to \xe2\x80\x98\x1b[01m\x1b[KQDataStream&\x1b[m\x1b[K\xe2\x80\x99\n'}
[7.733346] (status_display) StderrLine: {'line': b' 1222 | Q_CORE_EXPORT QDataStream &operator<<(\x1b[01;36m\x1b[KQDataStream &\x1b[m\x1b[K, const QLocale &);\n'}
[7.733453] (status_display) StderrLine: {'line': b'      |                                       \x1b[01;36m\x1b[K^~~~~~~~~~~~~\x1b[m\x1b[K\n'}
[7.733592] (status_display) StderrLine: {'line': b'\x1b[01m\x1b[K/usr/include/x86_64-linux-gnu/qt5/QtCore/qlocale.h:1227:22:\x1b[m\x1b[K \x1b[01;36m\x1b[Knote: \x1b[m\x1b[Kcandidate: \xe2\x80\x98\x1b[01m\x1b[KQDebug operator<<(QDebug, const QLocale&)\x1b[m\x1b[K\xe2\x80\x99\n'}
[7.733703] (status_display) StderrLine: {'line': b' 1227 | Q_CORE_EXPORT QDebug \x1b[01;36m\x1b[Koperator\x1b[m\x1b[K<<(QDebug, const QLocale &);\n'}
[7.733787] (status_display) StderrLine: {'line': b'      |                      \x1b[01;36m\x1b[K^~~~~~~~\x1b[m\x1b[K\n'}
[7.733871] (status_display) StderrLine: {'line': b'\x1b[01m\x1b[K/usr/include/x86_64-linux-gnu/qt5/QtCore/qlocale.h:1227:33:\x1b[m\x1b[K \x1b[01;36m\x1b[Knote: \x1b[m\x1b[K  no known conversion for argument 1 from \xe2\x80\x98\x1b[01m\x1b[Kstd::basic_ostream<char>\x1b[m\x1b[K\xe2\x80\x99 to \xe2\x80\x98\x1b[01m\x1b[KQDebug\x1b[m\x1b[K\xe2\x80\x99\n'}
[7.733964] (status_display) StderrLine: {'line': b' 1227 | Q_CORE_EXPORT QDebug operator<<(\x1b[01;36m\x1b[KQDebug\x1b[m\x1b[K, const QLocale &);\n'}
[7.734052] (status_display) StderrLine: {'line': b'      |                                 \x1b[01;36m\x1b[K^~~~~~\x1b[m\x1b[K\n'}
[7.734142] (status_display) StderrLine: {'line': b'In file included from \x1b[01m\x1b[K/usr/include/x86_64-linux-gnu/qt5/QtGui/qpaintdevice.h:45\x1b[m\x1b[K,\n'}
[7.734302] (status_display) StderrLine: {'line': b'                 from \x1b[01m\x1b[K/usr/include/x86_64-linux-gnu/qt5/QtWidgets/qwidget.h:47\x1b[m\x1b[K,\n'}
[7.734388] (status_display) StderrLine: {'line': b'                 from \x1b[01m\x1b[K/usr/include/x86_64-linux-gnu/qt5/QtWidgets/qframe.h:44\x1b[m\x1b[K,\n'}
[7.734500] (status_display) StderrLine: {'line': b'                 from \x1b[01m\x1b[K/usr/include/x86_64-linux-gnu/qt5/QtWidgets/qlabel.h:44\x1b[m\x1b[K,\n'}
[7.734629] (status_display) StderrLine: {'line': b'                 from \x1b[01m\x1b[K/usr/include/x86_64-linux-gnu/qt5/QtWidgets/QLabel:1\x1b[m\x1b[K,\n'}
[7.734718] (status_display) StderrLine: {'line': b'                 from \x1b[01m\x1b[K/home/shenhang/ros_study/chapter3/topic_practice_workspace/src/status_display/src/sys_status_display.cpp:2\x1b[m\x1b[K:\n'}
[7.734857] (status_display) StderrLine: {'line': b'\x1b[01m\x1b[K/usr/include/x86_64-linux-gnu/qt5/QtCore/qrect.h:176:28:\x1b[m\x1b[K \x1b[01;36m\x1b[Knote: \x1b[m\x1b[Kcandidate: \xe2\x80\x98\x1b[01m\x1b[KQDataStream& operator<<(QDataStream&, const QRect&)\x1b[m\x1b[K\xe2\x80\x99\n'}
[7.734955] (status_display) StderrLine: {'line': b'  176 | Q_CORE_EXPORT QDataStream &\x1b[01;36m\x1b[Koperator\x1b[m\x1b[K<<(QDataStream &, const QRect &);\n'}
[7.735079] (status_display) StderrLine: {'line': b'      |                            \x1b[01;36m\x1b[K^~~~~~~~\x1b[m\x1b[K\n'}
[7.735183] (status_display) StderrLine: {'line': b'\x1b[01m\x1b[K/usr/include/x86_64-linux-gnu/qt5/QtCore/qrect.h:176:39:\x1b[m\x1b[K \x1b[01;36m\x1b[Knote: \x1b[m\x1b[K  no known conversion for argument 1 from \xe2\x80\x98\x1b[01m\x1b[Kstd::basic_ostream<char>\x1b[m\x1b[K\xe2\x80\x99 to \xe2\x80\x98\x1b[01m\x1b[KQDataStream&\x1b[m\x1b[K\xe2\x80\x99\n'}
[7.735269] (status_display) StderrLine: {'line': b'  176 | Q_CORE_EXPORT QDataStream &operator<<(\x1b[01;36m\x1b[KQDataStream &\x1b[m\x1b[K, const QRect &);\n'}
[7.735355] (status_display) StderrLine: {'line': b'      |                                       \x1b[01;36m\x1b[K^~~~~~~~~~~~~\x1b[m\x1b[K\n'}
[7.735461] (status_display) StderrLine: {'line': b'\x1b[01m\x1b[K/usr/include/x86_64-linux-gnu/qt5/QtCore/qrect.h:507:22:\x1b[m\x1b[K \x1b[01;36m\x1b[Knote: \x1b[m\x1b[Kcandidate: \xe2\x80\x98\x1b[01m\x1b[KQDebug operator<<(QDebug, const QRect&)\x1b[m\x1b[K\xe2\x80\x99\n'}
[7.735570] (status_display) StderrLine: {'line': b'  507 | Q_CORE_EXPORT QDebug \x1b[01;36m\x1b[Koperator\x1b[m\x1b[K<<(QDebug, const QRect &);\n'}
[7.735653] (status_display) StderrLine: {'line': b'      |                      \x1b[01;36m\x1b[K^~~~~~~~\x1b[m\x1b[K\n'}
[7.735735] (status_display) StderrLine: {'line': b'\x1b[01m\x1b[K/usr/include/x86_64-linux-gnu/qt5/QtCore/qrect.h:507:33:\x1b[m\x1b[K \x1b[01;36m\x1b[Knote: \x1b[m\x1b[K  no known conversion for argument 1 from \xe2\x80\x98\x1b[01m\x1b[Kstd::basic_ostream<char>\x1b[m\x1b[K\xe2\x80\x99 to \xe2\x80\x98\x1b[01m\x1b[KQDebug\x1b[m\x1b[K\xe2\x80\x99\n'}
[7.735827] (status_display) StderrLine: {'line': b'  507 | Q_CORE_EXPORT QDebug operator<<(\x1b[01;36m\x1b[KQDebug\x1b[m\x1b[K, const QRect &);\n'}
[7.735913] (status_display) StderrLine: {'line': b'      |                                 \x1b[01;36m\x1b[K^~~~~~\x1b[m\x1b[K\n'}
[7.736047] (status_display) StderrLine: {'line': b'\x1b[01m\x1b[K/usr/include/x86_64-linux-gnu/qt5/QtCore/qrect.h:636:28:\x1b[m\x1b[K \x1b[01;36m\x1b[Knote: \x1b[m\x1b[Kcandidate: \xe2\x80\x98\x1b[01m\x1b[KQDataStream& operator<<(QDataStream&, const QRectF&)\x1b[m\x1b[K\xe2\x80\x99\n'}
[7.736137] (status_display) StderrLine: {'line': b'  636 | Q_CORE_EXPORT QDataStream &\x1b[01;36m\x1b[Koperator\x1b[m\x1b[K<<(QDataStream &, const QRectF &);\n'}
[7.736227] (status_display) StderrLine: {'line': b'      |                            \x1b[01;36m\x1b[K^~~~~~~~\x1b[m\x1b[K\n'}
[7.736309] (status_display) StderrLine: {'line': b'\x1b[01m\x1b[K/usr/include/x86_64-linux-gnu/qt5/QtCore/qrect.h:636:39:\x1b[m\x1b[K \x1b[01;36m\x1b[Knote: \x1b[m\x1b[K  no known conversion for argument 1 from \xe2\x80\x98\x1b[01m\x1b[Kstd::basic_ostream<char>\x1b[m\x1b[K\xe2\x80\x99 to \xe2\x80\x98\x1b[01m\x1b[KQDataStream&\x1b[m\x1b[K\xe2\x80\x99\n'}
[7.736396] (status_display) StderrLine: {'line': b'  636 | Q_CORE_EXPORT QDataStream &operator<<(\x1b[01;36m\x1b[KQDataStream &\x1b[m\x1b[K, const QRectF &);\n'}
[7.736536] (status_display) StderrLine: {'line': b'      |                                       \x1b[01;36m\x1b[K^~~~~~~~~~~~~\x1b[m\x1b[K\n'}
[7.736635] (status_display) StderrLine: {'line': b'\x1b[01m\x1b[K/usr/include/x86_64-linux-gnu/qt5/QtCore/qrect.h:920:22:\x1b[m\x1b[K \x1b[01;36m\x1b[Knote: \x1b[m\x1b[Kcandidate: \xe2\x80\x98\x1b[01m\x1b[KQDebug operator<<(QDebug, const QRectF&)\x1b[m\x1b[K\xe2\x80\x99\n'}
[7.736833] (status_display) StderrLine: {'line': b'  920 | Q_CORE_EXPORT QDebug \x1b[01;36m\x1b[Koperator\x1b[m\x1b[K<<(QDebug, const QRectF &);\n'}
[7.737178] (status_display) StderrLine: {'line': b'      |                      \x1b[01;36m\x1b[K^~~~~~~~\x1b[m\x1b[K\n'}
[7.737311] (status_display) StderrLine: {'line': b'\x1b[01m\x1b[K/usr/include/x86_64-linux-gnu/qt5/QtCore/qrect.h:920:33:\x1b[m\x1b[K \x1b[01;36m\x1b[Knote: \x1b[m\x1b[K  no known conversion for argument 1 from \xe2\x80\x98\x1b[01m\x1b[Kstd::basic_ostream<char>\x1b[m\x1b[K\xe2\x80\x99 to \xe2\x80\x98\x1b[01m\x1b[KQDebug\x1b[m\x1b[K\xe2\x80\x99\n'}
[7.737497] (status_display) StderrLine: {'line': b'  920 | Q_CORE_EXPORT QDebug operator<<(\x1b[01;36m\x1b[KQDebug\x1b[m\x1b[K, const QRectF &);\n'}
[7.737623] (status_display) StderrLine: {'line': b'      |                                 \x1b[01;36m\x1b[K^~~~~~\x1b[m\x1b[K\n'}
[7.737758] (status_display) StderrLine: {'line': b'In file included from \x1b[01m\x1b[K/usr/include/x86_64-linux-gnu/qt5/QtGui/qpalette.h:45\x1b[m\x1b[K,\n'}
[7.737868] (status_display) StderrLine: {'line': b'                 from \x1b[01m\x1b[K/usr/include/x86_64-linux-gnu/qt5/QtWidgets/qwidget.h:48\x1b[m\x1b[K,\n'}
[7.738040] (status_display) StderrLine: {'line': b'                 from \x1b[01m\x1b[K/usr/include/x86_64-linux-gnu/qt5/QtWidgets/qframe.h:44\x1b[m\x1b[K,\n'}
[7.738160] (status_display) StderrLine: {'line': b'                 from \x1b[01m\x1b[K/usr/include/x86_64-linux-gnu/qt5/QtWidgets/qlabel.h:44\x1b[m\x1b[K,\n'}
[7.738272] (status_display) StderrLine: {'line': b'                 from \x1b[01m\x1b[K/usr/include/x86_64-linux-gnu/qt5/QtWidgets/QLabel:1\x1b[m\x1b[K,\n'}
[7.738412] (status_display) StderrLine: {'line': b'                 from \x1b[01m\x1b[K/home/shenhang/ros_study/chapter3/topic_practice_workspace/src/status_display/src/sys_status_display.cpp:2\x1b[m\x1b[K:\n'}
[7.738535] (status_display) StderrLine: {'line': b'\x1b[01m\x1b[K/usr/include/x86_64-linux-gnu/qt5/QtGui/qcolor.h:57:21:\x1b[m\x1b[K \x1b[01;36m\x1b[Knote: \x1b[m\x1b[Kcandidate: \xe2\x80\x98\x1b[01m\x1b[KQDebug operator<<(QDebug, const QColor&)\x1b[m\x1b[K\xe2\x80\x99\n'}
[7.738671] (status_display) StderrLine: {'line': b'   57 | Q_GUI_EXPORT QDebug \x1b[01;36m\x1b[Koperator\x1b[m\x1b[K<<(QDebug, const QColor &);\n'}
[7.738782] (status_display) StderrLine: {'line': b'      |                     \x1b[01;36m\x1b[K^~~~~~~~\x1b[m\x1b[K\n'}
[7.738887] (status_display) StderrLine: {'line': b'\x1b[01m\x1b[K/usr/include/x86_64-linux-gnu/qt5/QtGui/qcolor.h:57:32:\x1b[m\x1b[K \x1b[01;36m\x1b[Knote: \x1b[m\x1b[K  no known conversion for argument 1 from \xe2\x80\x98\x1b[01m\x1b[Kstd::basic_ostream<char>\x1b[m\x1b[K\xe2\x80\x99 to \xe2\x80\x98\x1b[01m\x1b[KQDebug\x1b[m\x1b[K\xe2\x80\x99\n'}
[7.739077] (status_display) StderrLine: {'line': b'   57 | Q_GUI_EXPORT QDebug operator<<(\x1b[01;36m\x1b[KQDebug\x1b[m\x1b[K, const QColor &);\n'}
[7.739207] (status_display) StderrLine: {'line': b'      |                                \x1b[01;36m\x1b[K^~~~~~\x1b[m\x1b[K\n'}
[7.739322] (status_display) StderrLine: {'line': b'\x1b[01m\x1b[K/usr/include/x86_64-linux-gnu/qt5/QtGui/qcolor.h:309:38:\x1b[m\x1b[K \x1b[01;36m\x1b[Knote: \x1b[m\x1b[Kcandidate: \xe2\x80\x98\x1b[01m\x1b[KQDataStream& operator<<(QDataStream&, const QColor&)\x1b[m\x1b[K\xe2\x80\x99\n'}
[7.739475] (status_display) StderrLine: {'line': b'  309 |     friend Q_GUI_EXPORT QDataStream &\x1b[01;36m\x1b[Koperator\x1b[m\x1b[K<<(QDataStream &, const QColor &);\n'}
[7.739590] (status_display) StderrLine: {'line': b'      |                                      \x1b[01;36m\x1b[K^~~~~~~~\x1b[m\x1b[K\n'}
[7.739701] (status_display) StderrLine: {'line': b'\x1b[01m\x1b[K/usr/include/x86_64-linux-gnu/qt5/QtGui/qcolor.h:60:38:\x1b[m\x1b[K \x1b[01;36m\x1b[Knote: \x1b[m\x1b[K  no known conversion for argument 1 from \xe2\x80\x98\x1b[01m\x1b[Kstd::basic_ostream<char>\x1b[m\x1b[K\xe2\x80\x99 to \xe2\x80\x98\x1b[01m\x1b[KQDataStream&\x1b[m\x1b[K\xe2\x80\x99\n'}
[7.739828] (status_display) StderrLine: {'line': b'   60 | Q_GUI_EXPORT QDataStream &operator<<(\x1b[01;36m\x1b[KQDataStream &\x1b[m\x1b[K, const QColor &);\n'}
[7.739978] (status_display) StderrLine: {'line': b'      |                                      \x1b[01;36m\x1b[K^~~~~~~~~~~~~\x1b[m\x1b[K\n'}
[7.740116] (status_display) StderrLine: {'line': b'In file included from \x1b[01m\x1b[K/usr/include/x86_64-linux-gnu/qt5/QtGui/qmatrix.h:44\x1b[m\x1b[K,\n'}
[7.740231] (status_display) StderrLine: {'line': b'                 from \x1b[01m\x1b[K/usr/include/x86_64-linux-gnu/qt5/QtGui/qbrush.h:49\x1b[m\x1b[K,\n'}
[7.740370] (status_display) StderrLine: {'line': b'                 from \x1b[01m\x1b[K/usr/include/x86_64-linux-gnu/qt5/QtGui/qpalette.h:46\x1b[m\x1b[K,\n'}
[7.740488] (status_display) StderrLine: {'line': b'                 from \x1b[01m\x1b[K/usr/include/x86_64-linux-gnu/qt5/QtWidgets/qwidget.h:48\x1b[m\x1b[K,\n'}
[7.740601] (status_display) StderrLine: {'line': b'                 from \x1b[01m\x1b[K/usr/include/x86_64-linux-gnu/qt5/QtWidgets/qframe.h:44\x1b[m\x1b[K,\n'}
[7.740712] (status_display) StderrLine: {'line': b'                 from \x1b[01m\x1b[K/usr/include/x86_64-linux-gnu/qt5/QtWidgets/qlabel.h:44\x1b[m\x1b[K,\n'}
[7.740824] (status_display) StderrLine: {'line': b'                 from \x1b[01m\x1b[K/usr/include/x86_64-linux-gnu/qt5/QtWidgets/QLabel:1\x1b[m\x1b[K,\n'}
[7.740937] (status_display) StderrLine: {'line': b'                 from \x1b[01m\x1b[K/home/shenhang/ros_study/chapter3/topic_practice_workspace/src/status_display/src/sys_status_display.cpp:2\x1b[m\x1b[K:\n'}
[7.741119] (status_display) StderrLine: {'line': b'\x1b[01m\x1b[K/usr/include/x86_64-linux-gnu/qt5/QtGui/qpolygon.h:105:21:\x1b[m\x1b[K \x1b[01;36m\x1b[Knote: \x1b[m\x1b[Kcandidate: \xe2\x80\x98\x1b[01m\x1b[KQDebug operator<<(QDebug, const QPolygon&)\x1b[m\x1b[K\xe2\x80\x99\n'}
[7.741248] (status_display) StderrLine: {'line': b'  105 | Q_GUI_EXPORT QDebug \x1b[01;36m\x1b[Koperator\x1b[m\x1b[K<<(QDebug, const QPolygon &);\n'}
[7.741391] (status_display) StderrLine: {'line': b'      |                     \x1b[01;36m\x1b[K^~~~~~~~\x1b[m\x1b[K\n'}
[7.741511] (status_display) StderrLine: {'line': b'\x1b[01m\x1b[K/usr/include/x86_64-linux-gnu/qt5/QtGui/qpolygon.h:105:32:\x1b[m\x1b[K \x1b[01;36m\x1b[Knote: \x1b[m\x1b[K  no known conversion for argument 1 from \xe2\x80\x98\x1b[01m\x1b[Kstd::basic_ostream<char>\x1b[m\x1b[K\xe2\x80\x99 to \xe2\x80\x98\x1b[01m\x1b[KQDebug\x1b[m\x1b[K\xe2\x80\x99\n'}
[7.741642] (status_display) StderrLine: {'line': b'  105 | Q_GUI_EXPORT QDebug operator<<(\x1b[01;36m\x1b[KQDebug\x1b[m\x1b[K, const QPolygon &);\n'}
[7.741754] (status_display) StderrLine: {'line': b'      |                                \x1b[01;36m\x1b[K^~~~~~\x1b[m\x1b[K\n'}
[7.741865] (status_display) StderrLine: {'line': b'\x1b[01m\x1b[K/usr/include/x86_64-linux-gnu/qt5/QtGui/qpolygon.h:112:27:\x1b[m\x1b[K \x1b[01;36m\x1b[Knote: \x1b[m\x1b[Kcandidate: \xe2\x80\x98\x1b[01m\x1b[KQDataStream& operator<<(QDataStream&, const QPolygon&)\x1b[m\x1b[K\xe2\x80\x99\n'}
[7.742035] (status_display) StderrLine: {'line': b'  112 | Q_GUI_EXPORT QDataStream &\x1b[01;36m\x1b[Koperator\x1b[m\x1b[K<<(QDataStream &stream, const QPolygon &polygon);\n'}
[7.742158] (status_display) StderrLine: {'line': b'      |                           \x1b[01;36m\x1b[K^~~~~~~~\x1b[m\x1b[K\n'}
[7.742291] (status_display) StderrLine: {'line': b'\x1b[01m\x1b[K/usr/include/x86_64-linux-gnu/qt5/QtGui/qpolygon.h:112:51:\x1b[m\x1b[K \x1b[01;36m\x1b[Knote: \x1b[m\x1b[K  no known conversion for argument 1 from \xe2\x80\x98\x1b[01m\x1b[Kstd::basic_ostream<char>\x1b[m\x1b[K\xe2\x80\x99 to \xe2\x80\x98\x1b[01m\x1b[KQDataStream&\x1b[m\x1b[K\xe2\x80\x99\n'}
[7.742415] (status_display) StderrLine: {'line': b'  112 | Q_GUI_EXPORT QDataStream &operator<<(\x1b[01;36m\x1b[KQDataStream &stream\x1b[m\x1b[K, const QPolygon &polygon);\n'}
[7.742527] (status_display) StderrLine: {'line': b'      |                                      \x1b[01;36m\x1b[K~~~~~~~~~~~~~^~~~~~\x1b[m\x1b[K\n'}
[7.742640] (status_display) StderrLine: {'line': b'\x1b[01m\x1b[K/usr/include/x86_64-linux-gnu/qt5/QtGui/qpolygon.h:180:21:\x1b[m\x1b[K \x1b[01;36m\x1b[Knote: \x1b[m\x1b[Kcandidate: \xe2\x80\x98\x1b[01m\x1b[KQDebug operator<<(QDebug, const QPolygonF&)\x1b[m\x1b[K\xe2\x80\x99\n'}
[7.742755] (status_display) StderrLine: {'line': b'  180 | Q_GUI_EXPORT QDebug \x1b[01;36m\x1b[Koperator\x1b[m\x1b[K<<(QDebug, const QPolygonF &);\n'}
[7.742869] (status_display) StderrLine: {'line': b'      |                     \x1b[01;36m\x1b[K^~~~~~~~\x1b[m\x1b[K\n'}
[7.743040] (status_display) StderrLine: {'line': b'\x1b[01m\x1b[K/usr/include/x86_64-linux-gnu/qt5/QtGui/qpolygon.h:180:32:\x1b[m\x1b[K \x1b[01;36m\x1b[Knote: \x1b[m\x1b[K  no known conversion for argument 1 from \xe2\x80\x98\x1b[01m\x1b[Kstd::basic_ostream<char>\x1b[m\x1b[K\xe2\x80\x99 to \xe2\x80\x98\x1b[01m\x1b[KQDebug\x1b[m\x1b[K\xe2\x80\x99\n'}
[7.743180] (status_display) StderrLine: {'line': b'  180 | Q_GUI_EXPORT QDebug operator<<(\x1b[01;36m\x1b[KQDebug\x1b[m\x1b[K, const QPolygonF &);\n'}
[7.743328] (status_display) StderrLine: {'line': b'      |                                \x1b[01;36m\x1b[K^~~~~~\x1b[m\x1b[K\n'}
[7.743443] (status_display) StderrLine: {'line': b'\x1b[01m\x1b[K/usr/include/x86_64-linux-gnu/qt5/QtGui/qpolygon.h:187:27:\x1b[m\x1b[K \x1b[01;36m\x1b[Knote: \x1b[m\x1b[Kcandidate: \xe2\x80\x98\x1b[01m\x1b[KQDataStream& operator<<(QDataStream&, const QPolygonF&)\x1b[m\x1b[K\xe2\x80\x99\n'}
[7.743561] (status_display) StderrLine: {'line': b'  187 | Q_GUI_EXPORT QDataStream &\x1b[01;36m\x1b[Koperator\x1b[m\x1b[K<<(QDataStream &stream, const QPolygonF &array);\n'}
[7.743675] (status_display) StderrLine: {'line': b'      |                           \x1b[01;36m\x1b[K^~~~~~~~\x1b[m\x1b[K\n'}
[7.743787] (status_display) StderrLine: {'line': b'\x1b[01m\x1b[K/usr/include/x86_64-linux-gnu/qt5/QtGui/qpolygon.h:187:51:\x1b[m\x1b[K \x1b[01;36m\x1b[Knote: \x1b[m\x1b[K  no known conversion for argument 1 from \xe2\x80\x98\x1b[01m\x1b[Kstd::basic_ostream<char>\x1b[m\x1b[K\xe2\x80\x99 to \xe2\x80\x98\x1b[01m\x1b[KQDataStream&\x1b[m\x1b[K\xe2\x80\x99\n'}
[7.743906] (status_display) StderrLine: {'line': b'  187 | Q_GUI_EXPORT QDataStream &operator<<(\x1b[01;36m\x1b[KQDataStream &stream\x1b[m\x1b[K, const QPolygonF &array);\n'}
[7.744088] (status_display) StderrLine: {'line': b'      |                                      \x1b[01;36m\x1b[K~~~~~~~~~~~~~^~~~~~\x1b[m\x1b[K\n'}
[7.744209] (status_display) StderrLine: {'line': b'In file included from \x1b[01m\x1b[K/usr/include/x86_64-linux-gnu/qt5/QtCore/qdatastream.h:44\x1b[m\x1b[K,\n'}
[7.744354] (status_display) StderrLine: {'line': b'                 from \x1b[01m\x1b[K/usr/include/x86_64-linux-gnu/qt5/QtGui/qregion.h:49\x1b[m\x1b[K,\n'}
[7.744469] (status_display) StderrLine: {'line': b'                 from \x1b[01m\x1b[K/usr/include/x86_64-linux-gnu/qt5/QtGui/qmatrix.h:45\x1b[m\x1b[K,\n'}
[7.744593] (status_display) StderrLine: {'line': b'                 from \x1b[01m\x1b[K/usr/include/x86_64-linux-gnu/qt5/QtGui/qbrush.h:49\x1b[m\x1b[K,\n'}
[7.744706] (status_display) StderrLine: {'line': b'                 from \x1b[01m\x1b[K/usr/include/x86_64-linux-gnu/qt5/QtGui/qpalette.h:46\x1b[m\x1b[K,\n'}
[7.744820] (status_display) StderrLine: {'line': b'                 from \x1b[01m\x1b[K/usr/include/x86_64-linux-gnu/qt5/QtWidgets/qwidget.h:48\x1b[m\x1b[K,\n'}
[7.744934] (status_display) StderrLine: {'line': b'                 from \x1b[01m\x1b[K/usr/include/x86_64-linux-gnu/qt5/QtWidgets/qframe.h:44\x1b[m\x1b[K,\n'}
[7.745101] (status_display) StderrLine: {'line': b'                 from \x1b[01m\x1b[K/usr/include/x86_64-linux-gnu/qt5/QtWidgets/qlabel.h:44\x1b[m\x1b[K,\n'}
[7.745252] (status_display) StderrLine: {'line': b'                 from \x1b[01m\x1b[K/usr/include/x86_64-linux-gnu/qt5/QtWidgets/QLabel:1\x1b[m\x1b[K,\n'}
[7.745378] (status_display) StderrLine: {'line': b'                 from \x1b[01m\x1b[K/home/shenhang/ros_study/chapter3/topic_practice_workspace/src/status_display/src/sys_status_display.cpp:2\x1b[m\x1b[K:\n'}
[7.745507] (status_display) StderrLine: {'line': b'\x1b[01m\x1b[K/usr/include/x86_64-linux-gnu/qt5/QtCore/qiodevice.h:189:22:\x1b[m\x1b[K \x1b[01;36m\x1b[Knote: \x1b[m\x1b[Kcandidate: \xe2\x80\x98\x1b[01m\x1b[KQDebug operator<<(QDebug, QIODevice::OpenMode)\x1b[m\x1b[K\xe2\x80\x99\n'}
[7.745723] (status_display) StderrLine: {'line': b'  189 | Q_CORE_EXPORT QDebug \x1b[01;36m\x1b[Koperator\x1b[m\x1b[K<<(QDebug debug, QIODevice::OpenMode modes);\n'}
[7.745869] (status_display) StderrLine: {'line': b'      |                      \x1b[01;36m\x1b[K^~~~~~~~\x1b[m\x1b[K\n'}
[7.746044] (status_display) StderrLine: {'line': b'\x1b[01m\x1b[K/usr/include/x86_64-linux-gnu/qt5/QtCore/qiodevice.h:189:40:\x1b[m\x1b[K \x1b[01;36m\x1b[Knote: \x1b[m\x1b[K  no known conversion for argument 1 from \xe2\x80\x98\x1b[01m\x1b[Kstd::basic_ostream<char>\x1b[m\x1b[K\xe2\x80\x99 to \xe2\x80\x98\x1b[01m\x1b[KQDebug\x1b[m\x1b[K\xe2\x80\x99\n'}
[7.746293] (status_display) StderrLine: {'line': b'  189 | Q_CORE_EXPORT QDebug operator<<(\x1b[01;36m\x1b[KQDebug debug\x1b[m\x1b[K, QIODevice::OpenMode modes);\n'}
[7.746391] (status_display) StderrLine: {'line': b'      |                                 \x1b[01;36m\x1b[K~~~~~~~^~~~~\x1b[m\x1b[K\n'}
[7.746486] (status_display) StderrLine: {'line': b'In file included from \x1b[01m\x1b[K/usr/include/x86_64-linux-gnu/qt5/QtGui/qmatrix.h:45\x1b[m\x1b[K,\n'}
[7.746621] (status_display) StderrLine: {'line': b'                 from \x1b[01m\x1b[K/usr/include/x86_64-linux-gnu/qt5/QtGui/qbrush.h:49\x1b[m\x1b[K,\n'}
[7.746733] (status_display) StderrLine: {'line': b'                 from \x1b[01m\x1b[K/usr/include/x86_64-linux-gnu/qt5/QtGui/qpalette.h:46\x1b[m\x1b[K,\n'}
[7.746878] (status_display) StderrLine: {'line': b'                 from \x1b[01m\x1b[K/usr/include/x86_64-linux-gnu/qt5/QtWidgets/qwidget.h:48\x1b[m\x1b[K,\n'}
[7.747088] (status_display) StderrLine: {'line': b'                 from \x1b[01m\x1b[K/usr/include/x86_64-linux-gnu/qt5/QtWidgets/qframe.h:44\x1b[m\x1b[K,\n'}
[7.747240] (status_display) StderrLine: {'line': b'                 from \x1b[01m\x1b[K/usr/include/x86_64-linux-gnu/qt5/QtWidgets/qlabel.h:44\x1b[m\x1b[K,\n'}
[7.747379] (status_display) StderrLine: {'line': b'                 from \x1b[01m\x1b[K/usr/include/x86_64-linux-gnu/qt5/QtWidgets/QLabel:1\x1b[m\x1b[K,\n'}
[7.747516] (status_display) StderrLine: {'line': b'                 from \x1b[01m\x1b[K/home/shenhang/ros_study/chapter3/topic_practice_workspace/src/status_display/src/sys_status_display.cpp:2\x1b[m\x1b[K:\n'}
[7.747660] (status_display) StderrLine: {'line': b'\x1b[01m\x1b[K/usr/include/x86_64-linux-gnu/qt5/QtGui/qregion.h:189:27:\x1b[m\x1b[K \x1b[01;36m\x1b[Knote: \x1b[m\x1b[Kcandidate: \xe2\x80\x98\x1b[01m\x1b[KQDataStream& operator<<(QDataStream&, const QRegion&)\x1b[m\x1b[K\xe2\x80\x99\n'}
[7.747790] (status_display) StderrLine: {'line': b'  189 | Q_GUI_EXPORT QDataStream &\x1b[01;36m\x1b[Koperator\x1b[m\x1b[K<<(QDataStream &, const QRegion &);\n'}
[7.747906] (status_display) StderrLine: {'line': b'      |                           \x1b[01;36m\x1b[K^~~~~~~~\x1b[m\x1b[K\n'}
[7.748108] (status_display) StderrLine: {'line': b'\x1b[01m\x1b[K/usr/include/x86_64-linux-gnu/qt5/QtGui/qregion.h:160:49:\x1b[m\x1b[K \x1b[01;36m\x1b[Knote: \x1b[m\x1b[K  no known conversion for argument 1 from \xe2\x80\x98\x1b[01m\x1b[Kstd::basic_ostream<char>\x1b[m\x1b[K\xe2\x80\x99 to \xe2\x80\x98\x1b[01m\x1b[KQDataStream&\x1b[m\x1b[K\xe2\x80\x99\n'}
[7.748329] (status_display) StderrLine: {'line': b'  160 |     friend Q_GUI_EXPORT QDataStream &operator<<(\x1b[01;36m\x1b[KQDataStream &\x1b[m\x1b[K, const QRegion &);\n'}
[7.748470] (status_display) StderrLine: {'line': b'      |                                                 \x1b[01;36m\x1b[K^~~~~~~~~~~~~\x1b[m\x1b[K\n'}
[7.748605] (status_display) StderrLine: {'line': b'\x1b[01m\x1b[K/usr/include/x86_64-linux-gnu/qt5/QtGui/qregion.h:194:21:\x1b[m\x1b[K \x1b[01;36m\x1b[Knote: \x1b[m\x1b[Kcandidate: \xe2\x80\x98\x1b[01m\x1b[KQDebug operator<<(QDebug, const QRegion&)\x1b[m\x1b[K\xe2\x80\x99\n'}
[7.748741] (status_display) StderrLine: {'line': b'  194 | Q_GUI_EXPORT QDebug \x1b[01;36m\x1b[Koperator\x1b[m\x1b[K<<(QDebug, const QRegion &);\n'}
[7.748880] (status_display) StderrLine: {'line': b'      |                     \x1b[01;36m\x1b[K^~~~~~~~\x1b[m\x1b[K\n'}
[7.749135] (status_display) StderrLine: {'line': b'\x1b[01m\x1b[K/usr/include/x86_64-linux-gnu/qt5/QtGui/qregion.h:194:32:\x1b[m\x1b[K \x1b[01;36m\x1b[Knote: \x1b[m\x1b[K  no known conversion for argument 1 from \xe2\x80\x98\x1b[01m\x1b[Kstd::basic_ostream<char>\x1b[m\x1b[K\xe2\x80\x99 to \xe2\x80\x98\x1b[01m\x1b[KQDebug\x1b[m\x1b[K\xe2\x80\x99\n'}
[7.749316] (status_display) StderrLine: {'line': b'  194 | Q_GUI_EXPORT QDebug operator<<(\x1b[01;36m\x1b[KQDebug\x1b[m\x1b[K, const QRegion &);\n'}
[7.749443] (status_display) StderrLine: {'line': b'      |                                \x1b[01;36m\x1b[K^~~~~~\x1b[m\x1b[K\n'}
[7.749566] (status_display) StderrLine: {'line': b'In file included from \x1b[01m\x1b[K/usr/include/x86_64-linux-gnu/qt5/QtGui/qmatrix.h:47\x1b[m\x1b[K,\n'}
[7.749688] (status_display) StderrLine: {'line': b'                 from \x1b[01m\x1b[K/usr/include/x86_64-linux-gnu/qt5/QtGui/qbrush.h:49\x1b[m\x1b[K,\n'}
[7.749808] (status_display) StderrLine: {'line': b'                 from \x1b[01m\x1b[K/usr/include/x86_64-linux-gnu/qt5/QtGui/qpalette.h:46\x1b[m\x1b[K,\n'}
[7.750119] (status_display) StderrLine: {'line': b'                 from \x1b[01m\x1b[K/usr/include/x86_64-linux-gnu/qt5/QtWidgets/qwidget.h:48\x1b[m\x1b[K,\n'}
[7.750219] (status_display) StderrLine: {'line': b'                 from \x1b[01m\x1b[K/usr/include/x86_64-linux-gnu/qt5/QtWidgets/qframe.h:44\x1b[m\x1b[K,\n'}
[7.750305] (status_display) StderrLine: {'line': b'                 from \x1b[01m\x1b[K/usr/include/x86_64-linux-gnu/qt5/QtWidgets/qlabel.h:44\x1b[m\x1b[K,\n'}
[7.750443] (status_display) StderrLine: {'line': b'                 from \x1b[01m\x1b[K/usr/include/x86_64-linux-gnu/qt5/QtWidgets/QLabel:1\x1b[m\x1b[K,\n'}
[7.750580] (status_display) StderrLine: {'line': b'                 from \x1b[01m\x1b[K/home/shenhang/ros_study/chapter3/topic_practice_workspace/src/status_display/src/sys_status_display.cpp:2\x1b[m\x1b[K:\n'}
[7.750740] (status_display) StderrLine: {'line': b'\x1b[01m\x1b[K/usr/include/x86_64-linux-gnu/qt5/QtCore/qline.h:203:22:\x1b[m\x1b[K \x1b[01;36m\x1b[Knote: \x1b[m\x1b[Kcandidate: \xe2\x80\x98\x1b[01m\x1b[KQDebug operator<<(QDebug, const QLine&)\x1b[m\x1b[K\xe2\x80\x99\n'}
[7.750886] (status_display) StderrLine: {'line': b'  203 | Q_CORE_EXPORT QDebug \x1b[01;36m\x1b[Koperator\x1b[m\x1b[K<<(QDebug d, const QLine &p);\n'}
[7.751119] (status_display) StderrLine: {'line': b'      |                      \x1b[01;36m\x1b[K^~~~~~~~\x1b[m\x1b[K\n'}
[7.751269] (status_display) StderrLine: {'line': b'\x1b[01m\x1b[K/usr/include/x86_64-linux-gnu/qt5/QtCore/qline.h:203:40:\x1b[m\x1b[K \x1b[01;36m\x1b[Knote: \x1b[m\x1b[K  no known conversion for argument 1 from \xe2\x80\x98\x1b[01m\x1b[Kstd::basic_ostream<char>\x1b[m\x1b[K\xe2\x80\x99 to \xe2\x80\x98\x1b[01m\x1b[KQDebug\x1b[m\x1b[K\xe2\x80\x99\n'}
[7.751414] (status_display) StderrLine: {'line': b'  203 | Q_CORE_EXPORT QDebug operator<<(\x1b[01;36m\x1b[KQDebug d\x1b[m\x1b[K, const QLine &p);\n'}
[7.751548] (status_display) StderrLine: {'line': b'      |                                 \x1b[01;36m\x1b[K~~~~~~~^\x1b[m\x1b[K\n'}
[7.751672] (status_display) StderrLine: {'line': b'\x1b[01m\x1b[K/usr/include/x86_64-linux-gnu/qt5/QtCore/qline.h:207:28:\x1b[m\x1b[K \x1b[01;36m\x1b[Knote: \x1b[m\x1b[Kcandidate: \xe2\x80\x98\x1b[01m\x1b[KQDataStream& operator<<(QDataStream&, const QLine&)\x1b[m\x1b[K\xe2\x80\x99\n'}
[7.751815] (status_display) StderrLine: {'line': b'  207 | Q_CORE_EXPORT QDataStream &\x1b[01;36m\x1b[Koperator\x1b[m\x1b[K<<(QDataStream &, const QLine &);\n'}
[7.752062] (status_display) StderrLine: {'line': b'      |                            \x1b[01;36m\x1b[K^~~~~~~~\x1b[m\x1b[K\n'}
[7.752257] (status_display) StderrLine: {'line': b'\x1b[01m\x1b[K/usr/include/x86_64-linux-gnu/qt5/QtCore/qline.h:207:39:\x1b[m\x1b[K \x1b[01;36m\x1b[Knote: \x1b[m\x1b[K  no known conversion for argument 1 from \xe2\x80\x98\x1b[01m\x1b[Kstd::basic_ostream<char>\x1b[m\x1b[K\xe2\x80\x99 to \xe2\x80\x98\x1b[01m\x1b[KQDataStream&\x1b[m\x1b[K\xe2\x80\x99\n'}
[7.752400] (status_display) StderrLine: {'line': b'  207 | Q_CORE_EXPORT QDataStream &operator<<(\x1b[01;36m\x1b[KQDataStream &\x1b[m\x1b[K, const QLine &);\n'}
[7.752526] (status_display) StderrLine: {'line': b'      |                                       \x1b[01;36m\x1b[K^~~~~~~~~~~~~\x1b[m\x1b[K\n'}
[7.752649] (status_display) StderrLine: {'line': b'\x1b[01m\x1b[K/usr/include/x86_64-linux-gnu/qt5/QtCore/qline.h:430:22:\x1b[m\x1b[K \x1b[01;36m\x1b[Knote: \x1b[m\x1b[Kcandidate: \xe2\x80\x98\x1b[01m\x1b[KQDebug operator<<(QDebug, const QLineF&)\x1b[m\x1b[K\xe2\x80\x99\n'}
[7.752774] (status_display) StderrLine: {'line': b'  430 | Q_CORE_EXPORT QDebug \x1b[01;36m\x1b[Koperator\x1b[m\x1b[K<<(QDebug d, const QLineF &p);\n'}
[7.752922] (status_display) StderrLine: {'line': b'      |                      \x1b[01;36m\x1b[K^~~~~~~~\x1b[m\x1b[K\n'}
[7.753220] (status_display) StderrLine: {'line': b'\x1b[01m\x1b[K/usr/include/x86_64-linux-gnu/qt5/QtCore/qline.h:430:40:\x1b[m\x1b[K \x1b[01;36m\x1b[Knote: \x1b[m\x1b[K  no known conversion for argument 1 from \xe2\x80\x98\x1b[01m\x1b[Kstd::basic_ostream<char>\x1b[m\x1b[K\xe2\x80\x99 to \xe2\x80\x98\x1b[01m\x1b[KQDebug\x1b[m\x1b[K\xe2\x80\x99\n'}
[7.753314] (status_display) StderrLine: {'line': b'  430 | Q_CORE_EXPORT QDebug operator<<(\x1b[01;36m\x1b[KQDebug d\x1b[m\x1b[K, const QLineF &p);\n'}
[7.753399] (status_display) StderrLine: {'line': b'      |                                 \x1b[01;36m\x1b[K~~~~~~~^\x1b[m\x1b[K\n'}
[7.753482] (status_display) StderrLine: {'line': b'\x1b[01m\x1b[K/usr/include/x86_64-linux-gnu/qt5/QtCore/qline.h:434:28:\x1b[m\x1b[K \x1b[01;36m\x1b[Knote: \x1b[m\x1b[Kcandidate: \xe2\x80\x98\x1b[01m\x1b[KQDataStream& operator<<(QDataStream&, const QLineF&)\x1b[m\x1b[K\xe2\x80\x99\n'}
[7.753566] (status_display) StderrLine: {'line': b'  434 | Q_CORE_EXPORT QDataStream &\x1b[01;36m\x1b[Koperator\x1b[m\x1b[K<<(QDataStream &, const QLineF &);\n'}
[7.753649] (status_display) StderrLine: {'line': b'      |                            \x1b[01;36m\x1b[K^~~~~~~~\x1b[m\x1b[K\n'}
[7.753744] (status_display) StderrLine: {'line': b'\x1b[01m\x1b[K/usr/include/x86_64-linux-gnu/qt5/QtCore/qline.h:434:39:\x1b[m\x1b[K \x1b[01;36m\x1b[Knote: \x1b[m\x1b[K  no known conversion for argument 1 from \xe2\x80\x98\x1b[01m\x1b[Kstd::basic_ostream<char>\x1b[m\x1b[K\xe2\x80\x99 to \xe2\x80\x98\x1b[01m\x1b[KQDataStream&\x1b[m\x1b[K\xe2\x80\x99\n'}
[7.753834] (status_display) StderrLine: {'line': b'  434 | Q_CORE_EXPORT QDataStream &operator<<(\x1b[01;36m\x1b[KQDataStream &\x1b[m\x1b[K, const QLineF &);\n'}
[7.753947] (status_display) StderrLine: {'line': b'      |                                       \x1b[01;36m\x1b[K^~~~~~~~~~~~~\x1b[m\x1b[K\n'}
[7.754075] (status_display) StderrLine: {'line': b'In file included from \x1b[01m\x1b[K/usr/include/x86_64-linux-gnu/qt5/QtGui/qbrush.h:49\x1b[m\x1b[K,\n'}
[7.754167] (status_display) StderrLine: {'line': b'                 from \x1b[01m\x1b[K/usr/include/x86_64-linux-gnu/qt5/QtGui/qpalette.h:46\x1b[m\x1b[K,\n'}
[7.754249] (status_display) StderrLine: {'line': b'                 from \x1b[01m\x1b[K/usr/include/x86_64-linux-gnu/qt5/QtWidgets/qwidget.h:48\x1b[m\x1b[K,\n'}
[7.754331] (status_display) StderrLine: {'line': b'                 from \x1b[01m\x1b[K/usr/include/x86_64-linux-gnu/qt5/QtWidgets/qframe.h:44\x1b[m\x1b[K,\n'}
[7.754419] (status_display) StderrLine: {'line': b'                 from \x1b[01m\x1b[K/usr/include/x86_64-linux-gnu/qt5/QtWidgets/qlabel.h:44\x1b[m\x1b[K,\n'}
[7.754501] (status_display) StderrLine: {'line': b'                 from \x1b[01m\x1b[K/usr/include/x86_64-linux-gnu/qt5/QtWidgets/QLabel:1\x1b[m\x1b[K,\n'}
[7.754582] (status_display) StderrLine: {'line': b'                 from \x1b[01m\x1b[K/home/shenhang/ros_study/chapter3/topic_practice_workspace/src/status_display/src/sys_status_display.cpp:2\x1b[m\x1b[K:\n'}
[7.754672] (status_display) StderrLine: {'line': b'\x1b[01m\x1b[K/usr/include/x86_64-linux-gnu/qt5/QtGui/qmatrix.h:184:27:\x1b[m\x1b[K \x1b[01;36m\x1b[Knote: \x1b[m\x1b[Kcandidate: \xe2\x80\x98\x1b[01m\x1b[KQDataStream& operator<<(QDataStream&, const QMatrix&)\x1b[m\x1b[K\xe2\x80\x99\n'}
[7.754758] (status_display) StderrLine: {'line': b'  184 | Q_GUI_EXPORT QDataStream &\x1b[01;36m\x1b[Koperator\x1b[m\x1b[K<<(QDataStream &, const QMatrix &);\n'}
[7.754839] (status_display) StderrLine: {'line': b'      |                           \x1b[01;36m\x1b[K^~~~~~~~\x1b[m\x1b[K\n'}
[7.754966] (status_display) StderrLine: {'line': b'\x1b[01m\x1b[K/usr/include/x86_64-linux-gnu/qt5/QtGui/qmatrix.h:184:38:\x1b[m\x1b[K \x1b[01;36m\x1b[Knote: \x1b[m\x1b[K  no known conversion for argument 1 from \xe2\x80\x98\x1b[01m\x1b[Kstd::basic_ostream<char>\x1b[m\x1b[K\xe2\x80\x99 to \xe2\x80\x98\x1b[01m\x1b[KQDataStream&\x1b[m\x1b[K\xe2\x80\x99\n'}
[7.755086] (status_display) StderrLine: {'line': b'  184 | Q_GUI_EXPORT QDataStream &operator<<(\x1b[01;36m\x1b[KQDataStream &\x1b[m\x1b[K, const QMatrix &);\n'}
[7.755195] (status_display) StderrLine: {'line': b'      |                                      \x1b[01;36m\x1b[K^~~~~~~~~~~~~\x1b[m\x1b[K\n'}
[7.755304] (status_display) StderrLine: {'line': b'\x1b[01m\x1b[K/usr/include/x86_64-linux-gnu/qt5/QtGui/qmatrix.h:189:21:\x1b[m\x1b[K \x1b[01;36m\x1b[Knote: \x1b[m\x1b[Kcandidate: \xe2\x80\x98\x1b[01m\x1b[KQDebug operator<<(QDebug, const QMatrix&)\x1b[m\x1b[K\xe2\x80\x99\n'}
[7.755389] (status_display) StderrLine: {'line': b'  189 | Q_GUI_EXPORT QDebug \x1b[01;36m\x1b[Koperator\x1b[m\x1b[K<<(QDebug, const QMatrix &);\n'}
[7.755471] (status_display) StderrLine: {'line': b'      |                     \x1b[01;36m\x1b[K^~~~~~~~\x1b[m\x1b[K\n'}
[7.755554] (status_display) StderrLine: {'line': b'\x1b[01m\x1b[K/usr/include/x86_64-linux-gnu/qt5/QtGui/qmatrix.h:189:32:\x1b[m\x1b[K \x1b[01;36m\x1b[Knote: \x1b[m\x1b[K  no known conversion for argument 1 from \xe2\x80\x98\x1b[01m\x1b[Kstd::basic_ostream<char>\x1b[m\x1b[K\xe2\x80\x99 to \xe2\x80\x98\x1b[01m\x1b[KQDebug\x1b[m\x1b[K\xe2\x80\x99\n'}
[7.755672] (status_display) StderrLine: {'line': b'  189 | Q_GUI_EXPORT QDebug operator<<(\x1b[01;36m\x1b[KQDebug\x1b[m\x1b[K, const QMatrix &);\n'}
[7.755830] (status_display) StderrLine: {'line': b'      |                                \x1b[01;36m\x1b[K^~~~~~\x1b[m\x1b[K\n'}
[7.755956] (status_display) StderrLine: {'line': b'In file included from \x1b[01m\x1b[K/usr/include/x86_64-linux-gnu/qt5/QtGui/qbrush.h:50\x1b[m\x1b[K,\n'}
[7.756061] (status_display) StderrLine: {'line': b'                 from \x1b[01m\x1b[K/usr/include/x86_64-linux-gnu/qt5/QtGui/qpalette.h:46\x1b[m\x1b[K,\n'}
[7.756144] (status_display) StderrLine: {'line': b'                 from \x1b[01m\x1b[K/usr/include/x86_64-linux-gnu/qt5/QtWidgets/qwidget.h:48\x1b[m\x1b[K,\n'}
[7.756232] (status_display) StderrLine: {'line': b'                 from \x1b[01m\x1b[K/usr/include/x86_64-linux-gnu/qt5/QtWidgets/qframe.h:44\x1b[m\x1b[K,\n'}
[7.756316] (status_display) StderrLine: {'line': b'                 from \x1b[01m\x1b[K/usr/include/x86_64-linux-gnu/qt5/QtWidgets/qlabel.h:44\x1b[m\x1b[K,\n'}
[7.756397] (status_display) StderrLine: {'line': b'                 from \x1b[01m\x1b[K/usr/include/x86_64-linux-gnu/qt5/QtWidgets/QLabel:1\x1b[m\x1b[K,\n'}
[7.756478] (status_display) StderrLine: {'line': b'                 from \x1b[01m\x1b[K/home/shenhang/ros_study/chapter3/topic_practice_workspace/src/status_display/src/sys_status_display.cpp:2\x1b[m\x1b[K:\n'}
[7.756560] (status_display) StderrLine: {'line': b'\x1b[01m\x1b[K/usr/include/x86_64-linux-gnu/qt5/QtGui/qtransform.h:386:27:\x1b[m\x1b[K \x1b[01;36m\x1b[Knote: \x1b[m\x1b[Kcandidate: \xe2\x80\x98\x1b[01m\x1b[KQDataStream& operator<<(QDataStream&, const QTransform&)\x1b[m\x1b[K\xe2\x80\x99\n'}
[7.756643] (status_display) StderrLine: {'line': b'  386 | Q_GUI_EXPORT QDataStream &\x1b[01;36m\x1b[Koperator\x1b[m\x1b[K<<(QDataStream &, const QTransform &);\n'}
[7.756724] (status_display) StderrLine: {'line': b'      |                           \x1b[01;36m\x1b[K^~~~~~~~\x1b[m\x1b[K\n'}
[7.756806] (status_display) StderrLine: {'line': b'\x1b[01m\x1b[K/usr/include/x86_64-linux-gnu/qt5/QtGui/qtransform.h:386:38:\x1b[m\x1b[K \x1b[01;36m\x1b[Knote: \x1b[m\x1b[K  no known conversion for argument 1 from \xe2\x80\x98\x1b[01m\x1b[Kstd::basic_ostream<char>\x1b[m\x1b[K\xe2\x80\x99 to \xe2\x80\x98\x1b[01m\x1b[KQDataStream&\x1b[m\x1b[K\xe2\x80\x99\n'}
[7.756993] (status_display) StderrLine: {'line': b'  386 | Q_GUI_EXPORT QDataStream &operator<<(\x1b[01;36m\x1b[KQDataStream &\x1b[m\x1b[K, const QTransform &);\n'}
[7.757097] (status_display) StderrLine: {'line': b'      |                                      \x1b[01;36m\x1b[K^~~~~~~~~~~~~\x1b[m\x1b[K\n'}
[7.757181] (status_display) StderrLine: {'line': b'\x1b[01m\x1b[K/usr/include/x86_64-linux-gnu/qt5/QtGui/qtransform.h:391:21:\x1b[m\x1b[K \x1b[01;36m\x1b[Knote: \x1b[m\x1b[Kcandidate: \xe2\x80\x98\x1b[01m\x1b[KQDebug operator<<(QDebug, const QTransform&)\x1b[m\x1b[K\xe2\x80\x99\n'}
[7.757265] (status_display) StderrLine: {'line': b'  391 | Q_GUI_EXPORT QDebug \x1b[01;36m\x1b[Koperator\x1b[m\x1b[K<<(QDebug, const QTransform &);\n'}
[7.757347] (status_display) StderrLine: {'line': b'      |                     \x1b[01;36m\x1b[K^~~~~~~~\x1b[m\x1b[K\n'}
[7.757449] (status_display) StderrLine: {'line': b'\x1b[01m\x1b[K/usr/include/x86_64-linux-gnu/qt5/QtGui/qtransform.h:391:32:\x1b[m\x1b[K \x1b[01;36m\x1b[Knote: \x1b[m\x1b[K  no known conversion for argument 1 from \xe2\x80\x98\x1b[01m\x1b[Kstd::basic_ostream<char>\x1b[m\x1b[K\xe2\x80\x99 to \xe2\x80\x98\x1b[01m\x1b[KQDebug\x1b[m\x1b[K\xe2\x80\x99\n'}
[7.757551] (status_display) StderrLine: {'line': b'  391 | Q_GUI_EXPORT QDebug operator<<(\x1b[01;36m\x1b[KQDebug\x1b[m\x1b[K, const QTransform &);\n'}
[7.757635] (status_display) StderrLine: {'line': b'      |                                \x1b[01;36m\x1b[K^~~~~~\x1b[m\x1b[K\n'}
[7.757770] (status_display) StderrLine: {'line': b'In file included from \x1b[01m\x1b[K/usr/include/x86_64-linux-gnu/qt5/QtGui/qbrush.h:51\x1b[m\x1b[K,\n'}
[7.757857] (status_display) StderrLine: {'line': b'                 from \x1b[01m\x1b[K/usr/include/x86_64-linux-gnu/qt5/QtGui/qpalette.h:46\x1b[m\x1b[K,\n'}
[7.758001] (status_display) StderrLine: {'line': b'                 from \x1b[01m\x1b[K/usr/include/x86_64-linux-gnu/qt5/QtWidgets/qwidget.h:48\x1b[m\x1b[K,\n'}
[7.758091] (status_display) StderrLine: {'line': b'                 from \x1b[01m\x1b[K/usr/include/x86_64-linux-gnu/qt5/QtWidgets/qframe.h:44\x1b[m\x1b[K,\n'}
[7.758176] (status_display) StderrLine: {'line': b'                 from \x1b[01m\x1b[K/usr/include/x86_64-linux-gnu/qt5/QtWidgets/qlabel.h:44\x1b[m\x1b[K,\n'}
[7.758262] (status_display) StderrLine: {'line': b'                 from \x1b[01m\x1b[K/usr/include/x86_64-linux-gnu/qt5/QtWidgets/QLabel:1\x1b[m\x1b[K,\n'}
[7.758348] (status_display) StderrLine: {'line': b'                 from \x1b[01m\x1b[K/home/shenhang/ros_study/chapter3/topic_practice_workspace/src/status_display/src/sys_status_display.cpp:2\x1b[m\x1b[K:\n'}
[7.758435] (status_display) StderrLine: {'line': b'\x1b[01m\x1b[K/usr/include/x86_64-linux-gnu/qt5/QtGui/qimage.h:502:27:\x1b[m\x1b[K \x1b[01;36m\x1b[Knote: \x1b[m\x1b[Kcandidate: \xe2\x80\x98\x1b[01m\x1b[KQDataStream& operator<<(QDataStream&, const QImage&)\x1b[m\x1b[K\xe2\x80\x99\n'}
[7.758522] (status_display) StderrLine: {'line': b'  502 | Q_GUI_EXPORT QDataStream &\x1b[01;36m\x1b[Koperator\x1b[m\x1b[K<<(QDataStream &, const QImage &);\n'}
[7.758608] (status_display) StderrLine: {'line': b'      |                           \x1b[01;36m\x1b[K^~~~~~~~\x1b[m\x1b[K\n'}
[7.758693] (status_display) StderrLine: {'line': b'\x1b[01m\x1b[K/usr/include/x86_64-linux-gnu/qt5/QtGui/qimage.h:502:38:\x1b[m\x1b[K \x1b[01;36m\x1b[Knote: \x1b[m\x1b[K  no known conversion for argument 1 from \xe2\x80\x98\x1b[01m\x1b[Kstd::basic_ostream<char>\x1b[m\x1b[K\xe2\x80\x99 to \xe2\x80\x98\x1b[01m\x1b[KQDataStream&\x1b[m\x1b[K\xe2\x80\x99\n'}
[7.758795] (status_display) StderrLine: {'line': b'  502 | Q_GUI_EXPORT QDataStream &operator<<(\x1b[01;36m\x1b[KQDataStream &\x1b[m\x1b[K, const QImage &);\n'}
[7.758901] (status_display) StderrLine: {'line': b'      |                                      \x1b[01;36m\x1b[K^~~~~~~~~~~~~\x1b[m\x1b[K\n'}
[7.759031] (status_display) StderrLine: {'line': b'\x1b[01m\x1b[K/usr/include/x86_64-linux-gnu/qt5/QtGui/qimage.h:507:21:\x1b[m\x1b[K \x1b[01;36m\x1b[Knote: \x1b[m\x1b[Kcandidate: \xe2\x80\x98\x1b[01m\x1b[KQDebug operator<<(QDebug, const QImage&)\x1b[m\x1b[K\xe2\x80\x99\n'}
[7.759114] (status_display) StderrLine: {'line': b'  507 | Q_GUI_EXPORT QDebug \x1b[01;36m\x1b[Koperator\x1b[m\x1b[K<<(QDebug, const QImage &);\n'}
[7.759210] (status_display) StderrLine: {'line': b'      |                     \x1b[01;36m\x1b[K^~~~~~~~\x1b[m\x1b[K\n'}
[7.759346] (status_display) StderrLine: {'line': b'\x1b[01m\x1b[K/usr/include/x86_64-linux-gnu/qt5/QtGui/qimage.h:507:32:\x1b[m\x1b[K \x1b[01;36m\x1b[Knote: \x1b[m\x1b[K  no known conversion for argument 1 from \xe2\x80\x98\x1b[01m\x1b[Kstd::basic_ostream<char>\x1b[m\x1b[K\xe2\x80\x99 to \xe2\x80\x98\x1b[01m\x1b[KQDebug\x1b[m\x1b[K\xe2\x80\x99\n'}
[7.759464] (status_display) StderrLine: {'line': b'  507 | Q_GUI_EXPORT QDebug operator<<(\x1b[01;36m\x1b[KQDebug\x1b[m\x1b[K, const QImage &);\n'}
[7.759580] (status_display) StderrLine: {'line': b'      |                                \x1b[01;36m\x1b[K^~~~~~\x1b[m\x1b[K\n'}
[7.759700] (status_display) StderrLine: {'line': b'In file included from \x1b[01m\x1b[K/usr/include/x86_64-linux-gnu/qt5/QtGui/qbrush.h:52\x1b[m\x1b[K,\n'}
[7.759783] (status_display) StderrLine: {'line': b'                 from \x1b[01m\x1b[K/usr/include/x86_64-linux-gnu/qt5/QtGui/qpalette.h:46\x1b[m\x1b[K,\n'}
[7.759949] (status_display) StderrLine: {'line': b'                 from \x1b[01m\x1b[K/usr/include/x86_64-linux-gnu/qt5/QtWidgets/qwidget.h:48\x1b[m\x1b[K,\n'}
[7.760056] (status_display) StderrLine: {'line': b'                 from \x1b[01m\x1b[K/usr/include/x86_64-linux-gnu/qt5/QtWidgets/qframe.h:44\x1b[m\x1b[K,\n'}
[7.760159] (status_display) StderrLine: {'line': b'                 from \x1b[01m\x1b[K/usr/include/x86_64-linux-gnu/qt5/QtWidgets/qlabel.h:44\x1b[m\x1b[K,\n'}
[7.760240] (status_display) StderrLine: {'line': b'                 from \x1b[01m\x1b[K/usr/include/x86_64-linux-gnu/qt5/QtWidgets/QLabel:1\x1b[m\x1b[K,\n'}
[7.760377] (status_display) StderrLine: {'line': b'                 from \x1b[01m\x1b[K/home/shenhang/ros_study/chapter3/topic_practice_workspace/src/status_display/src/sys_status_display.cpp:2\x1b[m\x1b[K:\n'}
[7.760457] (status_display) StderrLine: {'line': b'\x1b[01m\x1b[K/usr/include/x86_64-linux-gnu/qt5/QtGui/qpixmap.h:254:27:\x1b[m\x1b[K \x1b[01;36m\x1b[Knote: \x1b[m\x1b[Kcandidate: \xe2\x80\x98\x1b[01m\x1b[KQDataStream& operator<<(QDataStream&, const QPixmap&)\x1b[m\x1b[K\xe2\x80\x99\n'}
[7.760559] (status_display) StderrLine: {'line': b'  254 | Q_GUI_EXPORT QDataStream &\x1b[01;36m\x1b[Koperator\x1b[m\x1b[K<<(QDataStream &, const QPixmap &);\n'}
[7.760641] (status_display) StderrLine: {'line': b'      |                           \x1b[01;36m\x1b[K^~~~~~~~\x1b[m\x1b[K\n'}
[7.760723] (status_display) StderrLine: {'line': b'\x1b[01m\x1b[K/usr/include/x86_64-linux-gnu/qt5/QtGui/qpixmap.h:254:38:\x1b[m\x1b[K \x1b[01;36m\x1b[Knote: \x1b[m\x1b[K  no known conversion for argument 1 from \xe2\x80\x98\x1b[01m\x1b[Kstd::basic_ostream<char>\x1b[m\x1b[K\xe2\x80\x99 to \xe2\x80\x98\x1b[01m\x1b[KQDataStream&\x1b[m\x1b[K\xe2\x80\x99\n'}
[7.760932] (status_display) StderrLine: {'line': b'  254 | Q_GUI_EXPORT QDataStream &operator<<(\x1b[01;36m\x1b[KQDataStream &\x1b[m\x1b[K, const QPixmap &);\n'}
[7.761023] (status_display) StderrLine: {'line': b'      |                                      \x1b[01;36m\x1b[K^~~~~~~~~~~~~\x1b[m\x1b[K\n'}
[7.761123] (status_display) StderrLine: {'line': b'\x1b[01m\x1b[K/usr/include/x86_64-linux-gnu/qt5/QtGui/qpixmap.h:259:21:\x1b[m\x1b[K \x1b[01;36m\x1b[Knote: \x1b[m\x1b[Kcandidate: \xe2\x80\x98\x1b[01m\x1b[KQDebug operator<<(QDebug, const QPixmap&)\x1b[m\x1b[K\xe2\x80\x99\n'}
[7.761207] (status_display) StderrLine: {'line': b'  259 | Q_GUI_EXPORT QDebug \x1b[01;36m\x1b[Koperator\x1b[m\x1b[K<<(QDebug, const QPixmap &);\n'}
[7.761289] (status_display) StderrLine: {'line': b'      |                     \x1b[01;36m\x1b[K^~~~~~~~\x1b[m\x1b[K\n'}
[7.761400] (status_display) StderrLine: {'line': b'\x1b[01m\x1b[K/usr/include/x86_64-linux-gnu/qt5/QtGui/qpixmap.h:259:32:\x1b[m\x1b[K \x1b[01;36m\x1b[Knote: \x1b[m\x1b[K  no known conversion for argument 1 from \xe2\x80\x98\x1b[01m\x1b[Kstd::basic_ostream<char>\x1b[m\x1b[K\xe2\x80\x99 to \xe2\x80\x98\x1b[01m\x1b[KQDebug\x1b[m\x1b[K\xe2\x80\x99\n'}
[7.761483] (status_display) StderrLine: {'line': b'  259 | Q_GUI_EXPORT QDebug operator<<(\x1b[01;36m\x1b[KQDebug\x1b[m\x1b[K, const QPixmap &);\n'}
[7.761564] (status_display) StderrLine: {'line': b'      |                                \x1b[01;36m\x1b[K^~~~~~\x1b[m\x1b[K\n'}
[7.761675] (status_display) StderrLine: {'line': b'In file included from \x1b[01m\x1b[K/usr/include/x86_64-linux-gnu/qt5/QtGui/qpalette.h:46\x1b[m\x1b[K,\n'}
[7.761831] (status_display) StderrLine: {'line': b'                 from \x1b[01m\x1b[K/usr/include/x86_64-linux-gnu/qt5/QtWidgets/qwidget.h:48\x1b[m\x1b[K,\n'}
[7.761966] (status_display) StderrLine: {'line': b'                 from \x1b[01m\x1b[K/usr/include/x86_64-linux-gnu/qt5/QtWidgets/qframe.h:44\x1b[m\x1b[K,\n'}
[7.762049] (status_display) StderrLine: {'line': b'                 from \x1b[01m\x1b[K/usr/include/x86_64-linux-gnu/qt5/QtWidgets/qlabel.h:44\x1b[m\x1b[K,\n'}
[7.762226] (status_display) StderrLine: {'line': b'                 from \x1b[01m\x1b[K/usr/include/x86_64-linux-gnu/qt5/QtWidgets/QLabel:1\x1b[m\x1b[K,\n'}
[7.762342] (status_display) StderrLine: {'line': b'                 from \x1b[01m\x1b[K/home/shenhang/ros_study/chapter3/topic_practice_workspace/src/status_display/src/sys_status_display.cpp:2\x1b[m\x1b[K:\n'}
[7.762455] (status_display) StderrLine: {'line': b'\x1b[01m\x1b[K/usr/include/x86_64-linux-gnu/qt5/QtGui/qbrush.h:144:27:\x1b[m\x1b[K \x1b[01;36m\x1b[Knote: \x1b[m\x1b[Kcandidate: \xe2\x80\x98\x1b[01m\x1b[KQDataStream& operator<<(QDataStream&, const QBrush&)\x1b[m\x1b[K\xe2\x80\x99\n'}
[7.762568] (status_display) StderrLine: {'line': b'  144 | Q_GUI_EXPORT QDataStream &\x1b[01;36m\x1b[Koperator\x1b[m\x1b[K<<(QDataStream &, const QBrush &);\n'}
[7.762689] (status_display) StderrLine: {'line': b'      |                           \x1b[01;36m\x1b[K^~~~~~~~\x1b[m\x1b[K\n'}
[7.762869] (status_display) StderrLine: {'line': b'\x1b[01m\x1b[K/usr/include/x86_64-linux-gnu/qt5/QtGui/qbrush.h:144:38:\x1b[m\x1b[K \x1b[01;36m\x1b[Knote: \x1b[m\x1b[K  no known conversion for argument 1 from \xe2\x80\x98\x1b[01m\x1b[Kstd::basic_ostream<char>\x1b[m\x1b[K\xe2\x80\x99 to \xe2\x80\x98\x1b[01m\x1b[KQDataStream&\x1b[m\x1b[K\xe2\x80\x99\n'}
[7.763002] (status_display) StderrLine: {'line': b'  144 | Q_GUI_EXPORT QDataStream &operator<<(\x1b[01;36m\x1b[KQDataStream &\x1b[m\x1b[K, const QBrush &);\n'}
[7.763086] (status_display) StderrLine: {'line': b'      |                                      \x1b[01;36m\x1b[K^~~~~~~~~~~~~\x1b[m\x1b[K\n'}
[7.763166] (status_display) StderrLine: {'line': b'\x1b[01m\x1b[K/usr/include/x86_64-linux-gnu/qt5/QtGui/qbrush.h:149:21:\x1b[m\x1b[K \x1b[01;36m\x1b[Knote: \x1b[m\x1b[Kcandidate: \xe2\x80\x98\x1b[01m\x1b[KQDebug operator<<(QDebug, const QBrush&)\x1b[m\x1b[K\xe2\x80\x99\n'}
[7.763320] (status_display) StderrLine: {'line': b'  149 | Q_GUI_EXPORT QDebug \x1b[01;36m\x1b[Koperator\x1b[m\x1b[K<<(QDebug, const QBrush &);\n'}
[7.763460] (status_display) StderrLine: {'line': b'      |                     \x1b[01;36m\x1b[K^~~~~~~~\x1b[m\x1b[K\n'}
[7.763541] (status_display) StderrLine: {'line': b'\x1b[01m\x1b[K/usr/include/x86_64-linux-gnu/qt5/QtGui/qbrush.h:149:32:\x1b[m\x1b[K \x1b[01;36m\x1b[Knote: \x1b[m\x1b[K  no known conversion for argument 1 from \xe2\x80\x98\x1b[01m\x1b[Kstd::basic_ostream<char>\x1b[m\x1b[K\xe2\x80\x99 to \xe2\x80\x98\x1b[01m\x1b[KQDebug\x1b[m\x1b[K\xe2\x80\x99\n'}
[7.763624] (status_display) StderrLine: {'line': b'  149 | Q_GUI_EXPORT QDebug operator<<(\x1b[01;36m\x1b[KQDebug\x1b[m\x1b[K, const QBrush &);\n'}
[7.763759] (status_display) StderrLine: {'line': b'      |                                \x1b[01;36m\x1b[K^~~~~~\x1b[m\x1b[K\n'}
[7.763903] (status_display) StderrLine: {'line': b'In file included from \x1b[01m\x1b[K/usr/include/x86_64-linux-gnu/qt5/QtWidgets/qwidget.h:48\x1b[m\x1b[K,\n'}
[7.764030] (status_display) StderrLine: {'line': b'                 from \x1b[01m\x1b[K/usr/include/x86_64-linux-gnu/qt5/QtWidgets/qframe.h:44\x1b[m\x1b[K,\n'}
[7.764113] (status_display) StderrLine: {'line': b'                 from \x1b[01m\x1b[K/usr/include/x86_64-linux-gnu/qt5/QtWidgets/qlabel.h:44\x1b[m\x1b[K,\n'}
[7.764200] (status_display) StderrLine: {'line': b'                 from \x1b[01m\x1b[K/usr/include/x86_64-linux-gnu/qt5/QtWidgets/QLabel:1\x1b[m\x1b[K,\n'}
[7.764282] (status_display) StderrLine: {'line': b'                 from \x1b[01m\x1b[K/home/shenhang/ros_study/chapter3/topic_practice_workspace/src/status_display/src/sys_status_display.cpp:2\x1b[m\x1b[K:\n'}
[7.764365] (status_display) StderrLine: {'line': b'\x1b[01m\x1b[K/usr/include/x86_64-linux-gnu/qt5/QtGui/qpalette.h:212:27:\x1b[m\x1b[K \x1b[01;36m\x1b[Knote: \x1b[m\x1b[Kcandidate: \xe2\x80\x98\x1b[01m\x1b[KQDataStream& operator<<(QDataStream&, const QPalette&)\x1b[m\x1b[K\xe2\x80\x99\n'}
[7.764452] (status_display) StderrLine: {'line': b'  212 | Q_GUI_EXPORT QDataStream &\x1b[01;36m\x1b[Koperator\x1b[m\x1b[K<<(QDataStream &ds, const QPalette &p);\n'}
[7.764534] (status_display) StderrLine: {'line': b'      |                           \x1b[01;36m\x1b[K^~~~~~~~\x1b[m\x1b[K\n'}
[7.764615] (status_display) StderrLine: {'line': b'\x1b[01m\x1b[K/usr/include/x86_64-linux-gnu/qt5/QtGui/qpalette.h:195:62:\x1b[m\x1b[K \x1b[01;36m\x1b[Knote: \x1b[m\x1b[K  no known conversion for argument 1 from \xe2\x80\x98\x1b[01m\x1b[Kstd::basic_ostream<char>\x1b[m\x1b[K\xe2\x80\x99 to \xe2\x80\x98\x1b[01m\x1b[KQDataStream&\x1b[m\x1b[K\xe2\x80\x99\n'}
[7.764697] (status_display) StderrLine: {'line': b'  195 |     friend Q_GUI_EXPORT QDataStream &operator<<(\x1b[01;36m\x1b[KQDataStream &s\x1b[m\x1b[K, const QPalette &p);\n'}
[7.764808] (status_display) StderrLine: {'line': b'      |                                                 \x1b[01;36m\x1b[K~~~~~~~~~~~~~^\x1b[m\x1b[K\n'}
[7.764988] (status_display) StderrLine: {'line': b'\x1b[01m\x1b[K/usr/include/x86_64-linux-gnu/qt5/QtGui/qpalette.h:217:21:\x1b[m\x1b[K \x1b[01;36m\x1b[Knote: \x1b[m\x1b[Kcandidate: \xe2\x80\x98\x1b[01m\x1b[KQDebug operator<<(QDebug, const QPalette&)\x1b[m\x1b[K\xe2\x80\x99\n'}
[7.765100] (status_display) StderrLine: {'line': b'  217 | Q_GUI_EXPORT QDebug \x1b[01;36m\x1b[Koperator\x1b[m\x1b[K<<(QDebug, const QPalette &);\n'}
[7.765206] (status_display) StderrLine: {'line': b'      |                     \x1b[01;36m\x1b[K^~~~~~~~\x1b[m\x1b[K\n'}
[7.765287] (status_display) StderrLine: {'line': b'\x1b[01m\x1b[K/usr/include/x86_64-linux-gnu/qt5/QtGui/qpalette.h:217:32:\x1b[m\x1b[K \x1b[01;36m\x1b[Knote: \x1b[m\x1b[K  no known conversion for argument 1 from \xe2\x80\x98\x1b[01m\x1b[Kstd::basic_ostream<char>\x1b[m\x1b[K\xe2\x80\x99 to \xe2\x80\x98\x1b[01m\x1b[KQDebug\x1b[m\x1b[K\xe2\x80\x99\n'}
[7.765341] (status_display) StderrLine: {'line': b'  217 | Q_GUI_EXPORT QDebug operator<<(\x1b[01;36m\x1b[KQDebug\x1b[m\x1b[K, const QPalette &);\n'}
[7.765389] (status_display) StderrLine: {'line': b'      |                                \x1b[01;36m\x1b[K^~~~~~\x1b[m\x1b[K\n'}
[7.765436] (status_display) StderrLine: {'line': b'In file included from \x1b[01m\x1b[K/usr/include/x86_64-linux-gnu/qt5/QtWidgets/qwidget.h:49\x1b[m\x1b[K,\n'}
[7.765509] (status_display) StderrLine: {'line': b'                 from \x1b[01m\x1b[K/usr/include/x86_64-linux-gnu/qt5/QtWidgets/qframe.h:44\x1b[m\x1b[K,\n'}
[7.765623] (status_display) StderrLine: {'line': b'                 from \x1b[01m\x1b[K/usr/include/x86_64-linux-gnu/qt5/QtWidgets/qlabel.h:44\x1b[m\x1b[K,\n'}
[7.765679] (status_display) StderrLine: {'line': b'                 from \x1b[01m\x1b[K/usr/include/x86_64-linux-gnu/qt5/QtWidgets/QLabel:1\x1b[m\x1b[K,\n'}
[7.765945] (status_display) StderrLine: {'line': b'                 from \x1b[01m\x1b[K/home/shenhang/ros_study/chapter3/topic_practice_workspace/src/status_display/src/sys_status_display.cpp:2\x1b[m\x1b[K:\n'}
[7.766124] (status_display) StderrLine: {'line': b'\x1b[01m\x1b[K/usr/include/x86_64-linux-gnu/qt5/QtGui/qfont.h:374:27:\x1b[m\x1b[K \x1b[01;36m\x1b[Knote: \x1b[m\x1b[Kcandidate: \xe2\x80\x98\x1b[01m\x1b[KQDataStream& operator<<(QDataStream&, const QFont&)\x1b[m\x1b[K\xe2\x80\x99\n'}
[7.766275] (status_display) StderrLine: {'line': b'  374 | Q_GUI_EXPORT QDataStream &\x1b[01;36m\x1b[Koperator\x1b[m\x1b[K<<(QDataStream &, const QFont &);\n'}
[7.766373] (status_display) StderrLine: {'line': b'      |                           \x1b[01;36m\x1b[K^~~~~~~~\x1b[m\x1b[K\n'}
[7.766457] (status_display) StderrLine: {'line': b'\x1b[01m\x1b[K/usr/include/x86_64-linux-gnu/qt5/QtGui/qfont.h:336:49:\x1b[m\x1b[K \x1b[01;36m\x1b[Knote: \x1b[m\x1b[K  no known conversion for argument 1 from \xe2\x80\x98\x1b[01m\x1b[Kstd::basic_ostream<char>\x1b[m\x1b[K\xe2\x80\x99 to \xe2\x80\x98\x1b[01m\x1b[KQDataStream&\x1b[m\x1b[K\xe2\x80\x99\n'}
[7.766543] (status_display) StderrLine: {'line': b'  336 |     friend Q_GUI_EXPORT QDataStream &operator<<(\x1b[01;36m\x1b[KQDataStream &\x1b[m\x1b[K, const QFont &);\n'}
[7.766625] (status_display) StderrLine: {'line': b'      |                                                 \x1b[01;36m\x1b[K^~~~~~~~~~~~~\x1b[m\x1b[K\n'}
[7.766810] (status_display) StderrLine: {'line': b'\x1b[01m\x1b[K/usr/include/x86_64-linux-gnu/qt5/QtGui/qfont.h:379:21:\x1b[m\x1b[K \x1b[01;36m\x1b[Knote: \x1b[m\x1b[Kcandidate: \xe2\x80\x98\x1b[01m\x1b[KQDebug operator<<(QDebug, const QFont&)\x1b[m\x1b[K\xe2\x80\x99\n'}
[7.766977] (status_display) StderrLine: {'line': b'  379 | Q_GUI_EXPORT QDebug \x1b[01;36m\x1b[Koperator\x1b[m\x1b[K<<(QDebug, const QFont &);\n'}
[7.767163] (status_display) StderrLine: {'line': b'      |                     \x1b[01;36m\x1b[K^~~~~~~~\x1b[m\x1b[K\n'}
[7.767325] (status_display) StderrLine: {'line': b'\x1b[01m\x1b[K/usr/include/x86_64-linux-gnu/qt5/QtGui/qfont.h:341:43:\x1b[m\x1b[K \x1b[01;36m\x1b[Knote: \x1b[m\x1b[K  no known conversion for argument 1 from \xe2\x80\x98\x1b[01m\x1b[Kstd::basic_ostream<char>\x1b[m\x1b[K\xe2\x80\x99 to \xe2\x80\x98\x1b[01m\x1b[KQDebug\x1b[m\x1b[K\xe2\x80\x99\n'}
[7.767479] (status_display) StderrLine: {'line': b'  341 |     friend Q_GUI_EXPORT QDebug operator<<(\x1b[01;36m\x1b[KQDebug\x1b[m\x1b[K, const QFont &);\n'}
[7.767615] (status_display) StderrLine: {'line': b'      |                                           \x1b[01;36m\x1b[K^~~~~~\x1b[m\x1b[K\n'}
[7.767772] (status_display) StderrLine: {'line': b'In file included from \x1b[01m\x1b[K/usr/include/x86_64-linux-gnu/qt5/QtWidgets/qwidget.h:52\x1b[m\x1b[K,\n'}
[7.767857] (status_display) StderrLine: {'line': b'                 from \x1b[01m\x1b[K/usr/include/x86_64-linux-gnu/qt5/QtWidgets/qframe.h:44\x1b[m\x1b[K,\n'}
[7.767976] (status_display) StderrLine: {'line': b'                 from \x1b[01m\x1b[K/usr/include/x86_64-linux-gnu/qt5/QtWidgets/qlabel.h:44\x1b[m\x1b[K,\n'}
[7.768077] (status_display) StderrLine: {'line': b'                 from \x1b[01m\x1b[K/usr/include/x86_64-linux-gnu/qt5/QtWidgets/QLabel:1\x1b[m\x1b[K,\n'}
[7.768164] (status_display) StderrLine: {'line': b'                 from \x1b[01m\x1b[K/home/shenhang/ros_study/chapter3/topic_practice_workspace/src/status_display/src/sys_status_display.cpp:2\x1b[m\x1b[K:\n'}
[7.768252] (status_display) StderrLine: {'line': b'\x1b[01m\x1b[K/usr/include/x86_64-linux-gnu/qt5/QtWidgets/qsizepolicy.h:237:31:\x1b[m\x1b[K \x1b[01;36m\x1b[Knote: \x1b[m\x1b[Kcandidate: \xe2\x80\x98\x1b[01m\x1b[KQDataStream& operator<<(QDataStream&, const QSizePolicy&)\x1b[m\x1b[K\xe2\x80\x99\n'}
[7.768335] (status_display) StderrLine: {'line': b'  237 | Q_WIDGETS_EXPORT QDataStream &\x1b[01;36m\x1b[Koperator\x1b[m\x1b[K<<(QDataStream &, const QSizePolicy &);\n'}
[7.768417] (status_display) StderrLine: {'line': b'      |                               \x1b[01;36m\x1b[K^~~~~~~~\x1b[m\x1b[K\n'}
[7.768498] (status_display) StderrLine: {'line': b'\x1b[01m\x1b[K/usr/include/x86_64-linux-gnu/qt5/QtWidgets/qsizepolicy.h:173:53:\x1b[m\x1b[K \x1b[01;36m\x1b[Knote: \x1b[m\x1b[K  no known conversion for argument 1 from \xe2\x80\x98\x1b[01m\x1b[Kstd::basic_ostream<char>\x1b[m\x1b[K\xe2\x80\x99 to \xe2\x80\x98\x1b[01m\x1b[KQDataStream&\x1b[m\x1b[K\xe2\x80\x99\n'}
[7.768586] (status_display) StderrLine: {'line': b'  173 |     friend Q_WIDGETS_EXPORT QDataStream &operator<<(\x1b[01;36m\x1b[KQDataStream &\x1b[m\x1b[K, const QSizePolicy &);\n'}
[7.768730] (status_display) StderrLine: {'line': b'      |                                                     \x1b[01;36m\x1b[K^~~~~~~~~~~~~\x1b[m\x1b[K\n'}
[7.768826] (status_display) StderrLine: {'line': b'\x1b[01m\x1b[K/usr/include/x86_64-linux-gnu/qt5/QtWidgets/qsizepolicy.h:242:25:\x1b[m\x1b[K \x1b[01;36m\x1b[Knote: \x1b[m\x1b[Kcandidate: \xe2\x80\x98\x1b[01m\x1b[KQDebug operator<<(QDebug, const QSizePolicy&)\x1b[m\x1b[K\xe2\x80\x99\n'}
[7.768944] (status_display) StderrLine: {'line': b'  242 | Q_WIDGETS_EXPORT QDebug \x1b[01;36m\x1b[Koperator\x1b[m\x1b[K<<(QDebug dbg, const QSizePolicy &);\n'}
[7.769037] (status_display) StderrLine: {'line': b'      |                         \x1b[01;36m\x1b[K^~~~~~~~\x1b[m\x1b[K\n'}
[7.769118] (status_display) StderrLine: {'line': b'\x1b[01m\x1b[K/usr/include/x86_64-linux-gnu/qt5/QtWidgets/qsizepolicy.h:242:43:\x1b[m\x1b[K \x1b[01;36m\x1b[Knote: \x1b[m\x1b[K  no known conversion for argument 1 from \xe2\x80\x98\x1b[01m\x1b[Kstd::basic_ostream<char>\x1b[m\x1b[K\xe2\x80\x99 to \xe2\x80\x98\x1b[01m\x1b[KQDebug\x1b[m\x1b[K\xe2\x80\x99\n'}
[7.769201] (status_display) StderrLine: {'line': b'  242 | Q_WIDGETS_EXPORT QDebug operator<<(\x1b[01;36m\x1b[KQDebug dbg\x1b[m\x1b[K, const QSizePolicy &);\n'}
[7.769283] (status_display) StderrLine: {'line': b'      |                                    \x1b[01;36m\x1b[K~~~~~~~^~~\x1b[m\x1b[K\n'}
[7.769364] (status_display) StderrLine: {'line': b'In file included from \x1b[01m\x1b[K/usr/include/x86_64-linux-gnu/qt5/QtWidgets/qwidget.h:56\x1b[m\x1b[K,\n'}
[7.769445] (status_display) StderrLine: {'line': b'                 from \x1b[01m\x1b[K/usr/include/x86_64-linux-gnu/qt5/QtWidgets/qframe.h:44\x1b[m\x1b[K,\n'}
[7.769533] (status_display) StderrLine: {'line': b'                 from \x1b[01m\x1b[K/usr/include/x86_64-linux-gnu/qt5/QtWidgets/qlabel.h:44\x1b[m\x1b[K,\n'}
[7.769641] (status_display) StderrLine: {'line': b'                 from \x1b[01m\x1b[K/usr/include/x86_64-linux-gnu/qt5/QtWidgets/QLabel:1\x1b[m\x1b[K,\n'}
[7.769726] (status_display) StderrLine: {'line': b'                 from \x1b[01m\x1b[K/home/shenhang/ros_study/chapter3/topic_practice_workspace/src/status_display/src/sys_status_display.cpp:2\x1b[m\x1b[K:\n'}
[7.769808] (status_display) StderrLine: {'line': b'\x1b[01m\x1b[K/usr/include/x86_64-linux-gnu/qt5/QtGui/qkeysequence.h:213:38:\x1b[m\x1b[K \x1b[01;36m\x1b[Knote: \x1b[m\x1b[Kcandidate: \xe2\x80\x98\x1b[01m\x1b[KQDataStream& operator<<(QDataStream&, const QKeySequence&)\x1b[m\x1b[K\xe2\x80\x99\n'}
[7.769889] (status_display) StderrLine: {'line': b'  213 |     friend Q_GUI_EXPORT QDataStream &\x1b[01;36m\x1b[Koperator\x1b[m\x1b[K<<(QDataStream &in, const QKeySequence &ks);\n'}
[7.770016] (status_display) StderrLine: {'line': b'      |                                      \x1b[01;36m\x1b[K^~~~~~~~\x1b[m\x1b[K\n'}
[7.770102] (status_display) StderrLine: {'line': b'\x1b[01m\x1b[K/usr/include/x86_64-linux-gnu/qt5/QtGui/qkeysequence.h:58:51:\x1b[m\x1b[K \x1b[01;36m\x1b[Knote: \x1b[m\x1b[K  no known conversion for argument 1 from \xe2\x80\x98\x1b[01m\x1b[Kstd::basic_ostream<char>\x1b[m\x1b[K\xe2\x80\x99 to \xe2\x80\x98\x1b[01m\x1b[KQDataStream&\x1b[m\x1b[K\xe2\x80\x99\n'}
[7.770185] (status_display) StderrLine: {'line': b'   58 | Q_GUI_EXPORT QDataStream &operator<<(\x1b[01;36m\x1b[KQDataStream &in\x1b[m\x1b[K, const QKeySequence &ks);\n'}
[7.770267] (status_display) StderrLine: {'line': b'      |                                      \x1b[01;36m\x1b[K~~~~~~~~~~~~~^~\x1b[m\x1b[K\n'}
[7.770348] (status_display) StderrLine: {'line': b'\x1b[01m\x1b[K/usr/include/x86_64-linux-gnu/qt5/QtGui/qkeysequence.h:227:21:\x1b[m\x1b[K \x1b[01;36m\x1b[Knote: \x1b[m\x1b[Kcandidate: \xe2\x80\x98\x1b[01m\x1b[KQDebug operator<<(QDebug, const QKeySequence&)\x1b[m\x1b[K\xe2\x80\x99\n'}
[7.770429] (status_display) StderrLine: {'line': b'  227 | Q_GUI_EXPORT QDebug \x1b[01;36m\x1b[Koperator\x1b[m\x1b[K<<(QDebug, const QKeySequence &);\n'}
[7.770511] (status_display) StderrLine: {'line': b'      |                     \x1b[01;36m\x1b[K^~~~~~~~\x1b[m\x1b[K\n'}
[7.770617] (status_display) StderrLine: {'line': b'\x1b[01m\x1b[K/usr/include/x86_64-linux-gnu/qt5/QtGui/qkeysequence.h:227:32:\x1b[m\x1b[K \x1b[01;36m\x1b[Knote: \x1b[m\x1b[K  no known conversion for argument 1 from \xe2\x80\x98\x1b[01m\x1b[Kstd::basic_ostream<char>\x1b[m\x1b[K\xe2\x80\x99 to \xe2\x80\x98\x1b[01m\x1b[KQDebug\x1b[m\x1b[K\xe2\x80\x99\n'}
[7.770705] (status_display) StderrLine: {'line': b'  227 | Q_GUI_EXPORT QDebug operator<<(\x1b[01;36m\x1b[KQDebug\x1b[m\x1b[K, const QKeySequence &);\n'}
[7.770788] (status_display) StderrLine: {'line': b'      |                                \x1b[01;36m\x1b[K^~~~~~\x1b[m\x1b[K\n'}
[7.770870] (status_display) StderrLine: {'line': b'In file included from \x1b[01m\x1b[K/usr/include/x86_64-linux-gnu/qt5/QtWidgets/qframe.h:44\x1b[m\x1b[K,\n'}
[7.771012] (status_display) StderrLine: {'line': b'                 from \x1b[01m\x1b[K/usr/include/x86_64-linux-gnu/qt5/QtWidgets/qlabel.h:44\x1b[m\x1b[K,\n'}
[7.771105] (status_display) StderrLine: {'line': b'                 from \x1b[01m\x1b[K/usr/include/x86_64-linux-gnu/qt5/QtWidgets/QLabel:1\x1b[m\x1b[K,\n'}
[7.771186] (status_display) StderrLine: {'line': b'                 from \x1b[01m\x1b[K/home/shenhang/ros_study/chapter3/topic_practice_workspace/src/status_display/src/sys_status_display.cpp:2\x1b[m\x1b[K:\n'}
[7.771275] (status_display) StderrLine: {'line': b'\x1b[01m\x1b[K/usr/include/x86_64-linux-gnu/qt5/QtWidgets/qwidget.h:891:25:\x1b[m\x1b[K \x1b[01;36m\x1b[Knote: \x1b[m\x1b[Kcandidate: \xe2\x80\x98\x1b[01m\x1b[KQDebug operator<<(QDebug, const QWidget*)\x1b[m\x1b[K\xe2\x80\x99\n'}
[7.771404] (status_display) StderrLine: {'line': b'  891 | Q_WIDGETS_EXPORT QDebug \x1b[01;36m\x1b[Koperator\x1b[m\x1b[K<<(QDebug, const QWidget *);\n'}
[7.771496] (status_display) StderrLine: {'line': b'      |                         \x1b[01;36m\x1b[K^~~~~~~~\x1b[m\x1b[K\n'}
[7.771625] (status_display) StderrLine: {'line': b'\x1b[01m\x1b[K/usr/include/x86_64-linux-gnu/qt5/QtWidgets/qwidget.h:891:36:\x1b[m\x1b[K \x1b[01;36m\x1b[Knote: \x1b[m\x1b[K  no known conversion for argument 1 from \xe2\x80\x98\x1b[01m\x1b[Kstd::basic_ostream<char>\x1b[m\x1b[K\xe2\x80\x99 to \xe2\x80\x98\x1b[01m\x1b[KQDebug\x1b[m\x1b[K\xe2\x80\x99\n'}
[7.771745] (status_display) StderrLine: {'line': b'  891 | Q_WIDGETS_EXPORT QDebug operator<<(\x1b[01;36m\x1b[KQDebug\x1b[m\x1b[K, const QWidget *);\n'}
[7.771851] (status_display) StderrLine: {'line': b'      |                                    \x1b[01;36m\x1b[K^~~~~~\x1b[m\x1b[K\n'}
[7.771975] (status_display) StderrLine: {'line': b'\x1b[01m\x1b[K/home/shenhang/ros_study/chapter3/topic_practice_workspace/src/status_display/src/sys_status_display.cpp:28:5:\x1b[m\x1b[K \x1b[01;35m\x1b[Kwarning: \x1b[m\x1b[Kno return statement in function returning non-void [\x1b[01;35m\x1b[K\x1b]8;;https://gcc.gnu.org/onlinedocs/gcc/Warning-Options.html#index-Wreturn-type\x07-Wreturn-type\x1b]8;;\x07\x1b[m\x1b[K]\n'}
[7.772085] (status_display) StderrLine: {'line': b'   28 |     \x1b[01;35m\x1b[K}\x1b[m\x1b[K\n'}
[7.772170] (status_display) StderrLine: {'line': b'      |     \x1b[01;35m\x1b[K^\x1b[m\x1b[K\n'}
[7.772252] (status_display) StderrLine: {'line': b'\x1b[01m\x1b[K/home/shenhang/ros_study/chapter3/topic_practice_workspace/src/status_display/src/sys_status_display.cpp:\x1b[m\x1b[K In lambda function:\n'}
[7.772336] (status_display) StderrLine: {'line': b'\x1b[01m\x1b[K/home/shenhang/ros_study/chapter3/topic_practice_workspace/src/status_display/src/sys_status_display.cpp:35:99:\x1b[m\x1b[K \x1b[01;31m\x1b[Kerror: \x1b[m\x1b[K\xe2\x80\x98\x1b[01m\x1b[Kmsg\x1b[m\x1b[K\xe2\x80\x99 was not declared in this scope\n'}
[7.772420] (status_display) StderrLine: {'line': b'   35 |                                                               { label_->setText(get_qstr_from_msg(\x1b[01;31m\x1b[Kmsg\x1b[m\x1b[K)); });//\xe8\xae\xa2\xe9\x98\x85sys_status\xe8\xaf\x9d\xe9\xa2\x98\n'}
[7.772504] (status_display) StderrLine: {'line': b'      |                                                                                                   \x1b[01;31m\x1b[K^~~\x1b[m\x1b[K\n'}
[7.772669] (status_display) StderrLine: {'line': b'\x1b[01m\x1b[K/home/shenhang/ros_study/chapter3/topic_practice_workspace/src/status_display/src/sys_status_display.cpp:35:99:\x1b[m\x1b[K \x1b[01;36m\x1b[Knote: \x1b[m\x1b[Ksuggested alternatives:\n'}
[7.772819] (status_display) StderrLine: {'line': b'In file included from \x1b[01m\x1b[K/opt/ros/humble/include/builtin_interfaces/builtin_interfaces/msg/duration.hpp:7\x1b[m\x1b[K,\n'}
[7.772975] (status_display) StderrLine: {'line': b'                 from \x1b[01m\x1b[K/opt/ros/humble/include/rclcpp/rclcpp/duration.hpp:20\x1b[m\x1b[K,\n'}
[7.773117] (status_display) StderrLine: {'line': b'                 from \x1b[01m\x1b[K/opt/ros/humble/include/rclcpp/rclcpp/qos.hpp:20\x1b[m\x1b[K,\n'}
[7.773241] (status_display) StderrLine: {'line': b'                 from \x1b[01m\x1b[K/opt/ros/humble/include/rclcpp/rclcpp/node_interfaces/node_graph_interface.hpp:32\x1b[m\x1b[K,\n'}
[7.773361] (status_display) StderrLine: {'line': b'                 from \x1b[01m\x1b[K/opt/ros/humble/include/rclcpp/rclcpp/client.hpp:42\x1b[m\x1b[K,\n'}
[7.773492] (status_display) StderrLine: {'line': b'                 from \x1b[01m\x1b[K/opt/ros/humble/include/rclcpp/rclcpp/callback_group.hpp:24\x1b[m\x1b[K,\n'}
[7.773636] (status_display) StderrLine: {'line': b'                 from \x1b[01m\x1b[K/opt/ros/humble/include/rclcpp/rclcpp/any_executable.hpp:20\x1b[m\x1b[K,\n'}
[7.773750] (status_display) StderrLine: {'line': b'                 from \x1b[01m\x1b[K/opt/ros/humble/include/rclcpp/rclcpp/memory_strategy.hpp:25\x1b[m\x1b[K,\n'}
[7.773878] (status_display) StderrLine: {'line': b'                 from \x1b[01m\x1b[K/opt/ros/humble/include/rclcpp/rclcpp/memory_strategies.hpp:18\x1b[m\x1b[K,\n'}
[7.774040] (status_display) StderrLine: {'line': b'                 from \x1b[01m\x1b[K/opt/ros/humble/include/rclcpp/rclcpp/executor_options.hpp:20\x1b[m\x1b[K,\n'}
[7.774129] (status_display) StderrLine: {'line': b'                 from \x1b[01m\x1b[K/opt/ros/humble/include/rclcpp/rclcpp/executor.hpp:37\x1b[m\x1b[K,\n'}
[7.774210] (status_display) StderrLine: {'line': b'                 from \x1b[01m\x1b[K/opt/ros/humble/include/rclcpp/rclcpp/executors/multi_threaded_executor.hpp:25\x1b[m\x1b[K,\n'}
[7.774305] (status_display) StderrLine: {'line': b'                 from \x1b[01m\x1b[K/opt/ros/humble/include/rclcpp/rclcpp/executors.hpp:21\x1b[m\x1b[K,\n'}
[7.774454] (status_display) StderrLine: {'line': b'                 from \x1b[01m\x1b[K/opt/ros/humble/include/rclcpp/rclcpp/rclcpp.hpp:155\x1b[m\x1b[K,\n'}
[7.774602] (status_display) StderrLine: {'line': b'                 from \x1b[01m\x1b[K/home/shenhang/ros_study/chapter3/topic_practice_workspace/src/status_display/src/sys_status_display.cpp:4\x1b[m\x1b[K:\n'}
[7.774723] (status_display) StderrLine: {'line': b'\x1b[01m\x1b[K/opt/ros/humble/include/builtin_interfaces/builtin_interfaces/msg/detail/duration__struct.hpp:27:11:\x1b[m\x1b[K \x1b[01;36m\x1b[Knote: \x1b[m\x1b[K  \xe2\x80\x98\x1b[01m\x1b[Kbuiltin_interfaces::msg\x1b[m\x1b[K\xe2\x80\x99\n'}
[7.774849] (status_display) StderrLine: {'line': b'   27 | namespace \x1b[01;36m\x1b[Kmsg\x1b[m\x1b[K\n'}
[7.775017] (status_display) StderrLine: {'line': b'      |           \x1b[01;36m\x1b[K^~~\x1b[m\x1b[K\n'}
[7.775145] (status_display) StderrLine: {'line': b'In file included from \x1b[01m\x1b[K/opt/ros/humble/include/rcl_interfaces/rcl_interfaces/msg/set_parameters_result.hpp:7\x1b[m\x1b[K,\n'}
[7.775258] (status_display) StderrLine: {'line': b'                 from \x1b[01m\x1b[K/opt/ros/humble/include/rclcpp/rclcpp/qos_overriding_options.hpp:28\x1b[m\x1b[K,\n'}
[7.775370] (status_display) StderrLine: {'line': b'                 from \x1b[01m\x1b[K/opt/ros/humble/include/rclcpp/rclcpp/subscription_options.hpp:30\x1b[m\x1b[K,\n'}
[7.775510] (status_display) StderrLine: {'line': b'                 from \x1b[01m\x1b[K/opt/ros/humble/include/rclcpp/rclcpp/subscription.hpp:45\x1b[m\x1b[K,\n'}
[7.775649] (status_display) StderrLine: {'line': b'                 from \x1b[01m\x1b[K/opt/ros/humble/include/rclcpp/rclcpp/any_executable.hpp:25\x1b[m\x1b[K,\n'}
[7.775813] (status_display) StderrLine: {'line': b'                 from \x1b[01m\x1b[K/opt/ros/humble/include/rclcpp/rclcpp/memory_strategy.hpp:25\x1b[m\x1b[K,\n'}
[7.776009] (status_display) StderrLine: {'line': b'                 from \x1b[01m\x1b[K/opt/ros/humble/include/rclcpp/rclcpp/memory_strategies.hpp:18\x1b[m\x1b[K,\n'}
[7.776145] (status_display) StderrLine: {'line': b'                 from \x1b[01m\x1b[K/opt/ros/humble/include/rclcpp/rclcpp/executor_options.hpp:20\x1b[m\x1b[K,\n'}
[7.776293] (status_display) StderrLine: {'line': b'                 from \x1b[01m\x1b[K/opt/ros/humble/include/rclcpp/rclcpp/executor.hpp:37\x1b[m\x1b[K,\n'}
[7.776415] (status_display) StderrLine: {'line': b'                 from \x1b[01m\x1b[K/opt/ros/humble/include/rclcpp/rclcpp/executors/multi_threaded_executor.hpp:25\x1b[m\x1b[K,\n'}
[7.776562] (status_display) StderrLine: {'line': b'                 from \x1b[01m\x1b[K/opt/ros/humble/include/rclcpp/rclcpp/executors.hpp:21\x1b[m\x1b[K,\n'}
[7.776683] (status_display) StderrLine: {'line': b'                 from \x1b[01m\x1b[K/opt/ros/humble/include/rclcpp/rclcpp/rclcpp.hpp:155\x1b[m\x1b[K,\n'}
[7.776804] (status_display) StderrLine: {'line': b'                 from \x1b[01m\x1b[K/home/shenhang/ros_study/chapter3/topic_practice_workspace/src/status_display/src/sys_status_display.cpp:4\x1b[m\x1b[K:\n'}
[7.776965] (status_display) StderrLine: {'line': b'\x1b[01m\x1b[K/opt/ros/humble/include/rcl_interfaces/rcl_interfaces/msg/detail/set_parameters_result__struct.hpp:27:11:\x1b[m\x1b[K \x1b[01;36m\x1b[Knote: \x1b[m\x1b[K  \xe2\x80\x98\x1b[01m\x1b[Krcl_interfaces::msg\x1b[m\x1b[K\xe2\x80\x99\n'}
[7.777118] (status_display) StderrLine: {'line': b'   27 | namespace \x1b[01;36m\x1b[Kmsg\x1b[m\x1b[K\n'}
[7.777230] (status_display) StderrLine: {'line': b'      |           \x1b[01;36m\x1b[K^~~\x1b[m\x1b[K\n'}
[7.777349] (status_display) StderrLine: {'line': b'In file included from \x1b[01m\x1b[K/opt/ros/humble/include/statistics_msgs/statistics_msgs/msg/detail/metrics_message__struct.hpp:23\x1b[m\x1b[K,\n'}
[7.777513] (status_display) StderrLine: {'line': b'                 from \x1b[01m\x1b[K/opt/ros/humble/include/statistics_msgs/statistics_msgs/msg/metrics_message.hpp:7\x1b[m\x1b[K,\n'}
[7.777640] (status_display) StderrLine: {'line': b'                 from \x1b[01m\x1b[K/opt/ros/humble/include/libstatistics_collector/libstatistics_collector/collector/generate_statistics_message.hpp:21\x1b[m\x1b[K,\n'}
[7.777743] (status_display) StderrLine: {'line': b'                 from \x1b[01m\x1b[K/opt/ros/humble/include/rclcpp/rclcpp/topic_statistics/subscription_topic_statistics.hpp:23\x1b[m\x1b[K,\n'}
[7.777827] (status_display) StderrLine: {'line': b'                 from \x1b[01m\x1b[K/opt/ros/humble/include/rclcpp/rclcpp/subscription.hpp:50\x1b[m\x1b[K,\n'}
[7.777913] (status_display) StderrLine: {'line': b'                 from \x1b[01m\x1b[K/opt/ros/humble/include/rclcpp/rclcpp/any_executable.hpp:25\x1b[m\x1b[K,\n'}
[7.778092] (status_display) StderrLine: {'line': b'                 from \x1b[01m\x1b[K/opt/ros/humble/include/rclcpp/rclcpp/memory_strategy.hpp:25\x1b[m\x1b[K,\n'}
[7.778192] (status_display) StderrLine: {'line': b'                 from \x1b[01m\x1b[K/opt/ros/humble/include/rclcpp/rclcpp/memory_strategies.hpp:18\x1b[m\x1b[K,\n'}
[7.778301] (status_display) StderrLine: {'line': b'                 from \x1b[01m\x1b[K/opt/ros/humble/include/rclcpp/rclcpp/executor_options.hpp:20\x1b[m\x1b[K,\n'}
[7.778469] (status_display) StderrLine: {'line': b'                 from \x1b[01m\x1b[K/opt/ros/humble/include/rclcpp/rclcpp/executor.hpp:37\x1b[m\x1b[K,\n'}
[7.778600] (status_display) StderrLine: {'line': b'                 from \x1b[01m\x1b[K/opt/ros/humble/include/rclcpp/rclcpp/executors/multi_threaded_executor.hpp:25\x1b[m\x1b[K,\n'}
[7.778727] (status_display) StderrLine: {'line': b'                 from \x1b[01m\x1b[K/opt/ros/humble/include/rclcpp/rclcpp/executors.hpp:21\x1b[m\x1b[K,\n'}
[7.778854] (status_display) StderrLine: {'line': b'                 from \x1b[01m\x1b[K/opt/ros/humble/include/rclcpp/rclcpp/rclcpp.hpp:155\x1b[m\x1b[K,\n'}
[7.779000] (status_display) StderrLine: {'line': b'                 from \x1b[01m\x1b[K/home/shenhang/ros_study/chapter3/topic_practice_workspace/src/status_display/src/sys_status_display.cpp:4\x1b[m\x1b[K:\n'}
[7.779188] (status_display) StderrLine: {'line': b'\x1b[01m\x1b[K/opt/ros/humble/include/statistics_msgs/statistics_msgs/msg/detail/statistic_data_point__struct.hpp:27:11:\x1b[m\x1b[K \x1b[01;36m\x1b[Knote: \x1b[m\x1b[K  \xe2\x80\x98\x1b[01m\x1b[Kstatistics_msgs::msg\x1b[m\x1b[K\xe2\x80\x99\n'}
[7.779284] (status_display) StderrLine: {'line': b'   27 | namespace \x1b[01;36m\x1b[Kmsg\x1b[m\x1b[K\n'}
[7.779398] (status_display) StderrLine: {'line': b'      |           \x1b[01;36m\x1b[K^~~\x1b[m\x1b[K\n'}
[7.779494] (status_display) StderrLine: {'line': b'In file included from \x1b[01m\x1b[K/home/shenhang/ros_study/chapter3/topic_practice_workspace/install/status_interfaces/include/status_interfaces/status_interfaces/msg/system_status.hpp:7\x1b[m\x1b[K,\n'}
[7.779576] (status_display) StderrLine: {'line': b'                 from \x1b[01m\x1b[K/home/shenhang/ros_study/chapter3/topic_practice_workspace/src/status_display/src/sys_status_display.cpp:5\x1b[m\x1b[K:\n'}
[7.779658] (status_display) StderrLine: {'line': b'\x1b[01m\x1b[K/home/shenhang/ros_study/chapter3/topic_practice_workspace/install/status_interfaces/include/status_interfaces/status_interfaces/msg/detail/system_status__struct.hpp:31:11:\x1b[m\x1b[K \x1b[01;36m\x1b[Knote: \x1b[m\x1b[K  \xe2\x80\x98\x1b[01m\x1b[Kstatus_interfaces::msg\x1b[m\x1b[K\xe2\x80\x99\n'}
[7.779751] (status_display) StderrLine: {'line': b'   31 | namespace \x1b[01;36m\x1b[Kmsg\x1b[m\x1b[K\n'}
[7.779832] (status_display) StderrLine: {'line': b'      |           \x1b[01;36m\x1b[K^~~\x1b[m\x1b[K\n'}
[7.779918] (status_display) StderrLine: {'line': b'\x1b[01m\x1b[K/home/shenhang/ros_study/chapter3/topic_practice_workspace/src/status_display/src/sys_status_display.cpp:\x1b[m\x1b[K In constructor \xe2\x80\x98\x1b[01m\x1b[KSysStatusDisplay::SysStatusDisplay(const string&)\x1b[m\x1b[K\xe2\x80\x99:\n'}
[7.780048] (status_display) StderrLine: {'line': b'\x1b[01m\x1b[K/home/shenhang/ros_study/chapter3/topic_practice_workspace/src/status_display/src/sys_status_display.cpp:36:66:\x1b[m\x1b[K \x1b[01;31m\x1b[Kerror: \x1b[m\x1b[Kexpected primary-expression before \xe2\x80\x98\x1b[01m\x1b[K>\x1b[m\x1b[K\xe2\x80\x99 token\n'}
[7.780140] (status_display) StderrLine: {'line': b'   36 |         label_->setText(get_qstr_from_msg(SystemStatus::SharedPtr\x1b[01;31m\x1b[K>\x1b[m\x1b[K());\n'}
[7.780223] (status_display) StderrLine: {'line': b'      |                                                                  \x1b[01;31m\x1b[K^\x1b[m\x1b[K\n'}
[7.780308] (status_display) StderrLine: {'line': b'\x1b[01m\x1b[K/home/shenhang/ros_study/chapter3/topic_practice_workspace/src/status_display/src/sys_status_display.cpp:36:68:\x1b[m\x1b[K \x1b[01;31m\x1b[Kerror: \x1b[m\x1b[Kexpected primary-expression before \xe2\x80\x98\x1b[01m\x1b[K)\x1b[m\x1b[K\xe2\x80\x99 token\n'}
[7.780414] (status_display) StderrLine: {'line': b'   36 |         label_->setText(get_qstr_from_msg(SystemStatus::SharedPtr>(\x1b[01;31m\x1b[K)\x1b[m\x1b[K);\n'}
[7.780497] (status_display) StderrLine: {'line': b'      |                                                                    \x1b[01;31m\x1b[K^\x1b[m\x1b[K\n'}
[7.810704] (-) TimerEvent: {}
[7.912995] (-) TimerEvent: {}
[8.013390] (-) TimerEvent: {}
[8.114506] (-) TimerEvent: {}
[8.215755] (-) TimerEvent: {}
[8.317968] (-) TimerEvent: {}
[8.418984] (-) TimerEvent: {}
[8.519766] (-) TimerEvent: {}
[8.620839] (-) TimerEvent: {}
[8.721255] (-) TimerEvent: {}
[8.822971] (-) TimerEvent: {}
[8.923741] (-) TimerEvent: {}
[9.024995] (-) TimerEvent: {}
[9.126540] (-) TimerEvent: {}
[9.227790] (-) TimerEvent: {}
[9.331990] (-) TimerEvent: {}
[9.433542] (-) TimerEvent: {}
[9.534081] (-) TimerEvent: {}
[9.635240] (-) TimerEvent: {}
[9.736977] (-) TimerEvent: {}
[9.838557] (-) TimerEvent: {}
[9.940101] (-) TimerEvent: {}
[10.040983] (-) TimerEvent: {}
[10.142741] (-) TimerEvent: {}
[10.244063] (-) TimerEvent: {}
[10.345756] (-) TimerEvent: {}
[10.447161] (-) TimerEvent: {}
[10.548744] (-) TimerEvent: {}
[10.649676] (-) TimerEvent: {}
[10.751824] (-) TimerEvent: {}
[10.852782] (-) TimerEvent: {}
[10.953852] (-) TimerEvent: {}
[11.054640] (-) TimerEvent: {}
[11.157317] (-) TimerEvent: {}
[11.259326] (-) TimerEvent: {}
[11.361014] (-) TimerEvent: {}
[11.461392] (-) TimerEvent: {}
[11.517698] (status_display) StderrLine: {'line': b'gmake[2]: *** [CMakeFiles/sys_status_display_exe.dir/build.make:76\xef\xbc\x9aCMakeFiles/sys_status_display_exe.dir/src/sys_status_display.cpp.o] \xe9\x94\x99\xe8\xaf\xaf 1\n'}
[11.520954] (status_display) StderrLine: {'line': b'gmake[1]: *** [CMakeFiles/Makefile2:165\xef\xbc\x9aCMakeFiles/sys_status_display_exe.dir/all] \xe9\x94\x99\xe8\xaf\xaf 2\n'}
[11.521304] (status_display) StderrLine: {'line': b'gmake: *** [Makefile:146\xef\xbc\x9aall] \xe9\x94\x99\xe8\xaf\xaf 2\n'}
[11.522347] (status_display) CommandEnded: {'returncode': 2}
[11.535457] (status_display) JobEnded: {'identifier': 'status_display', 'rc': 2}
[11.572788] (-) TimerEvent: {}
[11.573112] (-) EventReactorShutdown: {}
