[0.000000] (-) TimerEvent: {}
[0.004328] (status_interfaces) JobQueued: {'identifier': 'status_interfaces', 'dependencies': OrderedDict()}
[0.004448] (status_display) JobQueued: {'identifier': 'status_display', 'dependencies': OrderedDict([('status_interfaces', '/home/shenhang/ros_study/chapter3/topic_practice_workspace/install/status_interfaces')])}
[0.004513] (status_publisher) JobQueued: {'identifier': 'status_publisher', 'dependencies': OrderedDict([('status_interfaces', '/home/shenhang/ros_study/chapter3/topic_practice_workspace/install/status_interfaces')])}
[0.004568] (status_interfaces) JobStarted: {'identifier': 'status_interfaces'}
[0.019431] (status_interfaces) JobProgress: {'identifier': 'status_interfaces', 'progress': 'cmake'}
[0.021087] (status_interfaces) JobProgress: {'identifier': 'status_interfaces', 'progress': 'build'}
[0.022768] (status_interfaces) Command: {'cmd': ['/usr/bin/cmake', '--build', '/home/shenhang/ros_study/chapter3/topic_practice_workspace/build/status_interfaces', '--', '-j6', '-l6'], 'cwd': '/home/shenhang/ros_study/chapter3/topic_practice_workspace/build/status_interfaces', 'env': OrderedDict([('GJS_DEBUG_TOPICS', 'JS ERROR;JS LOG'), ('PYTHON_BASIC_REPL', '1'), ('LESSOPEN', '| /usr/bin/lesspipe %s'), ('LANGUAGE', 'zh_CN:zh'), ('USER', 'shenhang'), ('XDG_SESSION_TYPE', 'wayland'), ('GIT_ASKPASS', '/usr/share/code/resources/app/extensions/git/dist/askpass.sh'), ('SHLVL', '1'), ('LD_LIBRARY_PATH', '/home/shenhang/ros_study/chapter3/topic_practice_workspace/install/status_interfaces/lib:/opt/ros/humble/opt/rviz_ogre_vendor/lib:/opt/ros/humble/lib/x86_64-linux-gnu:/opt/ros/humble/lib'), ('HOME', '/home/shenhang'), ('CHROME_DESKTOP', 'code.desktop'), ('OLDPWD', '/home/shenhang/ros_study/chapter3/topic_practice_workspace/src'), ('TERM_PROGRAM_VERSION', '1.108.1'), ('DESKTOP_SESSION', 'ubuntu'), ('GIO_LAUNCHED_DESKTOP_FILE', '/usr/share/applications/code.desktop'), ('ROS_PYTHON_VERSION', '3'), ('GNOME_SHELL_SESSION_MODE', 'ubuntu'), ('GTK_MODULES', 'gail:atk-bridge'), ('VSCODE_GIT_ASKPASS_MAIN', '/usr/share/code/resources/app/extensions/git/dist/askpass-main.js'), ('VSCODE_GIT_ASKPASS_NODE', '/usr/share/code/code'), ('MANAGERPID', '2341'), ('PYDEVD_DISABLE_FILE_VALIDATION', '1'), ('SYSTEMD_EXEC_PID', '2505'), ('BUNDLED_DEBUGPY_PATH', '/home/shenhang/.vscode/extensions/ms-python.debugpy-2025.18.0-linux-x64/bundled/libs/debugpy'), ('IM_CONFIG_CHECK_ENV', '1'), ('VSCODE_PYTHON_AUTOACTIVATE_GUARD', '1'), ('DBUS_SESSION_BUS_ADDRESS', 'unix:path=/run/user/1000/bus'), ('COLORTERM', 'truecolor'), ('GIO_LAUNCHED_DESKTOP_FILE_PID', '9065'), ('IM_CONFIG_PHASE', '1'), ('WAYLAND_DISPLAY', 'wayland-0'), ('COLCON_PREFIX_PATH', '/home/shenhang/ros_study/chapter3/topic_practice_workspace/install'), ('ROS_DISTRO', 'humble'), ('LOGNAME', 'shenhang'), ('JOURNAL_STREAM', '8:12577'), ('_', '/usr/bin/colcon'), ('ROS_VERSION', '2'), ('XDG_SESSION_CLASS', 'user'), ('USERNAME', 'shenhang'), ('TERM', 'xterm-256color'), ('GNOME_DESKTOP_SESSION_ID', 'this-is-deprecated'), ('FC_FONTATIONS', '1'), ('ROS_LOCALHOST_ONLY', '0'), ('PATH', '/home/shenhang/.config/Code/User/globalStorage/github.copilot-chat/debugCommand:/home/shenhang/.config/Code/User/globalStorage/github.copilot-chat/copilotCli:/opt/ros/humble/bin:/usr/local/sbin:/usr/local/bin:/usr/sbin:/usr/bin:/sbin:/bin:/usr/games:/usr/local/games:/snap/bin:/snap/bin:/home/shenhang/.vscode/extensions/ms-python.debugpy-2025.18.0-linux-x64/bundled/scripts/noConfigScripts'), ('SESSION_MANAGER', 'local/shenhang-VirtualBox:@/tmp/.ICE-unix/2480,unix/shenhang-VirtualBox:/tmp/.ICE-unix/2480'), ('INVOCATION_ID', 'c3a81940805940c59e7ff094d6b33cb7'), ('XDG_MENU_PREFIX', 'gnome-'), ('GNOME_SETUP_DISPLAY', ':1'), ('XDG_RUNTIME_DIR', '/run/user/1000'), ('GDK_BACKEND', 'wayland'), ('DISPLAY', ':0'), ('VSCODE_DEBUGPY_ADAPTER_ENDPOINTS', '/home/shenhang/.vscode/extensions/ms-python.debugpy-2025.18.0-linux-x64/.noConfigDebugAdapterEndpoints/endpoint-51b4d5a485752e35.txt'), ('LANG', 'zh_CN.UTF-8'), ('XDG_CURRENT_DESKTOP', 'ubuntu:GNOME'), ('PYTHONSTARTUP', '/home/shenhang/.config/Code/User/workspaceStorage/ef4da6c00f614e73fdf73c604713ffa3/ms-python.python/pythonrc.py'), ('XMODIFIERS', '@im=ibus'), ('XDG_SESSION_DESKTOP', 'ubuntu'), ('XAUTHORITY', '/run/user/1000/.mutter-Xwaylandauth.OS4OJ3'), ('LS_COLORS', 'rs=0:di=01;34:ln=01;36:mh=00:pi=40;33:so=01;35:do=01;35:bd=40;33;01:cd=40;33;01:or=40;31;01:mi=00:su=37;41:sg=30;43:ca=30;41:tw=30;42:ow=34;42:st=37;44:ex=01;32:*.tar=01;31:*.tgz=01;31:*.arc=01;31:*.arj=01;31:*.taz=01;31:*.lha=01;31:*.lz4=01;31:*.lzh=01;31:*.lzma=01;31:*.tlz=01;31:*.txz=01;31:*.tzo=01;31:*.t7z=01;31:*.zip=01;31:*.z=01;31:*.dz=01;31:*.gz=01;31:*.lrz=01;31:*.lz=01;31:*.lzo=01;31:*.xz=01;31:*.zst=01;31:*.tzst=01;31:*.bz2=01;31:*.bz=01;31:*.tbz=01;31:*.tbz2=01;31:*.tz=01;31:*.deb=01;31:*.rpm=01;31:*.jar=01;31:*.war=01;31:*.ear=01;31:*.sar=01;31:*.rar=01;31:*.alz=01;31:*.ace=01;31:*.zoo=01;31:*.cpio=01;31:*.7z=01;31:*.rz=01;31:*.cab=01;31:*.wim=01;31:*.swm=01;31:*.dwm=01;31:*.esd=01;31:*.jpg=01;35:*.jpeg=01;35:*.mjpg=01;35:*.mjpeg=01;35:*.gif=01;35:*.bmp=01;35:*.pbm=01;35:*.pgm=01;35:*.ppm=01;35:*.tga=01;35:*.xbm=01;35:*.xpm=01;35:*.tif=01;35:*.tiff=01;35:*.png=01;35:*.svg=01;35:*.svgz=01;35:*.mng=01;35:*.pcx=01;35:*.mov=01;35:*.mpg=01;35:*.mpeg=01;35:*.m2v=01;35:*.mkv=01;35:*.webm=01;35:*.webp=01;35:*.ogm=01;35:*.mp4=01;35:*.m4v=01;35:*.mp4v=01;35:*.vob=01;35:*.qt=01;35:*.nuv=01;35:*.wmv=01;35:*.asf=01;35:*.rm=01;35:*.rmvb=01;35:*.flc=01;35:*.avi=01;35:*.fli=01;35:*.flv=01;35:*.gl=01;35:*.dl=01;35:*.xcf=01;35:*.xwd=01;35:*.yuv=01;35:*.cgm=01;35:*.emf=01;35:*.ogv=01;35:*.ogx=01;35:*.aac=00;36:*.au=00;36:*.flac=00;36:*.m4a=00;36:*.mid=00;36:*.midi=00;36:*.mka=00;36:*.mp3=00;36:*.mpc=00;36:*.ogg=00;36:*.ra=00;36:*.wav=00;36:*.oga=00;36:*.opus=00;36:*.spx=00;36:*.xspf=00;36:'), ('VSCODE_GIT_IPC_HANDLE', '/run/user/1000/vscode-git-cae9e6a9f3.sock'), ('TERM_PROGRAM', 'vscode'), ('SSH_AGENT_LAUNCHER', 'gnome-keyring'), ('SSH_AUTH_SOCK', '/run/user/1000/keyring/ssh'), ('AMENT_PREFIX_PATH', '/home/shenhang/ros_study/chapter3/topic_practice_workspace/install/status_display:/home/shenhang/ros_study/chapter3/topic_practice_workspace/install/status_publisher:/home/shenhang/ros_study/chapter3/topic_practice_workspace/install/status_interfaces:/opt/ros/humble'), ('SHELL', '/bin/bash'), ('QT_ACCESSIBILITY', '1'), ('GDMSESSION', 'ubuntu'), ('LESSCLOSE', '/usr/bin/lesspipe %s %s'), ('GJS_DEBUG_OUTPUT', 'stderr'), ('VSCODE_GIT_ASKPASS_EXTRA_ARGS', ''), ('QT_IM_MODULE', 'ibus'), ('PWD', '/home/shenhang/ros_study/chapter3/topic_practice_workspace/build/status_interfaces'), ('XDG_CONFIG_DIRS', '/etc/xdg/xdg-ubuntu:/etc/xdg'), ('XDG_DATA_DIRS', '/usr/share/ubuntu:/usr/local/share/:/usr/share/:/var/lib/snapd/desktop'), ('PYTHONPATH', '/home/shenhang/ros_study/chapter3/topic_practice_workspace/install/status_publisher/lib/python3.10/site-packages:/home/shenhang/ros_study/chapter3/topic_practice_workspace/install/status_interfaces/local/lib/python3.10/dist-packages:/opt/ros/humble/lib/python3.10/site-packages:/opt/ros/humble/local/lib/python3.10/dist-packages'), ('COLCON', '1'), ('CMAKE_PREFIX_PATH', '/home/shenhang/ros_study/chapter3/topic_practice_workspace/install/status_display:/home/shenhang/ros_study/chapter3/topic_practice_workspace/install/status_interfaces:/home/shenhang/ros_study/chapter3/topic_practice_workspace/install/status_publisher:/opt/ros/humble')]), 'shell': False}
[0.100492] (-) TimerEvent: {}
[0.111779] (status_interfaces) StdoutLine: {'line': b'[  3%] Built target status_interfaces__cpp\n'}
[0.146151] (status_interfaces) StdoutLine: {'line': b'[ 12%] Built target status_interfaces__rosidl_generator_c\n'}
[0.150349] (status_interfaces) StdoutLine: {'line': b'[ 12%] Built target ament_cmake_python_copy_status_interfaces\n'}
[0.174049] (status_interfaces) StdoutLine: {'line': b'[ 22%] Built target status_interfaces__rosidl_typesupport_cpp\n'}
[0.175939] (status_interfaces) StdoutLine: {'line': b'[ 32%] Built target status_interfaces__rosidl_typesupport_introspection_cpp\n'}
[0.200648] (-) TimerEvent: {}
[0.203386] (status_interfaces) StdoutLine: {'line': b'[ 41%] Built target status_interfaces__rosidl_typesupport_fastrtps_cpp\n'}
[0.203740] (status_interfaces) StdoutLine: {'line': b'[ 51%] Built target status_interfaces__rosidl_typesupport_fastrtps_c\n'}
[0.205827] (status_interfaces) StdoutLine: {'line': b'[ 61%] Built target status_interfaces__rosidl_typesupport_c\n'}
[0.219248] (status_interfaces) StdoutLine: {'line': b'[ 70%] Built target status_interfaces__rosidl_typesupport_introspection_c\n'}
[0.247767] (status_interfaces) StdoutLine: {'line': b'[ 70%] Built target status_interfaces\n'}
[0.292432] (status_interfaces) StdoutLine: {'line': b'[ 74%] Built target status_interfaces__py\n'}
[0.303125] (-) TimerEvent: {}
[0.340501] (status_interfaces) StdoutLine: {'line': b'[ 80%] Built target status_interfaces__rosidl_generator_py\n'}
[0.375293] (status_interfaces) StdoutLine: {'line': b'[ 87%] Built target status_interfaces__rosidl_typesupport_introspection_c__pyext\n'}
[0.382175] (status_interfaces) StdoutLine: {'line': b'[ 93%] Built target status_interfaces__rosidl_typesupport_c__pyext\n'}
[0.396679] (status_interfaces) StdoutLine: {'line': b'[100%] Built target status_interfaces__rosidl_typesupport_fastrtps_c__pyext\n'}
[0.403414] (-) TimerEvent: {}
[0.503959] (-) TimerEvent: {}
[0.604485] (-) TimerEvent: {}
[0.623688] (status_interfaces) StdoutLine: {'line': b'running egg_info\n'}
[0.623935] (status_interfaces) StdoutLine: {'line': b'writing status_interfaces.egg-info/PKG-INFO\n'}
[0.624131] (status_interfaces) StdoutLine: {'line': b'writing dependency_links to status_interfaces.egg-info/dependency_links.txt\n'}
[0.624368] (status_interfaces) StdoutLine: {'line': b'writing top-level names to status_interfaces.egg-info/top_level.txt\n'}
[0.627634] (status_interfaces) StdoutLine: {'line': b"reading manifest file 'status_interfaces.egg-info/SOURCES.txt'\n"}
[0.627997] (status_interfaces) StdoutLine: {'line': b"writing manifest file 'status_interfaces.egg-info/SOURCES.txt'\n"}
[0.669685] (status_interfaces) StdoutLine: {'line': b'[100%] Built target ament_cmake_python_build_status_interfaces_egg\n'}
[0.691536] (status_interfaces) CommandEnded: {'returncode': 0}
[0.692914] (status_interfaces) JobProgress: {'identifier': 'status_interfaces', 'progress': 'install'}
[0.704759] (-) TimerEvent: {}
[0.718663] (status_interfaces) Command: {'cmd': ['/usr/bin/cmake', '--install', '/home/shenhang/ros_study/chapter3/topic_practice_workspace/build/status_interfaces'], 'cwd': '/home/shenhang/ros_study/chapter3/topic_practice_workspace/build/status_interfaces', 'env': OrderedDict([('GJS_DEBUG_TOPICS', 'JS ERROR;JS LOG'), ('PYTHON_BASIC_REPL', '1'), ('LESSOPEN', '| /usr/bin/lesspipe %s'), ('LANGUAGE', 'zh_CN:zh'), ('USER', 'shenhang'), ('XDG_SESSION_TYPE', 'wayland'), ('GIT_ASKPASS', '/usr/share/code/resources/app/extensions/git/dist/askpass.sh'), ('SHLVL', '1'), ('LD_LIBRARY_PATH', '/home/shenhang/ros_study/chapter3/topic_practice_workspace/install/status_interfaces/lib:/opt/ros/humble/opt/rviz_ogre_vendor/lib:/opt/ros/humble/lib/x86_64-linux-gnu:/opt/ros/humble/lib'), ('HOME', '/home/shenhang'), ('CHROME_DESKTOP', 'code.desktop'), ('OLDPWD', '/home/shenhang/ros_study/chapter3/topic_practice_workspace/src'), ('TERM_PROGRAM_VERSION', '1.108.1'), ('DESKTOP_SESSION', 'ubuntu'), ('GIO_LAUNCHED_DESKTOP_FILE', '/usr/share/applications/code.desktop'), ('ROS_PYTHON_VERSION', '3'), ('GNOME_SHELL_SESSION_MODE', 'ubuntu'), ('GTK_MODULES', 'gail:atk-bridge'), ('VSCODE_GIT_ASKPASS_MAIN', '/usr/share/code/resources/app/extensions/git/dist/askpass-main.js'), ('VSCODE_GIT_ASKPASS_NODE', '/usr/share/code/code'), ('MANAGERPID', '2341'), ('PYDEVD_DISABLE_FILE_VALIDATION', '1'), ('SYSTEMD_EXEC_PID', '2505'), ('BUNDLED_DEBUGPY_PATH', '/home/shenhang/.vscode/extensions/ms-python.debugpy-2025.18.0-linux-x64/bundled/libs/debugpy'), ('IM_CONFIG_CHECK_ENV', '1'), ('VSCODE_PYTHON_AUTOACTIVATE_GUARD', '1'), ('DBUS_SESSION_BUS_ADDRESS', 'unix:path=/run/user/1000/bus'), ('COLORTERM', 'truecolor'), ('GIO_LAUNCHED_DESKTOP_FILE_PID', '9065'), ('IM_CONFIG_PHASE', '1'), ('WAYLAND_DISPLAY', 'wayland-0'), ('COLCON_PREFIX_PATH', '/home/shenhang/ros_study/chapter3/topic_practice_workspace/install'), ('ROS_DISTRO', 'humble'), ('LOGNAME', 'shenhang'), ('JOURNAL_STREAM', '8:12577'), ('_', '/usr/bin/colcon'), ('ROS_VERSION', '2'), ('XDG_SESSION_CLASS', 'user'), ('USERNAME', 'shenhang'), ('TERM', 'xterm-256color'), ('GNOME_DESKTOP_SESSION_ID', 'this-is-deprecated'), ('FC_FONTATIONS', '1'), ('ROS_LOCALHOST_ONLY', '0'), ('PATH', '/home/shenhang/.config/Code/User/globalStorage/github.copilot-chat/debugCommand:/home/shenhang/.config/Code/User/globalStorage/github.copilot-chat/copilotCli:/opt/ros/humble/bin:/usr/local/sbin:/usr/local/bin:/usr/sbin:/usr/bin:/sbin:/bin:/usr/games:/usr/local/games:/snap/bin:/snap/bin:/home/shenhang/.vscode/extensions/ms-python.debugpy-2025.18.0-linux-x64/bundled/scripts/noConfigScripts'), ('SESSION_MANAGER', 'local/shenhang-VirtualBox:@/tmp/.ICE-unix/2480,unix/shenhang-VirtualBox:/tmp/.ICE-unix/2480'), ('INVOCATION_ID', 'c3a81940805940c59e7ff094d6b33cb7'), ('XDG_MENU_PREFIX', 'gnome-'), ('GNOME_SETUP_DISPLAY', ':1'), ('XDG_RUNTIME_DIR', '/run/user/1000'), ('GDK_BACKEND', 'wayland'), ('DISPLAY', ':0'), ('VSCODE_DEBUGPY_ADAPTER_ENDPOINTS', '/home/shenhang/.vscode/extensions/ms-python.debugpy-2025.18.0-linux-x64/.noConfigDebugAdapterEndpoints/endpoint-51b4d5a485752e35.txt'), ('LANG', 'zh_CN.UTF-8'), ('XDG_CURRENT_DESKTOP', 'ubuntu:GNOME'), ('PYTHONSTARTUP', '/home/shenhang/.config/Code/User/workspaceStorage/ef4da6c00f614e73fdf73c604713ffa3/ms-python.python/pythonrc.py'), ('XMODIFIERS', '@im=ibus'), ('XDG_SESSION_DESKTOP', 'ubuntu'), ('XAUTHORITY', '/run/user/1000/.mutter-Xwaylandauth.OS4OJ3'), ('LS_COLORS', 'rs=0:di=01;34:ln=01;36:mh=00:pi=40;33:so=01;35:do=01;35:bd=40;33;01:cd=40;33;01:or=40;31;01:mi=00:su=37;41:sg=30;43:ca=30;41:tw=30;42:ow=34;42:st=37;44:ex=01;32:*.tar=01;31:*.tgz=01;31:*.arc=01;31:*.arj=01;31:*.taz=01;31:*.lha=01;31:*.lz4=01;31:*.lzh=01;31:*.lzma=01;31:*.tlz=01;31:*.txz=01;31:*.tzo=01;31:*.t7z=01;31:*.zip=01;31:*.z=01;31:*.dz=01;31:*.gz=01;31:*.lrz=01;31:*.lz=01;31:*.lzo=01;31:*.xz=01;31:*.zst=01;31:*.tzst=01;31:*.bz2=01;31:*.bz=01;31:*.tbz=01;31:*.tbz2=01;31:*.tz=01;31:*.deb=01;31:*.rpm=01;31:*.jar=01;31:*.war=01;31:*.ear=01;31:*.sar=01;31:*.rar=01;31:*.alz=01;31:*.ace=01;31:*.zoo=01;31:*.cpio=01;31:*.7z=01;31:*.rz=01;31:*.cab=01;31:*.wim=01;31:*.swm=01;31:*.dwm=01;31:*.esd=01;31:*.jpg=01;35:*.jpeg=01;35:*.mjpg=01;35:*.mjpeg=01;35:*.gif=01;35:*.bmp=01;35:*.pbm=01;35:*.pgm=01;35:*.ppm=01;35:*.tga=01;35:*.xbm=01;35:*.xpm=01;35:*.tif=01;35:*.tiff=01;35:*.png=01;35:*.svg=01;35:*.svgz=01;35:*.mng=01;35:*.pcx=01;35:*.mov=01;35:*.mpg=01;35:*.mpeg=01;35:*.m2v=01;35:*.mkv=01;35:*.webm=01;35:*.webp=01;35:*.ogm=01;35:*.mp4=01;35:*.m4v=01;35:*.mp4v=01;35:*.vob=01;35:*.qt=01;35:*.nuv=01;35:*.wmv=01;35:*.asf=01;35:*.rm=01;35:*.rmvb=01;35:*.flc=01;35:*.avi=01;35:*.fli=01;35:*.flv=01;35:*.gl=01;35:*.dl=01;35:*.xcf=01;35:*.xwd=01;35:*.yuv=01;35:*.cgm=01;35:*.emf=01;35:*.ogv=01;35:*.ogx=01;35:*.aac=00;36:*.au=00;36:*.flac=00;36:*.m4a=00;36:*.mid=00;36:*.midi=00;36:*.mka=00;36:*.mp3=00;36:*.mpc=00;36:*.ogg=00;36:*.ra=00;36:*.wav=00;36:*.oga=00;36:*.opus=00;36:*.spx=00;36:*.xspf=00;36:'), ('VSCODE_GIT_IPC_HANDLE', '/run/user/1000/vscode-git-cae9e6a9f3.sock'), ('TERM_PROGRAM', 'vscode'), ('SSH_AGENT_LAUNCHER', 'gnome-keyring'), ('SSH_AUTH_SOCK', '/run/user/1000/keyring/ssh'), ('AMENT_PREFIX_PATH', '/home/shenhang/ros_study/chapter3/topic_practice_workspace/install/status_display:/home/shenhang/ros_study/chapter3/topic_practice_workspace/install/status_publisher:/home/shenhang/ros_study/chapter3/topic_practice_workspace/install/status_interfaces:/opt/ros/humble'), ('SHELL', '/bin/bash'), ('QT_ACCESSIBILITY', '1'), ('GDMSESSION', 'ubuntu'), ('LESSCLOSE', '/usr/bin/lesspipe %s %s'), ('GJS_DEBUG_OUTPUT', 'stderr'), ('VSCODE_GIT_ASKPASS_EXTRA_ARGS', ''), ('QT_IM_MODULE', 'ibus'), ('PWD', '/home/shenhang/ros_study/chapter3/topic_practice_workspace/build/status_interfaces'), ('XDG_CONFIG_DIRS', '/etc/xdg/xdg-ubuntu:/etc/xdg'), ('XDG_DATA_DIRS', '/usr/share/ubuntu:/usr/local/share/:/usr/share/:/var/lib/snapd/desktop'), ('PYTHONPATH', '/home/shenhang/ros_study/chapter3/topic_practice_workspace/install/status_publisher/lib/python3.10/site-packages:/home/shenhang/ros_study/chapter3/topic_practice_workspace/install/status_interfaces/local/lib/python3.10/dist-packages:/opt/ros/humble/lib/python3.10/site-packages:/opt/ros/humble/local/lib/python3.10/dist-packages'), ('COLCON', '1'), ('CMAKE_PREFIX_PATH', '/home/shenhang/ros_study/chapter3/topic_practice_workspace/install/status_display:/home/shenhang/ros_study/chapter3/topic_practice_workspace/install/status_interfaces:/home/shenhang/ros_study/chapter3/topic_practice_workspace/install/status_publisher:/opt/ros/humble')]), 'shell': False}
[0.730575] (status_interfaces) StdoutLine: {'line': b'-- Install configuration: ""\n'}
[0.730929] (status_interfaces) StdoutLine: {'line': b'-- Up-to-date: /home/shenhang/ros_study/chapter3/topic_practice_workspace/install/status_interfaces/share/ament_index/resource_index/rosidl_interfaces/status_interfaces\n'}
[0.731246] (status_interfaces) StdoutLine: {'line': b'-- Up-to-date: /home/shenhang/ros_study/chapter3/topic_practice_workspace/install/status_interfaces/include/status_interfaces/status_interfaces\n'}
[0.731441] (status_interfaces) StdoutLine: {'line': b'-- Up-to-date: /home/shenhang/ros_study/chapter3/topic_practice_workspace/install/status_interfaces/include/status_interfaces/status_interfaces/msg\n'}
[0.731665] (status_interfaces) StdoutLine: {'line': b'-- Up-to-date: /home/shenhang/ros_study/chapter3/topic_practice_workspace/install/status_interfaces/include/status_interfaces/status_interfaces/msg/rosidl_generator_c__visibility_control.h\n'}
[0.731846] (status_interfaces) StdoutLine: {'line': b'-- Up-to-date: /home/shenhang/ros_study/chapter3/topic_practice_workspace/install/status_interfaces/include/status_interfaces/status_interfaces/msg/system_status.h\n'}
[0.731977] (status_interfaces) StdoutLine: {'line': b'-- Up-to-date: /home/shenhang/ros_study/chapter3/topic_practice_workspace/install/status_interfaces/include/status_interfaces/status_interfaces/msg/detail\n'}
[0.732930] (status_interfaces) StdoutLine: {'line': b'-- Up-to-date: /home/shenhang/ros_study/chapter3/topic_practice_workspace/install/status_interfaces/include/status_interfaces/status_interfaces/msg/detail/system_status__struct.h\n'}
[0.733143] (status_interfaces) StdoutLine: {'line': b'-- Up-to-date: /home/shenhang/ros_study/chapter3/topic_practice_workspace/install/status_interfaces/include/status_interfaces/status_interfaces/msg/detail/system_status__functions.c\n'}
[0.733330] (status_interfaces) StdoutLine: {'line': b'-- Up-to-date: /home/shenhang/ros_study/chapter3/topic_practice_workspace/install/status_interfaces/include/status_interfaces/status_interfaces/msg/detail/system_status__type_support.h\n'}
[0.733501] (status_interfaces) StdoutLine: {'line': b'-- Up-to-date: /home/shenhang/ros_study/chapter3/topic_practice_workspace/install/status_interfaces/include/status_interfaces/status_interfaces/msg/detail/system_status__functions.h\n'}
[0.733651] (status_interfaces) StdoutLine: {'line': b'-- Up-to-date: /home/shenhang/ros_study/chapter3/topic_practice_workspace/install/status_interfaces/share/status_interfaces/environment/library_path.sh\n'}
[0.733801] (status_interfaces) StdoutLine: {'line': b'-- Up-to-date: /home/shenhang/ros_study/chapter3/topic_practice_workspace/install/status_interfaces/share/status_interfaces/environment/library_path.dsv\n'}
[0.733960] (status_interfaces) StdoutLine: {'line': b'-- Up-to-date: /home/shenhang/ros_study/chapter3/topic_practice_workspace/install/status_interfaces/lib/libstatus_interfaces__rosidl_generator_c.so\n'}
[0.736134] (status_interfaces) StdoutLine: {'line': b'-- Up-to-date: /home/shenhang/ros_study/chapter3/topic_practice_workspace/install/status_interfaces/include/status_interfaces/status_interfaces\n'}
[0.736398] (status_interfaces) StdoutLine: {'line': b'-- Up-to-date: /home/shenhang/ros_study/chapter3/topic_practice_workspace/install/status_interfaces/include/status_interfaces/status_interfaces/msg\n'}
[0.736567] (status_interfaces) StdoutLine: {'line': b'-- Up-to-date: /home/shenhang/ros_study/chapter3/topic_practice_workspace/install/status_interfaces/include/status_interfaces/status_interfaces/msg/rosidl_typesupport_fastrtps_c__visibility_control.h\n'}
[0.736712] (status_interfaces) StdoutLine: {'line': b'-- Up-to-date: /home/shenhang/ros_study/chapter3/topic_practice_workspace/install/status_interfaces/include/status_interfaces/status_interfaces/msg/detail\n'}
[0.736832] (status_interfaces) StdoutLine: {'line': b'-- Up-to-date: /home/shenhang/ros_study/chapter3/topic_practice_workspace/install/status_interfaces/include/status_interfaces/status_interfaces/msg/detail/system_status__rosidl_typesupport_fastrtps_c.h\n'}
[0.736936] (status_interfaces) StdoutLine: {'line': b'-- Up-to-date: /home/shenhang/ros_study/chapter3/topic_practice_workspace/install/status_interfaces/lib/libstatus_interfaces__rosidl_typesupport_fastrtps_c.so\n'}
[0.737110] (status_interfaces) StdoutLine: {'line': b'-- Up-to-date: /home/shenhang/ros_study/chapter3/topic_practice_workspace/install/status_interfaces/include/status_interfaces/status_interfaces\n'}
[0.737357] (status_interfaces) StdoutLine: {'line': b'-- Up-to-date: /home/shenhang/ros_study/chapter3/topic_practice_workspace/install/status_interfaces/include/status_interfaces/status_interfaces/msg\n'}
[0.737457] (status_interfaces) StdoutLine: {'line': b'-- Up-to-date: /home/shenhang/ros_study/chapter3/topic_practice_workspace/install/status_interfaces/include/status_interfaces/status_interfaces/msg/rosidl_generator_cpp__visibility_control.hpp\n'}
[0.737559] (status_interfaces) StdoutLine: {'line': b'-- Up-to-date: /home/shenhang/ros_study/chapter3/topic_practice_workspace/install/status_interfaces/include/status_interfaces/status_interfaces/msg/detail\n'}
[0.737725] (status_interfaces) StdoutLine: {'line': b'-- Up-to-date: /home/shenhang/ros_study/chapter3/topic_practice_workspace/install/status_interfaces/include/status_interfaces/status_interfaces/msg/detail/system_status__struct.hpp\n'}
[0.737832] (status_interfaces) StdoutLine: {'line': b'-- Up-to-date: /home/shenhang/ros_study/chapter3/topic_practice_workspace/install/status_interfaces/include/status_interfaces/status_interfaces/msg/detail/system_status__builder.hpp\n'}
[0.737933] (status_interfaces) StdoutLine: {'line': b'-- Up-to-date: /home/shenhang/ros_study/chapter3/topic_practice_workspace/install/status_interfaces/include/status_interfaces/status_interfaces/msg/detail/system_status__type_support.hpp\n'}
[0.738975] (status_interfaces) StdoutLine: {'line': b'-- Up-to-date: /home/shenhang/ros_study/chapter3/topic_practice_workspace/install/status_interfaces/include/status_interfaces/status_interfaces/msg/detail/system_status__traits.hpp\n'}
[0.739148] (status_interfaces) StdoutLine: {'line': b'-- Up-to-date: /home/shenhang/ros_study/chapter3/topic_practice_workspace/install/status_interfaces/include/status_interfaces/status_interfaces/msg/system_status.hpp\n'}
[0.739304] (status_interfaces) StdoutLine: {'line': b'-- Up-to-date: /home/shenhang/ros_study/chapter3/topic_practice_workspace/install/status_interfaces/include/status_interfaces/status_interfaces\n'}
[0.739447] (status_interfaces) StdoutLine: {'line': b'-- Up-to-date: /home/shenhang/ros_study/chapter3/topic_practice_workspace/install/status_interfaces/include/status_interfaces/status_interfaces/msg\n'}
[0.739551] (status_interfaces) StdoutLine: {'line': b'-- Up-to-date: /home/shenhang/ros_study/chapter3/topic_practice_workspace/install/status_interfaces/include/status_interfaces/status_interfaces/msg/rosidl_typesupport_fastrtps_cpp__visibility_control.h\n'}
[0.739653] (status_interfaces) StdoutLine: {'line': b'-- Up-to-date: /home/shenhang/ros_study/chapter3/topic_practice_workspace/install/status_interfaces/include/status_interfaces/status_interfaces/msg/detail\n'}
[0.739760] (status_interfaces) StdoutLine: {'line': b'-- Up-to-date: /home/shenhang/ros_study/chapter3/topic_practice_workspace/install/status_interfaces/include/status_interfaces/status_interfaces/msg/detail/dds_fastrtps\n'}
[0.739862] (status_interfaces) StdoutLine: {'line': b'-- Up-to-date: /home/shenhang/ros_study/chapter3/topic_practice_workspace/install/status_interfaces/include/status_interfaces/status_interfaces/msg/detail/system_status__rosidl_typesupport_fastrtps_cpp.hpp\n'}
[0.740008] (status_interfaces) StdoutLine: {'line': b'-- Up-to-date: /home/shenhang/ros_study/chapter3/topic_practice_workspace/install/status_interfaces/lib/libstatus_interfaces__rosidl_typesupport_fastrtps_cpp.so\n'}
[0.740160] (status_interfaces) StdoutLine: {'line': b'-- Up-to-date: /home/shenhang/ros_study/chapter3/topic_practice_workspace/install/status_interfaces/include/status_interfaces/status_interfaces\n'}
[0.740313] (status_interfaces) StdoutLine: {'line': b'-- Up-to-date: /home/shenhang/ros_study/chapter3/topic_practice_workspace/install/status_interfaces/include/status_interfaces/status_interfaces/msg\n'}
[0.740416] (status_interfaces) StdoutLine: {'line': b'-- Up-to-date: /home/shenhang/ros_study/chapter3/topic_practice_workspace/install/status_interfaces/include/status_interfaces/status_interfaces/msg/rosidl_typesupport_introspection_c__visibility_control.h\n'}
[0.740517] (status_interfaces) StdoutLine: {'line': b'-- Up-to-date: /home/shenhang/ros_study/chapter3/topic_practice_workspace/install/status_interfaces/include/status_interfaces/status_interfaces/msg/detail\n'}
[0.740617] (status_interfaces) StdoutLine: {'line': b'-- Up-to-date: /home/shenhang/ros_study/chapter3/topic_practice_workspace/install/status_interfaces/include/status_interfaces/status_interfaces/msg/detail/system_status__type_support.c\n'}
[0.740714] (status_interfaces) StdoutLine: {'line': b'-- Up-to-date: /home/shenhang/ros_study/chapter3/topic_practice_workspace/install/status_interfaces/include/status_interfaces/status_interfaces/msg/detail/system_status__rosidl_typesupport_introspection_c.h\n'}
[0.740824] (status_interfaces) StdoutLine: {'line': b'-- Up-to-date: /home/shenhang/ros_study/chapter3/topic_practice_workspace/install/status_interfaces/lib/libstatus_interfaces__rosidl_typesupport_introspection_c.so\n'}
[0.740956] (status_interfaces) StdoutLine: {'line': b'-- Up-to-date: /home/shenhang/ros_study/chapter3/topic_practice_workspace/install/status_interfaces/lib/libstatus_interfaces__rosidl_typesupport_c.so\n'}
[0.741045] (status_interfaces) StdoutLine: {'line': b'-- Up-to-date: /home/shenhang/ros_study/chapter3/topic_practice_workspace/install/status_interfaces/include/status_interfaces/status_interfaces\n'}
[0.741185] (status_interfaces) StdoutLine: {'line': b'-- Up-to-date: /home/shenhang/ros_study/chapter3/topic_practice_workspace/install/status_interfaces/include/status_interfaces/status_interfaces/msg\n'}
[0.741291] (status_interfaces) StdoutLine: {'line': b'-- Up-to-date: /home/shenhang/ros_study/chapter3/topic_practice_workspace/install/status_interfaces/include/status_interfaces/status_interfaces/msg/detail\n'}
[0.741453] (status_interfaces) StdoutLine: {'line': b'-- Up-to-date: /home/shenhang/ros_study/chapter3/topic_practice_workspace/install/status_interfaces/include/status_interfaces/status_interfaces/msg/detail/system_status__rosidl_typesupport_introspection_cpp.hpp\n'}
[0.741616] (status_interfaces) StdoutLine: {'line': b'-- Up-to-date: /home/shenhang/ros_study/chapter3/topic_practice_workspace/install/status_interfaces/include/status_interfaces/status_interfaces/msg/detail/system_status__type_support.cpp\n'}
[0.741776] (status_interfaces) StdoutLine: {'line': b'-- Up-to-date: /home/shenhang/ros_study/chapter3/topic_practice_workspace/install/status_interfaces/lib/libstatus_interfaces__rosidl_typesupport_introspection_cpp.so\n'}
[0.741887] (status_interfaces) StdoutLine: {'line': b'-- Up-to-date: /home/shenhang/ros_study/chapter3/topic_practice_workspace/install/status_interfaces/lib/libstatus_interfaces__rosidl_typesupport_cpp.so\n'}
[0.741990] (status_interfaces) StdoutLine: {'line': b'-- Up-to-date: /home/shenhang/ros_study/chapter3/topic_practice_workspace/install/status_interfaces/share/status_interfaces/environment/pythonpath.sh\n'}
[0.742130] (status_interfaces) StdoutLine: {'line': b'-- Up-to-date: /home/shenhang/ros_study/chapter3/topic_practice_workspace/install/status_interfaces/share/status_interfaces/environment/pythonpath.dsv\n'}
[0.742246] (status_interfaces) StdoutLine: {'line': b'-- Up-to-date: /home/shenhang/ros_study/chapter3/topic_practice_workspace/install/status_interfaces/local/lib/python3.10/dist-packages/status_interfaces-0.0.0-py3.10.egg-info\n'}
[0.742344] (status_interfaces) StdoutLine: {'line': b'-- Installing: /home/shenhang/ros_study/chapter3/topic_practice_workspace/install/status_interfaces/local/lib/python3.10/dist-packages/status_interfaces-0.0.0-py3.10.egg-info/top_level.txt\n'}
[0.742445] (status_interfaces) StdoutLine: {'line': b'-- Installing: /home/shenhang/ros_study/chapter3/topic_practice_workspace/install/status_interfaces/local/lib/python3.10/dist-packages/status_interfaces-0.0.0-py3.10.egg-info/SOURCES.txt\n'}
[0.742541] (status_interfaces) StdoutLine: {'line': b'-- Installing: /home/shenhang/ros_study/chapter3/topic_practice_workspace/install/status_interfaces/local/lib/python3.10/dist-packages/status_interfaces-0.0.0-py3.10.egg-info/dependency_links.txt\n'}
[0.742628] (status_interfaces) StdoutLine: {'line': b'-- Installing: /home/shenhang/ros_study/chapter3/topic_practice_workspace/install/status_interfaces/local/lib/python3.10/dist-packages/status_interfaces-0.0.0-py3.10.egg-info/PKG-INFO\n'}
[0.742713] (status_interfaces) StdoutLine: {'line': b'-- Up-to-date: /home/shenhang/ros_study/chapter3/topic_practice_workspace/install/status_interfaces/local/lib/python3.10/dist-packages/status_interfaces\n'}
[0.742798] (status_interfaces) StdoutLine: {'line': b'-- Up-to-date: /home/shenhang/ros_study/chapter3/topic_practice_workspace/install/status_interfaces/local/lib/python3.10/dist-packages/status_interfaces/msg\n'}
[0.742934] (status_interfaces) StdoutLine: {'line': b'-- Up-to-date: /home/shenhang/ros_study/chapter3/topic_practice_workspace/install/status_interfaces/local/lib/python3.10/dist-packages/status_interfaces/msg/_system_status.py\n'}
[0.743043] (status_interfaces) StdoutLine: {'line': b'-- Up-to-date: /home/shenhang/ros_study/chapter3/topic_practice_workspace/install/status_interfaces/local/lib/python3.10/dist-packages/status_interfaces/msg/__init__.py\n'}
[0.743267] (status_interfaces) StdoutLine: {'line': b'-- Up-to-date: /home/shenhang/ros_study/chapter3/topic_practice_workspace/install/status_interfaces/local/lib/python3.10/dist-packages/status_interfaces/msg/_system_status_s.c\n'}
[0.743360] (status_interfaces) StdoutLine: {'line': b'-- Up-to-date: /home/shenhang/ros_study/chapter3/topic_practice_workspace/install/status_interfaces/local/lib/python3.10/dist-packages/status_interfaces/__init__.py\n'}
[0.743446] (status_interfaces) StdoutLine: {'line': b'-- Up-to-date: /home/shenhang/ros_study/chapter3/topic_practice_workspace/install/status_interfaces/local/lib/python3.10/dist-packages/status_interfaces/_status_interfaces_s.ep.rosidl_typesupport_fastrtps_c.c\n'}
[0.743532] (status_interfaces) StdoutLine: {'line': b'-- Up-to-date: /home/shenhang/ros_study/chapter3/topic_practice_workspace/install/status_interfaces/local/lib/python3.10/dist-packages/status_interfaces/status_interfaces_s__rosidl_typesupport_c.cpython-310-x86_64-linux-gnu.so\n'}
[0.743627] (status_interfaces) StdoutLine: {'line': b'-- Up-to-date: /home/shenhang/ros_study/chapter3/topic_practice_workspace/install/status_interfaces/local/lib/python3.10/dist-packages/status_interfaces/libstatus_interfaces__rosidl_generator_py.so\n'}
[0.743713] (status_interfaces) StdoutLine: {'line': b'-- Up-to-date: /home/shenhang/ros_study/chapter3/topic_practice_workspace/install/status_interfaces/local/lib/python3.10/dist-packages/status_interfaces/_status_interfaces_s.ep.rosidl_typesupport_c.c\n'}
[0.743798] (status_interfaces) StdoutLine: {'line': b'-- Up-to-date: /home/shenhang/ros_study/chapter3/topic_practice_workspace/install/status_interfaces/local/lib/python3.10/dist-packages/status_interfaces/_status_interfaces_s.ep.rosidl_typesupport_introspection_c.c\n'}
[0.743918] (status_interfaces) StdoutLine: {'line': b'-- Up-to-date: /home/shenhang/ros_study/chapter3/topic_practice_workspace/install/status_interfaces/local/lib/python3.10/dist-packages/status_interfaces/status_interfaces_s__rosidl_typesupport_fastrtps_c.cpython-310-x86_64-linux-gnu.so\n'}
[0.744010] (status_interfaces) StdoutLine: {'line': b'-- Up-to-date: /home/shenhang/ros_study/chapter3/topic_practice_workspace/install/status_interfaces/local/lib/python3.10/dist-packages/status_interfaces/status_interfaces_s__rosidl_typesupport_introspection_c.cpython-310-x86_64-linux-gnu.so\n'}
[0.804880] (-) TimerEvent: {}
[0.808501] (status_interfaces) StdoutLine: {'line': b"Listing '/home/shenhang/ros_study/chapter3/topic_practice_workspace/install/status_interfaces/local/lib/python3.10/dist-packages/status_interfaces'...\n"}
[0.808907] (status_interfaces) StdoutLine: {'line': b"Listing '/home/shenhang/ros_study/chapter3/topic_practice_workspace/install/status_interfaces/local/lib/python3.10/dist-packages/status_interfaces/msg'...\n"}
[0.818551] (status_interfaces) StdoutLine: {'line': b'-- Up-to-date: /home/shenhang/ros_study/chapter3/topic_practice_workspace/install/status_interfaces/local/lib/python3.10/dist-packages/status_interfaces/status_interfaces_s__rosidl_typesupport_fastrtps_c.cpython-310-x86_64-linux-gnu.so\n'}
[0.823473] (status_interfaces) StdoutLine: {'line': b'-- Up-to-date: /home/shenhang/ros_study/chapter3/topic_practice_workspace/install/status_interfaces/local/lib/python3.10/dist-packages/status_interfaces/status_interfaces_s__rosidl_typesupport_introspection_c.cpython-310-x86_64-linux-gnu.so\n'}
[0.823921] (status_interfaces) StdoutLine: {'line': b'-- Up-to-date: /home/shenhang/ros_study/chapter3/topic_practice_workspace/install/status_interfaces/local/lib/python3.10/dist-packages/status_interfaces/status_interfaces_s__rosidl_typesupport_c.cpython-310-x86_64-linux-gnu.so\n'}
[0.826341] (status_interfaces) StdoutLine: {'line': b'-- Up-to-date: /home/shenhang/ros_study/chapter3/topic_practice_workspace/install/status_interfaces/lib/libstatus_interfaces__rosidl_generator_py.so\n'}
[0.826659] (status_interfaces) StdoutLine: {'line': b'-- Up-to-date: /home/shenhang/ros_study/chapter3/topic_practice_workspace/install/status_interfaces/share/status_interfaces/msg/SystemStatus.idl\n'}
[0.826882] (status_interfaces) StdoutLine: {'line': b'-- Up-to-date: /home/shenhang/ros_study/chapter3/topic_practice_workspace/install/status_interfaces/share/status_interfaces/msg/SystemStatus.msg\n'}
[0.827043] (status_interfaces) StdoutLine: {'line': b'-- Up-to-date: /home/shenhang/ros_study/chapter3/topic_practice_workspace/install/status_interfaces/share/ament_index/resource_index/package_run_dependencies/status_interfaces\n'}
[0.827276] (status_interfaces) StdoutLine: {'line': b'-- Up-to-date: /home/shenhang/ros_study/chapter3/topic_practice_workspace/install/status_interfaces/share/ament_index/resource_index/parent_prefix_path/status_interfaces\n'}
[0.827527] (status_interfaces) StdoutLine: {'line': b'-- Up-to-date: /home/shenhang/ros_study/chapter3/topic_practice_workspace/install/status_interfaces/share/status_interfaces/environment/ament_prefix_path.sh\n'}
[0.827716] (status_interfaces) StdoutLine: {'line': b'-- Up-to-date: /home/shenhang/ros_study/chapter3/topic_practice_workspace/install/status_interfaces/share/status_interfaces/environment/ament_prefix_path.dsv\n'}
[0.827986] (status_interfaces) StdoutLine: {'line': b'-- Up-to-date: /home/shenhang/ros_study/chapter3/topic_practice_workspace/install/status_interfaces/share/status_interfaces/environment/path.sh\n'}
[0.828172] (status_interfaces) StdoutLine: {'line': b'-- Up-to-date: /home/shenhang/ros_study/chapter3/topic_practice_workspace/install/status_interfaces/share/status_interfaces/environment/path.dsv\n'}
[0.828427] (status_interfaces) StdoutLine: {'line': b'-- Up-to-date: /home/shenhang/ros_study/chapter3/topic_practice_workspace/install/status_interfaces/share/status_interfaces/local_setup.bash\n'}
[0.828634] (status_interfaces) StdoutLine: {'line': b'-- Up-to-date: /home/shenhang/ros_study/chapter3/topic_practice_workspace/install/status_interfaces/share/status_interfaces/local_setup.sh\n'}
[0.828814] (status_interfaces) StdoutLine: {'line': b'-- Up-to-date: /home/shenhang/ros_study/chapter3/topic_practice_workspace/install/status_interfaces/share/status_interfaces/local_setup.zsh\n'}
[0.829046] (status_interfaces) StdoutLine: {'line': b'-- Up-to-date: /home/shenhang/ros_study/chapter3/topic_practice_workspace/install/status_interfaces/share/status_interfaces/local_setup.dsv\n'}
[0.829327] (status_interfaces) StdoutLine: {'line': b'-- Installing: /home/shenhang/ros_study/chapter3/topic_practice_workspace/install/status_interfaces/share/status_interfaces/package.dsv\n'}
[0.829491] (status_interfaces) StdoutLine: {'line': b'-- Up-to-date: /home/shenhang/ros_study/chapter3/topic_practice_workspace/install/status_interfaces/share/ament_index/resource_index/packages/status_interfaces\n'}
[0.829684] (status_interfaces) StdoutLine: {'line': b'-- Up-to-date: /home/shenhang/ros_study/chapter3/topic_practice_workspace/install/status_interfaces/share/status_interfaces/cmake/export_status_interfaces__rosidl_generator_cExport.cmake\n'}
[0.829899] (status_interfaces) StdoutLine: {'line': b'-- Up-to-date: /home/shenhang/ros_study/chapter3/topic_practice_workspace/install/status_interfaces/share/status_interfaces/cmake/export_status_interfaces__rosidl_generator_cExport-noconfig.cmake\n'}
[0.830054] (status_interfaces) StdoutLine: {'line': b'-- Up-to-date: /home/shenhang/ros_study/chapter3/topic_practice_workspace/install/status_interfaces/share/status_interfaces/cmake/export_status_interfaces__rosidl_typesupport_fastrtps_cExport.cmake\n'}
[0.830254] (status_interfaces) StdoutLine: {'line': b'-- Up-to-date: /home/shenhang/ros_study/chapter3/topic_practice_workspace/install/status_interfaces/share/status_interfaces/cmake/export_status_interfaces__rosidl_typesupport_fastrtps_cExport-noconfig.cmake\n'}
[0.830449] (status_interfaces) StdoutLine: {'line': b'-- Up-to-date: /home/shenhang/ros_study/chapter3/topic_practice_workspace/install/status_interfaces/share/status_interfaces/cmake/export_status_interfaces__rosidl_generator_cppExport.cmake\n'}
[0.830578] (status_interfaces) StdoutLine: {'line': b'-- Up-to-date: /home/shenhang/ros_study/chapter3/topic_practice_workspace/install/status_interfaces/share/status_interfaces/cmake/export_status_interfaces__rosidl_typesupport_fastrtps_cppExport.cmake\n'}
[0.830805] (status_interfaces) StdoutLine: {'line': b'-- Up-to-date: /home/shenhang/ros_study/chapter3/topic_practice_workspace/install/status_interfaces/share/status_interfaces/cmake/export_status_interfaces__rosidl_typesupport_fastrtps_cppExport-noconfig.cmake\n'}
[0.830959] (status_interfaces) StdoutLine: {'line': b'-- Up-to-date: /home/shenhang/ros_study/chapter3/topic_practice_workspace/install/status_interfaces/share/status_interfaces/cmake/status_interfaces__rosidl_typesupport_introspection_cExport.cmake\n'}
[0.831148] (status_interfaces) StdoutLine: {'line': b'-- Up-to-date: /home/shenhang/ros_study/chapter3/topic_practice_workspace/install/status_interfaces/share/status_interfaces/cmake/status_interfaces__rosidl_typesupport_introspection_cExport-noconfig.cmake\n'}
[0.831316] (status_interfaces) StdoutLine: {'line': b'-- Up-to-date: /home/shenhang/ros_study/chapter3/topic_practice_workspace/install/status_interfaces/share/status_interfaces/cmake/status_interfaces__rosidl_typesupport_cExport.cmake\n'}
[0.831449] (status_interfaces) StdoutLine: {'line': b'-- Up-to-date: /home/shenhang/ros_study/chapter3/topic_practice_workspace/install/status_interfaces/share/status_interfaces/cmake/status_interfaces__rosidl_typesupport_cExport-noconfig.cmake\n'}
[0.831601] (status_interfaces) StdoutLine: {'line': b'-- Up-to-date: /home/shenhang/ros_study/chapter3/topic_practice_workspace/install/status_interfaces/share/status_interfaces/cmake/status_interfaces__rosidl_typesupport_introspection_cppExport.cmake\n'}
[0.831903] (status_interfaces) StdoutLine: {'line': b'-- Up-to-date: /home/shenhang/ros_study/chapter3/topic_practice_workspace/install/status_interfaces/share/status_interfaces/cmake/status_interfaces__rosidl_typesupport_introspection_cppExport-noconfig.cmake\n'}
[0.832104] (status_interfaces) StdoutLine: {'line': b'-- Up-to-date: /home/shenhang/ros_study/chapter3/topic_practice_workspace/install/status_interfaces/share/status_interfaces/cmake/status_interfaces__rosidl_typesupport_cppExport.cmake\n'}
[0.832278] (status_interfaces) StdoutLine: {'line': b'-- Up-to-date: /home/shenhang/ros_study/chapter3/topic_practice_workspace/install/status_interfaces/share/status_interfaces/cmake/status_interfaces__rosidl_typesupport_cppExport-noconfig.cmake\n'}
[0.832420] (status_interfaces) StdoutLine: {'line': b'-- Up-to-date: /home/shenhang/ros_study/chapter3/topic_practice_workspace/install/status_interfaces/share/status_interfaces/cmake/export_status_interfaces__rosidl_generator_pyExport.cmake\n'}
[0.832659] (status_interfaces) StdoutLine: {'line': b'-- Up-to-date: /home/shenhang/ros_study/chapter3/topic_practice_workspace/install/status_interfaces/share/status_interfaces/cmake/export_status_interfaces__rosidl_generator_pyExport-noconfig.cmake\n'}
[0.832855] (status_interfaces) StdoutLine: {'line': b'-- Up-to-date: /home/shenhang/ros_study/chapter3/topic_practice_workspace/install/status_interfaces/share/status_interfaces/cmake/rosidl_cmake-extras.cmake\n'}
[0.833007] (status_interfaces) StdoutLine: {'line': b'-- Up-to-date: /home/shenhang/ros_study/chapter3/topic_practice_workspace/install/status_interfaces/share/status_interfaces/cmake/ament_cmake_export_dependencies-extras.cmake\n'}
[0.833212] (status_interfaces) StdoutLine: {'line': b'-- Up-to-date: /home/shenhang/ros_study/chapter3/topic_practice_workspace/install/status_interfaces/share/status_interfaces/cmake/ament_cmake_export_include_directories-extras.cmake\n'}
[0.833377] (status_interfaces) StdoutLine: {'line': b'-- Up-to-date: /home/shenhang/ros_study/chapter3/topic_practice_workspace/install/status_interfaces/share/status_interfaces/cmake/ament_cmake_export_libraries-extras.cmake\n'}
[0.833508] (status_interfaces) StdoutLine: {'line': b'-- Up-to-date: /home/shenhang/ros_study/chapter3/topic_practice_workspace/install/status_interfaces/share/status_interfaces/cmake/ament_cmake_export_targets-extras.cmake\n'}
[0.833695] (status_interfaces) StdoutLine: {'line': b'-- Up-to-date: /home/shenhang/ros_study/chapter3/topic_practice_workspace/install/status_interfaces/share/status_interfaces/cmake/rosidl_cmake_export_typesupport_targets-extras.cmake\n'}
[0.835941] (status_interfaces) StdoutLine: {'line': b'-- Up-to-date: /home/shenhang/ros_study/chapter3/topic_practice_workspace/install/status_interfaces/share/status_interfaces/cmake/rosidl_cmake_export_typesupport_libraries-extras.cmake\n'}
[0.836298] (status_interfaces) StdoutLine: {'line': b'-- Up-to-date: /home/shenhang/ros_study/chapter3/topic_practice_workspace/install/status_interfaces/share/status_interfaces/cmake/status_interfacesConfig.cmake\n'}
[0.836468] (status_interfaces) StdoutLine: {'line': b'-- Up-to-date: /home/shenhang/ros_study/chapter3/topic_practice_workspace/install/status_interfaces/share/status_interfaces/cmake/status_interfacesConfig-version.cmake\n'}
[0.836638] (status_interfaces) StdoutLine: {'line': b'-- Up-to-date: /home/shenhang/ros_study/chapter3/topic_practice_workspace/install/status_interfaces/share/status_interfaces/package.xml\n'}
[0.842554] (status_interfaces) CommandEnded: {'returncode': 0}
[0.888999] (status_interfaces) JobEnded: {'identifier': 'status_interfaces', 'rc': 0}
[0.891459] (status_display) JobStarted: {'identifier': 'status_display'}
[0.903975] (status_publisher) JobStarted: {'identifier': 'status_publisher'}
[0.905393] (-) TimerEvent: {}
[0.918363] (status_display) JobProgress: {'identifier': 'status_display', 'progress': 'cmake'}
[0.922686] (status_display) JobProgress: {'identifier': 'status_display', 'progress': 'build'}
[0.923453] (status_display) Command: {'cmd': ['/usr/bin/cmake', '--build', '/home/shenhang/ros_study/chapter3/topic_practice_workspace/build/status_display', '--', '-j6', '-l6'], 'cwd': '/home/shenhang/ros_study/chapter3/topic_practice_workspace/build/status_display', 'env': OrderedDict([('GJS_DEBUG_TOPICS', 'JS ERROR;JS LOG'), ('PYTHON_BASIC_REPL', '1'), ('LESSOPEN', '| /usr/bin/lesspipe %s'), ('LANGUAGE', 'zh_CN:zh'), ('USER', 'shenhang'), ('XDG_SESSION_TYPE', 'wayland'), ('GIT_ASKPASS', '/usr/share/code/resources/app/extensions/git/dist/askpass.sh'), ('SHLVL', '1'), ('LD_LIBRARY_PATH', '/home/shenhang/ros_study/chapter3/topic_practice_workspace/install/status_interfaces/lib:/opt/ros/humble/opt/rviz_ogre_vendor/lib:/opt/ros/humble/lib/x86_64-linux-gnu:/opt/ros/humble/lib'), ('HOME', '/home/shenhang'), ('CHROME_DESKTOP', 'code.desktop'), ('OLDPWD', '/home/shenhang/ros_study/chapter3/topic_practice_workspace/src'), ('TERM_PROGRAM_VERSION', '1.108.1'), ('DESKTOP_SESSION', 'ubuntu'), ('GIO_LAUNCHED_DESKTOP_FILE', '/usr/share/applications/code.desktop'), ('ROS_PYTHON_VERSION', '3'), ('GNOME_SHELL_SESSION_MODE', 'ubuntu'), ('GTK_MODULES', 'gail:atk-bridge'), ('VSCODE_GIT_ASKPASS_MAIN', '/usr/share/code/resources/app/extensions/git/dist/askpass-main.js'), ('VSCODE_GIT_ASKPASS_NODE', '/usr/share/code/code'), ('MANAGERPID', '2341'), ('PYDEVD_DISABLE_FILE_VALIDATION', '1'), ('SYSTEMD_EXEC_PID', '2505'), ('BUNDLED_DEBUGPY_PATH', '/home/shenhang/.vscode/extensions/ms-python.debugpy-2025.18.0-linux-x64/bundled/libs/debugpy'), ('IM_CONFIG_CHECK_ENV', '1'), ('VSCODE_PYTHON_AUTOACTIVATE_GUARD', '1'), ('DBUS_SESSION_BUS_ADDRESS', 'unix:path=/run/user/1000/bus'), ('COLORTERM', 'truecolor'), ('GIO_LAUNCHED_DESKTOP_FILE_PID', '9065'), ('IM_CONFIG_PHASE', '1'), ('WAYLAND_DISPLAY', 'wayland-0'), ('COLCON_PREFIX_PATH', '/home/shenhang/ros_study/chapter3/topic_practice_workspace/install'), ('ROS_DISTRO', 'humble'), ('LOGNAME', 'shenhang'), ('JOURNAL_STREAM', '8:12577'), ('_', '/usr/bin/colcon'), ('ROS_VERSION', '2'), ('XDG_SESSION_CLASS', 'user'), ('USERNAME', 'shenhang'), ('TERM', 'xterm-256color'), ('GNOME_DESKTOP_SESSION_ID', 'this-is-deprecated'), ('FC_FONTATIONS', '1'), ('ROS_LOCALHOST_ONLY', '0'), ('PATH', '/home/shenhang/.config/Code/User/globalStorage/github.copilot-chat/debugCommand:/home/shenhang/.config/Code/User/globalStorage/github.copilot-chat/copilotCli:/opt/ros/humble/bin:/usr/local/sbin:/usr/local/bin:/usr/sbin:/usr/bin:/sbin:/bin:/usr/games:/usr/local/games:/snap/bin:/snap/bin:/home/shenhang/.vscode/extensions/ms-python.debugpy-2025.18.0-linux-x64/bundled/scripts/noConfigScripts'), ('SESSION_MANAGER', 'local/shenhang-VirtualBox:@/tmp/.ICE-unix/2480,unix/shenhang-VirtualBox:/tmp/.ICE-unix/2480'), ('INVOCATION_ID', 'c3a81940805940c59e7ff094d6b33cb7'), ('XDG_MENU_PREFIX', 'gnome-'), ('GNOME_SETUP_DISPLAY', ':1'), ('XDG_RUNTIME_DIR', '/run/user/1000'), ('GDK_BACKEND', 'wayland'), ('DISPLAY', ':0'), ('VSCODE_DEBUGPY_ADAPTER_ENDPOINTS', '/home/shenhang/.vscode/extensions/ms-python.debugpy-2025.18.0-linux-x64/.noConfigDebugAdapterEndpoints/endpoint-51b4d5a485752e35.txt'), ('LANG', 'zh_CN.UTF-8'), ('XDG_CURRENT_DESKTOP', 'ubuntu:GNOME'), ('PYTHONSTARTUP', '/home/shenhang/.config/Code/User/workspaceStorage/ef4da6c00f614e73fdf73c604713ffa3/ms-python.python/pythonrc.py'), ('XMODIFIERS', '@im=ibus'), ('XDG_SESSION_DESKTOP', 'ubuntu'), ('XAUTHORITY', '/run/user/1000/.mutter-Xwaylandauth.OS4OJ3'), ('LS_COLORS', 'rs=0:di=01;34:ln=01;36:mh=00:pi=40;33:so=01;35:do=01;35:bd=40;33;01:cd=40;33;01:or=40;31;01:mi=00:su=37;41:sg=30;43:ca=30;41:tw=30;42:ow=34;42:st=37;44:ex=01;32:*.tar=01;31:*.tgz=01;31:*.arc=01;31:*.arj=01;31:*.taz=01;31:*.lha=01;31:*.lz4=01;31:*.lzh=01;31:*.lzma=01;31:*.tlz=01;31:*.txz=01;31:*.tzo=01;31:*.t7z=01;31:*.zip=01;31:*.z=01;31:*.dz=01;31:*.gz=01;31:*.lrz=01;31:*.lz=01;31:*.lzo=01;31:*.xz=01;31:*.zst=01;31:*.tzst=01;31:*.bz2=01;31:*.bz=01;31:*.tbz=01;31:*.tbz2=01;31:*.tz=01;31:*.deb=01;31:*.rpm=01;31:*.jar=01;31:*.war=01;31:*.ear=01;31:*.sar=01;31:*.rar=01;31:*.alz=01;31:*.ace=01;31:*.zoo=01;31:*.cpio=01;31:*.7z=01;31:*.rz=01;31:*.cab=01;31:*.wim=01;31:*.swm=01;31:*.dwm=01;31:*.esd=01;31:*.jpg=01;35:*.jpeg=01;35:*.mjpg=01;35:*.mjpeg=01;35:*.gif=01;35:*.bmp=01;35:*.pbm=01;35:*.pgm=01;35:*.ppm=01;35:*.tga=01;35:*.xbm=01;35:*.xpm=01;35:*.tif=01;35:*.tiff=01;35:*.png=01;35:*.svg=01;35:*.svgz=01;35:*.mng=01;35:*.pcx=01;35:*.mov=01;35:*.mpg=01;35:*.mpeg=01;35:*.m2v=01;35:*.mkv=01;35:*.webm=01;35:*.webp=01;35:*.ogm=01;35:*.mp4=01;35:*.m4v=01;35:*.mp4v=01;35:*.vob=01;35:*.qt=01;35:*.nuv=01;35:*.wmv=01;35:*.asf=01;35:*.rm=01;35:*.rmvb=01;35:*.flc=01;35:*.avi=01;35:*.fli=01;35:*.flv=01;35:*.gl=01;35:*.dl=01;35:*.xcf=01;35:*.xwd=01;35:*.yuv=01;35:*.cgm=01;35:*.emf=01;35:*.ogv=01;35:*.ogx=01;35:*.aac=00;36:*.au=00;36:*.flac=00;36:*.m4a=00;36:*.mid=00;36:*.midi=00;36:*.mka=00;36:*.mp3=00;36:*.mpc=00;36:*.ogg=00;36:*.ra=00;36:*.wav=00;36:*.oga=00;36:*.opus=00;36:*.spx=00;36:*.xspf=00;36:'), ('VSCODE_GIT_IPC_HANDLE', '/run/user/1000/vscode-git-cae9e6a9f3.sock'), ('TERM_PROGRAM', 'vscode'), ('SSH_AGENT_LAUNCHER', 'gnome-keyring'), ('SSH_AUTH_SOCK', '/run/user/1000/keyring/ssh'), ('AMENT_PREFIX_PATH', '/home/shenhang/ros_study/chapter3/topic_practice_workspace/install/status_display:/home/shenhang/ros_study/chapter3/topic_practice_workspace/install/status_publisher:/home/shenhang/ros_study/chapter3/topic_practice_workspace/install/status_interfaces:/opt/ros/humble'), ('SHELL', '/bin/bash'), ('QT_ACCESSIBILITY', '1'), ('GDMSESSION', 'ubuntu'), ('LESSCLOSE', '/usr/bin/lesspipe %s %s'), ('GJS_DEBUG_OUTPUT', 'stderr'), ('VSCODE_GIT_ASKPASS_EXTRA_ARGS', ''), ('QT_IM_MODULE', 'ibus'), ('PWD', '/home/shenhang/ros_study/chapter3/topic_practice_workspace/build/status_display'), ('XDG_CONFIG_DIRS', '/etc/xdg/xdg-ubuntu:/etc/xdg'), ('XDG_DATA_DIRS', '/usr/share/ubuntu:/usr/local/share/:/usr/share/:/var/lib/snapd/desktop'), ('PYTHONPATH', '/home/shenhang/ros_study/chapter3/topic_practice_workspace/install/status_publisher/lib/python3.10/site-packages:/home/shenhang/ros_study/chapter3/topic_practice_workspace/install/status_interfaces/local/lib/python3.10/dist-packages:/opt/ros/humble/lib/python3.10/site-packages:/opt/ros/humble/local/lib/python3.10/dist-packages'), ('COLCON', '1'), ('CMAKE_PREFIX_PATH', '/home/shenhang/ros_study/chapter3/topic_practice_workspace/install/status_interfaces:/home/shenhang/ros_study/chapter3/topic_practice_workspace/install/status_display:/home/shenhang/ros_study/chapter3/topic_practice_workspace/install/status_publisher:/opt/ros/humble')]), 'shell': False}
[0.995229] (status_display) StdoutLine: {'line': b'\x1b[35m\x1b[1mConsolidate compiler generated dependencies of target sys_status_display_exe\x1b[0m\n'}
[1.007286] (status_display) StdoutLine: {'line': b'[ 50%] Built target hello_qt_exe\n'}
[1.007569] (-) TimerEvent: {}
[1.045208] (status_display) StdoutLine: {'line': b'[ 75%] \x1b[32mBuilding CXX object CMakeFiles/sys_status_display_exe.dir/src/sys_status_display.cpp.o\x1b[0m\n'}
[1.109272] (-) TimerEvent: {}
[1.209654] (-) TimerEvent: {}
[1.310320] (-) TimerEvent: {}
[1.412235] (-) TimerEvent: {}
[1.512953] (-) TimerEvent: {}
[1.613544] (-) TimerEvent: {}
[1.715453] (-) TimerEvent: {}
[1.816047] (-) TimerEvent: {}
[1.916507] (-) TimerEvent: {}
[1.997731] (status_publisher) Command: {'cmd': ['/usr/bin/python3', '-W', 'ignore:setup.py install is deprecated', '-W', 'ignore:easy_install command is deprecated', 'setup.py', 'egg_info', '--egg-base', '../../build/status_publisher', 'build', '--build-base', '/home/shenhang/ros_study/chapter3/topic_practice_workspace/build/status_publisher/build', 'install', '--record', '/home/shenhang/ros_study/chapter3/topic_practice_workspace/build/status_publisher/install.log', '--single-version-externally-managed', 'install_data'], 'cwd': '/home/shenhang/ros_study/chapter3/topic_practice_workspace/src/status_publisher', 'env': {'GJS_DEBUG_TOPICS': 'JS ERROR;JS LOG', 'PYTHON_BASIC_REPL': '1', 'LESSOPEN': '| /usr/bin/lesspipe %s', 'LANGUAGE': 'zh_CN:zh', 'USER': 'shenhang', 'XDG_SESSION_TYPE': 'wayland', 'GIT_ASKPASS': '/usr/share/code/resources/app/extensions/git/dist/askpass.sh', 'SHLVL': '1', 'LD_LIBRARY_PATH': '/home/shenhang/ros_study/chapter3/topic_practice_workspace/install/status_interfaces/lib:/opt/ros/humble/opt/rviz_ogre_vendor/lib:/opt/ros/humble/lib/x86_64-linux-gnu:/opt/ros/humble/lib', 'HOME': '/home/shenhang', 'CHROME_DESKTOP': 'code.desktop', 'OLDPWD': '/home/shenhang/ros_study/chapter3/topic_practice_workspace/src', 'TERM_PROGRAM_VERSION': '1.108.1', 'DESKTOP_SESSION': 'ubuntu', 'GIO_LAUNCHED_DESKTOP_FILE': '/usr/share/applications/code.desktop', 'ROS_PYTHON_VERSION': '3', 'GNOME_SHELL_SESSION_MODE': 'ubuntu', 'GTK_MODULES': 'gail:atk-bridge', 'VSCODE_GIT_ASKPASS_MAIN': '/usr/share/code/resources/app/extensions/git/dist/askpass-main.js', 'VSCODE_GIT_ASKPASS_NODE': '/usr/share/code/code', 'MANAGERPID': '2341', 'PYDEVD_DISABLE_FILE_VALIDATION': '1', 'SYSTEMD_EXEC_PID': '2505', 'BUNDLED_DEBUGPY_PATH': '/home/shenhang/.vscode/extensions/ms-python.debugpy-2025.18.0-linux-x64/bundled/libs/debugpy', 'IM_CONFIG_CHECK_ENV': '1', 'VSCODE_PYTHON_AUTOACTIVATE_GUARD': '1', 'DBUS_SESSION_BUS_ADDRESS': 'unix:path=/run/user/1000/bus', 'COLORTERM': 'truecolor', 'GIO_LAUNCHED_DESKTOP_FILE_PID': '9065', 'IM_CONFIG_PHASE': '1', 'WAYLAND_DISPLAY': 'wayland-0', 'COLCON_PREFIX_PATH': '/home/shenhang/ros_study/chapter3/topic_practice_workspace/install', 'ROS_DISTRO': 'humble', 'LOGNAME': 'shenhang', 'JOURNAL_STREAM': '8:12577', '_': '/usr/bin/colcon', 'ROS_VERSION': '2', 'XDG_SESSION_CLASS': 'user', 'USERNAME': 'shenhang', 'TERM': 'xterm-256color', 'GNOME_DESKTOP_SESSION_ID': 'this-is-deprecated', 'FC_FONTATIONS': '1', 'ROS_LOCALHOST_ONLY': '0', 'PATH': '/home/shenhang/.config/Code/User/globalStorage/github.copilot-chat/debugCommand:/home/shenhang/.config/Code/User/globalStorage/github.copilot-chat/copilotCli:/opt/ros/humble/bin:/usr/local/sbin:/usr/local/bin:/usr/sbin:/usr/bin:/sbin:/bin:/usr/games:/usr/local/games:/snap/bin:/snap/bin:/home/shenhang/.vscode/extensions/ms-python.debugpy-2025.18.0-linux-x64/bundled/scripts/noConfigScripts', 'SESSION_MANAGER': 'local/shenhang-VirtualBox:@/tmp/.ICE-unix/2480,unix/shenhang-VirtualBox:/tmp/.ICE-unix/2480', 'INVOCATION_ID': 'c3a81940805940c59e7ff094d6b33cb7', 'XDG_MENU_PREFIX': 'gnome-', 'GNOME_SETUP_DISPLAY': ':1', 'XDG_RUNTIME_DIR': '/run/user/1000', 'GDK_BACKEND': 'wayland', 'DISPLAY': ':0', 'VSCODE_DEBUGPY_ADAPTER_ENDPOINTS': '/home/shenhang/.vscode/extensions/ms-python.debugpy-2025.18.0-linux-x64/.noConfigDebugAdapterEndpoints/endpoint-51b4d5a485752e35.txt', 'LANG': 'zh_CN.UTF-8', 'XDG_CURRENT_DESKTOP': 'ubuntu:GNOME', 'PYTHONSTARTUP': '/home/shenhang/.config/Code/User/workspaceStorage/ef4da6c00f614e73fdf73c604713ffa3/ms-python.python/pythonrc.py', 'XMODIFIERS': '@im=ibus', 'XDG_SESSION_DESKTOP': 'ubuntu', 'XAUTHORITY': '/run/user/1000/.mutter-Xwaylandauth.OS4OJ3', 'LS_COLORS': 'rs=0:di=01;34:ln=01;36:mh=00:pi=40;33:so=01;35:do=01;35:bd=40;33;01:cd=40;33;01:or=40;31;01:mi=00:su=37;41:sg=30;43:ca=30;41:tw=30;42:ow=34;42:st=37;44:ex=01;32:*.tar=01;31:*.tgz=01;31:*.arc=01;31:*.arj=01;31:*.taz=01;31:*.lha=01;31:*.lz4=01;31:*.lzh=01;31:*.lzma=01;31:*.tlz=01;31:*.txz=01;31:*.tzo=01;31:*.t7z=01;31:*.zip=01;31:*.z=01;31:*.dz=01;31:*.gz=01;31:*.lrz=01;31:*.lz=01;31:*.lzo=01;31:*.xz=01;31:*.zst=01;31:*.tzst=01;31:*.bz2=01;31:*.bz=01;31:*.tbz=01;31:*.tbz2=01;31:*.tz=01;31:*.deb=01;31:*.rpm=01;31:*.jar=01;31:*.war=01;31:*.ear=01;31:*.sar=01;31:*.rar=01;31:*.alz=01;31:*.ace=01;31:*.zoo=01;31:*.cpio=01;31:*.7z=01;31:*.rz=01;31:*.cab=01;31:*.wim=01;31:*.swm=01;31:*.dwm=01;31:*.esd=01;31:*.jpg=01;35:*.jpeg=01;35:*.mjpg=01;35:*.mjpeg=01;35:*.gif=01;35:*.bmp=01;35:*.pbm=01;35:*.pgm=01;35:*.ppm=01;35:*.tga=01;35:*.xbm=01;35:*.xpm=01;35:*.tif=01;35:*.tiff=01;35:*.png=01;35:*.svg=01;35:*.svgz=01;35:*.mng=01;35:*.pcx=01;35:*.mov=01;35:*.mpg=01;35:*.mpeg=01;35:*.m2v=01;35:*.mkv=01;35:*.webm=01;35:*.webp=01;35:*.ogm=01;35:*.mp4=01;35:*.m4v=01;35:*.mp4v=01;35:*.vob=01;35:*.qt=01;35:*.nuv=01;35:*.wmv=01;35:*.asf=01;35:*.rm=01;35:*.rmvb=01;35:*.flc=01;35:*.avi=01;35:*.fli=01;35:*.flv=01;35:*.gl=01;35:*.dl=01;35:*.xcf=01;35:*.xwd=01;35:*.yuv=01;35:*.cgm=01;35:*.emf=01;35:*.ogv=01;35:*.ogx=01;35:*.aac=00;36:*.au=00;36:*.flac=00;36:*.m4a=00;36:*.mid=00;36:*.midi=00;36:*.mka=00;36:*.mp3=00;36:*.mpc=00;36:*.ogg=00;36:*.ra=00;36:*.wav=00;36:*.oga=00;36:*.opus=00;36:*.spx=00;36:*.xspf=00;36:', 'VSCODE_GIT_IPC_HANDLE': '/run/user/1000/vscode-git-cae9e6a9f3.sock', 'TERM_PROGRAM': 'vscode', 'SSH_AGENT_LAUNCHER': 'gnome-keyring', 'SSH_AUTH_SOCK': '/run/user/1000/keyring/ssh', 'AMENT_PREFIX_PATH': '/home/shenhang/ros_study/chapter3/topic_practice_workspace/install/status_display:/home/shenhang/ros_study/chapter3/topic_practice_workspace/install/status_publisher:/home/shenhang/ros_study/chapter3/topic_practice_workspace/install/status_interfaces:/opt/ros/humble', 'SHELL': '/bin/bash', 'QT_ACCESSIBILITY': '1', 'GDMSESSION': 'ubuntu', 'LESSCLOSE': '/usr/bin/lesspipe %s %s', 'GJS_DEBUG_OUTPUT': 'stderr', 'VSCODE_GIT_ASKPASS_EXTRA_ARGS': '', 'QT_IM_MODULE': 'ibus', 'PWD': '/home/shenhang/ros_study/chapter3/topic_practice_workspace/build/status_publisher', 'XDG_CONFIG_DIRS': '/etc/xdg/xdg-ubuntu:/etc/xdg', 'XDG_DATA_DIRS': '/usr/share/ubuntu:/usr/local/share/:/usr/share/:/var/lib/snapd/desktop', 'PYTHONPATH': '/home/shenhang/ros_study/chapter3/topic_practice_workspace/build/status_publisher/prefix_override:/usr/lib/python3/dist-packages/colcon_core/task/python/colcon_distutils_commands:/home/shenhang/ros_study/chapter3/topic_practice_workspace/install/status_publisher/lib/python3.10/site-packages:/home/shenhang/ros_study/chapter3/topic_practice_workspace/install/status_publisher/lib/python3.10/site-packages:/home/shenhang/ros_study/chapter3/topic_practice_workspace/install/status_interfaces/local/lib/python3.10/dist-packages:/opt/ros/humble/lib/python3.10/site-packages:/opt/ros/humble/local/lib/python3.10/dist-packages', 'COLCON': '1', 'CMAKE_PREFIX_PATH': '/home/shenhang/ros_study/chapter3/topic_practice_workspace/install/status_interfaces:/home/shenhang/ros_study/chapter3/topic_practice_workspace/install/status_display'}, 'shell': False}
[2.017735] (-) TimerEvent: {}
[2.120252] (-) TimerEvent: {}
[2.221658] (-) TimerEvent: {}
[2.322536] (-) TimerEvent: {}
[2.417822] (status_publisher) StdoutLine: {'line': b'running egg_info\n'}
[2.418106] (status_publisher) StdoutLine: {'line': b'writing ../../build/status_publisher/status_publisher.egg-info/PKG-INFO\n'}
[2.419622] (status_publisher) StdoutLine: {'line': b'writing dependency_links to ../../build/status_publisher/status_publisher.egg-info/dependency_links.txt\n'}
[2.419754] (status_publisher) StdoutLine: {'line': b'writing entry points to ../../build/status_publisher/status_publisher.egg-info/entry_points.txt\n'}
[2.419846] (status_publisher) StdoutLine: {'line': b'writing requirements to ../../build/status_publisher/status_publisher.egg-info/requires.txt\n'}
[2.419934] (status_publisher) StdoutLine: {'line': b'writing top-level names to ../../build/status_publisher/status_publisher.egg-info/top_level.txt\n'}
[2.421073] (status_publisher) StdoutLine: {'line': b"reading manifest file '../../build/status_publisher/status_publisher.egg-info/SOURCES.txt'\n"}
[2.421434] (status_publisher) StdoutLine: {'line': b"adding license file 'LICENSE'\n"}
[2.422646] (-) TimerEvent: {}
[2.422877] (status_publisher) StdoutLine: {'line': b"writing manifest file '../../build/status_publisher/status_publisher.egg-info/SOURCES.txt'\n"}
[2.424387] (status_publisher) StdoutLine: {'line': b'running build\n'}
[2.424498] (status_publisher) StdoutLine: {'line': b'running build_py\n'}
[2.424589] (status_publisher) StdoutLine: {'line': b'running install\n'}
[2.424677] (status_publisher) StdoutLine: {'line': b'running install_lib\n'}
[2.425438] (status_publisher) StdoutLine: {'line': b'running install_data\n'}
[2.425597] (status_publisher) StdoutLine: {'line': b'running install_egg_info\n'}
[2.427933] (status_publisher) StdoutLine: {'line': b"removing '/home/shenhang/ros_study/chapter3/topic_practice_workspace/install/status_publisher/lib/python3.10/site-packages/status_publisher-0.0.0-py3.10.egg-info' (and everything under it)\n"}
[2.430388] (status_publisher) StdoutLine: {'line': b'Copying ../../build/status_publisher/status_publisher.egg-info to /home/shenhang/ros_study/chapter3/topic_practice_workspace/install/status_publisher/lib/python3.10/site-packages/status_publisher-0.0.0-py3.10.egg-info\n'}
[2.431444] (status_publisher) StdoutLine: {'line': b'running install_scripts\n'}
[2.463121] (status_publisher) StdoutLine: {'line': b'Installing sys_status_pub_exe script to /home/shenhang/ros_study/chapter3/topic_practice_workspace/install/status_publisher/lib/status_publisher\n'}
[2.464163] (status_publisher) StdoutLine: {'line': b"writing list of installed files to '/home/shenhang/ros_study/chapter3/topic_practice_workspace/build/status_publisher/install.log'\n"}
[2.495642] (status_publisher) CommandEnded: {'returncode': 0}
[2.511217] (status_publisher) JobEnded: {'identifier': 'status_publisher', 'rc': 0}
[2.522971] (-) TimerEvent: {}
[2.623756] (-) TimerEvent: {}
[2.724474] (-) TimerEvent: {}
[2.825245] (-) TimerEvent: {}
[2.926459] (-) TimerEvent: {}
[3.027189] (-) TimerEvent: {}
[3.127979] (-) TimerEvent: {}
[3.228646] (-) TimerEvent: {}
[3.330283] (-) TimerEvent: {}
[3.430814] (-) TimerEvent: {}
[3.531546] (-) TimerEvent: {}
[3.631982] (-) TimerEvent: {}
[3.732631] (-) TimerEvent: {}
[3.834562] (-) TimerEvent: {}
[3.934949] (-) TimerEvent: {}
[4.035534] (-) TimerEvent: {}
[4.137371] (-) TimerEvent: {}
[4.239532] (-) TimerEvent: {}
[4.343656] (-) TimerEvent: {}
[4.444770] (-) TimerEvent: {}
[4.545896] (-) TimerEvent: {}
[4.649182] (-) TimerEvent: {}
[4.749597] (-) TimerEvent: {}
[4.849993] (-) TimerEvent: {}
[4.950895] (-) TimerEvent: {}
[5.052533] (-) TimerEvent: {}
[5.156225] (-) TimerEvent: {}
[5.256976] (-) TimerEvent: {}
[5.359428] (-) TimerEvent: {}
[5.460248] (-) TimerEvent: {}
[5.561631] (-) TimerEvent: {}
[5.662400] (-) TimerEvent: {}
[5.764168] (-) TimerEvent: {}
[5.837202] (status_display) StderrLine: {'line': b'\x1b[01m\x1b[K/home/shenhang/ros_study/chapter3/topic_practice_workspace/src/status_display/src/sys_status_display.cpp:\x1b[m\x1b[K In member function \xe2\x80\x98\x1b[01m\x1b[KQString SysStatusDisplay::get_qstr_from_msg(status_interfaces::msg::SystemStatus_<std::allocator<void> >::SharedPtr)\x1b[m\x1b[K\xe2\x80\x99:\n'}
[5.837528] (status_display) StderrLine: {'line': b'\x1b[01m\x1b[K/home/shenhang/ros_study/chapter3/topic_practice_workspace/src/status_display/src/sys_status_display.cpp:19:34:\x1b[m\x1b[K \x1b[01;31m\x1b[Kerror: \x1b[m\x1b[Kno match for \xe2\x80\x98\x1b[01m\x1b[Koperator<<\x1b[m\x1b[K\xe2\x80\x99 (operand types are \xe2\x80\x98\x1b[01m\x1b[Kstd::basic_ostream<char>\x1b[m\x1b[K\xe2\x80\x99 and \xe2\x80\x98\x1b[01m\x1b[Kstatus_interfaces::msg::SystemStatus_<std::allocator<void> >::_stamp_type\x1b[m\x1b[K\xe2\x80\x99 {aka \xe2\x80\x98\x1b[01m\x1b[Kbuiltin_interfaces::msg::Time_<std::allocator<void> >\x1b[m\x1b[K\xe2\x80\x99})\n'}
[5.837807] (status_display) StderrLine: {'line': b'   18 |         \x1b[32m\x1b[Kshow_str << "==================\xe7\xb3\xbb\xe7\xbb\x9f\xe7\x8a\xb6\xe6\x80\x81\xe6\x98\xbe\xe7\xa4\xba======================\\n"\x1b[m\x1b[K\n'}
[5.837981] (status_display) StderrLine: {'line': b'      |         \x1b[32m\x1b[K~~~~~~~~~~~~~~~~~~~~~~~~~~~~~~~~~~~~~~~~~~~~~~~~~~~~~~~~~~~~~~~~~~~~\x1b[m\x1b[K\n'}
[5.838129] (status_display) StderrLine: {'line': b'   19 | \x1b[32m\x1b[K                 << "\xe6\x95\xb0\xe6\x8d\xae\xe6\x97\xb6\xe9\x97\xb4: "\x1b[m\x1b[K \x1b[01;31m\x1b[K<<\x1b[m\x1b[K \x1b[34m\x1b[Kmsg->stamp\x1b[m\x1b[K << " s\\n"\n'}
[5.838273] (status_display) StderrLine: {'line': b'      |                  \x1b[32m\x1b[K~~~~~~~~~~~~~~~\x1b[m\x1b[K \x1b[01;31m\x1b[K^~\x1b[m\x1b[K \x1b[34m\x1b[K~~~~~~~~~~\x1b[m\x1b[K\n'}
[5.838384] (status_display) StderrLine: {'line': b'      |                  \x1b[32m\x1b[K|\x1b[m\x1b[K                       \x1b[34m\x1b[K|\x1b[m\x1b[K\n'}
[5.838485] (status_display) StderrLine: {'line': b'      |                  \x1b[32m\x1b[K|\x1b[m\x1b[K                       \x1b[34m\x1b[Kstatus_interfaces::msg::SystemStatus_<std::allocator<void> >::_stamp_type {aka builtin_interfaces::msg::Time_<std::allocator<void> >}\x1b[m\x1b[K\n'}
[5.838683] (status_display) StderrLine: {'line': b'      |                  \x1b[32m\x1b[Kstd::basic_ostream<char>\x1b[m\x1b[K\n'}
[5.839048] (status_display) StderrLine: {'line': b'In file included from \x1b[01m\x1b[K/usr/include/c++/11/iostream:39\x1b[m\x1b[K,\n'}
[5.839236] (status_display) StderrLine: {'line': b'                 from \x1b[01m\x1b[K/opt/ros/humble/include/rclcpp/rclcpp/executor.hpp:22\x1b[m\x1b[K,\n'}
[5.839358] (status_display) StderrLine: {'line': b'                 from \x1b[01m\x1b[K/opt/ros/humble/include/rclcpp/rclcpp/executors/multi_threaded_executor.hpp:25\x1b[m\x1b[K,\n'}
[5.839455] (status_display) StderrLine: {'line': b'                 from \x1b[01m\x1b[K/opt/ros/humble/include/rclcpp/rclcpp/executors.hpp:21\x1b[m\x1b[K,\n'}
[5.839751] (status_display) StderrLine: {'line': b'                 from \x1b[01m\x1b[K/opt/ros/humble/include/rclcpp/rclcpp/rclcpp.hpp:155\x1b[m\x1b[K,\n'}
[5.839811] (status_display) StderrLine: {'line': b'                 from \x1b[01m\x1b[K/home/shenhang/ros_study/chapter3/topic_practice_workspace/src/status_display/src/sys_status_display.cpp:4\x1b[m\x1b[K:\n'}
[5.839863] (status_display) StderrLine: {'line': b'\x1b[01m\x1b[K/usr/include/c++/11/ostream:108:7:\x1b[m\x1b[K \x1b[01;36m\x1b[Knote: \x1b[m\x1b[Kcandidate: \xe2\x80\x98\x1b[01m\x1b[Kstd::basic_ostream<_CharT, _Traits>::__ostream_type& std::basic_ostream<_CharT, _Traits>::operator<<(std::basic_ostream<_CharT, _Traits>::__ostream_type& (*)(std::basic_ostream<_CharT, _Traits>::__ostream_type&)) [with _CharT = char; _Traits = std::char_traits<char>; std::basic_ostream<_CharT, _Traits>::__ostream_type = std::basic_ostream<char>]\x1b[m\x1b[K\xe2\x80\x99\n'}
[5.839917] (status_display) StderrLine: {'line': b'  108 |       \x1b[01;36m\x1b[Koperator\x1b[m\x1b[K<<(__ostream_type& (*__pf)(__ostream_type&))\n'}
[5.843489] (status_display) StderrLine: {'line': b'      |       \x1b[01;36m\x1b[K^~~~~~~~\x1b[m\x1b[K\n'}
[5.843610] (status_display) StderrLine: {'line': b'\x1b[01m\x1b[K/usr/include/c++/11/ostream:108:36:\x1b[m\x1b[K \x1b[01;36m\x1b[Knote: \x1b[m\x1b[K  no known conversion for argument 1 from \xe2\x80\x98\x1b[01m\x1b[Kstatus_interfaces::msg::SystemStatus_<std::allocator<void> >::_stamp_type\x1b[m\x1b[K\xe2\x80\x99 {aka \xe2\x80\x98\x1b[01m\x1b[Kbuiltin_interfaces::msg::Time_<std::allocator<void> >\x1b[m\x1b[K\xe2\x80\x99} to \xe2\x80\x98\x1b[01m\x1b[Kstd::basic_ostream<char>::__ostream_type& (*)(std::basic_ostream<char>::__ostream_type&)\x1b[m\x1b[K\xe2\x80\x99 {aka \xe2\x80\x98\x1b[01m\x1b[Kstd::basic_ostream<char>& (*)(std::basic_ostream<char>&)\x1b[m\x1b[K\xe2\x80\x99}\n'}
[5.843723] (status_display) StderrLine: {'line': b'  108 |       operator<<(\x1b[01;36m\x1b[K__ostream_type& (*__pf)(__ostream_type&)\x1b[m\x1b[K)\n'}
[5.843832] (status_display) StderrLine: {'line': b'      |                  \x1b[01;36m\x1b[K~~~~~~~~~~~~~~~~~~^~~~~~~~~~~~~~~~~~~~~~\x1b[m\x1b[K\n'}
[5.843925] (status_display) StderrLine: {'line': b'\x1b[01m\x1b[K/usr/include/c++/11/ostream:117:7:\x1b[m\x1b[K \x1b[01;36m\x1b[Knote: \x1b[m\x1b[Kcandidate: \xe2\x80\x98\x1b[01m\x1b[Kstd::basic_ostream<_CharT, _Traits>::__ostream_type& std::basic_ostream<_CharT, _Traits>::operator<<(std::basic_ostream<_CharT, _Traits>::__ios_type& (*)(std::basic_ostream<_CharT, _Traits>::__ios_type&)) [with _CharT = char; _Traits = std::char_traits<char>; std::basic_ostream<_CharT, _Traits>::__ostream_type = std::basic_ostream<char>; std::basic_ostream<_CharT, _Traits>::__ios_type = std::basic_ios<char>]\x1b[m\x1b[K\xe2\x80\x99\n'}
[5.844021] (status_display) StderrLine: {'line': b'  117 |       \x1b[01;36m\x1b[Koperator\x1b[m\x1b[K<<(__ios_type& (*__pf)(__ios_type&))\n'}
[5.844206] (status_display) StderrLine: {'line': b'      |       \x1b[01;36m\x1b[K^~~~~~~~\x1b[m\x1b[K\n'}
[5.845846] (status_display) StderrLine: {'line': b'\x1b[01m\x1b[K/usr/include/c++/11/ostream:117:32:\x1b[m\x1b[K \x1b[01;36m\x1b[Knote: \x1b[m\x1b[K  no known conversion for argument 1 from \xe2\x80\x98\x1b[01m\x1b[Kstatus_interfaces::msg::SystemStatus_<std::allocator<void> >::_stamp_type\x1b[m\x1b[K\xe2\x80\x99 {aka \xe2\x80\x98\x1b[01m\x1b[Kbuiltin_interfaces::msg::Time_<std::allocator<void> >\x1b[m\x1b[K\xe2\x80\x99} to \xe2\x80\x98\x1b[01m\x1b[Kstd::basic_ostream<char>::__ios_type& (*)(std::basic_ostream<char>::__ios_type&)\x1b[m\x1b[K\xe2\x80\x99 {aka \xe2\x80\x98\x1b[01m\x1b[Kstd::basic_ios<char>& (*)(std::basic_ios<char>&)\x1b[m\x1b[K\xe2\x80\x99}\n'}
[5.845982] (status_display) StderrLine: {'line': b'  117 |       operator<<(\x1b[01;36m\x1b[K__ios_type& (*__pf)(__ios_type&)\x1b[m\x1b[K)\n'}
[5.846044] (status_display) StderrLine: {'line': b'      |                  \x1b[01;36m\x1b[K~~~~~~~~~~~~~~^~~~~~~~~~~~~~~~~~\x1b[m\x1b[K\n'}
[5.846170] (status_display) StderrLine: {'line': b'\x1b[01m\x1b[K/usr/include/c++/11/ostream:127:7:\x1b[m\x1b[K \x1b[01;36m\x1b[Knote: \x1b[m\x1b[Kcandidate: \xe2\x80\x98\x1b[01m\x1b[Kstd::basic_ostream<_CharT, _Traits>::__ostream_type& std::basic_ostream<_CharT, _Traits>::operator<<(std::ios_base& (*)(std::ios_base&)) [with _CharT = char; _Traits = std::char_traits<char>; std::basic_ostream<_CharT, _Traits>::__ostream_type = std::basic_ostream<char>]\x1b[m\x1b[K\xe2\x80\x99\n'}
[5.846379] (status_display) StderrLine: {'line': b'  127 |       \x1b[01;36m\x1b[Koperator\x1b[m\x1b[K<<(ios_base& (*__pf) (ios_base&))\n'}
[5.846558] (status_display) StderrLine: {'line': b'      |       \x1b[01;36m\x1b[K^~~~~~~~\x1b[m\x1b[K\n'}
[5.846641] (status_display) StderrLine: {'line': b'\x1b[01m\x1b[K/usr/include/c++/11/ostream:127:30:\x1b[m\x1b[K \x1b[01;36m\x1b[Knote: \x1b[m\x1b[K  no known conversion for argument 1 from \xe2\x80\x98\x1b[01m\x1b[Kstatus_interfaces::msg::SystemStatus_<std::allocator<void> >::_stamp_type\x1b[m\x1b[K\xe2\x80\x99 {aka \xe2\x80\x98\x1b[01m\x1b[Kbuiltin_interfaces::msg::Time_<std::allocator<void> >\x1b[m\x1b[K\xe2\x80\x99} to \xe2\x80\x98\x1b[01m\x1b[Kstd::ios_base& (*)(std::ios_base&)\x1b[m\x1b[K\xe2\x80\x99\n'}
[5.846840] (status_display) StderrLine: {'line': b'  127 |       operator<<(\x1b[01;36m\x1b[Kios_base& (*__pf) (ios_base&)\x1b[m\x1b[K)\n'}
[5.846897] (status_display) StderrLine: {'line': b'      |                  \x1b[01;36m\x1b[K~~~~~~~~~~~~^~~~~~~~~~~~~~~~~\x1b[m\x1b[K\n'}
[5.846957] (status_display) StderrLine: {'line': b'\x1b[01m\x1b[K/usr/include/c++/11/ostream:166:7:\x1b[m\x1b[K \x1b[01;36m\x1b[Knote: \x1b[m\x1b[Kcandidate: \xe2\x80\x98\x1b[01m\x1b[Kstd::basic_ostream<_CharT, _Traits>::__ostream_type& std::basic_ostream<_CharT, _Traits>::operator<<(long int) [with _CharT = char; _Traits = std::char_traits<char>; std::basic_ostream<_CharT, _Traits>::__ostream_type = std::basic_ostream<char>]\x1b[m\x1b[K\xe2\x80\x99\n'}
[5.847047] (status_display) StderrLine: {'line': b'  166 |       \x1b[01;36m\x1b[Koperator\x1b[m\x1b[K<<(long __n)\n'}
[5.847383] (status_display) StderrLine: {'line': b'      |       \x1b[01;36m\x1b[K^~~~~~~~\x1b[m\x1b[K\n'}
[5.847457] (status_display) StderrLine: {'line': b'\x1b[01m\x1b[K/usr/include/c++/11/ostream:166:23:\x1b[m\x1b[K \x1b[01;36m\x1b[Knote: \x1b[m\x1b[K  no known conversion for argument 1 from \xe2\x80\x98\x1b[01m\x1b[Kstatus_interfaces::msg::SystemStatus_<std::allocator<void> >::_stamp_type\x1b[m\x1b[K\xe2\x80\x99 {aka \xe2\x80\x98\x1b[01m\x1b[Kbuiltin_interfaces::msg::Time_<std::allocator<void> >\x1b[m\x1b[K\xe2\x80\x99} to \xe2\x80\x98\x1b[01m\x1b[Klong int\x1b[m\x1b[K\xe2\x80\x99\n'}
[5.847525] (status_display) StderrLine: {'line': b'  166 |       operator<<(\x1b[01;36m\x1b[Klong __n\x1b[m\x1b[K)\n'}
[5.847586] (status_display) StderrLine: {'line': b'      |                  \x1b[01;36m\x1b[K~~~~~^~~\x1b[m\x1b[K\n'}
[5.847647] (status_display) StderrLine: {'line': b'\x1b[01m\x1b[K/usr/include/c++/11/ostream:170:7:\x1b[m\x1b[K \x1b[01;36m\x1b[Knote: \x1b[m\x1b[Kcandidate: \xe2\x80\x98\x1b[01m\x1b[Kstd::basic_ostream<_CharT, _Traits>::__ostream_type& std::basic_ostream<_CharT, _Traits>::operator<<(long unsigned int) [with _CharT = char; _Traits = std::char_traits<char>; std::basic_ostream<_CharT, _Traits>::__ostream_type = std::basic_ostream<char>]\x1b[m\x1b[K\xe2\x80\x99\n'}
[5.847711] (status_display) StderrLine: {'line': b'  170 |       \x1b[01;36m\x1b[Koperator\x1b[m\x1b[K<<(unsigned long __n)\n'}
[5.847772] (status_display) StderrLine: {'line': b'      |       \x1b[01;36m\x1b[K^~~~~~~~\x1b[m\x1b[K\n'}
[5.847833] (status_display) StderrLine: {'line': b'\x1b[01m\x1b[K/usr/include/c++/11/ostream:170:32:\x1b[m\x1b[K \x1b[01;36m\x1b[Knote: \x1b[m\x1b[K  no known conversion for argument 1 from \xe2\x80\x98\x1b[01m\x1b[Kstatus_interfaces::msg::SystemStatus_<std::allocator<void> >::_stamp_type\x1b[m\x1b[K\xe2\x80\x99 {aka \xe2\x80\x98\x1b[01m\x1b[Kbuiltin_interfaces::msg::Time_<std::allocator<void> >\x1b[m\x1b[K\xe2\x80\x99} to \xe2\x80\x98\x1b[01m\x1b[Klong unsigned int\x1b[m\x1b[K\xe2\x80\x99\n'}
[5.847912] (status_display) StderrLine: {'line': b'  170 |       operator<<(\x1b[01;36m\x1b[Kunsigned long __n\x1b[m\x1b[K)\n'}
[5.847975] (status_display) StderrLine: {'line': b'      |                  \x1b[01;36m\x1b[K~~~~~~~~~~~~~~^~~\x1b[m\x1b[K\n'}
[5.848176] (status_display) StderrLine: {'line': b'\x1b[01m\x1b[K/usr/include/c++/11/ostream:174:7:\x1b[m\x1b[K \x1b[01;36m\x1b[Knote: \x1b[m\x1b[Kcandidate: \xe2\x80\x98\x1b[01m\x1b[Kstd::basic_ostream<_CharT, _Traits>::__ostream_type& std::basic_ostream<_CharT, _Traits>::operator<<(bool) [with _CharT = char; _Traits = std::char_traits<char>; std::basic_ostream<_CharT, _Traits>::__ostream_type = std::basic_ostream<char>]\x1b[m\x1b[K\xe2\x80\x99\n'}
[5.848350] (status_display) StderrLine: {'line': b'  174 |       \x1b[01;36m\x1b[Koperator\x1b[m\x1b[K<<(bool __n)\n'}
[5.848443] (status_display) StderrLine: {'line': b'      |       \x1b[01;36m\x1b[K^~~~~~~~\x1b[m\x1b[K\n'}
[5.848540] (status_display) StderrLine: {'line': b'\x1b[01m\x1b[K/usr/include/c++/11/ostream:174:23:\x1b[m\x1b[K \x1b[01;36m\x1b[Knote: \x1b[m\x1b[K  no known conversion for argument 1 from \xe2\x80\x98\x1b[01m\x1b[Kstatus_interfaces::msg::SystemStatus_<std::allocator<void> >::_stamp_type\x1b[m\x1b[K\xe2\x80\x99 {aka \xe2\x80\x98\x1b[01m\x1b[Kbuiltin_interfaces::msg::Time_<std::allocator<void> >\x1b[m\x1b[K\xe2\x80\x99} to \xe2\x80\x98\x1b[01m\x1b[Kbool\x1b[m\x1b[K\xe2\x80\x99\n'}
[5.848642] (status_display) StderrLine: {'line': b'  174 |       operator<<(\x1b[01;36m\x1b[Kbool __n\x1b[m\x1b[K)\n'}
[5.848734] (status_display) StderrLine: {'line': b'      |                  \x1b[01;36m\x1b[K~~~~~^~~\x1b[m\x1b[K\n'}
[5.848824] (status_display) StderrLine: {'line': b'In file included from \x1b[01m\x1b[K/usr/include/c++/11/ostream:829\x1b[m\x1b[K,\n'}
[5.848930] (status_display) StderrLine: {'line': b'                 from \x1b[01m\x1b[K/usr/include/c++/11/iostream:39\x1b[m\x1b[K,\n'}
[5.849368] (status_display) StderrLine: {'line': b'                 from \x1b[01m\x1b[K/opt/ros/humble/include/rclcpp/rclcpp/executor.hpp:22\x1b[m\x1b[K,\n'}
[5.849471] (status_display) StderrLine: {'line': b'                 from \x1b[01m\x1b[K/opt/ros/humble/include/rclcpp/rclcpp/executors/multi_threaded_executor.hpp:25\x1b[m\x1b[K,\n'}
[5.849571] (status_display) StderrLine: {'line': b'                 from \x1b[01m\x1b[K/opt/ros/humble/include/rclcpp/rclcpp/executors.hpp:21\x1b[m\x1b[K,\n'}
[5.849670] (status_display) StderrLine: {'line': b'                 from \x1b[01m\x1b[K/opt/ros/humble/include/rclcpp/rclcpp/rclcpp.hpp:155\x1b[m\x1b[K,\n'}
[5.849769] (status_display) StderrLine: {'line': b'                 from \x1b[01m\x1b[K/home/shenhang/ros_study/chapter3/topic_practice_workspace/src/status_display/src/sys_status_display.cpp:4\x1b[m\x1b[K:\n'}
[5.850029] (status_display) StderrLine: {'line': b'\x1b[01m\x1b[K/usr/include/c++/11/bits/ostream.tcc:91:5:\x1b[m\x1b[K \x1b[01;36m\x1b[Knote: \x1b[m\x1b[Kcandidate: \xe2\x80\x98\x1b[01m\x1b[Kstd::basic_ostream<_CharT, _Traits>& std::basic_ostream<_CharT, _Traits>::operator<<(short int) [with _CharT = char; _Traits = std::char_traits<char>]\x1b[m\x1b[K\xe2\x80\x99\n'}
[5.850181] (status_display) StderrLine: {'line': b'   91 |     \x1b[01;36m\x1b[Kbasic_ostream<_CharT, _Traits>\x1b[m\x1b[K::\n'}
[5.850277] (status_display) StderrLine: {'line': b'      |     \x1b[01;36m\x1b[K^~~~~~~~~~~~~~~~~~~~~~~~~~~~~~\x1b[m\x1b[K\n'}
[5.850653] (status_display) StderrLine: {'line': b'\x1b[01m\x1b[K/usr/include/c++/11/bits/ostream.tcc:92:22:\x1b[m\x1b[K \x1b[01;36m\x1b[Knote: \x1b[m\x1b[K  no known conversion for argument 1 from \xe2\x80\x98\x1b[01m\x1b[Kstatus_interfaces::msg::SystemStatus_<std::allocator<void> >::_stamp_type\x1b[m\x1b[K\xe2\x80\x99 {aka \xe2\x80\x98\x1b[01m\x1b[Kbuiltin_interfaces::msg::Time_<std::allocator<void> >\x1b[m\x1b[K\xe2\x80\x99} to \xe2\x80\x98\x1b[01m\x1b[Kshort int\x1b[m\x1b[K\xe2\x80\x99\n'}
[5.850727] (status_display) StderrLine: {'line': b'   92 |     operator<<(\x1b[01;36m\x1b[Kshort __n\x1b[m\x1b[K)\n'}
[5.850790] (status_display) StderrLine: {'line': b'      |                \x1b[01;36m\x1b[K~~~~~~^~~\x1b[m\x1b[K\n'}
[5.850851] (status_display) StderrLine: {'line': b'In file included from \x1b[01m\x1b[K/usr/include/c++/11/iostream:39\x1b[m\x1b[K,\n'}
[5.850912] (status_display) StderrLine: {'line': b'                 from \x1b[01m\x1b[K/opt/ros/humble/include/rclcpp/rclcpp/executor.hpp:22\x1b[m\x1b[K,\n'}
[5.851038] (status_display) StderrLine: {'line': b'                 from \x1b[01m\x1b[K/opt/ros/humble/include/rclcpp/rclcpp/executors/multi_threaded_executor.hpp:25\x1b[m\x1b[K,\n'}
[5.851713] (status_display) StderrLine: {'line': b'                 from \x1b[01m\x1b[K/opt/ros/humble/include/rclcpp/rclcpp/executors.hpp:21\x1b[m\x1b[K,\n'}
[5.851836] (status_display) StderrLine: {'line': b'                 from \x1b[01m\x1b[K/opt/ros/humble/include/rclcpp/rclcpp/rclcpp.hpp:155\x1b[m\x1b[K,\n'}
[5.851954] (status_display) StderrLine: {'line': b'                 from \x1b[01m\x1b[K/home/shenhang/ros_study/chapter3/topic_practice_workspace/src/status_display/src/sys_status_display.cpp:4\x1b[m\x1b[K:\n'}
[5.852090] (status_display) StderrLine: {'line': b'\x1b[01m\x1b[K/usr/include/c++/11/ostream:181:7:\x1b[m\x1b[K \x1b[01;36m\x1b[Knote: \x1b[m\x1b[Kcandidate: \xe2\x80\x98\x1b[01m\x1b[Kstd::basic_ostream<_CharT, _Traits>::__ostream_type& std::basic_ostream<_CharT, _Traits>::operator<<(short unsigned int) [with _CharT = char; _Traits = std::char_traits<char>; std::basic_ostream<_CharT, _Traits>::__ostream_type = std::basic_ostream<char>]\x1b[m\x1b[K\xe2\x80\x99\n'}
[5.852209] (status_display) StderrLine: {'line': b'  181 |       \x1b[01;36m\x1b[Koperator\x1b[m\x1b[K<<(unsigned short __n)\n'}
[5.853009] (status_display) StderrLine: {'line': b'      |       \x1b[01;36m\x1b[K^~~~~~~~\x1b[m\x1b[K\n'}
[5.853161] (status_display) StderrLine: {'line': b'\x1b[01m\x1b[K/usr/include/c++/11/ostream:181:33:\x1b[m\x1b[K \x1b[01;36m\x1b[Knote: \x1b[m\x1b[K  no known conversion for argument 1 from \xe2\x80\x98\x1b[01m\x1b[Kstatus_interfaces::msg::SystemStatus_<std::allocator<void> >::_stamp_type\x1b[m\x1b[K\xe2\x80\x99 {aka \xe2\x80\x98\x1b[01m\x1b[Kbuiltin_interfaces::msg::Time_<std::allocator<void> >\x1b[m\x1b[K\xe2\x80\x99} to \xe2\x80\x98\x1b[01m\x1b[Kshort unsigned int\x1b[m\x1b[K\xe2\x80\x99\n'}
[5.853531] (status_display) StderrLine: {'line': b'  181 |       operator<<(\x1b[01;36m\x1b[Kunsigned short __n\x1b[m\x1b[K)\n'}
[5.853609] (status_display) StderrLine: {'line': b'      |                  \x1b[01;36m\x1b[K~~~~~~~~~~~~~~~^~~\x1b[m\x1b[K\n'}
[5.853670] (status_display) StderrLine: {'line': b'In file included from \x1b[01m\x1b[K/usr/include/c++/11/ostream:829\x1b[m\x1b[K,\n'}
[5.853730] (status_display) StderrLine: {'line': b'                 from \x1b[01m\x1b[K/usr/include/c++/11/iostream:39\x1b[m\x1b[K,\n'}
[5.853788] (status_display) StderrLine: {'line': b'                 from \x1b[01m\x1b[K/opt/ros/humble/include/rclcpp/rclcpp/executor.hpp:22\x1b[m\x1b[K,\n'}
[5.853846] (status_display) StderrLine: {'line': b'                 from \x1b[01m\x1b[K/opt/ros/humble/include/rclcpp/rclcpp/executors/multi_threaded_executor.hpp:25\x1b[m\x1b[K,\n'}
[5.853964] (status_display) StderrLine: {'line': b'                 from \x1b[01m\x1b[K/opt/ros/humble/include/rclcpp/rclcpp/executors.hpp:21\x1b[m\x1b[K,\n'}
[5.854380] (status_display) StderrLine: {'line': b'                 from \x1b[01m\x1b[K/opt/ros/humble/include/rclcpp/rclcpp/rclcpp.hpp:155\x1b[m\x1b[K,\n'}
[5.854447] (status_display) StderrLine: {'line': b'                 from \x1b[01m\x1b[K/home/shenhang/ros_study/chapter3/topic_practice_workspace/src/status_display/src/sys_status_display.cpp:4\x1b[m\x1b[K:\n'}
[5.854515] (status_display) StderrLine: {'line': b'\x1b[01m\x1b[K/usr/include/c++/11/bits/ostream.tcc:105:5:\x1b[m\x1b[K \x1b[01;36m\x1b[Knote: \x1b[m\x1b[Kcandidate: \xe2\x80\x98\x1b[01m\x1b[Kstd::basic_ostream<_CharT, _Traits>& std::basic_ostream<_CharT, _Traits>::operator<<(int) [with _CharT = char; _Traits = std::char_traits<char>]\x1b[m\x1b[K\xe2\x80\x99\n'}
[5.854573] (status_display) StderrLine: {'line': b'  105 |     \x1b[01;36m\x1b[Kbasic_ostream<_CharT, _Traits>\x1b[m\x1b[K::\n'}
[5.854622] (status_display) StderrLine: {'line': b'      |     \x1b[01;36m\x1b[K^~~~~~~~~~~~~~~~~~~~~~~~~~~~~~\x1b[m\x1b[K\n'}
[5.854671] (status_display) StderrLine: {'line': b'\x1b[01m\x1b[K/usr/include/c++/11/bits/ostream.tcc:106:20:\x1b[m\x1b[K \x1b[01;36m\x1b[Knote: \x1b[m\x1b[K  no known conversion for argument 1 from \xe2\x80\x98\x1b[01m\x1b[Kstatus_interfaces::msg::SystemStatus_<std::allocator<void> >::_stamp_type\x1b[m\x1b[K\xe2\x80\x99 {aka \xe2\x80\x98\x1b[01m\x1b[Kbuiltin_interfaces::msg::Time_<std::allocator<void> >\x1b[m\x1b[K\xe2\x80\x99} to \xe2\x80\x98\x1b[01m\x1b[Kint\x1b[m\x1b[K\xe2\x80\x99\n'}
[5.854729] (status_display) StderrLine: {'line': b'  106 |     operator<<(\x1b[01;36m\x1b[Kint __n\x1b[m\x1b[K)\n'}
[5.854780] (status_display) StderrLine: {'line': b'      |                \x1b[01;36m\x1b[K~~~~^~~\x1b[m\x1b[K\n'}
[5.854833] (status_display) StderrLine: {'line': b'In file included from \x1b[01m\x1b[K/usr/include/c++/11/iostream:39\x1b[m\x1b[K,\n'}
[5.854932] (status_display) StderrLine: {'line': b'                 from \x1b[01m\x1b[K/opt/ros/humble/include/rclcpp/rclcpp/executor.hpp:22\x1b[m\x1b[K,\n'}
[5.855021] (status_display) StderrLine: {'line': b'                 from \x1b[01m\x1b[K/opt/ros/humble/include/rclcpp/rclcpp/executors/multi_threaded_executor.hpp:25\x1b[m\x1b[K,\n'}
[5.855105] (status_display) StderrLine: {'line': b'                 from \x1b[01m\x1b[K/opt/ros/humble/include/rclcpp/rclcpp/executors.hpp:21\x1b[m\x1b[K,\n'}
[5.855519] (status_display) StderrLine: {'line': b'                 from \x1b[01m\x1b[K/opt/ros/humble/include/rclcpp/rclcpp/rclcpp.hpp:155\x1b[m\x1b[K,\n'}
[5.855597] (status_display) StderrLine: {'line': b'                 from \x1b[01m\x1b[K/home/shenhang/ros_study/chapter3/topic_practice_workspace/src/status_display/src/sys_status_display.cpp:4\x1b[m\x1b[K:\n'}
[5.855651] (status_display) StderrLine: {'line': b'\x1b[01m\x1b[K/usr/include/c++/11/ostream:192:7:\x1b[m\x1b[K \x1b[01;36m\x1b[Knote: \x1b[m\x1b[Kcandidate: \xe2\x80\x98\x1b[01m\x1b[Kstd::basic_ostream<_CharT, _Traits>::__ostream_type& std::basic_ostream<_CharT, _Traits>::operator<<(unsigned int) [with _CharT = char; _Traits = std::char_traits<char>; std::basic_ostream<_CharT, _Traits>::__ostream_type = std::basic_ostream<char>]\x1b[m\x1b[K\xe2\x80\x99\n'}
[5.855704] (status_display) StderrLine: {'line': b'  192 |       \x1b[01;36m\x1b[Koperator\x1b[m\x1b[K<<(unsigned int __n)\n'}
[5.855752] (status_display) StderrLine: {'line': b'      |       \x1b[01;36m\x1b[K^~~~~~~~\x1b[m\x1b[K\n'}
[5.855823] (status_display) StderrLine: {'line': b'\x1b[01m\x1b[K/usr/include/c++/11/ostream:192:31:\x1b[m\x1b[K \x1b[01;36m\x1b[Knote: \x1b[m\x1b[K  no known conversion for argument 1 from \xe2\x80\x98\x1b[01m\x1b[Kstatus_interfaces::msg::SystemStatus_<std::allocator<void> >::_stamp_type\x1b[m\x1b[K\xe2\x80\x99 {aka \xe2\x80\x98\x1b[01m\x1b[Kbuiltin_interfaces::msg::Time_<std::allocator<void> >\x1b[m\x1b[K\xe2\x80\x99} to \xe2\x80\x98\x1b[01m\x1b[Kunsigned int\x1b[m\x1b[K\xe2\x80\x99\n'}
[5.855956] (status_display) StderrLine: {'line': b'  192 |       operator<<(\x1b[01;36m\x1b[Kunsigned int __n\x1b[m\x1b[K)\n'}
[5.856047] (status_display) StderrLine: {'line': b'      |                  \x1b[01;36m\x1b[K~~~~~~~~~~~~~^~~\x1b[m\x1b[K\n'}
[5.856315] (status_display) StderrLine: {'line': b'\x1b[01m\x1b[K/usr/include/c++/11/ostream:201:7:\x1b[m\x1b[K \x1b[01;36m\x1b[Knote: \x1b[m\x1b[Kcandidate: \xe2\x80\x98\x1b[01m\x1b[Kstd::basic_ostream<_CharT, _Traits>::__ostream_type& std::basic_ostream<_CharT, _Traits>::operator<<(long long int) [with _CharT = char; _Traits = std::char_traits<char>; std::basic_ostream<_CharT, _Traits>::__ostream_type = std::basic_ostream<char>]\x1b[m\x1b[K\xe2\x80\x99\n'}
[5.856420] (status_display) StderrLine: {'line': b'  201 |       \x1b[01;36m\x1b[Koperator\x1b[m\x1b[K<<(long long __n)\n'}
[5.856507] (status_display) StderrLine: {'line': b'      |       \x1b[01;36m\x1b[K^~~~~~~~\x1b[m\x1b[K\n'}
[5.856590] (status_display) StderrLine: {'line': b'\x1b[01m\x1b[K/usr/include/c++/11/ostream:201:28:\x1b[m\x1b[K \x1b[01;36m\x1b[Knote: \x1b[m\x1b[K  no known conversion for argument 1 from \xe2\x80\x98\x1b[01m\x1b[Kstatus_interfaces::msg::SystemStatus_<std::allocator<void> >::_stamp_type\x1b[m\x1b[K\xe2\x80\x99 {aka \xe2\x80\x98\x1b[01m\x1b[Kbuiltin_interfaces::msg::Time_<std::allocator<void> >\x1b[m\x1b[K\xe2\x80\x99} to \xe2\x80\x98\x1b[01m\x1b[Klong long int\x1b[m\x1b[K\xe2\x80\x99\n'}
[5.856681] (status_display) StderrLine: {'line': b'  201 |       operator<<(\x1b[01;36m\x1b[Klong long __n\x1b[m\x1b[K)\n'}
[5.856765] (status_display) StderrLine: {'line': b'      |                  \x1b[01;36m\x1b[K~~~~~~~~~~^~~\x1b[m\x1b[K\n'}
[5.856878] (status_display) StderrLine: {'line': b'\x1b[01m\x1b[K/usr/include/c++/11/ostream:205:7:\x1b[m\x1b[K \x1b[01;36m\x1b[Knote: \x1b[m\x1b[Kcandidate: \xe2\x80\x98\x1b[01m\x1b[Kstd::basic_ostream<_CharT, _Traits>::__ostream_type& std::basic_ostream<_CharT, _Traits>::operator<<(long long unsigned int) [with _CharT = char; _Traits = std::char_traits<char>; std::basic_ostream<_CharT, _Traits>::__ostream_type = std::basic_ostream<char>]\x1b[m\x1b[K\xe2\x80\x99\n'}
[5.856966] (status_display) StderrLine: {'line': b'  205 |       \x1b[01;36m\x1b[Koperator\x1b[m\x1b[K<<(unsigned long long __n)\n'}
[5.857051] (status_display) StderrLine: {'line': b'      |       \x1b[01;36m\x1b[K^~~~~~~~\x1b[m\x1b[K\n'}
[5.857137] (status_display) StderrLine: {'line': b'\x1b[01m\x1b[K/usr/include/c++/11/ostream:205:37:\x1b[m\x1b[K \x1b[01;36m\x1b[Knote: \x1b[m\x1b[K  no known conversion for argument 1 from \xe2\x80\x98\x1b[01m\x1b[Kstatus_interfaces::msg::SystemStatus_<std::allocator<void> >::_stamp_type\x1b[m\x1b[K\xe2\x80\x99 {aka \xe2\x80\x98\x1b[01m\x1b[Kbuiltin_interfaces::msg::Time_<std::allocator<void> >\x1b[m\x1b[K\xe2\x80\x99} to \xe2\x80\x98\x1b[01m\x1b[Klong long unsigned int\x1b[m\x1b[K\xe2\x80\x99\n'}
[5.857273] (status_display) StderrLine: {'line': b'  205 |       operator<<(\x1b[01;36m\x1b[Kunsigned long long __n\x1b[m\x1b[K)\n'}
[5.857362] (status_display) StderrLine: {'line': b'      |                  \x1b[01;36m\x1b[K~~~~~~~~~~~~~~~~~~~^~~\x1b[m\x1b[K\n'}
[5.857446] (status_display) StderrLine: {'line': b'\x1b[01m\x1b[K/usr/include/c++/11/ostream:220:7:\x1b[m\x1b[K \x1b[01;36m\x1b[Knote: \x1b[m\x1b[Kcandidate: \xe2\x80\x98\x1b[01m\x1b[Kstd::basic_ostream<_CharT, _Traits>::__ostream_type& std::basic_ostream<_CharT, _Traits>::operator<<(double) [with _CharT = char; _Traits = std::char_traits<char>; std::basic_ostream<_CharT, _Traits>::__ostream_type = std::basic_ostream<char>]\x1b[m\x1b[K\xe2\x80\x99\n'}
[5.857539] (status_display) StderrLine: {'line': b'  220 |       \x1b[01;36m\x1b[Koperator\x1b[m\x1b[K<<(double __f)\n'}
[5.857624] (status_display) StderrLine: {'line': b'      |       \x1b[01;36m\x1b[K^~~~~~~~\x1b[m\x1b[K\n'}
[5.857711] (status_display) StderrLine: {'line': b'\x1b[01m\x1b[K/usr/include/c++/11/ostream:220:25:\x1b[m\x1b[K \x1b[01;36m\x1b[Knote: \x1b[m\x1b[K  no known conversion for argument 1 from \xe2\x80\x98\x1b[01m\x1b[Kstatus_interfaces::msg::SystemStatus_<std::allocator<void> >::_stamp_type\x1b[m\x1b[K\xe2\x80\x99 {aka \xe2\x80\x98\x1b[01m\x1b[Kbuiltin_interfaces::msg::Time_<std::allocator<void> >\x1b[m\x1b[K\xe2\x80\x99} to \xe2\x80\x98\x1b[01m\x1b[Kdouble\x1b[m\x1b[K\xe2\x80\x99\n'}
[5.857838] (status_display) StderrLine: {'line': b'  220 |       operator<<(\x1b[01;36m\x1b[Kdouble __f\x1b[m\x1b[K)\n'}
[5.857925] (status_display) StderrLine: {'line': b'      |                  \x1b[01;36m\x1b[K~~~~~~~^~~\x1b[m\x1b[K\n'}
[5.858009] (status_display) StderrLine: {'line': b'\x1b[01m\x1b[K/usr/include/c++/11/ostream:224:7:\x1b[m\x1b[K \x1b[01;36m\x1b[Knote: \x1b[m\x1b[Kcandidate: \xe2\x80\x98\x1b[01m\x1b[Kstd::basic_ostream<_CharT, _Traits>::__ostream_type& std::basic_ostream<_CharT, _Traits>::operator<<(float) [with _CharT = char; _Traits = std::char_traits<char>; std::basic_ostream<_CharT, _Traits>::__ostream_type = std::basic_ostream<char>]\x1b[m\x1b[K\xe2\x80\x99\n'}
[5.858146] (status_display) StderrLine: {'line': b'  224 |       \x1b[01;36m\x1b[Koperator\x1b[m\x1b[K<<(float __f)\n'}
[5.858238] (status_display) StderrLine: {'line': b'      |       \x1b[01;36m\x1b[K^~~~~~~~\x1b[m\x1b[K\n'}
[5.858321] (status_display) StderrLine: {'line': b'\x1b[01m\x1b[K/usr/include/c++/11/ostream:224:24:\x1b[m\x1b[K \x1b[01;36m\x1b[Knote: \x1b[m\x1b[K  no known conversion for argument 1 from \xe2\x80\x98\x1b[01m\x1b[Kstatus_interfaces::msg::SystemStatus_<std::allocator<void> >::_stamp_type\x1b[m\x1b[K\xe2\x80\x99 {aka \xe2\x80\x98\x1b[01m\x1b[Kbuiltin_interfaces::msg::Time_<std::allocator<void> >\x1b[m\x1b[K\xe2\x80\x99} to \xe2\x80\x98\x1b[01m\x1b[Kfloat\x1b[m\x1b[K\xe2\x80\x99\n'}
[5.858407] (status_display) StderrLine: {'line': b'  224 |       operator<<(\x1b[01;36m\x1b[Kfloat __f\x1b[m\x1b[K)\n'}
[5.858490] (status_display) StderrLine: {'line': b'      |                  \x1b[01;36m\x1b[K~~~~~~^~~\x1b[m\x1b[K\n'}
[5.858573] (status_display) StderrLine: {'line': b'\x1b[01m\x1b[K/usr/include/c++/11/ostream:232:7:\x1b[m\x1b[K \x1b[01;36m\x1b[Knote: \x1b[m\x1b[Kcandidate: \xe2\x80\x98\x1b[01m\x1b[Kstd::basic_ostream<_CharT, _Traits>::__ostream_type& std::basic_ostream<_CharT, _Traits>::operator<<(long double) [with _CharT = char; _Traits = std::char_traits<char>; std::basic_ostream<_CharT, _Traits>::__ostream_type = std::basic_ostream<char>]\x1b[m\x1b[K\xe2\x80\x99\n'}
[5.858668] (status_display) StderrLine: {'line': b'  232 |       \x1b[01;36m\x1b[Koperator\x1b[m\x1b[K<<(long double __f)\n'}
[5.858775] (status_display) StderrLine: {'line': b'      |       \x1b[01;36m\x1b[K^~~~~~~~\x1b[m\x1b[K\n'}
[5.858864] (status_display) StderrLine: {'line': b'\x1b[01m\x1b[K/usr/include/c++/11/ostream:232:30:\x1b[m\x1b[K \x1b[01;36m\x1b[Knote: \x1b[m\x1b[K  no known conversion for argument 1 from \xe2\x80\x98\x1b[01m\x1b[Kstatus_interfaces::msg::SystemStatus_<std::allocator<void> >::_stamp_type\x1b[m\x1b[K\xe2\x80\x99 {aka \xe2\x80\x98\x1b[01m\x1b[Kbuiltin_interfaces::msg::Time_<std::allocator<void> >\x1b[m\x1b[K\xe2\x80\x99} to \xe2\x80\x98\x1b[01m\x1b[Klong double\x1b[m\x1b[K\xe2\x80\x99\n'}
[5.858969] (status_display) StderrLine: {'line': b'  232 |       operator<<(\x1b[01;36m\x1b[Klong double __f\x1b[m\x1b[K)\n'}
[5.859054] (status_display) StderrLine: {'line': b'      |                  \x1b[01;36m\x1b[K~~~~~~~~~~~~^~~\x1b[m\x1b[K\n'}
[5.859206] (status_display) StderrLine: {'line': b'\x1b[01m\x1b[K/usr/include/c++/11/ostream:245:7:\x1b[m\x1b[K \x1b[01;36m\x1b[Knote: \x1b[m\x1b[Kcandidate: \xe2\x80\x98\x1b[01m\x1b[Kstd::basic_ostream<_CharT, _Traits>::__ostream_type& std::basic_ostream<_CharT, _Traits>::operator<<(const void*) [with _CharT = char; _Traits = std::char_traits<char>; std::basic_ostream<_CharT, _Traits>::__ostream_type = std::basic_ostream<char>]\x1b[m\x1b[K\xe2\x80\x99\n'}
[5.859908] (status_display) StderrLine: {'line': b'  245 |       \x1b[01;36m\x1b[Koperator\x1b[m\x1b[K<<(const void* __p)\n'}
[5.859983] (status_display) StderrLine: {'line': b'      |       \x1b[01;36m\x1b[K^~~~~~~~\x1b[m\x1b[K\n'}
[5.860033] (status_display) StderrLine: {'line': b'\x1b[01m\x1b[K/usr/include/c++/11/ostream:245:30:\x1b[m\x1b[K \x1b[01;36m\x1b[Knote: \x1b[m\x1b[K  no known conversion for argument 1 from \xe2\x80\x98\x1b[01m\x1b[Kstatus_interfaces::msg::SystemStatus_<std::allocator<void> >::_stamp_type\x1b[m\x1b[K\xe2\x80\x99 {aka \xe2\x80\x98\x1b[01m\x1b[Kbuiltin_interfaces::msg::Time_<std::allocator<void> >\x1b[m\x1b[K\xe2\x80\x99} to \xe2\x80\x98\x1b[01m\x1b[Kconst void*\x1b[m\x1b[K\xe2\x80\x99\n'}
[5.860179] (status_display) StderrLine: {'line': b'  245 |       operator<<(\x1b[01;36m\x1b[Kconst void* __p\x1b[m\x1b[K)\n'}
[5.860276] (status_display) StderrLine: {'line': b'      |                  \x1b[01;36m\x1b[K~~~~~~~~~~~~^~~\x1b[m\x1b[K\n'}
[5.860360] (status_display) StderrLine: {'line': b'\x1b[01m\x1b[K/usr/include/c++/11/ostream:250:7:\x1b[m\x1b[K \x1b[01;36m\x1b[Knote: \x1b[m\x1b[Kcandidate: \xe2\x80\x98\x1b[01m\x1b[Kstd::basic_ostream<_CharT, _Traits>::__ostream_type& std::basic_ostream<_CharT, _Traits>::operator<<(std::nullptr_t) [with _CharT = char; _Traits = std::char_traits<char>; std::basic_ostream<_CharT, _Traits>::__ostream_type = std::basic_ostream<char>; std::nullptr_t = std::nullptr_t]\x1b[m\x1b[K\xe2\x80\x99\n'}
[5.860446] (status_display) StderrLine: {'line': b'  250 |       \x1b[01;36m\x1b[Koperator\x1b[m\x1b[K<<(nullptr_t)\n'}
[5.860529] (status_display) StderrLine: {'line': b'      |       \x1b[01;36m\x1b[K^~~~~~~~\x1b[m\x1b[K\n'}
[5.860613] (status_display) StderrLine: {'line': b'\x1b[01m\x1b[K/usr/include/c++/11/ostream:250:18:\x1b[m\x1b[K \x1b[01;36m\x1b[Knote: \x1b[m\x1b[K  no known conversion for argument 1 from \xe2\x80\x98\x1b[01m\x1b[Kstatus_interfaces::msg::SystemStatus_<std::allocator<void> >::_stamp_type\x1b[m\x1b[K\xe2\x80\x99 {aka \xe2\x80\x98\x1b[01m\x1b[Kbuiltin_interfaces::msg::Time_<std::allocator<void> >\x1b[m\x1b[K\xe2\x80\x99} to \xe2\x80\x98\x1b[01m\x1b[Kstd::nullptr_t\x1b[m\x1b[K\xe2\x80\x99\n'}
[5.860737] (status_display) StderrLine: {'line': b'  250 |       operator<<(\x1b[01;36m\x1b[Knullptr_t\x1b[m\x1b[K)\n'}
[5.860830] (status_display) StderrLine: {'line': b'      |                  \x1b[01;36m\x1b[K^~~~~~~~~\x1b[m\x1b[K\n'}
[5.860915] (status_display) StderrLine: {'line': b'In file included from \x1b[01m\x1b[K/usr/include/c++/11/ostream:829\x1b[m\x1b[K,\n'}
[5.861267] (status_display) StderrLine: {'line': b'                 from \x1b[01m\x1b[K/usr/include/c++/11/iostream:39\x1b[m\x1b[K,\n'}
[5.861367] (status_display) StderrLine: {'line': b'                 from \x1b[01m\x1b[K/opt/ros/humble/include/rclcpp/rclcpp/executor.hpp:22\x1b[m\x1b[K,\n'}
[5.862181] (status_display) StderrLine: {'line': b'                 from \x1b[01m\x1b[K/opt/ros/humble/include/rclcpp/rclcpp/executors/multi_threaded_executor.hpp:25\x1b[m\x1b[K,\n'}
[5.862249] (status_display) StderrLine: {'line': b'                 from \x1b[01m\x1b[K/opt/ros/humble/include/rclcpp/rclcpp/executors.hpp:21\x1b[m\x1b[K,\n'}
[5.862302] (status_display) StderrLine: {'line': b'                 from \x1b[01m\x1b[K/opt/ros/humble/include/rclcpp/rclcpp/rclcpp.hpp:155\x1b[m\x1b[K,\n'}
[5.862357] (status_display) StderrLine: {'line': b'                 from \x1b[01m\x1b[K/home/shenhang/ros_study/chapter3/topic_practice_workspace/src/status_display/src/sys_status_display.cpp:4\x1b[m\x1b[K:\n'}
[5.862412] (status_display) StderrLine: {'line': b'\x1b[01m\x1b[K/usr/include/c++/11/bits/ostream.tcc:119:5:\x1b[m\x1b[K \x1b[01;36m\x1b[Knote: \x1b[m\x1b[Kcandidate: \xe2\x80\x98\x1b[01m\x1b[Kstd::basic_ostream<_CharT, _Traits>& std::basic_ostream<_CharT, _Traits>::operator<<(std::basic_ostream<_CharT, _Traits>::__streambuf_type*) [with _CharT = char; _Traits = std::char_traits<char>; std::basic_ostream<_CharT, _Traits>::__streambuf_type = std::basic_streambuf<char>]\x1b[m\x1b[K\xe2\x80\x99\n'}
[5.862467] (status_display) StderrLine: {'line': b'  119 |     \x1b[01;36m\x1b[Kbasic_ostream<_CharT, _Traits>\x1b[m\x1b[K::\n'}
[5.862518] (status_display) StderrLine: {'line': b'      |     \x1b[01;36m\x1b[K^~~~~~~~~~~~~~~~~~~~~~~~~~~~~~\x1b[m\x1b[K\n'}
[5.862567] (status_display) StderrLine: {'line': b'\x1b[01m\x1b[K/usr/include/c++/11/bits/ostream.tcc:120:34:\x1b[m\x1b[K \x1b[01;36m\x1b[Knote: \x1b[m\x1b[K  no known conversion for argument 1 from \xe2\x80\x98\x1b[01m\x1b[Kstatus_interfaces::msg::SystemStatus_<std::allocator<void> >::_stamp_type\x1b[m\x1b[K\xe2\x80\x99 {aka \xe2\x80\x98\x1b[01m\x1b[Kbuiltin_interfaces::msg::Time_<std::allocator<void> >\x1b[m\x1b[K\xe2\x80\x99} to \xe2\x80\x98\x1b[01m\x1b[Kstd::basic_ostream<char>::__streambuf_type*\x1b[m\x1b[K\xe2\x80\x99 {aka \xe2\x80\x98\x1b[01m\x1b[Kstd::basic_streambuf<char>*\x1b[m\x1b[K\xe2\x80\x99}\n'}
[5.862631] (status_display) StderrLine: {'line': b'  120 |     operator<<(\x1b[01;36m\x1b[K__streambuf_type* __sbin\x1b[m\x1b[K)\n'}
[5.862719] (status_display) StderrLine: {'line': b'      |                \x1b[01;36m\x1b[K~~~~~~~~~~~~~~~~~~^~~~~~\x1b[m\x1b[K\n'}
[5.862820] (status_display) StderrLine: {'line': b'In file included from \x1b[01m\x1b[K/usr/include/x86_64-linux-gnu/qt5/QtGui/qregion.h:49\x1b[m\x1b[K,\n'}
[5.862912] (status_display) StderrLine: {'line': b'                 from \x1b[01m\x1b[K/usr/include/x86_64-linux-gnu/qt5/QtGui/qmatrix.h:45\x1b[m\x1b[K,\n'}
[5.863002] (status_display) StderrLine: {'line': b'                 from \x1b[01m\x1b[K/usr/include/x86_64-linux-gnu/qt5/QtGui/qbrush.h:49\x1b[m\x1b[K,\n'}
[5.863095] (status_display) StderrLine: {'line': b'                 from \x1b[01m\x1b[K/usr/include/x86_64-linux-gnu/qt5/QtGui/qpalette.h:46\x1b[m\x1b[K,\n'}
[5.863186] (status_display) StderrLine: {'line': b'                 from \x1b[01m\x1b[K/usr/include/x86_64-linux-gnu/qt5/QtWidgets/qwidget.h:48\x1b[m\x1b[K,\n'}
[5.863275] (status_display) StderrLine: {'line': b'                 from \x1b[01m\x1b[K/usr/include/x86_64-linux-gnu/qt5/QtWidgets/qframe.h:44\x1b[m\x1b[K,\n'}
[5.863364] (status_display) StderrLine: {'line': b'                 from \x1b[01m\x1b[K/usr/include/x86_64-linux-gnu/qt5/QtWidgets/qlabel.h:44\x1b[m\x1b[K,\n'}
[5.863453] (status_display) StderrLine: {'line': b'                 from \x1b[01m\x1b[K/usr/include/x86_64-linux-gnu/qt5/QtWidgets/QLabel:1\x1b[m\x1b[K,\n'}
[5.863540] (status_display) StderrLine: {'line': b'                 from \x1b[01m\x1b[K/home/shenhang/ros_study/chapter3/topic_practice_workspace/src/status_display/src/sys_status_display.cpp:2\x1b[m\x1b[K:\n'}
[5.863851] (status_display) StderrLine: {'line': b'\x1b[01m\x1b[K/usr/include/x86_64-linux-gnu/qt5/QtCore/qdatastream.h:405:21:\x1b[m\x1b[K \x1b[01;36m\x1b[Knote: \x1b[m\x1b[Kcandidate: \xe2\x80\x98\x1b[01m\x1b[Ktemplate<class E> QDataStream& operator<<(QDataStream&, QFlags<T>)\x1b[m\x1b[K\xe2\x80\x99\n'}
[5.864033] (status_display) StderrLine: {'line': b'  405 | inline QDataStream &\x1b[01;36m\x1b[Koperator\x1b[m\x1b[K<<(QDataStream &s, QFlags<Enum> e)\n'}
[5.864158] (-) TimerEvent: {}
[5.864369] (status_display) StderrLine: {'line': b'      |                     \x1b[01;36m\x1b[K^~~~~~~~\x1b[m\x1b[K\n'}
[5.864499] (status_display) StderrLine: {'line': b'\x1b[01m\x1b[K/usr/include/x86_64-linux-gnu/qt5/QtCore/qdatastream.h:405:21:\x1b[m\x1b[K \x1b[01;36m\x1b[Knote: \x1b[m\x1b[K  template argument deduction/substitution failed:\n'}
[5.864616] (status_display) StderrLine: {'line': b'\x1b[01m\x1b[K/home/shenhang/ros_study/chapter3/topic_practice_workspace/src/status_display/src/sys_status_display.cpp:19:42:\x1b[m\x1b[K \x1b[01;36m\x1b[Knote: \x1b[m\x1b[K  \xe2\x80\x98\x1b[01m\x1b[Kbuiltin_interfaces::msg::Time_<std::allocator<void> >\x1b[m\x1b[K\xe2\x80\x99 is not derived from \xe2\x80\x98\x1b[01m\x1b[KQFlags<T>\x1b[m\x1b[K\xe2\x80\x99\n'}
[5.864718] (status_display) StderrLine: {'line': b'   19 |                  << "\xe6\x95\xb0\xe6\x8d\xae\xe6\x97\xb6\xe9\x97\xb4: " << msg->\x1b[01;36m\x1b[Kstamp\x1b[m\x1b[K << " s\\n"\n'}
[5.864805] (status_display) StderrLine: {'line': b'      |                                          \x1b[01;36m\x1b[K^~~~~\x1b[m\x1b[K\n'}
[5.864890] (status_display) StderrLine: {'line': b'In file included from \x1b[01m\x1b[K/usr/include/x86_64-linux-gnu/qt5/QtGui/qregion.h:49\x1b[m\x1b[K,\n'}
[5.865007] (status_display) StderrLine: {'line': b'                 from \x1b[01m\x1b[K/usr/include/x86_64-linux-gnu/qt5/QtGui/qmatrix.h:45\x1b[m\x1b[K,\n'}
[5.865318] (status_display) StderrLine: {'line': b'                 from \x1b[01m\x1b[K/usr/include/x86_64-linux-gnu/qt5/QtGui/qbrush.h:49\x1b[m\x1b[K,\n'}
[5.865416] (status_display) StderrLine: {'line': b'                 from \x1b[01m\x1b[K/usr/include/x86_64-linux-gnu/qt5/QtGui/qpalette.h:46\x1b[m\x1b[K,\n'}
[5.865649] (status_display) StderrLine: {'line': b'                 from \x1b[01m\x1b[K/usr/include/x86_64-linux-gnu/qt5/QtWidgets/qwidget.h:48\x1b[m\x1b[K,\n'}
[5.865741] (status_display) StderrLine: {'line': b'                 from \x1b[01m\x1b[K/usr/include/x86_64-linux-gnu/qt5/QtWidgets/qframe.h:44\x1b[m\x1b[K,\n'}
[5.865812] (status_display) StderrLine: {'line': b'                 from \x1b[01m\x1b[K/usr/include/x86_64-linux-gnu/qt5/QtWidgets/qlabel.h:44\x1b[m\x1b[K,\n'}
[5.865876] (status_display) StderrLine: {'line': b'                 from \x1b[01m\x1b[K/usr/include/x86_64-linux-gnu/qt5/QtWidgets/QLabel:1\x1b[m\x1b[K,\n'}
[5.865948] (status_display) StderrLine: {'line': b'                 from \x1b[01m\x1b[K/home/shenhang/ros_study/chapter3/topic_practice_workspace/src/status_display/src/sys_status_display.cpp:2\x1b[m\x1b[K:\n'}
[5.866006] (status_display) StderrLine: {'line': b'\x1b[01m\x1b[K/usr/include/x86_64-linux-gnu/qt5/QtCore/qdatastream.h:414:1:\x1b[m\x1b[K \x1b[01;36m\x1b[Knote: \x1b[m\x1b[Kcandidate: \xe2\x80\x98\x1b[01m\x1b[Ktemplate<class T> typename std::enable_if<std::is_enum<_Tp>::value, QDataStream&>::type& operator<<(QDataStream&, const T&)\x1b[m\x1b[K\xe2\x80\x99\n'}
[5.866589] (status_display) StderrLine: {'line': b'  414 | \x1b[01;36m\x1b[Koperator\x1b[m\x1b[K<<(QDataStream &s, const T &t)\n'}
[5.866699] (status_display) StderrLine: {'line': b'      | \x1b[01;36m\x1b[K^~~~~~~~\x1b[m\x1b[K\n'}
[5.866788] (status_display) StderrLine: {'line': b'\x1b[01m\x1b[K/usr/include/x86_64-linux-gnu/qt5/QtCore/qdatastream.h:414:1:\x1b[m\x1b[K \x1b[01;36m\x1b[Knote: \x1b[m\x1b[K  template argument deduction/substitution failed:\n'}
[5.866877] (status_display) StderrLine: {'line': b'\x1b[01m\x1b[K/home/shenhang/ros_study/chapter3/topic_practice_workspace/src/status_display/src/sys_status_display.cpp:19:18:\x1b[m\x1b[K \x1b[01;36m\x1b[Knote: \x1b[m\x1b[K  cannot convert \xe2\x80\x98\x1b[01m\x1b[Kstd::operator<< <std::char_traits<char> >((* & std::operator<< <std::char_traits<char> >(show_str.std::__cxx11::basic_stringstream<char>::<anonymous>.std::basic_iostream<char>::<anonymous>, ((const char*)"==================\\37777777747\\37777777663\\37777777673\\37777777747\\37777777673\\37777777637\\37777777747\\37777777612\\37777777666\\37777777746\\37777777600\\37777777601\\37777777746\\37777777630\\37777777676\\37777777747\\37777777644\\37777777672======================\\012"))), ((const char*)"\\37777777746\\37777777625\\37777777660\\37777777746\\37777777615\\37777777656\\37777777746\\37777777627\\37777777666\\37777777751\\37777777627\\37777777664: "))\x1b[m\x1b[K\xe2\x80\x99 (type \xe2\x80\x98\x1b[01m\x1b[Kstd::basic_ostream<char>\x1b[m\x1b[K\xe2\x80\x99) to type \xe2\x80\x98\x1b[01m\x1b[KQDataStream&\x1b[m\x1b[K\xe2\x80\x99\n'}
[5.866971] (status_display) StderrLine: {'line': b'   18 |         \x1b[01;36m\x1b[Kshow_str << "==================\xe7\xb3\xbb\xe7\xbb\x9f\xe7\x8a\xb6\xe6\x80\x81\xe6\x98\xbe\xe7\xa4\xba======================\\n"\x1b[m\x1b[K\n'}
[5.867097] (status_display) StderrLine: {'line': b'      |         \x1b[01;36m\x1b[K~~~~~~~~~~~~~~~~~~~~~~~~~~~~~~~~~~~~~~~~~~~~~~~~~~~~~~~~~~~~~~~~~~~~\x1b[m\x1b[K\n'}
[5.867199] (status_display) StderrLine: {'line': b'   19 | \x1b[01;36m\x1b[K                 << "\xe6\x95\xb0\xe6\x8d\xae\xe6\x97\xb6\xe9\x97\xb4: "\x1b[m\x1b[K << msg->stamp << " s\\n"\n'}
[5.867295] (status_display) StderrLine: {'line': b'      |                  \x1b[01;36m\x1b[K^~~~~~~~~~~~~~~\x1b[m\x1b[K\n'}
[5.867381] (status_display) StderrLine: {'line': b'In file included from \x1b[01m\x1b[K/usr/include/x86_64-linux-gnu/qt5/QtGui/qregion.h:49\x1b[m\x1b[K,\n'}
[5.867465] (status_display) StderrLine: {'line': b'                 from \x1b[01m\x1b[K/usr/include/x86_64-linux-gnu/qt5/QtGui/qmatrix.h:45\x1b[m\x1b[K,\n'}
[5.867575] (status_display) StderrLine: {'line': b'                 from \x1b[01m\x1b[K/usr/include/x86_64-linux-gnu/qt5/QtGui/qbrush.h:49\x1b[m\x1b[K,\n'}
[5.867661] (status_display) StderrLine: {'line': b'                 from \x1b[01m\x1b[K/usr/include/x86_64-linux-gnu/qt5/QtGui/qpalette.h:46\x1b[m\x1b[K,\n'}
[5.867744] (status_display) StderrLine: {'line': b'                 from \x1b[01m\x1b[K/usr/include/x86_64-linux-gnu/qt5/QtWidgets/qwidget.h:48\x1b[m\x1b[K,\n'}
[5.867834] (status_display) StderrLine: {'line': b'                 from \x1b[01m\x1b[K/usr/include/x86_64-linux-gnu/qt5/QtWidgets/qframe.h:44\x1b[m\x1b[K,\n'}
[5.867918] (status_display) StderrLine: {'line': b'                 from \x1b[01m\x1b[K/usr/include/x86_64-linux-gnu/qt5/QtWidgets/qlabel.h:44\x1b[m\x1b[K,\n'}
[5.868001] (status_display) StderrLine: {'line': b'                 from \x1b[01m\x1b[K/usr/include/x86_64-linux-gnu/qt5/QtWidgets/QLabel:1\x1b[m\x1b[K,\n'}
[5.868131] (status_display) StderrLine: {'line': b'                 from \x1b[01m\x1b[K/home/shenhang/ros_study/chapter3/topic_practice_workspace/src/status_display/src/sys_status_display.cpp:2\x1b[m\x1b[K:\n'}
[5.868223] (status_display) StderrLine: {'line': b'\x1b[01m\x1b[K/usr/include/x86_64-linux-gnu/qt5/QtCore/qdatastream.h:429:21:\x1b[m\x1b[K \x1b[01;36m\x1b[Knote: \x1b[m\x1b[Kcandidate: \xe2\x80\x98\x1b[01m\x1b[Ktemplate<class T> QDataStream& operator<<(QDataStream&, const QList<T>&)\x1b[m\x1b[K\xe2\x80\x99\n'}
[5.868309] (status_display) StderrLine: {'line': b'  429 | inline QDataStream &\x1b[01;36m\x1b[Koperator\x1b[m\x1b[K<<(QDataStream &s, const QList<T> &l)\n'}
[5.868393] (status_display) StderrLine: {'line': b'      |                     \x1b[01;36m\x1b[K^~~~~~~~\x1b[m\x1b[K\n'}
[5.868480] (status_display) StderrLine: {'line': b'\x1b[01m\x1b[K/usr/include/x86_64-linux-gnu/qt5/QtCore/qdatastream.h:429:21:\x1b[m\x1b[K \x1b[01;36m\x1b[Knote: \x1b[m\x1b[K  template argument deduction/substitution failed:\n'}
[5.868592] (status_display) StderrLine: {'line': b'\x1b[01m\x1b[K/home/shenhang/ros_study/chapter3/topic_practice_workspace/src/status_display/src/sys_status_display.cpp:19:42:\x1b[m\x1b[K \x1b[01;36m\x1b[Knote: \x1b[m\x1b[K  \xe2\x80\x98\x1b[01m\x1b[Kstatus_interfaces::msg::SystemStatus_<std::allocator<void> >::_stamp_type\x1b[m\x1b[K\xe2\x80\x99 {aka \xe2\x80\x98\x1b[01m\x1b[Kbuiltin_interfaces::msg::Time_<std::allocator<void> >\x1b[m\x1b[K\xe2\x80\x99} is not derived from \xe2\x80\x98\x1b[01m\x1b[Kconst QList<T>\x1b[m\x1b[K\xe2\x80\x99\n'}
[5.868680] (status_display) StderrLine: {'line': b'   19 |                  << "\xe6\x95\xb0\xe6\x8d\xae\xe6\x97\xb6\xe9\x97\xb4: " << msg->\x1b[01;36m\x1b[Kstamp\x1b[m\x1b[K << " s\\n"\n'}
[5.868763] (status_display) StderrLine: {'line': b'      |                                          \x1b[01;36m\x1b[K^~~~~\x1b[m\x1b[K\n'}
[5.868852] (status_display) StderrLine: {'line': b'In file included from \x1b[01m\x1b[K/usr/include/x86_64-linux-gnu/qt5/QtGui/qregion.h:49\x1b[m\x1b[K,\n'}
[5.868935] (status_display) StderrLine: {'line': b'                 from \x1b[01m\x1b[K/usr/include/x86_64-linux-gnu/qt5/QtGui/qmatrix.h:45\x1b[m\x1b[K,\n'}
[5.869184] (status_display) StderrLine: {'line': b'                 from \x1b[01m\x1b[K/usr/include/x86_64-linux-gnu/qt5/QtGui/qbrush.h:49\x1b[m\x1b[K,\n'}
[5.869307] (status_display) StderrLine: {'line': b'                 from \x1b[01m\x1b[K/usr/include/x86_64-linux-gnu/qt5/QtGui/qpalette.h:46\x1b[m\x1b[K,\n'}
[5.869392] (status_display) StderrLine: {'line': b'                 from \x1b[01m\x1b[K/usr/include/x86_64-linux-gnu/qt5/QtWidgets/qwidget.h:48\x1b[m\x1b[K,\n'}
[5.869492] (status_display) StderrLine: {'line': b'                 from \x1b[01m\x1b[K/usr/include/x86_64-linux-gnu/qt5/QtWidgets/qframe.h:44\x1b[m\x1b[K,\n'}
[5.869590] (status_display) StderrLine: {'line': b'                 from \x1b[01m\x1b[K/usr/include/x86_64-linux-gnu/qt5/QtWidgets/qlabel.h:44\x1b[m\x1b[K,\n'}
[5.869672] (status_display) StderrLine: {'line': b'                 from \x1b[01m\x1b[K/usr/include/x86_64-linux-gnu/qt5/QtWidgets/QLabel:1\x1b[m\x1b[K,\n'}
[5.869755] (status_display) StderrLine: {'line': b'                 from \x1b[01m\x1b[K/home/shenhang/ros_study/chapter3/topic_practice_workspace/src/status_display/src/sys_status_display.cpp:2\x1b[m\x1b[K:\n'}
[5.869839] (status_display) StderrLine: {'line': b'\x1b[01m\x1b[K/usr/include/x86_64-linux-gnu/qt5/QtCore/qdatastream.h:441:21:\x1b[m\x1b[K \x1b[01;36m\x1b[Knote: \x1b[m\x1b[Kcandidate: \xe2\x80\x98\x1b[01m\x1b[Ktemplate<class T> QDataStream& operator<<(QDataStream&, const QVector<T>&)\x1b[m\x1b[K\xe2\x80\x99\n'}
[5.869929] (status_display) StderrLine: {'line': b'  441 | inline QDataStream &\x1b[01;36m\x1b[Koperator\x1b[m\x1b[K<<(QDataStream &s, const QVector<T> &v)\n'}
[5.870013] (status_display) StderrLine: {'line': b'      |                     \x1b[01;36m\x1b[K^~~~~~~~\x1b[m\x1b[K\n'}
[5.870147] (status_display) StderrLine: {'line': b'\x1b[01m\x1b[K/usr/include/x86_64-linux-gnu/qt5/QtCore/qdatastream.h:441:21:\x1b[m\x1b[K \x1b[01;36m\x1b[Knote: \x1b[m\x1b[K  template argument deduction/substitution failed:\n'}
[5.870241] (status_display) StderrLine: {'line': b'\x1b[01m\x1b[K/home/shenhang/ros_study/chapter3/topic_practice_workspace/src/status_display/src/sys_status_display.cpp:19:42:\x1b[m\x1b[K \x1b[01;36m\x1b[Knote: \x1b[m\x1b[K  \xe2\x80\x98\x1b[01m\x1b[Kstatus_interfaces::msg::SystemStatus_<std::allocator<void> >::_stamp_type\x1b[m\x1b[K\xe2\x80\x99 {aka \xe2\x80\x98\x1b[01m\x1b[Kbuiltin_interfaces::msg::Time_<std::allocator<void> >\x1b[m\x1b[K\xe2\x80\x99} is not derived from \xe2\x80\x98\x1b[01m\x1b[Kconst QVector<T>\x1b[m\x1b[K\xe2\x80\x99\n'}
[5.870335] (status_display) StderrLine: {'line': b'   19 |                  << "\xe6\x95\xb0\xe6\x8d\xae\xe6\x97\xb6\xe9\x97\xb4: " << msg->\x1b[01;36m\x1b[Kstamp\x1b[m\x1b[K << " s\\n"\n'}
[5.870471] (status_display) StderrLine: {'line': b'      |                                          \x1b[01;36m\x1b[K^~~~~\x1b[m\x1b[K\n'}
[5.870567] (status_display) StderrLine: {'line': b'In file included from \x1b[01m\x1b[K/usr/include/x86_64-linux-gnu/qt5/QtGui/qregion.h:49\x1b[m\x1b[K,\n'}
[5.870651] (status_display) StderrLine: {'line': b'                 from \x1b[01m\x1b[K/usr/include/x86_64-linux-gnu/qt5/QtGui/qmatrix.h:45\x1b[m\x1b[K,\n'}
[5.870734] (status_display) StderrLine: {'line': b'                 from \x1b[01m\x1b[K/usr/include/x86_64-linux-gnu/qt5/QtGui/qbrush.h:49\x1b[m\x1b[K,\n'}
[5.870816] (status_display) StderrLine: {'line': b'                 from \x1b[01m\x1b[K/usr/include/x86_64-linux-gnu/qt5/QtGui/qpalette.h:46\x1b[m\x1b[K,\n'}
[5.870899] (status_display) StderrLine: {'line': b'                 from \x1b[01m\x1b[K/usr/include/x86_64-linux-gnu/qt5/QtWidgets/qwidget.h:48\x1b[m\x1b[K,\n'}
[5.870982] (status_display) StderrLine: {'line': b'                 from \x1b[01m\x1b[K/usr/include/x86_64-linux-gnu/qt5/QtWidgets/qframe.h:44\x1b[m\x1b[K,\n'}
[5.871103] (status_display) StderrLine: {'line': b'                 from \x1b[01m\x1b[K/usr/include/x86_64-linux-gnu/qt5/QtWidgets/qlabel.h:44\x1b[m\x1b[K,\n'}
[5.871214] (status_display) StderrLine: {'line': b'                 from \x1b[01m\x1b[K/usr/include/x86_64-linux-gnu/qt5/QtWidgets/QLabel:1\x1b[m\x1b[K,\n'}
[5.871298] (status_display) StderrLine: {'line': b'                 from \x1b[01m\x1b[K/home/shenhang/ros_study/chapter3/topic_practice_workspace/src/status_display/src/sys_status_display.cpp:2\x1b[m\x1b[K:\n'}
[5.871385] (status_display) StderrLine: {'line': b'\x1b[01m\x1b[K/usr/include/x86_64-linux-gnu/qt5/QtCore/qdatastream.h:453:21:\x1b[m\x1b[K \x1b[01;36m\x1b[Knote: \x1b[m\x1b[Kcandidate: \xe2\x80\x98\x1b[01m\x1b[Ktemplate<class T> QDataStream& operator<<(QDataStream&, const QSet<T>&)\x1b[m\x1b[K\xe2\x80\x99\n'}
[5.871501] (status_display) StderrLine: {'line': b'  453 | inline QDataStream &\x1b[01;36m\x1b[Koperator\x1b[m\x1b[K<<(QDataStream &s, const QSet<T> &set)\n'}
[5.871605] (status_display) StderrLine: {'line': b'      |                     \x1b[01;36m\x1b[K^~~~~~~~\x1b[m\x1b[K\n'}
[5.871701] (status_display) StderrLine: {'line': b'\x1b[01m\x1b[K/usr/include/x86_64-linux-gnu/qt5/QtCore/qdatastream.h:453:21:\x1b[m\x1b[K \x1b[01;36m\x1b[Knote: \x1b[m\x1b[K  template argument deduction/substitution failed:\n'}
[5.871797] (status_display) StderrLine: {'line': b'\x1b[01m\x1b[K/home/shenhang/ros_study/chapter3/topic_practice_workspace/src/status_display/src/sys_status_display.cpp:19:42:\x1b[m\x1b[K \x1b[01;36m\x1b[Knote: \x1b[m\x1b[K  \xe2\x80\x98\x1b[01m\x1b[Kstatus_interfaces::msg::SystemStatus_<std::allocator<void> >::_stamp_type\x1b[m\x1b[K\xe2\x80\x99 {aka \xe2\x80\x98\x1b[01m\x1b[Kbuiltin_interfaces::msg::Time_<std::allocator<void> >\x1b[m\x1b[K\xe2\x80\x99} is not derived from \xe2\x80\x98\x1b[01m\x1b[Kconst QSet<T>\x1b[m\x1b[K\xe2\x80\x99\n'}
[5.871903] (status_display) StderrLine: {'line': b'   19 |                  << "\xe6\x95\xb0\xe6\x8d\xae\xe6\x97\xb6\xe9\x97\xb4: " << msg->\x1b[01;36m\x1b[Kstamp\x1b[m\x1b[K << " s\\n"\n'}
[5.871991] (status_display) StderrLine: {'line': b'      |                                          \x1b[01;36m\x1b[K^~~~~\x1b[m\x1b[K\n'}
[5.872080] (status_display) StderrLine: {'line': b'In file included from \x1b[01m\x1b[K/usr/include/x86_64-linux-gnu/qt5/QtGui/qregion.h:49\x1b[m\x1b[K,\n'}
[5.872168] (status_display) StderrLine: {'line': b'                 from \x1b[01m\x1b[K/usr/include/x86_64-linux-gnu/qt5/QtGui/qmatrix.h:45\x1b[m\x1b[K,\n'}
[5.872344] (status_display) StderrLine: {'line': b'                 from \x1b[01m\x1b[K/usr/include/x86_64-linux-gnu/qt5/QtGui/qbrush.h:49\x1b[m\x1b[K,\n'}
[5.873283] (status_display) StderrLine: {'line': b'                 from \x1b[01m\x1b[K/usr/include/x86_64-linux-gnu/qt5/QtGui/qpalette.h:46\x1b[m\x1b[K,\n'}
[5.873402] (status_display) StderrLine: {'line': b'                 from \x1b[01m\x1b[K/usr/include/x86_64-linux-gnu/qt5/QtWidgets/qwidget.h:48\x1b[m\x1b[K,\n'}
[5.873512] (status_display) StderrLine: {'line': b'                 from \x1b[01m\x1b[K/usr/include/x86_64-linux-gnu/qt5/QtWidgets/qframe.h:44\x1b[m\x1b[K,\n'}
[5.873598] (status_display) StderrLine: {'line': b'                 from \x1b[01m\x1b[K/usr/include/x86_64-linux-gnu/qt5/QtWidgets/qlabel.h:44\x1b[m\x1b[K,\n'}
[5.873682] (status_display) StderrLine: {'line': b'                 from \x1b[01m\x1b[K/usr/include/x86_64-linux-gnu/qt5/QtWidgets/QLabel:1\x1b[m\x1b[K,\n'}
[5.873765] (status_display) StderrLine: {'line': b'                 from \x1b[01m\x1b[K/home/shenhang/ros_study/chapter3/topic_practice_workspace/src/status_display/src/sys_status_display.cpp:2\x1b[m\x1b[K:\n'}
[5.873852] (status_display) StderrLine: {'line': b'\x1b[01m\x1b[K/usr/include/x86_64-linux-gnu/qt5/QtCore/qdatastream.h:465:21:\x1b[m\x1b[K \x1b[01;36m\x1b[Knote: \x1b[m\x1b[Kcandidate: \xe2\x80\x98\x1b[01m\x1b[Ktemplate<class Key, class T> QDataStream& operator<<(QDataStream&, const QHash<K, V>&)\x1b[m\x1b[K\xe2\x80\x99\n'}
[5.873939] (status_display) StderrLine: {'line': b'  465 | inline QDataStream &\x1b[01;36m\x1b[Koperator\x1b[m\x1b[K<<(QDataStream &s, const QHash<Key, T> &hash)\n'}
[5.874023] (status_display) StderrLine: {'line': b'      |                     \x1b[01;36m\x1b[K^~~~~~~~\x1b[m\x1b[K\n'}
[5.874121] (status_display) StderrLine: {'line': b'\x1b[01m\x1b[K/usr/include/x86_64-linux-gnu/qt5/QtCore/qdatastream.h:465:21:\x1b[m\x1b[K \x1b[01;36m\x1b[Knote: \x1b[m\x1b[K  template argument deduction/substitution failed:\n'}
[5.874213] (status_display) StderrLine: {'line': b'\x1b[01m\x1b[K/home/shenhang/ros_study/chapter3/topic_practice_workspace/src/status_display/src/sys_status_display.cpp:19:42:\x1b[m\x1b[K \x1b[01;36m\x1b[Knote: \x1b[m\x1b[K  \xe2\x80\x98\x1b[01m\x1b[Kstatus_interfaces::msg::SystemStatus_<std::allocator<void> >::_stamp_type\x1b[m\x1b[K\xe2\x80\x99 {aka \xe2\x80\x98\x1b[01m\x1b[Kbuiltin_interfaces::msg::Time_<std::allocator<void> >\x1b[m\x1b[K\xe2\x80\x99} is not derived from \xe2\x80\x98\x1b[01m\x1b[Kconst QHash<K, V>\x1b[m\x1b[K\xe2\x80\x99\n'}
[5.874313] (status_display) StderrLine: {'line': b'   19 |                  << "\xe6\x95\xb0\xe6\x8d\xae\xe6\x97\xb6\xe9\x97\xb4: " << msg->\x1b[01;36m\x1b[Kstamp\x1b[m\x1b[K << " s\\n"\n'}
[5.874581] (status_display) StderrLine: {'line': b'      |                                          \x1b[01;36m\x1b[K^~~~~\x1b[m\x1b[K\n'}
[5.874675] (status_display) StderrLine: {'line': b'In file included from \x1b[01m\x1b[K/usr/include/x86_64-linux-gnu/qt5/QtGui/qregion.h:49\x1b[m\x1b[K,\n'}
[5.874759] (status_display) StderrLine: {'line': b'                 from \x1b[01m\x1b[K/usr/include/x86_64-linux-gnu/qt5/QtGui/qmatrix.h:45\x1b[m\x1b[K,\n'}
[5.875129] (status_display) StderrLine: {'line': b'                 from \x1b[01m\x1b[K/usr/include/x86_64-linux-gnu/qt5/QtGui/qbrush.h:49\x1b[m\x1b[K,\n'}
[5.875229] (status_display) StderrLine: {'line': b'                 from \x1b[01m\x1b[K/usr/include/x86_64-linux-gnu/qt5/QtGui/qpalette.h:46\x1b[m\x1b[K,\n'}
[5.875313] (status_display) StderrLine: {'line': b'                 from \x1b[01m\x1b[K/usr/include/x86_64-linux-gnu/qt5/QtWidgets/qwidget.h:48\x1b[m\x1b[K,\n'}
[5.875425] (status_display) StderrLine: {'line': b'                 from \x1b[01m\x1b[K/usr/include/x86_64-linux-gnu/qt5/QtWidgets/qframe.h:44\x1b[m\x1b[K,\n'}
[5.875509] (status_display) StderrLine: {'line': b'                 from \x1b[01m\x1b[K/usr/include/x86_64-linux-gnu/qt5/QtWidgets/qlabel.h:44\x1b[m\x1b[K,\n'}
[5.875591] (status_display) StderrLine: {'line': b'                 from \x1b[01m\x1b[K/usr/include/x86_64-linux-gnu/qt5/QtWidgets/QLabel:1\x1b[m\x1b[K,\n'}
[5.875673] (status_display) StderrLine: {'line': b'                 from \x1b[01m\x1b[K/home/shenhang/ros_study/chapter3/topic_practice_workspace/src/status_display/src/sys_status_display.cpp:2\x1b[m\x1b[K:\n'}
[5.875758] (status_display) StderrLine: {'line': b'\x1b[01m\x1b[K/usr/include/x86_64-linux-gnu/qt5/QtCore/qdatastream.h:477:21:\x1b[m\x1b[K \x1b[01;36m\x1b[Knote: \x1b[m\x1b[Kcandidate: \xe2\x80\x98\x1b[01m\x1b[Ktemplate<class Key, class T> QDataStream& operator<<(QDataStream&, const QMap<K, V>&)\x1b[m\x1b[K\xe2\x80\x99\n'}
[5.875843] (status_display) StderrLine: {'line': b'  477 | inline QDataStream &\x1b[01;36m\x1b[Koperator\x1b[m\x1b[K<<(QDataStream &s, const QMap<Key, T> &map)\n'}
[5.875927] (status_display) StderrLine: {'line': b'      |                     \x1b[01;36m\x1b[K^~~~~~~~\x1b[m\x1b[K\n'}
[5.876013] (status_display) StderrLine: {'line': b'\x1b[01m\x1b[K/usr/include/x86_64-linux-gnu/qt5/QtCore/qdatastream.h:477:21:\x1b[m\x1b[K \x1b[01;36m\x1b[Knote: \x1b[m\x1b[K  template argument deduction/substitution failed:\n'}
[5.876103] (status_display) StderrLine: {'line': b'\x1b[01m\x1b[K/home/shenhang/ros_study/chapter3/topic_practice_workspace/src/status_display/src/sys_status_display.cpp:19:42:\x1b[m\x1b[K \x1b[01;36m\x1b[Knote: \x1b[m\x1b[K  \xe2\x80\x98\x1b[01m\x1b[Kstatus_interfaces::msg::SystemStatus_<std::allocator<void> >::_stamp_type\x1b[m\x1b[K\xe2\x80\x99 {aka \xe2\x80\x98\x1b[01m\x1b[Kbuiltin_interfaces::msg::Time_<std::allocator<void> >\x1b[m\x1b[K\xe2\x80\x99} is not derived from \xe2\x80\x98\x1b[01m\x1b[Kconst QMap<K, V>\x1b[m\x1b[K\xe2\x80\x99\n'}
[5.876196] (status_display) StderrLine: {'line': b'   19 |                  << "\xe6\x95\xb0\xe6\x8d\xae\xe6\x97\xb6\xe9\x97\xb4: " << msg->\x1b[01;36m\x1b[Kstamp\x1b[m\x1b[K << " s\\n"\n'}
[5.876285] (status_display) StderrLine: {'line': b'      |                                          \x1b[01;36m\x1b[K^~~~~\x1b[m\x1b[K\n'}
[5.876415] (status_display) StderrLine: {'line': b'In file included from \x1b[01m\x1b[K/usr/include/x86_64-linux-gnu/qt5/QtGui/qregion.h:49\x1b[m\x1b[K,\n'}
[5.876503] (status_display) StderrLine: {'line': b'                 from \x1b[01m\x1b[K/usr/include/x86_64-linux-gnu/qt5/QtGui/qmatrix.h:45\x1b[m\x1b[K,\n'}
[5.876586] (status_display) StderrLine: {'line': b'                 from \x1b[01m\x1b[K/usr/include/x86_64-linux-gnu/qt5/QtGui/qbrush.h:49\x1b[m\x1b[K,\n'}
[5.876669] (status_display) StderrLine: {'line': b'                 from \x1b[01m\x1b[K/usr/include/x86_64-linux-gnu/qt5/QtGui/qpalette.h:46\x1b[m\x1b[K,\n'}
[5.876751] (status_display) StderrLine: {'line': b'                 from \x1b[01m\x1b[K/usr/include/x86_64-linux-gnu/qt5/QtWidgets/qwidget.h:48\x1b[m\x1b[K,\n'}
[5.876840] (status_display) StderrLine: {'line': b'                 from \x1b[01m\x1b[K/usr/include/x86_64-linux-gnu/qt5/QtWidgets/qframe.h:44\x1b[m\x1b[K,\n'}
[5.876923] (status_display) StderrLine: {'line': b'                 from \x1b[01m\x1b[K/usr/include/x86_64-linux-gnu/qt5/QtWidgets/qlabel.h:44\x1b[m\x1b[K,\n'}
[5.877006] (status_display) StderrLine: {'line': b'                 from \x1b[01m\x1b[K/usr/include/x86_64-linux-gnu/qt5/QtWidgets/QLabel:1\x1b[m\x1b[K,\n'}
[5.877101] (status_display) StderrLine: {'line': b'                 from \x1b[01m\x1b[K/home/shenhang/ros_study/chapter3/topic_practice_workspace/src/status_display/src/sys_status_display.cpp:2\x1b[m\x1b[K:\n'}
[5.877190] (status_display) StderrLine: {'line': b'\x1b[01m\x1b[K/usr/include/x86_64-linux-gnu/qt5/QtCore/qdatastream.h:491:21:\x1b[m\x1b[K \x1b[01;36m\x1b[Knote: \x1b[m\x1b[Kcandidate: \xe2\x80\x98\x1b[01m\x1b[Ktemplate<class T1, class T2> QDataStream& operator<<(QDataStream&, const QPair<T1, T2>&)\x1b[m\x1b[K\xe2\x80\x99\n'}
[5.877282] (status_display) StderrLine: {'line': b'  491 | inline QDataStream& \x1b[01;36m\x1b[Koperator\x1b[m\x1b[K<<(QDataStream& s, const QPair<T1, T2>& p)\n'}
[5.877409] (status_display) StderrLine: {'line': b'      |                     \x1b[01;36m\x1b[K^~~~~~~~\x1b[m\x1b[K\n'}
[5.877499] (status_display) StderrLine: {'line': b'\x1b[01m\x1b[K/usr/include/x86_64-linux-gnu/qt5/QtCore/qdatastream.h:491:21:\x1b[m\x1b[K \x1b[01;36m\x1b[Knote: \x1b[m\x1b[K  template argument deduction/substitution failed:\n'}
[5.877583] (status_display) StderrLine: {'line': b'\x1b[01m\x1b[K/home/shenhang/ros_study/chapter3/topic_practice_workspace/src/status_display/src/sys_status_display.cpp:19:42:\x1b[m\x1b[K \x1b[01;36m\x1b[Knote: \x1b[m\x1b[K  \xe2\x80\x98\x1b[01m\x1b[Kstatus_interfaces::msg::SystemStatus_<std::allocator<void> >::_stamp_type\x1b[m\x1b[K\xe2\x80\x99 {aka \xe2\x80\x98\x1b[01m\x1b[Kbuiltin_interfaces::msg::Time_<std::allocator<void> >\x1b[m\x1b[K\xe2\x80\x99} is not derived from \xe2\x80\x98\x1b[01m\x1b[Kconst QPair<T1, T2>\x1b[m\x1b[K\xe2\x80\x99\n'}
[5.877675] (status_display) StderrLine: {'line': b'   19 |                  << "\xe6\x95\xb0\xe6\x8d\xae\xe6\x97\xb6\xe9\x97\xb4: " << msg->\x1b[01;36m\x1b[Kstamp\x1b[m\x1b[K << " s\\n"\n'}
[5.877759] (status_display) StderrLine: {'line': b'      |                                          \x1b[01;36m\x1b[K^~~~~\x1b[m\x1b[K\n'}
[5.877842] (status_display) StderrLine: {'line': b'In file included from \x1b[01m\x1b[K/usr/include/x86_64-linux-gnu/qt5/QtCore/qglobal.h:46\x1b[m\x1b[K,\n'}
[5.877925] (status_display) StderrLine: {'line': b'                 from \x1b[01m\x1b[K/usr/include/x86_64-linux-gnu/qt5/QtGui/qtguiglobal.h:43\x1b[m\x1b[K,\n'}
[5.878008] (status_display) StderrLine: {'line': b'                 from \x1b[01m\x1b[K/usr/include/x86_64-linux-gnu/qt5/QtWidgets/qtwidgetsglobal.h:43\x1b[m\x1b[K,\n'}
[5.878091] (status_display) StderrLine: {'line': b'                 from \x1b[01m\x1b[K/usr/include/x86_64-linux-gnu/qt5/QtWidgets/qapplication.h:43\x1b[m\x1b[K,\n'}
[5.878174] (status_display) StderrLine: {'line': b'                 from \x1b[01m\x1b[K/usr/include/x86_64-linux-gnu/qt5/QtWidgets/QApplication:1\x1b[m\x1b[K,\n'}
[5.878481] (status_display) StderrLine: {'line': b'                 from \x1b[01m\x1b[K/home/shenhang/ros_study/chapter3/topic_practice_workspace/src/status_display/src/sys_status_display.cpp:1\x1b[m\x1b[K:\n'}
[5.878592] (status_display) StderrLine: {'line': b'\x1b[01m\x1b[K/usr/include/c++/11/cstddef:126:5:\x1b[m\x1b[K \x1b[01;36m\x1b[Knote: \x1b[m\x1b[Kcandidate: \xe2\x80\x98\x1b[01m\x1b[Ktemplate<class _IntegerType> constexpr std::__byte_op_t<_IntegerType> std::operator<<(std::byte, _IntegerType)\x1b[m\x1b[K\xe2\x80\x99\n'}
[5.878680] (status_display) StderrLine: {'line': b'  126 |     \x1b[01;36m\x1b[Koperator\x1b[m\x1b[K<<(byte __b, _IntegerType __shift) noexcept\n'}
[5.878764] (status_display) StderrLine: {'line': b'      |     \x1b[01;36m\x1b[K^~~~~~~~\x1b[m\x1b[K\n'}
[5.878848] (status_display) StderrLine: {'line': b'\x1b[01m\x1b[K/usr/include/c++/11/cstddef:126:5:\x1b[m\x1b[K \x1b[01;36m\x1b[Knote: \x1b[m\x1b[K  template argument deduction/substitution failed:\n'}
[5.878932] (status_display) StderrLine: {'line': b'\x1b[01m\x1b[K/home/shenhang/ros_study/chapter3/topic_practice_workspace/src/status_display/src/sys_status_display.cpp:19:18:\x1b[m\x1b[K \x1b[01;36m\x1b[Knote: \x1b[m\x1b[K  cannot convert \xe2\x80\x98\x1b[01m\x1b[Kstd::operator<< <std::char_traits<char> >((* & std::operator<< <std::char_traits<char> >(show_str.std::__cxx11::basic_stringstream<char>::<anonymous>.std::basic_iostream<char>::<anonymous>, ((const char*)"==================\\37777777747\\37777777663\\37777777673\\37777777747\\37777777673\\37777777637\\37777777747\\37777777612\\37777777666\\37777777746\\37777777600\\37777777601\\37777777746\\37777777630\\37777777676\\37777777747\\37777777644\\37777777672======================\\012"))), ((const char*)"\\37777777746\\37777777625\\37777777660\\37777777746\\37777777615\\37777777656\\37777777746\\37777777627\\37777777666\\37777777751\\37777777627\\37777777664: "))\x1b[m\x1b[K\xe2\x80\x99 (type \xe2\x80\x98\x1b[01m\x1b[Kstd::basic_ostream<char>\x1b[m\x1b[K\xe2\x80\x99) to type \xe2\x80\x98\x1b[01m\x1b[Kstd::byte\x1b[m\x1b[K\xe2\x80\x99\n'}
[5.879040] (status_display) StderrLine: {'line': b'   18 |         \x1b[01;36m\x1b[Kshow_str << "==================\xe7\xb3\xbb\xe7\xbb\x9f\xe7\x8a\xb6\xe6\x80\x81\xe6\x98\xbe\xe7\xa4\xba======================\\n"\x1b[m\x1b[K\n'}
[5.879134] (status_display) StderrLine: {'line': b'      |         \x1b[01;36m\x1b[K~~~~~~~~~~~~~~~~~~~~~~~~~~~~~~~~~~~~~~~~~~~~~~~~~~~~~~~~~~~~~~~~~~~~\x1b[m\x1b[K\n'}
[5.879374] (status_display) StderrLine: {'line': b'   19 | \x1b[01;36m\x1b[K                 << "\xe6\x95\xb0\xe6\x8d\xae\xe6\x97\xb6\xe9\x97\xb4: "\x1b[m\x1b[K << msg->stamp << " s\\n"\n'}
[5.879485] (status_display) StderrLine: {'line': b'      |                  \x1b[01;36m\x1b[K^~~~~~~~~~~~~~~\x1b[m\x1b[K\n'}
[5.879570] (status_display) StderrLine: {'line': b'In file included from \x1b[01m\x1b[K/usr/include/c++/11/bits/basic_string.h:48\x1b[m\x1b[K,\n'}
[5.879848] (status_display) StderrLine: {'line': b'                 from \x1b[01m\x1b[K/usr/include/c++/11/string:55\x1b[m\x1b[K,\n'}
[5.879942] (status_display) StderrLine: {'line': b'                 from \x1b[01m\x1b[K/usr/include/x86_64-linux-gnu/qt5/QtCore/qbytearray.h:52\x1b[m\x1b[K,\n'}
[5.880030] (status_display) StderrLine: {'line': b'                 from \x1b[01m\x1b[K/usr/include/x86_64-linux-gnu/qt5/QtCore/qstring.h:50\x1b[m\x1b[K,\n'}
[5.880127] (status_display) StderrLine: {'line': b'                 from \x1b[01m\x1b[K/usr/include/x86_64-linux-gnu/qt5/QtCore/qcoreapplication.h:44\x1b[m\x1b[K,\n'}
[5.880393] (status_display) StderrLine: {'line': b'                 from \x1b[01m\x1b[K/usr/include/x86_64-linux-gnu/qt5/QtWidgets/qapplication.h:44\x1b[m\x1b[K,\n'}
[5.880514] (status_display) StderrLine: {'line': b'                 from \x1b[01m\x1b[K/usr/include/x86_64-linux-gnu/qt5/QtWidgets/QApplication:1\x1b[m\x1b[K,\n'}
[5.880600] (status_display) StderrLine: {'line': b'                 from \x1b[01m\x1b[K/home/shenhang/ros_study/chapter3/topic_practice_workspace/src/status_display/src/sys_status_display.cpp:1\x1b[m\x1b[K:\n'}
[5.880685] (status_display) StderrLine: {'line': b'\x1b[01m\x1b[K/usr/include/c++/11/string_view:667:5:\x1b[m\x1b[K \x1b[01;36m\x1b[Knote: \x1b[m\x1b[Kcandidate: \xe2\x80\x98\x1b[01m\x1b[Ktemplate<class _CharT, class _Traits> std::basic_ostream<_CharT, _Traits>& std::operator<<(std::basic_ostream<_CharT, _Traits>&, std::basic_string_view<_CharT, _Traits>)\x1b[m\x1b[K\xe2\x80\x99\n'}
[5.880777] (status_display) StderrLine: {'line': b'  667 |     \x1b[01;36m\x1b[Koperator\x1b[m\x1b[K<<(basic_ostream<_CharT, _Traits>& __os,\n'}
[5.880861] (status_display) StderrLine: {'line': b'      |     \x1b[01;36m\x1b[K^~~~~~~~\x1b[m\x1b[K\n'}
[5.880944] (status_display) StderrLine: {'line': b'\x1b[01m\x1b[K/usr/include/c++/11/string_view:667:5:\x1b[m\x1b[K \x1b[01;36m\x1b[Knote: \x1b[m\x1b[K  template argument deduction/substitution failed:\n'}
[5.881028] (status_display) StderrLine: {'line': b'\x1b[01m\x1b[K/home/shenhang/ros_study/chapter3/topic_practice_workspace/src/status_display/src/sys_status_display.cpp:19:42:\x1b[m\x1b[K \x1b[01;36m\x1b[Knote: \x1b[m\x1b[K  \xe2\x80\x98\x1b[01m\x1b[Kbuiltin_interfaces::msg::Time_<std::allocator<void> >\x1b[m\x1b[K\xe2\x80\x99 is not derived from \xe2\x80\x98\x1b[01m\x1b[Kstd::basic_string_view<_CharT, _Traits>\x1b[m\x1b[K\xe2\x80\x99\n'}
[5.881197] (status_display) StderrLine: {'line': b'   19 |                  << "\xe6\x95\xb0\xe6\x8d\xae\xe6\x97\xb6\xe9\x97\xb4: " << msg->\x1b[01;36m\x1b[Kstamp\x1b[m\x1b[K << " s\\n"\n'}
[5.881297] (status_display) StderrLine: {'line': b'      |                                          \x1b[01;36m\x1b[K^~~~~\x1b[m\x1b[K\n'}
[5.881381] (status_display) StderrLine: {'line': b'In file included from \x1b[01m\x1b[K/usr/include/c++/11/string:55\x1b[m\x1b[K,\n'}
[5.881464] (status_display) StderrLine: {'line': b'                 from \x1b[01m\x1b[K/usr/include/x86_64-linux-gnu/qt5/QtCore/qbytearray.h:52\x1b[m\x1b[K,\n'}
[5.881547] (status_display) StderrLine: {'line': b'                 from \x1b[01m\x1b[K/usr/include/x86_64-linux-gnu/qt5/QtCore/qstring.h:50\x1b[m\x1b[K,\n'}
[5.881630] (status_display) StderrLine: {'line': b'                 from \x1b[01m\x1b[K/usr/include/x86_64-linux-gnu/qt5/QtCore/qcoreapplication.h:44\x1b[m\x1b[K,\n'}
[5.881712] (status_display) StderrLine: {'line': b'                 from \x1b[01m\x1b[K/usr/include/x86_64-linux-gnu/qt5/QtWidgets/qapplication.h:44\x1b[m\x1b[K,\n'}
[5.881798] (status_display) StderrLine: {'line': b'                 from \x1b[01m\x1b[K/usr/include/x86_64-linux-gnu/qt5/QtWidgets/QApplication:1\x1b[m\x1b[K,\n'}
[5.881887] (status_display) StderrLine: {'line': b'                 from \x1b[01m\x1b[K/home/shenhang/ros_study/chapter3/topic_practice_workspace/src/status_display/src/sys_status_display.cpp:1\x1b[m\x1b[K:\n'}
[5.881974] (status_display) StderrLine: {'line': b'\x1b[01m\x1b[K/usr/include/c++/11/bits/basic_string.h:6531:5:\x1b[m\x1b[K \x1b[01;36m\x1b[Knote: \x1b[m\x1b[Kcandidate: \xe2\x80\x98\x1b[01m\x1b[Ktemplate<class _CharT, class _Traits, class _Alloc> std::basic_ostream<_CharT, _Traits>& std::operator<<(std::basic_ostream<_CharT, _Traits>&, const std::__cxx11::basic_string<_CharT, _Traits, _Allocator>&)\x1b[m\x1b[K\xe2\x80\x99\n'}
[5.882067] (status_display) StderrLine: {'line': b' 6531 |     \x1b[01;36m\x1b[Koperator\x1b[m\x1b[K<<(basic_ostream<_CharT, _Traits>& __os,\n'}
[5.882156] (status_display) StderrLine: {'line': b'      |     \x1b[01;36m\x1b[K^~~~~~~~\x1b[m\x1b[K\n'}
[5.882304] (status_display) StderrLine: {'line': b'\x1b[01m\x1b[K/usr/include/c++/11/bits/basic_string.h:6531:5:\x1b[m\x1b[K \x1b[01;36m\x1b[Knote: \x1b[m\x1b[K  template argument deduction/substitution failed:\n'}
[5.882394] (status_display) StderrLine: {'line': b'\x1b[01m\x1b[K/home/shenhang/ros_study/chapter3/topic_practice_workspace/src/status_display/src/sys_status_display.cpp:19:42:\x1b[m\x1b[K \x1b[01;36m\x1b[Knote: \x1b[m\x1b[K  \xe2\x80\x98\x1b[01m\x1b[Kstatus_interfaces::msg::SystemStatus_<std::allocator<void> >::_stamp_type\x1b[m\x1b[K\xe2\x80\x99 {aka \xe2\x80\x98\x1b[01m\x1b[Kbuiltin_interfaces::msg::Time_<std::allocator<void> >\x1b[m\x1b[K\xe2\x80\x99} is not derived from \xe2\x80\x98\x1b[01m\x1b[Kconst std::__cxx11::basic_string<_CharT, _Traits, _Allocator>\x1b[m\x1b[K\xe2\x80\x99\n'}
[5.882482] (status_display) StderrLine: {'line': b'   19 |                  << "\xe6\x95\xb0\xe6\x8d\xae\xe6\x97\xb6\xe9\x97\xb4: " << msg->\x1b[01;36m\x1b[Kstamp\x1b[m\x1b[K << " s\\n"\n'}
[5.882566] (status_display) StderrLine: {'line': b'      |                                          \x1b[01;36m\x1b[K^~~~~\x1b[m\x1b[K\n'}
[5.882651] (status_display) StderrLine: {'line': b'In file included from \x1b[01m\x1b[K/usr/include/c++/11/bits/ios_base.h:46\x1b[m\x1b[K,\n'}
[5.882734] (status_display) StderrLine: {'line': b'                 from \x1b[01m\x1b[K/usr/include/c++/11/streambuf:41\x1b[m\x1b[K,\n'}
[5.882821] (status_display) StderrLine: {'line': b'                 from \x1b[01m\x1b[K/usr/include/c++/11/bits/streambuf_iterator.h:35\x1b[m\x1b[K,\n'}
[5.882909] (status_display) StderrLine: {'line': b'                 from \x1b[01m\x1b[K/usr/include/c++/11/iterator:66\x1b[m\x1b[K,\n'}
[5.882998] (status_display) StderrLine: {'line': b'                 from \x1b[01m\x1b[K/usr/include/x86_64-linux-gnu/qt5/QtCore/qbytearray.h:53\x1b[m\x1b[K,\n'}
[5.883091] (status_display) StderrLine: {'line': b'                 from \x1b[01m\x1b[K/usr/include/x86_64-linux-gnu/qt5/QtCore/qstring.h:50\x1b[m\x1b[K,\n'}
[5.883223] (status_display) StderrLine: {'line': b'                 from \x1b[01m\x1b[K/usr/include/x86_64-linux-gnu/qt5/QtCore/qcoreapplication.h:44\x1b[m\x1b[K,\n'}
[5.883326] (status_display) StderrLine: {'line': b'                 from \x1b[01m\x1b[K/usr/include/x86_64-linux-gnu/qt5/QtWidgets/qapplication.h:44\x1b[m\x1b[K,\n'}
[5.883412] (status_display) StderrLine: {'line': b'                 from \x1b[01m\x1b[K/usr/include/x86_64-linux-gnu/qt5/QtWidgets/QApplication:1\x1b[m\x1b[K,\n'}
[5.883501] (status_display) StderrLine: {'line': b'                 from \x1b[01m\x1b[K/home/shenhang/ros_study/chapter3/topic_practice_workspace/src/status_display/src/sys_status_display.cpp:1\x1b[m\x1b[K:\n'}
[5.883584] (status_display) StderrLine: {'line': b'\x1b[01m\x1b[K/usr/include/c++/11/system_error:279:5:\x1b[m\x1b[K \x1b[01;36m\x1b[Knote: \x1b[m\x1b[Kcandidate: \xe2\x80\x98\x1b[01m\x1b[Ktemplate<class _CharT, class _Traits> std::basic_ostream<_CharT, _Traits>& std::operator<<(std::basic_ostream<_CharT, _Traits>&, const std::error_code&)\x1b[m\x1b[K\xe2\x80\x99\n'}
[5.883674] (status_display) StderrLine: {'line': b'  279 |     \x1b[01;36m\x1b[Koperator\x1b[m\x1b[K<<(basic_ostream<_CharT, _Traits>& __os, const error_code& __e)\n'}
[5.883760] (status_display) StderrLine: {'line': b'      |     \x1b[01;36m\x1b[K^~~~~~~~\x1b[m\x1b[K\n'}
[5.883843] (status_display) StderrLine: {'line': b'\x1b[01m\x1b[K/usr/include/c++/11/system_error:279:5:\x1b[m\x1b[K \x1b[01;36m\x1b[Knote: \x1b[m\x1b[K  template argument deduction/substitution failed:\n'}
[5.883926] (status_display) StderrLine: {'line': b'\x1b[01m\x1b[K/home/shenhang/ros_study/chapter3/topic_practice_workspace/src/status_display/src/sys_status_display.cpp:19:42:\x1b[m\x1b[K \x1b[01;36m\x1b[Knote: \x1b[m\x1b[K  cannot convert \xe2\x80\x98\x1b[01m\x1b[K((const std::__shared_ptr_access<status_interfaces::msg::SystemStatus_<std::allocator<void> >, __gnu_cxx::_S_atomic, false, false>*)(& msg))->std::__shared_ptr_access<status_interfaces::msg::SystemStatus_<std::allocator<void> >, __gnu_cxx::_S_atomic, false, false>::operator->()->status_interfaces::msg::SystemStatus_<std::allocator<void> >::stamp\x1b[m\x1b[K\xe2\x80\x99 (type \xe2\x80\x98\x1b[01m\x1b[Kstatus_interfaces::msg::SystemStatus_<std::allocator<void> >::_stamp_type\x1b[m\x1b[K\xe2\x80\x99 {aka \xe2\x80\x98\x1b[01m\x1b[Kbuiltin_interfaces::msg::Time_<std::allocator<void> >\x1b[m\x1b[K\xe2\x80\x99}) to type \xe2\x80\x98\x1b[01m\x1b[Kconst std::error_code&\x1b[m\x1b[K\xe2\x80\x99\n'}
[5.884027] (status_display) StderrLine: {'line': b'   19 |                  << "\xe6\x95\xb0\xe6\x8d\xae\xe6\x97\xb6\xe9\x97\xb4: " << \x1b[01;36m\x1b[Kmsg->stamp\x1b[m\x1b[K << " s\\n"\n'}
[5.884118] (status_display) StderrLine: {'line': b'      |                                     \x1b[01;36m\x1b[K~~~~~^~~~~\x1b[m\x1b[K\n'}
[5.884281] (status_display) StderrLine: {'line': b'In file included from \x1b[01m\x1b[K/usr/include/c++/11/memory:77\x1b[m\x1b[K,\n'}
[5.884370] (status_display) StderrLine: {'line': b'                 from \x1b[01m\x1b[K/usr/include/x86_64-linux-gnu/qt5/QtCore/qsharedpointer_impl.h:71\x1b[m\x1b[K,\n'}
[5.884454] (status_display) StderrLine: {'line': b'                 from \x1b[01m\x1b[K/usr/include/x86_64-linux-gnu/qt5/QtCore/qsharedpointer.h:48\x1b[m\x1b[K,\n'}
[5.884537] (status_display) StderrLine: {'line': b'                 from \x1b[01m\x1b[K/usr/include/x86_64-linux-gnu/qt5/QtGui/qpixmap.h:48\x1b[m\x1b[K,\n'}
[5.884621] (status_display) StderrLine: {'line': b'                 from \x1b[01m\x1b[K/usr/include/x86_64-linux-gnu/qt5/QtGui/qbrush.h:52\x1b[m\x1b[K,\n'}
[5.884703] (status_display) StderrLine: {'line': b'                 from \x1b[01m\x1b[K/usr/include/x86_64-linux-gnu/qt5/QtGui/qpalette.h:46\x1b[m\x1b[K,\n'}
[5.884792] (status_display) StderrLine: {'line': b'                 from \x1b[01m\x1b[K/usr/include/x86_64-linux-gnu/qt5/QtWidgets/qwidget.h:48\x1b[m\x1b[K,\n'}
[5.884884] (status_display) StderrLine: {'line': b'                 from \x1b[01m\x1b[K/usr/include/x86_64-linux-gnu/qt5/QtWidgets/qframe.h:44\x1b[m\x1b[K,\n'}
[5.884973] (status_display) StderrLine: {'line': b'                 from \x1b[01m\x1b[K/usr/include/x86_64-linux-gnu/qt5/QtWidgets/qlabel.h:44\x1b[m\x1b[K,\n'}
[5.885061] (status_display) StderrLine: {'line': b'                 from \x1b[01m\x1b[K/usr/include/x86_64-linux-gnu/qt5/QtWidgets/QLabel:1\x1b[m\x1b[K,\n'}
[5.885225] (status_display) StderrLine: {'line': b'                 from \x1b[01m\x1b[K/home/shenhang/ros_study/chapter3/topic_practice_workspace/src/status_display/src/sys_status_display.cpp:2\x1b[m\x1b[K:\n'}
[5.885320] (status_display) StderrLine: {'line': b'\x1b[01m\x1b[K/usr/include/c++/11/bits/shared_ptr.h:70:5:\x1b[m\x1b[K \x1b[01;36m\x1b[Knote: \x1b[m\x1b[Kcandidate: \xe2\x80\x98\x1b[01m\x1b[Ktemplate<class _Ch, class _Tr, class _Tp, __gnu_cxx::_Lock_policy _Lp> std::basic_ostream<_CharT, _Traits>& std::operator<<(std::basic_ostream<_CharT, _Traits>&, const std::__shared_ptr<_Tp, _Lp>&)\x1b[m\x1b[K\xe2\x80\x99\n'}
[5.885407] (status_display) StderrLine: {'line': b'   70 |     \x1b[01;36m\x1b[Koperator\x1b[m\x1b[K<<(std::basic_ostream<_Ch, _Tr>& __os,\n'}
[5.885490] (status_display) StderrLine: {'line': b'      |     \x1b[01;36m\x1b[K^~~~~~~~\x1b[m\x1b[K\n'}
[5.885572] (status_display) StderrLine: {'line': b'\x1b[01m\x1b[K/usr/include/c++/11/bits/shared_ptr.h:70:5:\x1b[m\x1b[K \x1b[01;36m\x1b[Knote: \x1b[m\x1b[K  template argument deduction/substitution failed:\n'}
[5.885656] (status_display) StderrLine: {'line': b'\x1b[01m\x1b[K/home/shenhang/ros_study/chapter3/topic_practice_workspace/src/status_display/src/sys_status_display.cpp:19:42:\x1b[m\x1b[K \x1b[01;36m\x1b[Knote: \x1b[m\x1b[K  \xe2\x80\x98\x1b[01m\x1b[Kstatus_interfaces::msg::SystemStatus_<std::allocator<void> >::_stamp_type\x1b[m\x1b[K\xe2\x80\x99 {aka \xe2\x80\x98\x1b[01m\x1b[Kbuiltin_interfaces::msg::Time_<std::allocator<void> >\x1b[m\x1b[K\xe2\x80\x99} is not derived from \xe2\x80\x98\x1b[01m\x1b[Kconst std::__shared_ptr<_Tp, _Lp>\x1b[m\x1b[K\xe2\x80\x99\n'}
[5.885742] (status_display) StderrLine: {'line': b'   19 |                  << "\xe6\x95\xb0\xe6\x8d\xae\xe6\x97\xb6\xe9\x97\xb4: " << msg->\x1b[01;36m\x1b[Kstamp\x1b[m\x1b[K << " s\\n"\n'}
[5.885828] (status_display) StderrLine: {'line': b'      |                                          \x1b[01;36m\x1b[K^~~~~\x1b[m\x1b[K\n'}
[5.885918] (status_display) StderrLine: {'line': b'In file included from \x1b[01m\x1b[K/opt/ros/humble/include/rclcpp/rclcpp/executors/multi_threaded_executor.hpp:22\x1b[m\x1b[K,\n'}
[5.886007] (status_display) StderrLine: {'line': b'                 from \x1b[01m\x1b[K/opt/ros/humble/include/rclcpp/rclcpp/executors.hpp:21\x1b[m\x1b[K,\n'}
[5.886126] (status_display) StderrLine: {'line': b'                 from \x1b[01m\x1b[K/opt/ros/humble/include/rclcpp/rclcpp/rclcpp.hpp:155\x1b[m\x1b[K,\n'}
[5.886280] (status_display) StderrLine: {'line': b'                 from \x1b[01m\x1b[K/home/shenhang/ros_study/chapter3/topic_practice_workspace/src/status_display/src/sys_status_display.cpp:4\x1b[m\x1b[K:\n'}
[5.886374] (status_display) StderrLine: {'line': b'\x1b[01m\x1b[K/usr/include/c++/11/thread:92:5:\x1b[m\x1b[K \x1b[01;36m\x1b[Knote: \x1b[m\x1b[Kcandidate: \xe2\x80\x98\x1b[01m\x1b[Ktemplate<class _CharT, class _Traits> std::basic_ostream<_CharT, _Traits>& std::operator<<(std::basic_ostream<_CharT, _Traits>&, std::thread::id)\x1b[m\x1b[K\xe2\x80\x99\n'}
[5.886483] (status_display) StderrLine: {'line': b'   92 |     \x1b[01;36m\x1b[Koperator\x1b[m\x1b[K<<(basic_ostream<_CharT, _Traits>& __out, thread::id __id)\n'}
[5.886574] (status_display) StderrLine: {'line': b'      |     \x1b[01;36m\x1b[K^~~~~~~~\x1b[m\x1b[K\n'}
[5.886662] (status_display) StderrLine: {'line': b'\x1b[01m\x1b[K/usr/include/c++/11/thread:92:5:\x1b[m\x1b[K \x1b[01;36m\x1b[Knote: \x1b[m\x1b[K  template argument deduction/substitution failed:\n'}
[5.886751] (status_display) StderrLine: {'line': b'\x1b[01m\x1b[K/home/shenhang/ros_study/chapter3/topic_practice_workspace/src/status_display/src/sys_status_display.cpp:19:42:\x1b[m\x1b[K \x1b[01;36m\x1b[Knote: \x1b[m\x1b[K  cannot convert \xe2\x80\x98\x1b[01m\x1b[K((const std::__shared_ptr_access<status_interfaces::msg::SystemStatus_<std::allocator<void> >, __gnu_cxx::_S_atomic, false, false>*)(& msg))->std::__shared_ptr_access<status_interfaces::msg::SystemStatus_<std::allocator<void> >, __gnu_cxx::_S_atomic, false, false>::operator->()->status_interfaces::msg::SystemStatus_<std::allocator<void> >::stamp\x1b[m\x1b[K\xe2\x80\x99 (type \xe2\x80\x98\x1b[01m\x1b[Kstatus_interfaces::msg::SystemStatus_<std::allocator<void> >::_stamp_type\x1b[m\x1b[K\xe2\x80\x99 {aka \xe2\x80\x98\x1b[01m\x1b[Kbuiltin_interfaces::msg::Time_<std::allocator<void> >\x1b[m\x1b[K\xe2\x80\x99}) to type \xe2\x80\x98\x1b[01m\x1b[Kstd::thread::id\x1b[m\x1b[K\xe2\x80\x99\n'}
[5.886849] (status_display) StderrLine: {'line': b'   19 |                  << "\xe6\x95\xb0\xe6\x8d\xae\xe6\x97\xb6\xe9\x97\xb4: " << \x1b[01;36m\x1b[Kmsg->stamp\x1b[m\x1b[K << " s\\n"\n'}
[5.886938] (status_display) StderrLine: {'line': b'      |                                     \x1b[01;36m\x1b[K~~~~~^~~~~\x1b[m\x1b[K\n'}
[5.887027] (status_display) StderrLine: {'line': b'In file included from \x1b[01m\x1b[K/usr/include/c++/11/iostream:39\x1b[m\x1b[K,\n'}
[5.887142] (status_display) StderrLine: {'line': b'                 from \x1b[01m\x1b[K/opt/ros/humble/include/rclcpp/rclcpp/executor.hpp:22\x1b[m\x1b[K,\n'}
[5.887236] (status_display) StderrLine: {'line': b'                 from \x1b[01m\x1b[K/opt/ros/humble/include/rclcpp/rclcpp/executors/multi_threaded_executor.hpp:25\x1b[m\x1b[K,\n'}
[5.887322] (status_display) StderrLine: {'line': b'                 from \x1b[01m\x1b[K/opt/ros/humble/include/rclcpp/rclcpp/executors.hpp:21\x1b[m\x1b[K,\n'}
[5.888509] (status_display) StderrLine: {'line': b'                 from \x1b[01m\x1b[K/opt/ros/humble/include/rclcpp/rclcpp/rclcpp.hpp:155\x1b[m\x1b[K,\n'}
[5.888616] (status_display) StderrLine: {'line': b'                 from \x1b[01m\x1b[K/home/shenhang/ros_study/chapter3/topic_practice_workspace/src/status_display/src/sys_status_display.cpp:4\x1b[m\x1b[K:\n'}
[5.888707] (status_display) StderrLine: {'line': b'\x1b[01m\x1b[K/usr/include/c++/11/ostream:513:5:\x1b[m\x1b[K \x1b[01;36m\x1b[Knote: \x1b[m\x1b[Kcandidate: \xe2\x80\x98\x1b[01m\x1b[Ktemplate<class _CharT, class _Traits> std::basic_ostream<_CharT, _Traits>& std::operator<<(std::basic_ostream<_CharT, _Traits>&, _CharT)\x1b[m\x1b[K\xe2\x80\x99\n'}
[5.888797] (status_display) StderrLine: {'line': b'  513 |     \x1b[01;36m\x1b[Koperator\x1b[m\x1b[K<<(basic_ostream<_CharT, _Traits>& __out, _CharT __c)\n'}
[5.888882] (status_display) StderrLine: {'line': b'      |     \x1b[01;36m\x1b[K^~~~~~~~\x1b[m\x1b[K\n'}
[5.889038] (status_display) StderrLine: {'line': b'\x1b[01m\x1b[K/usr/include/c++/11/ostream:513:5:\x1b[m\x1b[K \x1b[01;36m\x1b[Knote: \x1b[m\x1b[K  template argument deduction/substitution failed:\n'}
[5.889166] (status_display) StderrLine: {'line': b'\x1b[01m\x1b[K/home/shenhang/ros_study/chapter3/topic_practice_workspace/src/status_display/src/sys_status_display.cpp:19:42:\x1b[m\x1b[K \x1b[01;36m\x1b[Knote: \x1b[m\x1b[K  deduced conflicting types for parameter \xe2\x80\x98\x1b[01m\x1b[K_CharT\x1b[m\x1b[K\xe2\x80\x99 (\xe2\x80\x98\x1b[01m\x1b[Kchar\x1b[m\x1b[K\xe2\x80\x99 and \xe2\x80\x98\x1b[01m\x1b[Kbuiltin_interfaces::msg::Time_<std::allocator<void> >\x1b[m\x1b[K\xe2\x80\x99)\n'}
[5.889255] (status_display) StderrLine: {'line': b'   19 |                  << "\xe6\x95\xb0\xe6\x8d\xae\xe6\x97\xb6\xe9\x97\xb4: " << msg->\x1b[01;36m\x1b[Kstamp\x1b[m\x1b[K << " s\\n"\n'}
[5.889339] (status_display) StderrLine: {'line': b'      |                                          \x1b[01;36m\x1b[K^~~~~\x1b[m\x1b[K\n'}
[5.889422] (status_display) StderrLine: {'line': b'In file included from \x1b[01m\x1b[K/usr/include/c++/11/iostream:39\x1b[m\x1b[K,\n'}
[5.889505] (status_display) StderrLine: {'line': b'                 from \x1b[01m\x1b[K/opt/ros/humble/include/rclcpp/rclcpp/executor.hpp:22\x1b[m\x1b[K,\n'}
[5.889597] (status_display) StderrLine: {'line': b'                 from \x1b[01m\x1b[K/opt/ros/humble/include/rclcpp/rclcpp/executors/multi_threaded_executor.hpp:25\x1b[m\x1b[K,\n'}
[5.889680] (status_display) StderrLine: {'line': b'                 from \x1b[01m\x1b[K/opt/ros/humble/include/rclcpp/rclcpp/executors.hpp:21\x1b[m\x1b[K,\n'}
[5.889763] (status_display) StderrLine: {'line': b'                 from \x1b[01m\x1b[K/opt/ros/humble/include/rclcpp/rclcpp/rclcpp.hpp:155\x1b[m\x1b[K,\n'}
[5.889846] (status_display) StderrLine: {'line': b'                 from \x1b[01m\x1b[K/home/shenhang/ros_study/chapter3/topic_practice_workspace/src/status_display/src/sys_status_display.cpp:4\x1b[m\x1b[K:\n'}
[5.889930] (status_display) StderrLine: {'line': b'\x1b[01m\x1b[K/usr/include/c++/11/ostream:518:5:\x1b[m\x1b[K \x1b[01;36m\x1b[Knote: \x1b[m\x1b[Kcandidate: \xe2\x80\x98\x1b[01m\x1b[Ktemplate<class _CharT, class _Traits> std::basic_ostream<_CharT, _Traits>& std::operator<<(std::basic_ostream<_CharT, _Traits>&, char)\x1b[m\x1b[K\xe2\x80\x99\n'}
[5.890066] (status_display) StderrLine: {'line': b'  518 |     \x1b[01;36m\x1b[Koperator\x1b[m\x1b[K<<(basic_ostream<_CharT, _Traits>& __out, char __c)\n'}
[5.890172] (status_display) StderrLine: {'line': b'      |     \x1b[01;36m\x1b[K^~~~~~~~\x1b[m\x1b[K\n'}
[5.890298] (status_display) StderrLine: {'line': b'\x1b[01m\x1b[K/usr/include/c++/11/ostream:518:5:\x1b[m\x1b[K \x1b[01;36m\x1b[Knote: \x1b[m\x1b[K  template argument deduction/substitution failed:\n'}
[5.890387] (status_display) StderrLine: {'line': b'\x1b[01m\x1b[K/home/shenhang/ros_study/chapter3/topic_practice_workspace/src/status_display/src/sys_status_display.cpp:19:42:\x1b[m\x1b[K \x1b[01;36m\x1b[Knote: \x1b[m\x1b[K  cannot convert \xe2\x80\x98\x1b[01m\x1b[K((const std::__shared_ptr_access<status_interfaces::msg::SystemStatus_<std::allocator<void> >, __gnu_cxx::_S_atomic, false, false>*)(& msg))->std::__shared_ptr_access<status_interfaces::msg::SystemStatus_<std::allocator<void> >, __gnu_cxx::_S_atomic, false, false>::operator->()->status_interfaces::msg::SystemStatus_<std::allocator<void> >::stamp\x1b[m\x1b[K\xe2\x80\x99 (type \xe2\x80\x98\x1b[01m\x1b[Kstatus_interfaces::msg::SystemStatus_<std::allocator<void> >::_stamp_type\x1b[m\x1b[K\xe2\x80\x99 {aka \xe2\x80\x98\x1b[01m\x1b[Kbuiltin_interfaces::msg::Time_<std::allocator<void> >\x1b[m\x1b[K\xe2\x80\x99}) to type \xe2\x80\x98\x1b[01m\x1b[Kchar\x1b[m\x1b[K\xe2\x80\x99\n'}
[5.890487] (status_display) StderrLine: {'line': b'   19 |                  << "\xe6\x95\xb0\xe6\x8d\xae\xe6\x97\xb6\xe9\x97\xb4: " << \x1b[01;36m\x1b[Kmsg->stamp\x1b[m\x1b[K << " s\\n"\n'}
[5.890575] (status_display) StderrLine: {'line': b'      |                                     \x1b[01;36m\x1b[K~~~~~^~~~~\x1b[m\x1b[K\n'}
[5.890660] (status_display) StderrLine: {'line': b'In file included from \x1b[01m\x1b[K/usr/include/c++/11/iostream:39\x1b[m\x1b[K,\n'}
[5.890743] (status_display) StderrLine: {'line': b'                 from \x1b[01m\x1b[K/opt/ros/humble/include/rclcpp/rclcpp/executor.hpp:22\x1b[m\x1b[K,\n'}
[5.890827] (status_display) StderrLine: {'line': b'                 from \x1b[01m\x1b[K/opt/ros/humble/include/rclcpp/rclcpp/executors/multi_threaded_executor.hpp:25\x1b[m\x1b[K,\n'}
[5.890909] (status_display) StderrLine: {'line': b'                 from \x1b[01m\x1b[K/opt/ros/humble/include/rclcpp/rclcpp/executors.hpp:21\x1b[m\x1b[K,\n'}
[5.891018] (status_display) StderrLine: {'line': b'                 from \x1b[01m\x1b[K/opt/ros/humble/include/rclcpp/rclcpp/rclcpp.hpp:155\x1b[m\x1b[K,\n'}
[5.891148] (status_display) StderrLine: {'line': b'                 from \x1b[01m\x1b[K/home/shenhang/ros_study/chapter3/topic_practice_workspace/src/status_display/src/sys_status_display.cpp:4\x1b[m\x1b[K:\n'}
[5.891242] (status_display) StderrLine: {'line': b'\x1b[01m\x1b[K/usr/include/c++/11/ostream:524:5:\x1b[m\x1b[K \x1b[01;36m\x1b[Knote: \x1b[m\x1b[Kcandidate: \xe2\x80\x98\x1b[01m\x1b[Ktemplate<class _Traits> std::basic_ostream<char, _Traits>& std::operator<<(std::basic_ostream<char, _Traits>&, char)\x1b[m\x1b[K\xe2\x80\x99\n'}
[5.891333] (status_display) StderrLine: {'line': b'  524 |     \x1b[01;36m\x1b[Koperator\x1b[m\x1b[K<<(basic_ostream<char, _Traits>& __out, char __c)\n'}
[5.891416] (status_display) StderrLine: {'line': b'      |     \x1b[01;36m\x1b[K^~~~~~~~\x1b[m\x1b[K\n'}
[5.891499] (status_display) StderrLine: {'line': b'\x1b[01m\x1b[K/usr/include/c++/11/ostream:524:5:\x1b[m\x1b[K \x1b[01;36m\x1b[Knote: \x1b[m\x1b[K  template argument deduction/substitution failed:\n'}
[5.891582] (status_display) StderrLine: {'line': b'\x1b[01m\x1b[K/home/shenhang/ros_study/chapter3/topic_practice_workspace/src/status_display/src/sys_status_display.cpp:19:42:\x1b[m\x1b[K \x1b[01;36m\x1b[Knote: \x1b[m\x1b[K  cannot convert \xe2\x80\x98\x1b[01m\x1b[K((const std::__shared_ptr_access<status_interfaces::msg::SystemStatus_<std::allocator<void> >, __gnu_cxx::_S_atomic, false, false>*)(& msg))->std::__shared_ptr_access<status_interfaces::msg::SystemStatus_<std::allocator<void> >, __gnu_cxx::_S_atomic, false, false>::operator->()->status_interfaces::msg::SystemStatus_<std::allocator<void> >::stamp\x1b[m\x1b[K\xe2\x80\x99 (type \xe2\x80\x98\x1b[01m\x1b[Kstatus_interfaces::msg::SystemStatus_<std::allocator<void> >::_stamp_type\x1b[m\x1b[K\xe2\x80\x99 {aka \xe2\x80\x98\x1b[01m\x1b[Kbuiltin_interfaces::msg::Time_<std::allocator<void> >\x1b[m\x1b[K\xe2\x80\x99}) to type \xe2\x80\x98\x1b[01m\x1b[Kchar\x1b[m\x1b[K\xe2\x80\x99\n'}
[5.891669] (status_display) StderrLine: {'line': b'   19 |                  << "\xe6\x95\xb0\xe6\x8d\xae\xe6\x97\xb6\xe9\x97\xb4: " << \x1b[01;36m\x1b[Kmsg->stamp\x1b[m\x1b[K << " s\\n"\n'}
[5.891751] (status_display) StderrLine: {'line': b'      |                                     \x1b[01;36m\x1b[K~~~~~^~~~~\x1b[m\x1b[K\n'}
[5.891834] (status_display) StderrLine: {'line': b'In file included from \x1b[01m\x1b[K/usr/include/c++/11/iostream:39\x1b[m\x1b[K,\n'}
[5.891934] (status_display) StderrLine: {'line': b'                 from \x1b[01m\x1b[K/opt/ros/humble/include/rclcpp/rclcpp/executor.hpp:22\x1b[m\x1b[K,\n'}
[5.892030] (status_display) StderrLine: {'line': b'                 from \x1b[01m\x1b[K/opt/ros/humble/include/rclcpp/rclcpp/executors/multi_threaded_executor.hpp:25\x1b[m\x1b[K,\n'}
[5.893051] (status_display) StderrLine: {'line': b'                 from \x1b[01m\x1b[K/opt/ros/humble/include/rclcpp/rclcpp/executors.hpp:21\x1b[m\x1b[K,\n'}
[5.893190] (status_display) StderrLine: {'line': b'                 from \x1b[01m\x1b[K/opt/ros/humble/include/rclcpp/rclcpp/rclcpp.hpp:155\x1b[m\x1b[K,\n'}
[5.893284] (status_display) StderrLine: {'line': b'                 from \x1b[01m\x1b[K/home/shenhang/ros_study/chapter3/topic_practice_workspace/src/status_display/src/sys_status_display.cpp:4\x1b[m\x1b[K:\n'}
[5.893372] (status_display) StderrLine: {'line': b'\x1b[01m\x1b[K/usr/include/c++/11/ostream:530:5:\x1b[m\x1b[K \x1b[01;36m\x1b[Knote: \x1b[m\x1b[Kcandidate: \xe2\x80\x98\x1b[01m\x1b[Ktemplate<class _Traits> std::basic_ostream<char, _Traits>& std::operator<<(std::basic_ostream<char, _Traits>&, signed char)\x1b[m\x1b[K\xe2\x80\x99\n'}
[5.893459] (status_display) StderrLine: {'line': b'  530 |     \x1b[01;36m\x1b[Koperator\x1b[m\x1b[K<<(basic_ostream<char, _Traits>& __out, signed char __c)\n'}
[5.893551] (status_display) StderrLine: {'line': b'      |     \x1b[01;36m\x1b[K^~~~~~~~\x1b[m\x1b[K\n'}
[5.893640] (status_display) StderrLine: {'line': b'\x1b[01m\x1b[K/usr/include/c++/11/ostream:530:5:\x1b[m\x1b[K \x1b[01;36m\x1b[Knote: \x1b[m\x1b[K  template argument deduction/substitution failed:\n'}
[5.893723] (status_display) StderrLine: {'line': b'\x1b[01m\x1b[K/home/shenhang/ros_study/chapter3/topic_practice_workspace/src/status_display/src/sys_status_display.cpp:19:42:\x1b[m\x1b[K \x1b[01;36m\x1b[Knote: \x1b[m\x1b[K  cannot convert \xe2\x80\x98\x1b[01m\x1b[K((const std::__shared_ptr_access<status_interfaces::msg::SystemStatus_<std::allocator<void> >, __gnu_cxx::_S_atomic, false, false>*)(& msg))->std::__shared_ptr_access<status_interfaces::msg::SystemStatus_<std::allocator<void> >, __gnu_cxx::_S_atomic, false, false>::operator->()->status_interfaces::msg::SystemStatus_<std::allocator<void> >::stamp\x1b[m\x1b[K\xe2\x80\x99 (type \xe2\x80\x98\x1b[01m\x1b[Kstatus_interfaces::msg::SystemStatus_<std::allocator<void> >::_stamp_type\x1b[m\x1b[K\xe2\x80\x99 {aka \xe2\x80\x98\x1b[01m\x1b[Kbuiltin_interfaces::msg::Time_<std::allocator<void> >\x1b[m\x1b[K\xe2\x80\x99}) to type \xe2\x80\x98\x1b[01m\x1b[Ksigned char\x1b[m\x1b[K\xe2\x80\x99\n'}
[5.893824] (status_display) StderrLine: {'line': b'   19 |                  << "\xe6\x95\xb0\xe6\x8d\xae\xe6\x97\xb6\xe9\x97\xb4: " << \x1b[01;36m\x1b[Kmsg->stamp\x1b[m\x1b[K << " s\\n"\n'}
[5.893941] (status_display) StderrLine: {'line': b'      |                                     \x1b[01;36m\x1b[K~~~~~^~~~~\x1b[m\x1b[K\n'}
[5.894102] (status_display) StderrLine: {'line': b'In file included from \x1b[01m\x1b[K/usr/include/c++/11/iostream:39\x1b[m\x1b[K,\n'}
[5.894250] (status_display) StderrLine: {'line': b'                 from \x1b[01m\x1b[K/opt/ros/humble/include/rclcpp/rclcpp/executor.hpp:22\x1b[m\x1b[K,\n'}
[5.894340] (status_display) StderrLine: {'line': b'                 from \x1b[01m\x1b[K/opt/ros/humble/include/rclcpp/rclcpp/executors/multi_threaded_executor.hpp:25\x1b[m\x1b[K,\n'}
[5.894425] (status_display) StderrLine: {'line': b'                 from \x1b[01m\x1b[K/opt/ros/humble/include/rclcpp/rclcpp/executors.hpp:21\x1b[m\x1b[K,\n'}
[5.894508] (status_display) StderrLine: {'line': b'                 from \x1b[01m\x1b[K/opt/ros/humble/include/rclcpp/rclcpp/rclcpp.hpp:155\x1b[m\x1b[K,\n'}
[5.894591] (status_display) StderrLine: {'line': b'                 from \x1b[01m\x1b[K/home/shenhang/ros_study/chapter3/topic_practice_workspace/src/status_display/src/sys_status_display.cpp:4\x1b[m\x1b[K:\n'}
[5.894675] (status_display) StderrLine: {'line': b'\x1b[01m\x1b[K/usr/include/c++/11/ostream:535:5:\x1b[m\x1b[K \x1b[01;36m\x1b[Knote: \x1b[m\x1b[Kcandidate: \xe2\x80\x98\x1b[01m\x1b[Ktemplate<class _Traits> std::basic_ostream<char, _Traits>& std::operator<<(std::basic_ostream<char, _Traits>&, unsigned char)\x1b[m\x1b[K\xe2\x80\x99\n'}
[5.894761] (status_display) StderrLine: {'line': b'  535 |     \x1b[01;36m\x1b[Koperator\x1b[m\x1b[K<<(basic_ostream<char, _Traits>& __out, unsigned char __c)\n'}
[5.894862] (status_display) StderrLine: {'line': b'      |     \x1b[01;36m\x1b[K^~~~~~~~\x1b[m\x1b[K\n'}
[5.894957] (status_display) StderrLine: {'line': b'\x1b[01m\x1b[K/usr/include/c++/11/ostream:535:5:\x1b[m\x1b[K \x1b[01;36m\x1b[Knote: \x1b[m\x1b[K  template argument deduction/substitution failed:\n'}
[5.895041] (status_display) StderrLine: {'line': b'\x1b[01m\x1b[K/home/shenhang/ros_study/chapter3/topic_practice_workspace/src/status_display/src/sys_status_display.cpp:19:42:\x1b[m\x1b[K \x1b[01;36m\x1b[Knote: \x1b[m\x1b[K  cannot convert \xe2\x80\x98\x1b[01m\x1b[K((const std::__shared_ptr_access<status_interfaces::msg::SystemStatus_<std::allocator<void> >, __gnu_cxx::_S_atomic, false, false>*)(& msg))->std::__shared_ptr_access<status_interfaces::msg::SystemStatus_<std::allocator<void> >, __gnu_cxx::_S_atomic, false, false>::operator->()->status_interfaces::msg::SystemStatus_<std::allocator<void> >::stamp\x1b[m\x1b[K\xe2\x80\x99 (type \xe2\x80\x98\x1b[01m\x1b[Kstatus_interfaces::msg::SystemStatus_<std::allocator<void> >::_stamp_type\x1b[m\x1b[K\xe2\x80\x99 {aka \xe2\x80\x98\x1b[01m\x1b[Kbuiltin_interfaces::msg::Time_<std::allocator<void> >\x1b[m\x1b[K\xe2\x80\x99}) to type \xe2\x80\x98\x1b[01m\x1b[Kunsigned char\x1b[m\x1b[K\xe2\x80\x99\n'}
[5.895188] (status_display) StderrLine: {'line': b'   19 |                  << "\xe6\x95\xb0\xe6\x8d\xae\xe6\x97\xb6\xe9\x97\xb4: " << \x1b[01;36m\x1b[Kmsg->stamp\x1b[m\x1b[K << " s\\n"\n'}
[5.895279] (status_display) StderrLine: {'line': b'      |                                     \x1b[01;36m\x1b[K~~~~~^~~~~\x1b[m\x1b[K\n'}
[5.895363] (status_display) StderrLine: {'line': b'In file included from \x1b[01m\x1b[K/usr/include/c++/11/iostream:39\x1b[m\x1b[K,\n'}
[5.895456] (status_display) StderrLine: {'line': b'                 from \x1b[01m\x1b[K/opt/ros/humble/include/rclcpp/rclcpp/executor.hpp:22\x1b[m\x1b[K,\n'}
[5.895540] (status_display) StderrLine: {'line': b'                 from \x1b[01m\x1b[K/opt/ros/humble/include/rclcpp/rclcpp/executors/multi_threaded_executor.hpp:25\x1b[m\x1b[K,\n'}
[5.895624] (status_display) StderrLine: {'line': b'                 from \x1b[01m\x1b[K/opt/ros/humble/include/rclcpp/rclcpp/executors.hpp:21\x1b[m\x1b[K,\n'}
[5.895707] (status_display) StderrLine: {'line': b'                 from \x1b[01m\x1b[K/opt/ros/humble/include/rclcpp/rclcpp/rclcpp.hpp:155\x1b[m\x1b[K,\n'}
[5.895790] (status_display) StderrLine: {'line': b'                 from \x1b[01m\x1b[K/home/shenhang/ros_study/chapter3/topic_practice_workspace/src/status_display/src/sys_status_display.cpp:4\x1b[m\x1b[K:\n'}
[5.895901] (status_display) StderrLine: {'line': b'\x1b[01m\x1b[K/usr/include/c++/11/ostream:594:5:\x1b[m\x1b[K \x1b[01;36m\x1b[Knote: \x1b[m\x1b[Kcandidate: \xe2\x80\x98\x1b[01m\x1b[Ktemplate<class _CharT, class _Traits> std::basic_ostream<_CharT, _Traits>& std::operator<<(std::basic_ostream<_CharT, _Traits>&, const _CharT*)\x1b[m\x1b[K\xe2\x80\x99\n'}
[5.895996] (status_display) StderrLine: {'line': b'  594 |     \x1b[01;36m\x1b[Koperator\x1b[m\x1b[K<<(basic_ostream<_CharT, _Traits>& __out, const _CharT* __s)\n'}
[5.896107] (status_display) StderrLine: {'line': b'      |     \x1b[01;36m\x1b[K^~~~~~~~\x1b[m\x1b[K\n'}
[5.896218] (status_display) StderrLine: {'line': b'\x1b[01m\x1b[K/usr/include/c++/11/ostream:594:5:\x1b[m\x1b[K \x1b[01;36m\x1b[Knote: \x1b[m\x1b[K  template argument deduction/substitution failed:\n'}
[5.896340] (status_display) StderrLine: {'line': b'\x1b[01m\x1b[K/home/shenhang/ros_study/chapter3/topic_practice_workspace/src/status_display/src/sys_status_display.cpp:19:42:\x1b[m\x1b[K \x1b[01;36m\x1b[Knote: \x1b[m\x1b[K  mismatched types \xe2\x80\x98\x1b[01m\x1b[Kconst _CharT*\x1b[m\x1b[K\xe2\x80\x99 and \xe2\x80\x98\x1b[01m\x1b[Kbuiltin_interfaces::msg::Time_<std::allocator<void> >\x1b[m\x1b[K\xe2\x80\x99\n'}
[5.896468] (status_display) StderrLine: {'line': b'   19 |                  << "\xe6\x95\xb0\xe6\x8d\xae\xe6\x97\xb6\xe9\x97\xb4: " << msg->\x1b[01;36m\x1b[Kstamp\x1b[m\x1b[K << " s\\n"\n'}
[5.896586] (status_display) StderrLine: {'line': b'      |                                          \x1b[01;36m\x1b[K^~~~~\x1b[m\x1b[K\n'}
[5.896698] (status_display) StderrLine: {'line': b'In file included from \x1b[01m\x1b[K/usr/include/c++/11/ostream:829\x1b[m\x1b[K,\n'}
[5.898328] (status_display) StderrLine: {'line': b'                 from \x1b[01m\x1b[K/usr/include/c++/11/iostream:39\x1b[m\x1b[K,\n'}
[5.898441] (status_display) StderrLine: {'line': b'                 from \x1b[01m\x1b[K/opt/ros/humble/include/rclcpp/rclcpp/executor.hpp:22\x1b[m\x1b[K,\n'}
[5.898533] (status_display) StderrLine: {'line': b'                 from \x1b[01m\x1b[K/opt/ros/humble/include/rclcpp/rclcpp/executors/multi_threaded_executor.hpp:25\x1b[m\x1b[K,\n'}
[5.898618] (status_display) StderrLine: {'line': b'                 from \x1b[01m\x1b[K/opt/ros/humble/include/rclcpp/rclcpp/executors.hpp:21\x1b[m\x1b[K,\n'}
[5.898701] (status_display) StderrLine: {'line': b'                 from \x1b[01m\x1b[K/opt/ros/humble/include/rclcpp/rclcpp/rclcpp.hpp:155\x1b[m\x1b[K,\n'}
[5.898784] (status_display) StderrLine: {'line': b'                 from \x1b[01m\x1b[K/home/shenhang/ros_study/chapter3/topic_practice_workspace/src/status_display/src/sys_status_display.cpp:4\x1b[m\x1b[K:\n'}
[5.898867] (status_display) StderrLine: {'line': b'\x1b[01m\x1b[K/usr/include/c++/11/bits/ostream.tcc:321:5:\x1b[m\x1b[K \x1b[01;36m\x1b[Knote: \x1b[m\x1b[Kcandidate: \xe2\x80\x98\x1b[01m\x1b[Ktemplate<class _CharT, class _Traits> std::basic_ostream<_CharT, _Traits>& std::operator<<(std::basic_ostream<_CharT, _Traits>&, const char*)\x1b[m\x1b[K\xe2\x80\x99\n'}
[5.898998] (status_display) StderrLine: {'line': b'  321 |     \x1b[01;36m\x1b[Koperator\x1b[m\x1b[K<<(basic_ostream<_CharT, _Traits>& __out, const char* __s)\n'}
[5.899138] (status_display) StderrLine: {'line': b'      |     \x1b[01;36m\x1b[K^~~~~~~~\x1b[m\x1b[K\n'}
[5.899230] (status_display) StderrLine: {'line': b'\x1b[01m\x1b[K/usr/include/c++/11/bits/ostream.tcc:321:5:\x1b[m\x1b[K \x1b[01;36m\x1b[Knote: \x1b[m\x1b[K  template argument deduction/substitution failed:\n'}
[5.899314] (status_display) StderrLine: {'line': b'\x1b[01m\x1b[K/home/shenhang/ros_study/chapter3/topic_practice_workspace/src/status_display/src/sys_status_display.cpp:19:42:\x1b[m\x1b[K \x1b[01;36m\x1b[Knote: \x1b[m\x1b[K  cannot convert \xe2\x80\x98\x1b[01m\x1b[K((const std::__shared_ptr_access<status_interfaces::msg::SystemStatus_<std::allocator<void> >, __gnu_cxx::_S_atomic, false, false>*)(& msg))->std::__shared_ptr_access<status_interfaces::msg::SystemStatus_<std::allocator<void> >, __gnu_cxx::_S_atomic, false, false>::operator->()->status_interfaces::msg::SystemStatus_<std::allocator<void> >::stamp\x1b[m\x1b[K\xe2\x80\x99 (type \xe2\x80\x98\x1b[01m\x1b[Kstatus_interfaces::msg::SystemStatus_<std::allocator<void> >::_stamp_type\x1b[m\x1b[K\xe2\x80\x99 {aka \xe2\x80\x98\x1b[01m\x1b[Kbuiltin_interfaces::msg::Time_<std::allocator<void> >\x1b[m\x1b[K\xe2\x80\x99}) to type \xe2\x80\x98\x1b[01m\x1b[Kconst char*\x1b[m\x1b[K\xe2\x80\x99\n'}
[5.899402] (status_display) StderrLine: {'line': b'   19 |                  << "\xe6\x95\xb0\xe6\x8d\xae\xe6\x97\xb6\xe9\x97\xb4: " << \x1b[01;36m\x1b[Kmsg->stamp\x1b[m\x1b[K << " s\\n"\n'}
[5.899485] (status_display) StderrLine: {'line': b'      |                                     \x1b[01;36m\x1b[K~~~~~^~~~~\x1b[m\x1b[K\n'}
[5.899568] (status_display) StderrLine: {'line': b'In file included from \x1b[01m\x1b[K/usr/include/c++/11/iostream:39\x1b[m\x1b[K,\n'}
[5.899651] (status_display) StderrLine: {'line': b'                 from \x1b[01m\x1b[K/opt/ros/humble/include/rclcpp/rclcpp/executor.hpp:22\x1b[m\x1b[K,\n'}
[5.899735] (status_display) StderrLine: {'line': b'                 from \x1b[01m\x1b[K/opt/ros/humble/include/rclcpp/rclcpp/executors/multi_threaded_executor.hpp:25\x1b[m\x1b[K,\n'}
[5.899818] (status_display) StderrLine: {'line': b'                 from \x1b[01m\x1b[K/opt/ros/humble/include/rclcpp/rclcpp/executors.hpp:21\x1b[m\x1b[K,\n'}
[5.899921] (status_display) StderrLine: {'line': b'                 from \x1b[01m\x1b[K/opt/ros/humble/include/rclcpp/rclcpp/rclcpp.hpp:155\x1b[m\x1b[K,\n'}
[5.900016] (status_display) StderrLine: {'line': b'                 from \x1b[01m\x1b[K/home/shenhang/ros_study/chapter3/topic_practice_workspace/src/status_display/src/sys_status_display.cpp:4\x1b[m\x1b[K:\n'}
[5.900142] (status_display) StderrLine: {'line': b'\x1b[01m\x1b[K/usr/include/c++/11/ostream:611:5:\x1b[m\x1b[K \x1b[01;36m\x1b[Knote: \x1b[m\x1b[Kcandidate: \xe2\x80\x98\x1b[01m\x1b[Ktemplate<class _Traits> std::basic_ostream<char, _Traits>& std::operator<<(std::basic_ostream<char, _Traits>&, const char*)\x1b[m\x1b[K\xe2\x80\x99\n'}
[5.900236] (status_display) StderrLine: {'line': b'  611 |     \x1b[01;36m\x1b[Koperator\x1b[m\x1b[K<<(basic_ostream<char, _Traits>& __out, const char* __s)\n'}
[5.900325] (status_display) StderrLine: {'line': b'      |     \x1b[01;36m\x1b[K^~~~~~~~\x1b[m\x1b[K\n'}
[5.900409] (status_display) StderrLine: {'line': b'\x1b[01m\x1b[K/usr/include/c++/11/ostream:611:5:\x1b[m\x1b[K \x1b[01;36m\x1b[Knote: \x1b[m\x1b[K  template argument deduction/substitution failed:\n'}
[5.900492] (status_display) StderrLine: {'line': b'\x1b[01m\x1b[K/home/shenhang/ros_study/chapter3/topic_practice_workspace/src/status_display/src/sys_status_display.cpp:19:42:\x1b[m\x1b[K \x1b[01;36m\x1b[Knote: \x1b[m\x1b[K  cannot convert \xe2\x80\x98\x1b[01m\x1b[K((const std::__shared_ptr_access<status_interfaces::msg::SystemStatus_<std::allocator<void> >, __gnu_cxx::_S_atomic, false, false>*)(& msg))->std::__shared_ptr_access<status_interfaces::msg::SystemStatus_<std::allocator<void> >, __gnu_cxx::_S_atomic, false, false>::operator->()->status_interfaces::msg::SystemStatus_<std::allocator<void> >::stamp\x1b[m\x1b[K\xe2\x80\x99 (type \xe2\x80\x98\x1b[01m\x1b[Kstatus_interfaces::msg::SystemStatus_<std::allocator<void> >::_stamp_type\x1b[m\x1b[K\xe2\x80\x99 {aka \xe2\x80\x98\x1b[01m\x1b[Kbuiltin_interfaces::msg::Time_<std::allocator<void> >\x1b[m\x1b[K\xe2\x80\x99}) to type \xe2\x80\x98\x1b[01m\x1b[Kconst char*\x1b[m\x1b[K\xe2\x80\x99\n'}
[5.900588] (status_display) StderrLine: {'line': b'   19 |                  << "\xe6\x95\xb0\xe6\x8d\xae\xe6\x97\xb6\xe9\x97\xb4: " << \x1b[01;36m\x1b[Kmsg->stamp\x1b[m\x1b[K << " s\\n"\n'}
[5.900675] (status_display) StderrLine: {'line': b'      |                                     \x1b[01;36m\x1b[K~~~~~^~~~~\x1b[m\x1b[K\n'}
[5.900758] (status_display) StderrLine: {'line': b'In file included from \x1b[01m\x1b[K/usr/include/c++/11/iostream:39\x1b[m\x1b[K,\n'}
[5.900841] (status_display) StderrLine: {'line': b'                 from \x1b[01m\x1b[K/opt/ros/humble/include/rclcpp/rclcpp/executor.hpp:22\x1b[m\x1b[K,\n'}
[5.900950] (status_display) StderrLine: {'line': b'                 from \x1b[01m\x1b[K/opt/ros/humble/include/rclcpp/rclcpp/executors/multi_threaded_executor.hpp:25\x1b[m\x1b[K,\n'}
[5.901037] (status_display) StderrLine: {'line': b'                 from \x1b[01m\x1b[K/opt/ros/humble/include/rclcpp/rclcpp/executors.hpp:21\x1b[m\x1b[K,\n'}
[5.901174] (status_display) StderrLine: {'line': b'                 from \x1b[01m\x1b[K/opt/ros/humble/include/rclcpp/rclcpp/rclcpp.hpp:155\x1b[m\x1b[K,\n'}
[5.901267] (status_display) StderrLine: {'line': b'                 from \x1b[01m\x1b[K/home/shenhang/ros_study/chapter3/topic_practice_workspace/src/status_display/src/sys_status_display.cpp:4\x1b[m\x1b[K:\n'}
[5.901351] (status_display) StderrLine: {'line': b'\x1b[01m\x1b[K/usr/include/c++/11/ostream:624:5:\x1b[m\x1b[K \x1b[01;36m\x1b[Knote: \x1b[m\x1b[Kcandidate: \xe2\x80\x98\x1b[01m\x1b[Ktemplate<class _Traits> std::basic_ostream<char, _Traits>& std::operator<<(std::basic_ostream<char, _Traits>&, const signed char*)\x1b[m\x1b[K\xe2\x80\x99\n'}
[5.901440] (status_display) StderrLine: {'line': b'  624 |     \x1b[01;36m\x1b[Koperator\x1b[m\x1b[K<<(basic_ostream<char, _Traits>& __out, const signed char* __s)\n'}
[5.901523] (status_display) StderrLine: {'line': b'      |     \x1b[01;36m\x1b[K^~~~~~~~\x1b[m\x1b[K\n'}
[5.901606] (status_display) StderrLine: {'line': b'\x1b[01m\x1b[K/usr/include/c++/11/ostream:624:5:\x1b[m\x1b[K \x1b[01;36m\x1b[Knote: \x1b[m\x1b[K  template argument deduction/substitution failed:\n'}
[5.901690] (status_display) StderrLine: {'line': b'\x1b[01m\x1b[K/home/shenhang/ros_study/chapter3/topic_practice_workspace/src/status_display/src/sys_status_display.cpp:19:42:\x1b[m\x1b[K \x1b[01;36m\x1b[Knote: \x1b[m\x1b[K  cannot convert \xe2\x80\x98\x1b[01m\x1b[K((const std::__shared_ptr_access<status_interfaces::msg::SystemStatus_<std::allocator<void> >, __gnu_cxx::_S_atomic, false, false>*)(& msg))->std::__shared_ptr_access<status_interfaces::msg::SystemStatus_<std::allocator<void> >, __gnu_cxx::_S_atomic, false, false>::operator->()->status_interfaces::msg::SystemStatus_<std::allocator<void> >::stamp\x1b[m\x1b[K\xe2\x80\x99 (type \xe2\x80\x98\x1b[01m\x1b[Kstatus_interfaces::msg::SystemStatus_<std::allocator<void> >::_stamp_type\x1b[m\x1b[K\xe2\x80\x99 {aka \xe2\x80\x98\x1b[01m\x1b[Kbuiltin_interfaces::msg::Time_<std::allocator<void> >\x1b[m\x1b[K\xe2\x80\x99}) to type \xe2\x80\x98\x1b[01m\x1b[Kconst signed char*\x1b[m\x1b[K\xe2\x80\x99\n'}
[5.903226] (status_display) StderrLine: {'line': b'   19 |                  << "\xe6\x95\xb0\xe6\x8d\xae\xe6\x97\xb6\xe9\x97\xb4: " << \x1b[01;36m\x1b[Kmsg->stamp\x1b[m\x1b[K << " s\\n"\n'}
[5.903327] (status_display) StderrLine: {'line': b'      |                                     \x1b[01;36m\x1b[K~~~~~^~~~~\x1b[m\x1b[K\n'}
[5.903413] (status_display) StderrLine: {'line': b'In file included from \x1b[01m\x1b[K/usr/include/c++/11/iostream:39\x1b[m\x1b[K,\n'}
[5.903498] (status_display) StderrLine: {'line': b'                 from \x1b[01m\x1b[K/opt/ros/humble/include/rclcpp/rclcpp/executor.hpp:22\x1b[m\x1b[K,\n'}
[5.903582] (status_display) StderrLine: {'line': b'                 from \x1b[01m\x1b[K/opt/ros/humble/include/rclcpp/rclcpp/executors/multi_threaded_executor.hpp:25\x1b[m\x1b[K,\n'}
[5.903674] (status_display) StderrLine: {'line': b'                 from \x1b[01m\x1b[K/opt/ros/humble/include/rclcpp/rclcpp/executors.hpp:21\x1b[m\x1b[K,\n'}
[5.903758] (status_display) StderrLine: {'line': b'                 from \x1b[01m\x1b[K/opt/ros/humble/include/rclcpp/rclcpp/rclcpp.hpp:155\x1b[m\x1b[K,\n'}
[5.903870] (status_display) StderrLine: {'line': b'                 from \x1b[01m\x1b[K/home/shenhang/ros_study/chapter3/topic_practice_workspace/src/status_display/src/sys_status_display.cpp:4\x1b[m\x1b[K:\n'}
[5.903958] (status_display) StderrLine: {'line': b'\x1b[01m\x1b[K/usr/include/c++/11/ostream:629:5:\x1b[m\x1b[K \x1b[01;36m\x1b[Knote: \x1b[m\x1b[Kcandidate: \xe2\x80\x98\x1b[01m\x1b[Ktemplate<class _Traits> std::basic_ostream<char, _Traits>& std::operator<<(std::basic_ostream<char, _Traits>&, const unsigned char*)\x1b[m\x1b[K\xe2\x80\x99\n'}
[5.904051] (status_display) StderrLine: {'line': b'  629 |     \x1b[01;36m\x1b[Koperator\x1b[m\x1b[K<<(basic_ostream<char, _Traits>& __out, const unsigned char* __s)\n'}
[5.904180] (status_display) StderrLine: {'line': b'      |     \x1b[01;36m\x1b[K^~~~~~~~\x1b[m\x1b[K\n'}
[5.904267] (status_display) StderrLine: {'line': b'\x1b[01m\x1b[K/usr/include/c++/11/ostream:629:5:\x1b[m\x1b[K \x1b[01;36m\x1b[Knote: \x1b[m\x1b[K  template argument deduction/substitution failed:\n'}
[5.904355] (status_display) StderrLine: {'line': b'\x1b[01m\x1b[K/home/shenhang/ros_study/chapter3/topic_practice_workspace/src/status_display/src/sys_status_display.cpp:19:42:\x1b[m\x1b[K \x1b[01;36m\x1b[Knote: \x1b[m\x1b[K  cannot convert \xe2\x80\x98\x1b[01m\x1b[K((const std::__shared_ptr_access<status_interfaces::msg::SystemStatus_<std::allocator<void> >, __gnu_cxx::_S_atomic, false, false>*)(& msg))->std::__shared_ptr_access<status_interfaces::msg::SystemStatus_<std::allocator<void> >, __gnu_cxx::_S_atomic, false, false>::operator->()->status_interfaces::msg::SystemStatus_<std::allocator<void> >::stamp\x1b[m\x1b[K\xe2\x80\x99 (type \xe2\x80\x98\x1b[01m\x1b[Kstatus_interfaces::msg::SystemStatus_<std::allocator<void> >::_stamp_type\x1b[m\x1b[K\xe2\x80\x99 {aka \xe2\x80\x98\x1b[01m\x1b[Kbuiltin_interfaces::msg::Time_<std::allocator<void> >\x1b[m\x1b[K\xe2\x80\x99}) to type \xe2\x80\x98\x1b[01m\x1b[Kconst unsigned char*\x1b[m\x1b[K\xe2\x80\x99\n'}
[5.904456] (status_display) StderrLine: {'line': b'   19 |                  << "\xe6\x95\xb0\xe6\x8d\xae\xe6\x97\xb6\xe9\x97\xb4: " << \x1b[01;36m\x1b[Kmsg->stamp\x1b[m\x1b[K << " s\\n"\n'}
[5.904545] (status_display) StderrLine: {'line': b'      |                                     \x1b[01;36m\x1b[K~~~~~^~~~~\x1b[m\x1b[K\n'}
[5.904628] (status_display) StderrLine: {'line': b'In file included from \x1b[01m\x1b[K/usr/include/c++/11/iostream:39\x1b[m\x1b[K,\n'}
[5.904711] (status_display) StderrLine: {'line': b'                 from \x1b[01m\x1b[K/opt/ros/humble/include/rclcpp/rclcpp/executor.hpp:22\x1b[m\x1b[K,\n'}
[5.904815] (status_display) StderrLine: {'line': b'                 from \x1b[01m\x1b[K/opt/ros/humble/include/rclcpp/rclcpp/executors/multi_threaded_executor.hpp:25\x1b[m\x1b[K,\n'}
[5.904907] (status_display) StderrLine: {'line': b'                 from \x1b[01m\x1b[K/opt/ros/humble/include/rclcpp/rclcpp/executors.hpp:21\x1b[m\x1b[K,\n'}
[5.904991] (status_display) StderrLine: {'line': b'                 from \x1b[01m\x1b[K/opt/ros/humble/include/rclcpp/rclcpp/rclcpp.hpp:155\x1b[m\x1b[K,\n'}
[5.905076] (status_display) StderrLine: {'line': b'                 from \x1b[01m\x1b[K/home/shenhang/ros_study/chapter3/topic_practice_workspace/src/status_display/src/sys_status_display.cpp:4\x1b[m\x1b[K:\n'}
[5.905214] (status_display) StderrLine: {'line': b'\x1b[01m\x1b[K/usr/include/c++/11/ostream:750:5:\x1b[m\x1b[K \x1b[01;36m\x1b[Knote: \x1b[m\x1b[Kcandidate: \xe2\x80\x98\x1b[01m\x1b[Ktemplate<class _Ostream, class _Tp> _Ostream&& std::operator<<(_Ostream&&, const _Tp&)\x1b[m\x1b[K\xe2\x80\x99\n'}
[5.905304] (status_display) StderrLine: {'line': b'  750 |     \x1b[01;36m\x1b[Koperator\x1b[m\x1b[K<<(_Ostream&& __os, const _Tp& __x)\n'}
[5.905395] (status_display) StderrLine: {'line': b'      |     \x1b[01;36m\x1b[K^~~~~~~~\x1b[m\x1b[K\n'}
[5.905478] (status_display) StderrLine: {'line': b'\x1b[01m\x1b[K/usr/include/c++/11/ostream:750:5:\x1b[m\x1b[K \x1b[01;36m\x1b[Knote: \x1b[m\x1b[K  template argument deduction/substitution failed:\n'}
[5.905562] (status_display) StderrLine: {'line': b'/usr/include/c++/11/ostream: In substitution of \xe2\x80\x98\x1b[01m\x1b[Ktemplate<class _Ostream, class _Tp> _Ostream&& std::operator<<(_Ostream&&, const _Tp&) [with _Ostream = std::basic_ostream<char>&; _Tp = builtin_interfaces::msg::Time_<std::allocator<void> >]\x1b[m\x1b[K\xe2\x80\x99:\n'}
[5.905698] (status_display) StderrLine: {'line': b'\x1b[01m\x1b[K/home/shenhang/ros_study/chapter3/topic_practice_workspace/src/status_display/src/sys_status_display.cpp:19:46:\x1b[m\x1b[K   required from here\n'}
[5.906695] (status_display) StderrLine: {'line': b'\x1b[01m\x1b[K/usr/include/c++/11/ostream:750:5:\x1b[m\x1b[K \x1b[01;31m\x1b[Kerror: \x1b[m\x1b[Kno type named \xe2\x80\x98\x1b[01m\x1b[Ktype\x1b[m\x1b[K\xe2\x80\x99 in \xe2\x80\x98\x1b[01m\x1b[Kstruct std::enable_if<false, void>\x1b[m\x1b[K\xe2\x80\x99\n'}
[5.906818] (status_display) StderrLine: {'line': b'In file included from \x1b[01m\x1b[K/opt/ros/humble/include/rosidl_runtime_cpp/rosidl_runtime_cpp/traits.hpp:19\x1b[m\x1b[K,\n'}
[5.906911] (status_display) StderrLine: {'line': b'                 from \x1b[01m\x1b[K/opt/ros/humble/include/builtin_interfaces/builtin_interfaces/msg/detail/duration__traits.hpp:15\x1b[m\x1b[K,\n'}
[5.906999] (status_display) StderrLine: {'line': b'                 from \x1b[01m\x1b[K/opt/ros/humble/include/builtin_interfaces/builtin_interfaces/msg/duration.hpp:9\x1b[m\x1b[K,\n'}
[5.907117] (status_display) StderrLine: {'line': b'                 from \x1b[01m\x1b[K/opt/ros/humble/include/rclcpp/rclcpp/duration.hpp:20\x1b[m\x1b[K,\n'}
[5.907203] (status_display) StderrLine: {'line': b'                 from \x1b[01m\x1b[K/opt/ros/humble/include/rclcpp/rclcpp/qos.hpp:20\x1b[m\x1b[K,\n'}
[5.907287] (status_display) StderrLine: {'line': b'                 from \x1b[01m\x1b[K/opt/ros/humble/include/rclcpp/rclcpp/node_interfaces/node_graph_interface.hpp:32\x1b[m\x1b[K,\n'}
[5.907369] (status_display) StderrLine: {'line': b'                 from \x1b[01m\x1b[K/opt/ros/humble/include/rclcpp/rclcpp/client.hpp:42\x1b[m\x1b[K,\n'}
[5.907452] (status_display) StderrLine: {'line': b'                 from \x1b[01m\x1b[K/opt/ros/humble/include/rclcpp/rclcpp/callback_group.hpp:24\x1b[m\x1b[K,\n'}
[5.907534] (status_display) StderrLine: {'line': b'                 from \x1b[01m\x1b[K/opt/ros/humble/include/rclcpp/rclcpp/any_executable.hpp:20\x1b[m\x1b[K,\n'}
[5.907616] (status_display) StderrLine: {'line': b'                 from \x1b[01m\x1b[K/opt/ros/humble/include/rclcpp/rclcpp/memory_strategy.hpp:25\x1b[m\x1b[K,\n'}
[5.907728] (status_display) StderrLine: {'line': b'                 from \x1b[01m\x1b[K/opt/ros/humble/include/rclcpp/rclcpp/memory_strategies.hpp:18\x1b[m\x1b[K,\n'}
[5.907835] (status_display) StderrLine: {'line': b'                 from \x1b[01m\x1b[K/opt/ros/humble/include/rclcpp/rclcpp/executor_options.hpp:20\x1b[m\x1b[K,\n'}
[5.907952] (status_display) StderrLine: {'line': b'                 from \x1b[01m\x1b[K/opt/ros/humble/include/rclcpp/rclcpp/executor.hpp:37\x1b[m\x1b[K,\n'}
[5.908039] (status_display) StderrLine: {'line': b'                 from \x1b[01m\x1b[K/opt/ros/humble/include/rclcpp/rclcpp/executors/multi_threaded_executor.hpp:25\x1b[m\x1b[K,\n'}
[5.908166] (status_display) StderrLine: {'line': b'                 from \x1b[01m\x1b[K/opt/ros/humble/include/rclcpp/rclcpp/executors.hpp:21\x1b[m\x1b[K,\n'}
[5.908252] (status_display) StderrLine: {'line': b'                 from \x1b[01m\x1b[K/opt/ros/humble/include/rclcpp/rclcpp/rclcpp.hpp:155\x1b[m\x1b[K,\n'}
[5.908340] (status_display) StderrLine: {'line': b'                 from \x1b[01m\x1b[K/home/shenhang/ros_study/chapter3/topic_practice_workspace/src/status_display/src/sys_status_display.cpp:4\x1b[m\x1b[K:\n'}
[5.908429] (status_display) StderrLine: {'line': b'\x1b[01m\x1b[K/usr/include/c++/11/iomanip:79:5:\x1b[m\x1b[K \x1b[01;36m\x1b[Knote: \x1b[m\x1b[Kcandidate: \xe2\x80\x98\x1b[01m\x1b[Ktemplate<class _CharT, class _Traits> std::basic_ostream<_CharT, _Traits>& std::operator<<(std::basic_ostream<_CharT, _Traits>&, std::_Resetiosflags)\x1b[m\x1b[K\xe2\x80\x99\n'}
[5.908516] (status_display) StderrLine: {'line': b'   79 |     \x1b[01;36m\x1b[Koperator\x1b[m\x1b[K<<(basic_ostream<_CharT, _Traits>& __os, _Resetiosflags __f)\n'}
[5.908599] (status_display) StderrLine: {'line': b'      |     \x1b[01;36m\x1b[K^~~~~~~~\x1b[m\x1b[K\n'}
[5.908698] (status_display) StderrLine: {'line': b'\x1b[01m\x1b[K/usr/include/c++/11/iomanip:79:5:\x1b[m\x1b[K \x1b[01;36m\x1b[Knote: \x1b[m\x1b[K  template argument deduction/substitution failed:\n'}
[5.908805] (status_display) StderrLine: {'line': b'\x1b[01m\x1b[K/home/shenhang/ros_study/chapter3/topic_practice_workspace/src/status_display/src/sys_status_display.cpp:19:42:\x1b[m\x1b[K \x1b[01;36m\x1b[Knote: \x1b[m\x1b[K  cannot convert \xe2\x80\x98\x1b[01m\x1b[K((const std::__shared_ptr_access<status_interfaces::msg::SystemStatus_<std::allocator<void> >, __gnu_cxx::_S_atomic, false, false>*)(& msg))->std::__shared_ptr_access<status_interfaces::msg::SystemStatus_<std::allocator<void> >, __gnu_cxx::_S_atomic, false, false>::operator->()->status_interfaces::msg::SystemStatus_<std::allocator<void> >::stamp\x1b[m\x1b[K\xe2\x80\x99 (type \xe2\x80\x98\x1b[01m\x1b[Kstatus_interfaces::msg::SystemStatus_<std::allocator<void> >::_stamp_type\x1b[m\x1b[K\xe2\x80\x99 {aka \xe2\x80\x98\x1b[01m\x1b[Kbuiltin_interfaces::msg::Time_<std::allocator<void> >\x1b[m\x1b[K\xe2\x80\x99}) to type \xe2\x80\x98\x1b[01m\x1b[Kstd::_Resetiosflags\x1b[m\x1b[K\xe2\x80\x99\n'}
[5.908899] (status_display) StderrLine: {'line': b'   19 |                  << "\xe6\x95\xb0\xe6\x8d\xae\xe6\x97\xb6\xe9\x97\xb4: " << \x1b[01;36m\x1b[Kmsg->stamp\x1b[m\x1b[K << " s\\n"\n'}
[5.908983] (status_display) StderrLine: {'line': b'      |                                     \x1b[01;36m\x1b[K~~~~~^~~~~\x1b[m\x1b[K\n'}
[5.909068] (status_display) StderrLine: {'line': b'In file included from \x1b[01m\x1b[K/opt/ros/humble/include/rosidl_runtime_cpp/rosidl_runtime_cpp/traits.hpp:19\x1b[m\x1b[K,\n'}
[5.910263] (status_display) StderrLine: {'line': b'                 from \x1b[01m\x1b[K/opt/ros/humble/include/builtin_interfaces/builtin_interfaces/msg/detail/duration__traits.hpp:15\x1b[m\x1b[K,\n'}
[5.910354] (status_display) StderrLine: {'line': b'                 from \x1b[01m\x1b[K/opt/ros/humble/include/builtin_interfaces/builtin_interfaces/msg/duration.hpp:9\x1b[m\x1b[K,\n'}
[5.910438] (status_display) StderrLine: {'line': b'                 from \x1b[01m\x1b[K/opt/ros/humble/include/rclcpp/rclcpp/duration.hpp:20\x1b[m\x1b[K,\n'}
[5.910521] (status_display) StderrLine: {'line': b'                 from \x1b[01m\x1b[K/opt/ros/humble/include/rclcpp/rclcpp/qos.hpp:20\x1b[m\x1b[K,\n'}
[5.910604] (status_display) StderrLine: {'line': b'                 from \x1b[01m\x1b[K/opt/ros/humble/include/rclcpp/rclcpp/node_interfaces/node_graph_interface.hpp:32\x1b[m\x1b[K,\n'}
[5.910714] (status_display) StderrLine: {'line': b'                 from \x1b[01m\x1b[K/opt/ros/humble/include/rclcpp/rclcpp/client.hpp:42\x1b[m\x1b[K,\n'}
[5.910800] (status_display) StderrLine: {'line': b'                 from \x1b[01m\x1b[K/opt/ros/humble/include/rclcpp/rclcpp/callback_group.hpp:24\x1b[m\x1b[K,\n'}
[5.910887] (status_display) StderrLine: {'line': b'                 from \x1b[01m\x1b[K/opt/ros/humble/include/rclcpp/rclcpp/any_executable.hpp:20\x1b[m\x1b[K,\n'}
[5.910970] (status_display) StderrLine: {'line': b'                 from \x1b[01m\x1b[K/opt/ros/humble/include/rclcpp/rclcpp/memory_strategy.hpp:25\x1b[m\x1b[K,\n'}
[5.911055] (status_display) StderrLine: {'line': b'                 from \x1b[01m\x1b[K/opt/ros/humble/include/rclcpp/rclcpp/memory_strategies.hpp:18\x1b[m\x1b[K,\n'}
[5.911181] (status_display) StderrLine: {'line': b'                 from \x1b[01m\x1b[K/opt/ros/humble/include/rclcpp/rclcpp/executor_options.hpp:20\x1b[m\x1b[K,\n'}
[5.911276] (status_display) StderrLine: {'line': b'                 from \x1b[01m\x1b[K/opt/ros/humble/include/rclcpp/rclcpp/executor.hpp:37\x1b[m\x1b[K,\n'}
[5.911359] (status_display) StderrLine: {'line': b'                 from \x1b[01m\x1b[K/opt/ros/humble/include/rclcpp/rclcpp/executors/multi_threaded_executor.hpp:25\x1b[m\x1b[K,\n'}
[5.911442] (status_display) StderrLine: {'line': b'                 from \x1b[01m\x1b[K/opt/ros/humble/include/rclcpp/rclcpp/executors.hpp:21\x1b[m\x1b[K,\n'}
[5.911525] (status_display) StderrLine: {'line': b'                 from \x1b[01m\x1b[K/opt/ros/humble/include/rclcpp/rclcpp/rclcpp.hpp:155\x1b[m\x1b[K,\n'}
[5.911626] (status_display) StderrLine: {'line': b'                 from \x1b[01m\x1b[K/home/shenhang/ros_study/chapter3/topic_practice_workspace/src/status_display/src/sys_status_display.cpp:4\x1b[m\x1b[K:\n'}
[5.911722] (status_display) StderrLine: {'line': b'\x1b[01m\x1b[K/usr/include/c++/11/iomanip:109:5:\x1b[m\x1b[K \x1b[01;36m\x1b[Knote: \x1b[m\x1b[Kcandidate: \xe2\x80\x98\x1b[01m\x1b[Ktemplate<class _CharT, class _Traits> std::basic_ostream<_CharT, _Traits>& std::operator<<(std::basic_ostream<_CharT, _Traits>&, std::_Setiosflags)\x1b[m\x1b[K\xe2\x80\x99\n'}
[5.911809] (status_display) StderrLine: {'line': b'  109 |     \x1b[01;36m\x1b[Koperator\x1b[m\x1b[K<<(basic_ostream<_CharT, _Traits>& __os, _Setiosflags __f)\n'}
[5.911892] (status_display) StderrLine: {'line': b'      |     \x1b[01;36m\x1b[K^~~~~~~~\x1b[m\x1b[K\n'}
[5.911975] (status_display) StderrLine: {'line': b'\x1b[01m\x1b[K/usr/include/c++/11/iomanip:109:5:\x1b[m\x1b[K \x1b[01;36m\x1b[Knote: \x1b[m\x1b[K  template argument deduction/substitution failed:\n'}
[5.912062] (status_display) StderrLine: {'line': b'\x1b[01m\x1b[K/home/shenhang/ros_study/chapter3/topic_practice_workspace/src/status_display/src/sys_status_display.cpp:19:42:\x1b[m\x1b[K \x1b[01;36m\x1b[Knote: \x1b[m\x1b[K  cannot convert \xe2\x80\x98\x1b[01m\x1b[K((const std::__shared_ptr_access<status_interfaces::msg::SystemStatus_<std::allocator<void> >, __gnu_cxx::_S_atomic, false, false>*)(& msg))->std::__shared_ptr_access<status_interfaces::msg::SystemStatus_<std::allocator<void> >, __gnu_cxx::_S_atomic, false, false>::operator->()->status_interfaces::msg::SystemStatus_<std::allocator<void> >::stamp\x1b[m\x1b[K\xe2\x80\x99 (type \xe2\x80\x98\x1b[01m\x1b[Kstatus_interfaces::msg::SystemStatus_<std::allocator<void> >::_stamp_type\x1b[m\x1b[K\xe2\x80\x99 {aka \xe2\x80\x98\x1b[01m\x1b[Kbuiltin_interfaces::msg::Time_<std::allocator<void> >\x1b[m\x1b[K\xe2\x80\x99}) to type \xe2\x80\x98\x1b[01m\x1b[Kstd::_Setiosflags\x1b[m\x1b[K\xe2\x80\x99\n'}
[5.912193] (status_display) StderrLine: {'line': b'   19 |                  << "\xe6\x95\xb0\xe6\x8d\xae\xe6\x97\xb6\xe9\x97\xb4: " << \x1b[01;36m\x1b[Kmsg->stamp\x1b[m\x1b[K << " s\\n"\n'}
[5.912288] (status_display) StderrLine: {'line': b'      |                                     \x1b[01;36m\x1b[K~~~~~^~~~~\x1b[m\x1b[K\n'}
[5.912375] (status_display) StderrLine: {'line': b'In file included from \x1b[01m\x1b[K/opt/ros/humble/include/rosidl_runtime_cpp/rosidl_runtime_cpp/traits.hpp:19\x1b[m\x1b[K,\n'}
[5.912463] (status_display) StderrLine: {'line': b'                 from \x1b[01m\x1b[K/opt/ros/humble/include/builtin_interfaces/builtin_interfaces/msg/detail/duration__traits.hpp:15\x1b[m\x1b[K,\n'}
[5.912546] (status_display) StderrLine: {'line': b'                 from \x1b[01m\x1b[K/opt/ros/humble/include/builtin_interfaces/builtin_interfaces/msg/duration.hpp:9\x1b[m\x1b[K,\n'}
[5.912655] (status_display) StderrLine: {'line': b'                 from \x1b[01m\x1b[K/opt/ros/humble/include/rclcpp/rclcpp/duration.hpp:20\x1b[m\x1b[K,\n'}
[5.912742] (status_display) StderrLine: {'line': b'                 from \x1b[01m\x1b[K/opt/ros/humble/include/rclcpp/rclcpp/qos.hpp:20\x1b[m\x1b[K,\n'}
[5.912825] (status_display) StderrLine: {'line': b'                 from \x1b[01m\x1b[K/opt/ros/humble/include/rclcpp/rclcpp/node_interfaces/node_graph_interface.hpp:32\x1b[m\x1b[K,\n'}
[5.912914] (status_display) StderrLine: {'line': b'                 from \x1b[01m\x1b[K/opt/ros/humble/include/rclcpp/rclcpp/client.hpp:42\x1b[m\x1b[K,\n'}
[5.912997] (status_display) StderrLine: {'line': b'                 from \x1b[01m\x1b[K/opt/ros/humble/include/rclcpp/rclcpp/callback_group.hpp:24\x1b[m\x1b[K,\n'}
[5.914322] (status_display) StderrLine: {'line': b'                 from \x1b[01m\x1b[K/opt/ros/humble/include/rclcpp/rclcpp/any_executable.hpp:20\x1b[m\x1b[K,\n'}
[5.914418] (status_display) StderrLine: {'line': b'                 from \x1b[01m\x1b[K/opt/ros/humble/include/rclcpp/rclcpp/memory_strategy.hpp:25\x1b[m\x1b[K,\n'}
[5.914504] (status_display) StderrLine: {'line': b'                 from \x1b[01m\x1b[K/opt/ros/humble/include/rclcpp/rclcpp/memory_strategies.hpp:18\x1b[m\x1b[K,\n'}
[5.914614] (status_display) StderrLine: {'line': b'                 from \x1b[01m\x1b[K/opt/ros/humble/include/rclcpp/rclcpp/executor_options.hpp:20\x1b[m\x1b[K,\n'}
[5.914700] (status_display) StderrLine: {'line': b'                 from \x1b[01m\x1b[K/opt/ros/humble/include/rclcpp/rclcpp/executor.hpp:37\x1b[m\x1b[K,\n'}
[5.914783] (status_display) StderrLine: {'line': b'                 from \x1b[01m\x1b[K/opt/ros/humble/include/rclcpp/rclcpp/executors/multi_threaded_executor.hpp:25\x1b[m\x1b[K,\n'}
[5.914866] (status_display) StderrLine: {'line': b'                 from \x1b[01m\x1b[K/opt/ros/humble/include/rclcpp/rclcpp/executors.hpp:21\x1b[m\x1b[K,\n'}
[5.914949] (status_display) StderrLine: {'line': b'                 from \x1b[01m\x1b[K/opt/ros/humble/include/rclcpp/rclcpp/rclcpp.hpp:155\x1b[m\x1b[K,\n'}
[5.915036] (status_display) StderrLine: {'line': b'                 from \x1b[01m\x1b[K/home/shenhang/ros_study/chapter3/topic_practice_workspace/src/status_display/src/sys_status_display.cpp:4\x1b[m\x1b[K:\n'}
[5.915162] (status_display) StderrLine: {'line': b'\x1b[01m\x1b[K/usr/include/c++/11/iomanip:143:5:\x1b[m\x1b[K \x1b[01;36m\x1b[Knote: \x1b[m\x1b[Kcandidate: \xe2\x80\x98\x1b[01m\x1b[Ktemplate<class _CharT, class _Traits> std::basic_ostream<_CharT, _Traits>& std::operator<<(std::basic_ostream<_CharT, _Traits>&, std::_Setbase)\x1b[m\x1b[K\xe2\x80\x99\n'}
[5.915255] (status_display) StderrLine: {'line': b'  143 |     \x1b[01;36m\x1b[Koperator\x1b[m\x1b[K<<(basic_ostream<_CharT, _Traits>& __os, _Setbase __f)\n'}
[5.915339] (status_display) StderrLine: {'line': b'      |     \x1b[01;36m\x1b[K^~~~~~~~\x1b[m\x1b[K\n'}
[5.915421] (status_display) StderrLine: {'line': b'\x1b[01m\x1b[K/usr/include/c++/11/iomanip:143:5:\x1b[m\x1b[K \x1b[01;36m\x1b[Knote: \x1b[m\x1b[K  template argument deduction/substitution failed:\n'}
[5.915522] (status_display) StderrLine: {'line': b'\x1b[01m\x1b[K/home/shenhang/ros_study/chapter3/topic_practice_workspace/src/status_display/src/sys_status_display.cpp:19:42:\x1b[m\x1b[K \x1b[01;36m\x1b[Knote: \x1b[m\x1b[K  cannot convert \xe2\x80\x98\x1b[01m\x1b[K((const std::__shared_ptr_access<status_interfaces::msg::SystemStatus_<std::allocator<void> >, __gnu_cxx::_S_atomic, false, false>*)(& msg))->std::__shared_ptr_access<status_interfaces::msg::SystemStatus_<std::allocator<void> >, __gnu_cxx::_S_atomic, false, false>::operator->()->status_interfaces::msg::SystemStatus_<std::allocator<void> >::stamp\x1b[m\x1b[K\xe2\x80\x99 (type \xe2\x80\x98\x1b[01m\x1b[Kstatus_interfaces::msg::SystemStatus_<std::allocator<void> >::_stamp_type\x1b[m\x1b[K\xe2\x80\x99 {aka \xe2\x80\x98\x1b[01m\x1b[Kbuiltin_interfaces::msg::Time_<std::allocator<void> >\x1b[m\x1b[K\xe2\x80\x99}) to type \xe2\x80\x98\x1b[01m\x1b[Kstd::_Setbase\x1b[m\x1b[K\xe2\x80\x99\n'}
[5.915626] (status_display) StderrLine: {'line': b'   19 |                  << "\xe6\x95\xb0\xe6\x8d\xae\xe6\x97\xb6\xe9\x97\xb4: " << \x1b[01;36m\x1b[Kmsg->stamp\x1b[m\x1b[K << " s\\n"\n'}
[5.915709] (status_display) StderrLine: {'line': b'      |                                     \x1b[01;36m\x1b[K~~~~~^~~~~\x1b[m\x1b[K\n'}
[5.915794] (status_display) StderrLine: {'line': b'In file included from \x1b[01m\x1b[K/opt/ros/humble/include/rosidl_runtime_cpp/rosidl_runtime_cpp/traits.hpp:19\x1b[m\x1b[K,\n'}
[5.915883] (status_display) StderrLine: {'line': b'                 from \x1b[01m\x1b[K/opt/ros/humble/include/builtin_interfaces/builtin_interfaces/msg/detail/duration__traits.hpp:15\x1b[m\x1b[K,\n'}
[5.915966] (status_display) StderrLine: {'line': b'                 from \x1b[01m\x1b[K/opt/ros/humble/include/builtin_interfaces/builtin_interfaces/msg/duration.hpp:9\x1b[m\x1b[K,\n'}
[5.916102] (status_display) StderrLine: {'line': b'                 from \x1b[01m\x1b[K/opt/ros/humble/include/rclcpp/rclcpp/duration.hpp:20\x1b[m\x1b[K,\n'}
[5.916208] (status_display) StderrLine: {'line': b'                 from \x1b[01m\x1b[K/opt/ros/humble/include/rclcpp/rclcpp/qos.hpp:20\x1b[m\x1b[K,\n'}
[5.916293] (status_display) StderrLine: {'line': b'                 from \x1b[01m\x1b[K/opt/ros/humble/include/rclcpp/rclcpp/node_interfaces/node_graph_interface.hpp:32\x1b[m\x1b[K,\n'}
[5.916376] (status_display) StderrLine: {'line': b'                 from \x1b[01m\x1b[K/opt/ros/humble/include/rclcpp/rclcpp/client.hpp:42\x1b[m\x1b[K,\n'}
[5.918216] (status_display) StderrLine: {'line': b'                 from \x1b[01m\x1b[K/opt/ros/humble/include/rclcpp/rclcpp/callback_group.hpp:24\x1b[m\x1b[K,\n'}
[5.918398] (status_display) StderrLine: {'line': b'                 from \x1b[01m\x1b[K/opt/ros/humble/include/rclcpp/rclcpp/any_executable.hpp:20\x1b[m\x1b[K,\n'}
[5.918520] (status_display) StderrLine: {'line': b'                 from \x1b[01m\x1b[K/opt/ros/humble/include/rclcpp/rclcpp/memory_strategy.hpp:25\x1b[m\x1b[K,\n'}
[5.918616] (status_display) StderrLine: {'line': b'                 from \x1b[01m\x1b[K/opt/ros/humble/include/rclcpp/rclcpp/memory_strategies.hpp:18\x1b[m\x1b[K,\n'}
[5.918700] (status_display) StderrLine: {'line': b'                 from \x1b[01m\x1b[K/opt/ros/humble/include/rclcpp/rclcpp/executor_options.hpp:20\x1b[m\x1b[K,\n'}
[5.918784] (status_display) StderrLine: {'line': b'                 from \x1b[01m\x1b[K/opt/ros/humble/include/rclcpp/rclcpp/executor.hpp:37\x1b[m\x1b[K,\n'}
[5.918867] (status_display) StderrLine: {'line': b'                 from \x1b[01m\x1b[K/opt/ros/humble/include/rclcpp/rclcpp/executors/multi_threaded_executor.hpp:25\x1b[m\x1b[K,\n'}
[5.918951] (status_display) StderrLine: {'line': b'                 from \x1b[01m\x1b[K/opt/ros/humble/include/rclcpp/rclcpp/executors.hpp:21\x1b[m\x1b[K,\n'}
[5.919034] (status_display) StderrLine: {'line': b'                 from \x1b[01m\x1b[K/opt/ros/humble/include/rclcpp/rclcpp/rclcpp.hpp:155\x1b[m\x1b[K,\n'}
[5.919123] (status_display) StderrLine: {'line': b'                 from \x1b[01m\x1b[K/home/shenhang/ros_study/chapter3/topic_practice_workspace/src/status_display/src/sys_status_display.cpp:4\x1b[m\x1b[K:\n'}
[5.919213] (status_display) StderrLine: {'line': b'\x1b[01m\x1b[K/usr/include/c++/11/iomanip:178:5:\x1b[m\x1b[K \x1b[01;36m\x1b[Knote: \x1b[m\x1b[Kcandidate: \xe2\x80\x98\x1b[01m\x1b[Ktemplate<class _CharT, class _Traits> std::basic_ostream<_CharT, _Traits>& std::operator<<(std::basic_ostream<_CharT, _Traits>&, std::_Setfill<_CharT>)\x1b[m\x1b[K\xe2\x80\x99\n'}
[5.919305] (status_display) StderrLine: {'line': b'  178 |     \x1b[01;36m\x1b[Koperator\x1b[m\x1b[K<<(basic_ostream<_CharT, _Traits>& __os, _Setfill<_CharT> __f)\n'}
[5.919392] (status_display) StderrLine: {'line': b'      |     \x1b[01;36m\x1b[K^~~~~~~~\x1b[m\x1b[K\n'}
[5.919545] (status_display) StderrLine: {'line': b'\x1b[01m\x1b[K/usr/include/c++/11/iomanip:178:5:\x1b[m\x1b[K \x1b[01;36m\x1b[Knote: \x1b[m\x1b[K  template argument deduction/substitution failed:\n'}
[5.919639] (status_display) StderrLine: {'line': b'\x1b[01m\x1b[K/home/shenhang/ros_study/chapter3/topic_practice_workspace/src/status_display/src/sys_status_display.cpp:19:42:\x1b[m\x1b[K \x1b[01;36m\x1b[Knote: \x1b[m\x1b[K  \xe2\x80\x98\x1b[01m\x1b[Kbuiltin_interfaces::msg::Time_<std::allocator<void> >\x1b[m\x1b[K\xe2\x80\x99 is not derived from \xe2\x80\x98\x1b[01m\x1b[Kstd::_Setfill<_CharT>\x1b[m\x1b[K\xe2\x80\x99\n'}
[5.919737] (status_display) StderrLine: {'line': b'   19 |                  << "\xe6\x95\xb0\xe6\x8d\xae\xe6\x97\xb6\xe9\x97\xb4: " << msg->\x1b[01;36m\x1b[Kstamp\x1b[m\x1b[K << " s\\n"\n'}
[5.919856] (status_display) StderrLine: {'line': b'      |                                          \x1b[01;36m\x1b[K^~~~~\x1b[m\x1b[K\n'}
[5.919983] (status_display) StderrLine: {'line': b'In file included from \x1b[01m\x1b[K/opt/ros/humble/include/rosidl_runtime_cpp/rosidl_runtime_cpp/traits.hpp:19\x1b[m\x1b[K,\n'}
[5.920072] (status_display) StderrLine: {'line': b'                 from \x1b[01m\x1b[K/opt/ros/humble/include/builtin_interfaces/builtin_interfaces/msg/detail/duration__traits.hpp:15\x1b[m\x1b[K,\n'}
[5.920199] (status_display) StderrLine: {'line': b'                 from \x1b[01m\x1b[K/opt/ros/humble/include/builtin_interfaces/builtin_interfaces/msg/duration.hpp:9\x1b[m\x1b[K,\n'}
[5.920287] (status_display) StderrLine: {'line': b'                 from \x1b[01m\x1b[K/opt/ros/humble/include/rclcpp/rclcpp/duration.hpp:20\x1b[m\x1b[K,\n'}
[5.920370] (status_display) StderrLine: {'line': b'                 from \x1b[01m\x1b[K/opt/ros/humble/include/rclcpp/rclcpp/qos.hpp:20\x1b[m\x1b[K,\n'}
[5.920479] (status_display) StderrLine: {'line': b'                 from \x1b[01m\x1b[K/opt/ros/humble/include/rclcpp/rclcpp/node_interfaces/node_graph_interface.hpp:32\x1b[m\x1b[K,\n'}
[5.920564] (status_display) StderrLine: {'line': b'                 from \x1b[01m\x1b[K/opt/ros/humble/include/rclcpp/rclcpp/client.hpp:42\x1b[m\x1b[K,\n'}
[5.920647] (status_display) StderrLine: {'line': b'                 from \x1b[01m\x1b[K/opt/ros/humble/include/rclcpp/rclcpp/callback_group.hpp:24\x1b[m\x1b[K,\n'}
[5.920729] (status_display) StderrLine: {'line': b'                 from \x1b[01m\x1b[K/opt/ros/humble/include/rclcpp/rclcpp/any_executable.hpp:20\x1b[m\x1b[K,\n'}
[5.920812] (status_display) StderrLine: {'line': b'                 from \x1b[01m\x1b[K/opt/ros/humble/include/rclcpp/rclcpp/memory_strategy.hpp:25\x1b[m\x1b[K,\n'}
[5.920895] (status_display) StderrLine: {'line': b'                 from \x1b[01m\x1b[K/opt/ros/humble/include/rclcpp/rclcpp/memory_strategies.hpp:18\x1b[m\x1b[K,\n'}
[5.920977] (status_display) StderrLine: {'line': b'                 from \x1b[01m\x1b[K/opt/ros/humble/include/rclcpp/rclcpp/executor_options.hpp:20\x1b[m\x1b[K,\n'}
[5.921062] (status_display) StderrLine: {'line': b'                 from \x1b[01m\x1b[K/opt/ros/humble/include/rclcpp/rclcpp/executor.hpp:37\x1b[m\x1b[K,\n'}
[5.921151] (status_display) StderrLine: {'line': b'                 from \x1b[01m\x1b[K/opt/ros/humble/include/rclcpp/rclcpp/executors/multi_threaded_executor.hpp:25\x1b[m\x1b[K,\n'}
[5.921239] (status_display) StderrLine: {'line': b'                 from \x1b[01m\x1b[K/opt/ros/humble/include/rclcpp/rclcpp/executors.hpp:21\x1b[m\x1b[K,\n'}
[5.921326] (status_display) StderrLine: {'line': b'                 from \x1b[01m\x1b[K/opt/ros/humble/include/rclcpp/rclcpp/rclcpp.hpp:155\x1b[m\x1b[K,\n'}
[5.921471] (status_display) StderrLine: {'line': b'                 from \x1b[01m\x1b[K/home/shenhang/ros_study/chapter3/topic_practice_workspace/src/status_display/src/sys_status_display.cpp:4\x1b[m\x1b[K:\n'}
[5.921565] (status_display) StderrLine: {'line': b'\x1b[01m\x1b[K/usr/include/c++/11/iomanip:208:5:\x1b[m\x1b[K \x1b[01;36m\x1b[Knote: \x1b[m\x1b[Kcandidate: \xe2\x80\x98\x1b[01m\x1b[Ktemplate<class _CharT, class _Traits> std::basic_ostream<_CharT, _Traits>& std::operator<<(std::basic_ostream<_CharT, _Traits>&, std::_Setprecision)\x1b[m\x1b[K\xe2\x80\x99\n'}
[5.921651] (status_display) StderrLine: {'line': b'  208 |     \x1b[01;36m\x1b[Koperator\x1b[m\x1b[K<<(basic_ostream<_CharT, _Traits>& __os, _Setprecision __f)\n'}
[5.921734] (status_display) StderrLine: {'line': b'      |     \x1b[01;36m\x1b[K^~~~~~~~\x1b[m\x1b[K\n'}
[5.921823] (status_display) StderrLine: {'line': b'\x1b[01m\x1b[K/usr/include/c++/11/iomanip:208:5:\x1b[m\x1b[K \x1b[01;36m\x1b[Knote: \x1b[m\x1b[K  template argument deduction/substitution failed:\n'}
[5.921911] (status_display) StderrLine: {'line': b'\x1b[01m\x1b[K/home/shenhang/ros_study/chapter3/topic_practice_workspace/src/status_display/src/sys_status_display.cpp:19:42:\x1b[m\x1b[K \x1b[01;36m\x1b[Knote: \x1b[m\x1b[K  cannot convert \xe2\x80\x98\x1b[01m\x1b[K((const std::__shared_ptr_access<status_interfaces::msg::SystemStatus_<std::allocator<void> >, __gnu_cxx::_S_atomic, false, false>*)(& msg))->std::__shared_ptr_access<status_interfaces::msg::SystemStatus_<std::allocator<void> >, __gnu_cxx::_S_atomic, false, false>::operator->()->status_interfaces::msg::SystemStatus_<std::allocator<void> >::stamp\x1b[m\x1b[K\xe2\x80\x99 (type \xe2\x80\x98\x1b[01m\x1b[Kstatus_interfaces::msg::SystemStatus_<std::allocator<void> >::_stamp_type\x1b[m\x1b[K\xe2\x80\x99 {aka \xe2\x80\x98\x1b[01m\x1b[Kbuiltin_interfaces::msg::Time_<std::allocator<void> >\x1b[m\x1b[K\xe2\x80\x99}) to type \xe2\x80\x98\x1b[01m\x1b[Kstd::_Setprecision\x1b[m\x1b[K\xe2\x80\x99\n'}
[5.922006] (status_display) StderrLine: {'line': b'   19 |                  << "\xe6\x95\xb0\xe6\x8d\xae\xe6\x97\xb6\xe9\x97\xb4: " << \x1b[01;36m\x1b[Kmsg->stamp\x1b[m\x1b[K << " s\\n"\n'}
[5.922091] (status_display) StderrLine: {'line': b'      |                                     \x1b[01;36m\x1b[K~~~~~^~~~~\x1b[m\x1b[K\n'}
[5.922173] (status_display) StderrLine: {'line': b'In file included from \x1b[01m\x1b[K/opt/ros/humble/include/rosidl_runtime_cpp/rosidl_runtime_cpp/traits.hpp:19\x1b[m\x1b[K,\n'}
[5.922256] (status_display) StderrLine: {'line': b'                 from \x1b[01m\x1b[K/opt/ros/humble/include/builtin_interfaces/builtin_interfaces/msg/detail/duration__traits.hpp:15\x1b[m\x1b[K,\n'}
[5.922339] (status_display) StderrLine: {'line': b'                 from \x1b[01m\x1b[K/opt/ros/humble/include/builtin_interfaces/builtin_interfaces/msg/duration.hpp:9\x1b[m\x1b[K,\n'}
[5.924367] (status_display) StderrLine: {'line': b'                 from \x1b[01m\x1b[K/opt/ros/humble/include/rclcpp/rclcpp/duration.hpp:20\x1b[m\x1b[K,\n'}
[5.924468] (status_display) StderrLine: {'line': b'                 from \x1b[01m\x1b[K/opt/ros/humble/include/rclcpp/rclcpp/qos.hpp:20\x1b[m\x1b[K,\n'}
[5.924553] (status_display) StderrLine: {'line': b'                 from \x1b[01m\x1b[K/opt/ros/humble/include/rclcpp/rclcpp/node_interfaces/node_graph_interface.hpp:32\x1b[m\x1b[K,\n'}
[5.924637] (status_display) StderrLine: {'line': b'                 from \x1b[01m\x1b[K/opt/ros/humble/include/rclcpp/rclcpp/client.hpp:42\x1b[m\x1b[K,\n'}
[5.924720] (status_display) StderrLine: {'line': b'                 from \x1b[01m\x1b[K/opt/ros/humble/include/rclcpp/rclcpp/callback_group.hpp:24\x1b[m\x1b[K,\n'}
[5.924817] (status_display) StderrLine: {'line': b'                 from \x1b[01m\x1b[K/opt/ros/humble/include/rclcpp/rclcpp/any_executable.hpp:20\x1b[m\x1b[K,\n'}
[5.924901] (status_display) StderrLine: {'line': b'                 from \x1b[01m\x1b[K/opt/ros/humble/include/rclcpp/rclcpp/memory_strategy.hpp:25\x1b[m\x1b[K,\n'}
[5.924984] (status_display) StderrLine: {'line': b'                 from \x1b[01m\x1b[K/opt/ros/humble/include/rclcpp/rclcpp/memory_strategies.hpp:18\x1b[m\x1b[K,\n'}
[5.925098] (status_display) StderrLine: {'line': b'                 from \x1b[01m\x1b[K/opt/ros/humble/include/rclcpp/rclcpp/executor_options.hpp:20\x1b[m\x1b[K,\n'}
[5.925202] (status_display) StderrLine: {'line': b'                 from \x1b[01m\x1b[K/opt/ros/humble/include/rclcpp/rclcpp/executor.hpp:37\x1b[m\x1b[K,\n'}
[5.925304] (status_display) StderrLine: {'line': b'                 from \x1b[01m\x1b[K/opt/ros/humble/include/rclcpp/rclcpp/executors/multi_threaded_executor.hpp:25\x1b[m\x1b[K,\n'}
[5.925400] (status_display) StderrLine: {'line': b'                 from \x1b[01m\x1b[K/opt/ros/humble/include/rclcpp/rclcpp/executors.hpp:21\x1b[m\x1b[K,\n'}
[5.925483] (status_display) StderrLine: {'line': b'                 from \x1b[01m\x1b[K/opt/ros/humble/include/rclcpp/rclcpp/rclcpp.hpp:155\x1b[m\x1b[K,\n'}
[5.925567] (status_display) StderrLine: {'line': b'                 from \x1b[01m\x1b[K/home/shenhang/ros_study/chapter3/topic_practice_workspace/src/status_display/src/sys_status_display.cpp:4\x1b[m\x1b[K:\n'}
[5.925657] (status_display) StderrLine: {'line': b'\x1b[01m\x1b[K/usr/include/c++/11/iomanip:238:5:\x1b[m\x1b[K \x1b[01;36m\x1b[Knote: \x1b[m\x1b[Kcandidate: \xe2\x80\x98\x1b[01m\x1b[Ktemplate<class _CharT, class _Traits> std::basic_ostream<_CharT, _Traits>& std::operator<<(std::basic_ostream<_CharT, _Traits>&, std::_Setw)\x1b[m\x1b[K\xe2\x80\x99\n'}
[5.925743] (status_display) StderrLine: {'line': b'  238 |     \x1b[01;36m\x1b[Koperator\x1b[m\x1b[K<<(basic_ostream<_CharT, _Traits>& __os, _Setw __f)\n'}
[5.925826] (status_display) StderrLine: {'line': b'      |     \x1b[01;36m\x1b[K^~~~~~~~\x1b[m\x1b[K\n'}
[5.925909] (status_display) StderrLine: {'line': b'\x1b[01m\x1b[K/usr/include/c++/11/iomanip:238:5:\x1b[m\x1b[K \x1b[01;36m\x1b[Knote: \x1b[m\x1b[K  template argument deduction/substitution failed:\n'}
[5.925993] (status_display) StderrLine: {'line': b'\x1b[01m\x1b[K/home/shenhang/ros_study/chapter3/topic_practice_workspace/src/status_display/src/sys_status_display.cpp:19:42:\x1b[m\x1b[K \x1b[01;36m\x1b[Knote: \x1b[m\x1b[K  cannot convert \xe2\x80\x98\x1b[01m\x1b[K((const std::__shared_ptr_access<status_interfaces::msg::SystemStatus_<std::allocator<void> >, __gnu_cxx::_S_atomic, false, false>*)(& msg))->std::__shared_ptr_access<status_interfaces::msg::SystemStatus_<std::allocator<void> >, __gnu_cxx::_S_atomic, false, false>::operator->()->status_interfaces::msg::SystemStatus_<std::allocator<void> >::stamp\x1b[m\x1b[K\xe2\x80\x99 (type \xe2\x80\x98\x1b[01m\x1b[Kstatus_interfaces::msg::SystemStatus_<std::allocator<void> >::_stamp_type\x1b[m\x1b[K\xe2\x80\x99 {aka \xe2\x80\x98\x1b[01m\x1b[Kbuiltin_interfaces::msg::Time_<std::allocator<void> >\x1b[m\x1b[K\xe2\x80\x99}) to type \xe2\x80\x98\x1b[01m\x1b[Kstd::_Setw\x1b[m\x1b[K\xe2\x80\x99\n'}
[5.926087] (status_display) StderrLine: {'line': b'   19 |                  << "\xe6\x95\xb0\xe6\x8d\xae\xe6\x97\xb6\xe9\x97\xb4: " << \x1b[01;36m\x1b[Kmsg->stamp\x1b[m\x1b[K << " s\\n"\n'}
[5.926221] (status_display) StderrLine: {'line': b'      |                                     \x1b[01;36m\x1b[K~~~~~^~~~~\x1b[m\x1b[K\n'}
[5.926339] (status_display) StderrLine: {'line': b'In file included from \x1b[01m\x1b[K/opt/ros/humble/include/rosidl_runtime_cpp/rosidl_runtime_cpp/traits.hpp:19\x1b[m\x1b[K,\n'}
[5.926431] (status_display) StderrLine: {'line': b'                 from \x1b[01m\x1b[K/opt/ros/humble/include/builtin_interfaces/builtin_interfaces/msg/detail/duration__traits.hpp:15\x1b[m\x1b[K,\n'}
[5.926515] (status_display) StderrLine: {'line': b'                 from \x1b[01m\x1b[K/opt/ros/humble/include/builtin_interfaces/builtin_interfaces/msg/duration.hpp:9\x1b[m\x1b[K,\n'}
[5.926597] (status_display) StderrLine: {'line': b'                 from \x1b[01m\x1b[K/opt/ros/humble/include/rclcpp/rclcpp/duration.hpp:20\x1b[m\x1b[K,\n'}
[5.926680] (status_display) StderrLine: {'line': b'                 from \x1b[01m\x1b[K/opt/ros/humble/include/rclcpp/rclcpp/qos.hpp:20\x1b[m\x1b[K,\n'}
[5.926762] (status_display) StderrLine: {'line': b'                 from \x1b[01m\x1b[K/opt/ros/humble/include/rclcpp/rclcpp/node_interfaces/node_graph_interface.hpp:32\x1b[m\x1b[K,\n'}
[5.926844] (status_display) StderrLine: {'line': b'                 from \x1b[01m\x1b[K/opt/ros/humble/include/rclcpp/rclcpp/client.hpp:42\x1b[m\x1b[K,\n'}
[5.926927] (status_display) StderrLine: {'line': b'                 from \x1b[01m\x1b[K/opt/ros/humble/include/rclcpp/rclcpp/callback_group.hpp:24\x1b[m\x1b[K,\n'}
[5.927008] (status_display) StderrLine: {'line': b'                 from \x1b[01m\x1b[K/opt/ros/humble/include/rclcpp/rclcpp/any_executable.hpp:20\x1b[m\x1b[K,\n'}
[5.928121] (status_display) StderrLine: {'line': b'                 from \x1b[01m\x1b[K/opt/ros/humble/include/rclcpp/rclcpp/memory_strategy.hpp:25\x1b[m\x1b[K,\n'}
[5.928280] (status_display) StderrLine: {'line': b'                 from \x1b[01m\x1b[K/opt/ros/humble/include/rclcpp/rclcpp/memory_strategies.hpp:18\x1b[m\x1b[K,\n'}
[5.928378] (status_display) StderrLine: {'line': b'                 from \x1b[01m\x1b[K/opt/ros/humble/include/rclcpp/rclcpp/executor_options.hpp:20\x1b[m\x1b[K,\n'}
[5.928463] (status_display) StderrLine: {'line': b'                 from \x1b[01m\x1b[K/opt/ros/humble/include/rclcpp/rclcpp/executor.hpp:37\x1b[m\x1b[K,\n'}
[5.928547] (status_display) StderrLine: {'line': b'                 from \x1b[01m\x1b[K/opt/ros/humble/include/rclcpp/rclcpp/executors/multi_threaded_executor.hpp:25\x1b[m\x1b[K,\n'}
[5.928636] (status_display) StderrLine: {'line': b'                 from \x1b[01m\x1b[K/opt/ros/humble/include/rclcpp/rclcpp/executors.hpp:21\x1b[m\x1b[K,\n'}
[5.928720] (status_display) StderrLine: {'line': b'                 from \x1b[01m\x1b[K/opt/ros/humble/include/rclcpp/rclcpp/rclcpp.hpp:155\x1b[m\x1b[K,\n'}
[5.928808] (status_display) StderrLine: {'line': b'                 from \x1b[01m\x1b[K/home/shenhang/ros_study/chapter3/topic_practice_workspace/src/status_display/src/sys_status_display.cpp:4\x1b[m\x1b[K:\n'}
[5.928892] (status_display) StderrLine: {'line': b'\x1b[01m\x1b[K/usr/include/c++/11/iomanip:311:5:\x1b[m\x1b[K \x1b[01;36m\x1b[Knote: \x1b[m\x1b[Kcandidate: \xe2\x80\x98\x1b[01m\x1b[Ktemplate<class _CharT, class _Traits, class _MoneyT> std::basic_ostream<_CharT, _Traits>& std::operator<<(std::basic_ostream<_CharT, _Traits>&, std::_Put_money<_MoneyT>)\x1b[m\x1b[K\xe2\x80\x99\n'}
[5.928979] (status_display) StderrLine: {'line': b'  311 |     \x1b[01;36m\x1b[Koperator\x1b[m\x1b[K<<(basic_ostream<_CharT, _Traits>& __os, _Put_money<_MoneyT> __f)\n'}
[5.929067] (status_display) StderrLine: {'line': b'      |     \x1b[01;36m\x1b[K^~~~~~~~\x1b[m\x1b[K\n'}
[5.929187] (status_display) StderrLine: {'line': b'\x1b[01m\x1b[K/usr/include/c++/11/iomanip:311:5:\x1b[m\x1b[K \x1b[01;36m\x1b[Knote: \x1b[m\x1b[K  template argument deduction/substitution failed:\n'}
[5.929297] (status_display) StderrLine: {'line': b'\x1b[01m\x1b[K/home/shenhang/ros_study/chapter3/topic_practice_workspace/src/status_display/src/sys_status_display.cpp:19:42:\x1b[m\x1b[K \x1b[01;36m\x1b[Knote: \x1b[m\x1b[K  \xe2\x80\x98\x1b[01m\x1b[Kbuiltin_interfaces::msg::Time_<std::allocator<void> >\x1b[m\x1b[K\xe2\x80\x99 is not derived from \xe2\x80\x98\x1b[01m\x1b[Kstd::_Put_money<_MoneyT>\x1b[m\x1b[K\xe2\x80\x99\n'}
[5.929385] (status_display) StderrLine: {'line': b'   19 |                  << "\xe6\x95\xb0\xe6\x8d\xae\xe6\x97\xb6\xe9\x97\xb4: " << msg->\x1b[01;36m\x1b[Kstamp\x1b[m\x1b[K << " s\\n"\n'}
[5.929468] (status_display) StderrLine: {'line': b'      |                                          \x1b[01;36m\x1b[K^~~~~\x1b[m\x1b[K\n'}
[5.929553] (status_display) StderrLine: {'line': b'In file included from \x1b[01m\x1b[K/opt/ros/humble/include/rosidl_runtime_cpp/rosidl_runtime_cpp/traits.hpp:19\x1b[m\x1b[K,\n'}
[5.929636] (status_display) StderrLine: {'line': b'                 from \x1b[01m\x1b[K/opt/ros/humble/include/builtin_interfaces/builtin_interfaces/msg/detail/duration__traits.hpp:15\x1b[m\x1b[K,\n'}
[5.929719] (status_display) StderrLine: {'line': b'                 from \x1b[01m\x1b[K/opt/ros/humble/include/builtin_interfaces/builtin_interfaces/msg/duration.hpp:9\x1b[m\x1b[K,\n'}
[5.929802] (status_display) StderrLine: {'line': b'                 from \x1b[01m\x1b[K/opt/ros/humble/include/rclcpp/rclcpp/duration.hpp:20\x1b[m\x1b[K,\n'}
[5.929884] (status_display) StderrLine: {'line': b'                 from \x1b[01m\x1b[K/opt/ros/humble/include/rclcpp/rclcpp/qos.hpp:20\x1b[m\x1b[K,\n'}
[5.929966] (status_display) StderrLine: {'line': b'                 from \x1b[01m\x1b[K/opt/ros/humble/include/rclcpp/rclcpp/node_interfaces/node_graph_interface.hpp:32\x1b[m\x1b[K,\n'}
[5.930053] (status_display) StderrLine: {'line': b'                 from \x1b[01m\x1b[K/opt/ros/humble/include/rclcpp/rclcpp/client.hpp:42\x1b[m\x1b[K,\n'}
[5.930201] (status_display) StderrLine: {'line': b'                 from \x1b[01m\x1b[K/opt/ros/humble/include/rclcpp/rclcpp/callback_group.hpp:24\x1b[m\x1b[K,\n'}
[5.930299] (status_display) StderrLine: {'line': b'                 from \x1b[01m\x1b[K/opt/ros/humble/include/rclcpp/rclcpp/any_executable.hpp:20\x1b[m\x1b[K,\n'}
[5.930393] (status_display) StderrLine: {'line': b'                 from \x1b[01m\x1b[K/opt/ros/humble/include/rclcpp/rclcpp/memory_strategy.hpp:25\x1b[m\x1b[K,\n'}
[5.930476] (status_display) StderrLine: {'line': b'                 from \x1b[01m\x1b[K/opt/ros/humble/include/rclcpp/rclcpp/memory_strategies.hpp:18\x1b[m\x1b[K,\n'}
[5.930558] (status_display) StderrLine: {'line': b'                 from \x1b[01m\x1b[K/opt/ros/humble/include/rclcpp/rclcpp/executor_options.hpp:20\x1b[m\x1b[K,\n'}
[5.930647] (status_display) StderrLine: {'line': b'                 from \x1b[01m\x1b[K/opt/ros/humble/include/rclcpp/rclcpp/executor.hpp:37\x1b[m\x1b[K,\n'}
[5.930730] (status_display) StderrLine: {'line': b'                 from \x1b[01m\x1b[K/opt/ros/humble/include/rclcpp/rclcpp/executors/multi_threaded_executor.hpp:25\x1b[m\x1b[K,\n'}
[5.930819] (status_display) StderrLine: {'line': b'                 from \x1b[01m\x1b[K/opt/ros/humble/include/rclcpp/rclcpp/executors.hpp:21\x1b[m\x1b[K,\n'}
[5.930902] (status_display) StderrLine: {'line': b'                 from \x1b[01m\x1b[K/opt/ros/humble/include/rclcpp/rclcpp/rclcpp.hpp:155\x1b[m\x1b[K,\n'}
[5.930984] (status_display) StderrLine: {'line': b'                 from \x1b[01m\x1b[K/home/shenhang/ros_study/chapter3/topic_practice_workspace/src/status_display/src/sys_status_display.cpp:4\x1b[m\x1b[K:\n'}
[5.931104] (status_display) StderrLine: {'line': b'\x1b[01m\x1b[K/usr/include/c++/11/iomanip:363:5:\x1b[m\x1b[K \x1b[01;36m\x1b[Knote: \x1b[m\x1b[Kcandidate: \xe2\x80\x98\x1b[01m\x1b[Ktemplate<class _CharT, class _Traits> std::basic_ostream<_CharT, _Traits>& std::operator<<(std::basic_ostream<_CharT, _Traits>&, std::_Put_time<_CharT>)\x1b[m\x1b[K\xe2\x80\x99\n'}
[5.931232] (status_display) StderrLine: {'line': b'  363 |     \x1b[01;36m\x1b[Koperator\x1b[m\x1b[K<<(basic_ostream<_CharT, _Traits>& __os, _Put_time<_CharT> __f)\n'}
[5.931319] (status_display) StderrLine: {'line': b'      |     \x1b[01;36m\x1b[K^~~~~~~~\x1b[m\x1b[K\n'}
[5.931408] (status_display) StderrLine: {'line': b'\x1b[01m\x1b[K/usr/include/c++/11/iomanip:363:5:\x1b[m\x1b[K \x1b[01;36m\x1b[Knote: \x1b[m\x1b[K  template argument deduction/substitution failed:\n'}
[5.931493] (status_display) StderrLine: {'line': b'\x1b[01m\x1b[K/home/shenhang/ros_study/chapter3/topic_practice_workspace/src/status_display/src/sys_status_display.cpp:19:42:\x1b[m\x1b[K \x1b[01;36m\x1b[Knote: \x1b[m\x1b[K  \xe2\x80\x98\x1b[01m\x1b[Kbuiltin_interfaces::msg::Time_<std::allocator<void> >\x1b[m\x1b[K\xe2\x80\x99 is not derived from \xe2\x80\x98\x1b[01m\x1b[Kstd::_Put_time<_CharT>\x1b[m\x1b[K\xe2\x80\x99\n'}
[5.931589] (status_display) StderrLine: {'line': b'   19 |                  << "\xe6\x95\xb0\xe6\x8d\xae\xe6\x97\xb6\xe9\x97\xb4: " << msg->\x1b[01;36m\x1b[Kstamp\x1b[m\x1b[K << " s\\n"\n'}
[5.931882] (status_display) StderrLine: {'line': b'      |                                          \x1b[01;36m\x1b[K^~~~~\x1b[m\x1b[K\n'}
[5.931978] (status_display) StderrLine: {'line': b'In file included from \x1b[01m\x1b[K/usr/include/x86_64-linux-gnu/qt5/QtCore/qstring.h:49\x1b[m\x1b[K,\n'}
[5.932093] (status_display) StderrLine: {'line': b'                 from \x1b[01m\x1b[K/usr/include/x86_64-linux-gnu/qt5/QtCore/qcoreapplication.h:44\x1b[m\x1b[K,\n'}
[5.932300] (status_display) StderrLine: {'line': b'                 from \x1b[01m\x1b[K/usr/include/x86_64-linux-gnu/qt5/QtWidgets/qapplication.h:44\x1b[m\x1b[K,\n'}
[5.932391] (status_display) StderrLine: {'line': b'                 from \x1b[01m\x1b[K/usr/include/x86_64-linux-gnu/qt5/QtWidgets/QApplication:1\x1b[m\x1b[K,\n'}
[5.932476] (status_display) StderrLine: {'line': b'                 from \x1b[01m\x1b[K/home/shenhang/ros_study/chapter3/topic_practice_workspace/src/status_display/src/sys_status_display.cpp:1\x1b[m\x1b[K:\n'}
[5.932561] (status_display) StderrLine: {'line': b'\x1b[01m\x1b[K/usr/include/x86_64-linux-gnu/qt5/QtCore/qchar.h:662:28:\x1b[m\x1b[K \x1b[01;36m\x1b[Knote: \x1b[m\x1b[Kcandidate: \xe2\x80\x98\x1b[01m\x1b[KQDataStream& operator<<(QDataStream&, QChar)\x1b[m\x1b[K\xe2\x80\x99\n'}
[5.932660] (status_display) StderrLine: {'line': b'  662 | Q_CORE_EXPORT QDataStream &\x1b[01;36m\x1b[Koperator\x1b[m\x1b[K<<(QDataStream &, QChar);\n'}
[5.932746] (status_display) StderrLine: {'line': b'      |                            \x1b[01;36m\x1b[K^~~~~~~~\x1b[m\x1b[K\n'}
[5.932852] (status_display) StderrLine: {'line': b'\x1b[01m\x1b[K/usr/include/x86_64-linux-gnu/qt5/QtCore/qchar.h:662:39:\x1b[m\x1b[K \x1b[01;36m\x1b[Knote: \x1b[m\x1b[K  no known conversion for argument 1 from \xe2\x80\x98\x1b[01m\x1b[Kstd::basic_ostream<char>\x1b[m\x1b[K\xe2\x80\x99 to \xe2\x80\x98\x1b[01m\x1b[KQDataStream&\x1b[m\x1b[K\xe2\x80\x99\n'}
[5.933013] (status_display) StderrLine: {'line': b'  662 | Q_CORE_EXPORT QDataStream &operator<<(\x1b[01;36m\x1b[KQDataStream &\x1b[m\x1b[K, QChar);\n'}
[5.933329] (status_display) StderrLine: {'line': b'      |                                       \x1b[01;36m\x1b[K^~~~~~~~~~~~~\x1b[m\x1b[K\n'}
[5.933421] (status_display) StderrLine: {'line': b'In file included from \x1b[01m\x1b[K/usr/include/x86_64-linux-gnu/qt5/QtCore/qstring.h:50\x1b[m\x1b[K,\n'}
[5.933505] (status_display) StderrLine: {'line': b'                 from \x1b[01m\x1b[K/usr/include/x86_64-linux-gnu/qt5/QtCore/qcoreapplication.h:44\x1b[m\x1b[K,\n'}
[5.933590] (status_display) StderrLine: {'line': b'                 from \x1b[01m\x1b[K/usr/include/x86_64-linux-gnu/qt5/QtWidgets/qapplication.h:44\x1b[m\x1b[K,\n'}
[5.933673] (status_display) StderrLine: {'line': b'                 from \x1b[01m\x1b[K/usr/include/x86_64-linux-gnu/qt5/QtWidgets/QApplication:1\x1b[m\x1b[K,\n'}
[5.933756] (status_display) StderrLine: {'line': b'                 from \x1b[01m\x1b[K/home/shenhang/ros_study/chapter3/topic_practice_workspace/src/status_display/src/sys_status_display.cpp:1\x1b[m\x1b[K:\n'}
[5.933850] (status_display) StderrLine: {'line': b'\x1b[01m\x1b[K/usr/include/x86_64-linux-gnu/qt5/QtCore/qbytearray.h:759:28:\x1b[m\x1b[K \x1b[01;36m\x1b[Knote: \x1b[m\x1b[Kcandidate: \xe2\x80\x98\x1b[01m\x1b[KQDataStream& operator<<(QDataStream&, const QByteArray&)\x1b[m\x1b[K\xe2\x80\x99\n'}
[5.933938] (status_display) StderrLine: {'line': b'  759 | Q_CORE_EXPORT QDataStream &\x1b[01;36m\x1b[Koperator\x1b[m\x1b[K<<(QDataStream &, const QByteArray &);\n'}
[5.934021] (status_display) StderrLine: {'line': b'      |                            \x1b[01;36m\x1b[K^~~~~~~~\x1b[m\x1b[K\n'}
[5.934224] (status_display) StderrLine: {'line': b'\x1b[01m\x1b[K/usr/include/x86_64-linux-gnu/qt5/QtCore/qbytearray.h:759:39:\x1b[m\x1b[K \x1b[01;36m\x1b[Knote: \x1b[m\x1b[K  no known conversion for argument 1 from \xe2\x80\x98\x1b[01m\x1b[Kstd::basic_ostream<char>\x1b[m\x1b[K\xe2\x80\x99 to \xe2\x80\x98\x1b[01m\x1b[KQDataStream&\x1b[m\x1b[K\xe2\x80\x99\n'}
[5.934320] (status_display) StderrLine: {'line': b'  759 | Q_CORE_EXPORT QDataStream &operator<<(\x1b[01;36m\x1b[KQDataStream &\x1b[m\x1b[K, const QByteArray &);\n'}
[5.934406] (status_display) StderrLine: {'line': b'      |                                       \x1b[01;36m\x1b[K^~~~~~~~~~~~~\x1b[m\x1b[K\n'}
[5.934490] (status_display) StderrLine: {'line': b'In file included from \x1b[01m\x1b[K/usr/include/x86_64-linux-gnu/qt5/QtCore/qcoreapplication.h:44\x1b[m\x1b[K,\n'}
[5.934585] (status_display) StderrLine: {'line': b'                 from \x1b[01m\x1b[K/usr/include/x86_64-linux-gnu/qt5/QtWidgets/qapplication.h:44\x1b[m\x1b[K,\n'}
[5.934670] (status_display) StderrLine: {'line': b'                 from \x1b[01m\x1b[K/usr/include/x86_64-linux-gnu/qt5/QtWidgets/QApplication:1\x1b[m\x1b[K,\n'}
[5.934758] (status_display) StderrLine: {'line': b'                 from \x1b[01m\x1b[K/home/shenhang/ros_study/chapter3/topic_practice_workspace/src/status_display/src/sys_status_display.cpp:1\x1b[m\x1b[K:\n'}
[5.934859] (status_display) StderrLine: {'line': b'\x1b[01m\x1b[K/usr/include/x86_64-linux-gnu/qt5/QtCore/qstring.h:1594:28:\x1b[m\x1b[K \x1b[01;36m\x1b[Knote: \x1b[m\x1b[Kcandidate: \xe2\x80\x98\x1b[01m\x1b[KQDataStream& operator<<(QDataStream&, const QString&)\x1b[m\x1b[K\xe2\x80\x99\n'}
[5.934977] (status_display) StderrLine: {'line': b' 1594 | Q_CORE_EXPORT QDataStream &\x1b[01;36m\x1b[Koperator\x1b[m\x1b[K<<(QDataStream &, const QString &);\n'}
[5.935122] (status_display) StderrLine: {'line': b'      |                            \x1b[01;36m\x1b[K^~~~~~~~\x1b[m\x1b[K\n'}
[5.935250] (status_display) StderrLine: {'line': b'\x1b[01m\x1b[K/usr/include/x86_64-linux-gnu/qt5/QtCore/qstring.h:1594:39:\x1b[m\x1b[K \x1b[01;36m\x1b[Knote: \x1b[m\x1b[K  no known conversion for argument 1 from \xe2\x80\x98\x1b[01m\x1b[Kstd::basic_ostream<char>\x1b[m\x1b[K\xe2\x80\x99 to \xe2\x80\x98\x1b[01m\x1b[KQDataStream&\x1b[m\x1b[K\xe2\x80\x99\n'}
[5.935342] (status_display) StderrLine: {'line': b' 1594 | Q_CORE_EXPORT QDataStream &operator<<(\x1b[01;36m\x1b[KQDataStream &\x1b[m\x1b[K, const QString &);\n'}
[5.935434] (status_display) StderrLine: {'line': b'      |                                       \x1b[01;36m\x1b[K^~~~~~~~~~~~~\x1b[m\x1b[K\n'}
[5.935523] (status_display) StderrLine: {'line': b'In file included from \x1b[01m\x1b[K/usr/include/x86_64-linux-gnu/qt5/QtCore/qstringlist.h:48\x1b[m\x1b[K,\n'}
[5.935607] (status_display) StderrLine: {'line': b'                 from \x1b[01m\x1b[K/usr/include/x86_64-linux-gnu/qt5/QtCore/qlist.h:1196\x1b[m\x1b[K,\n'}
[5.935695] (status_display) StderrLine: {'line': b'                 from \x1b[01m\x1b[K/usr/include/x86_64-linux-gnu/qt5/QtCore/qobject.h:49\x1b[m\x1b[K,\n'}
[5.935778] (status_display) StderrLine: {'line': b'                 from \x1b[01m\x1b[K/usr/include/x86_64-linux-gnu/qt5/QtCore/qcoreapplication.h:46\x1b[m\x1b[K,\n'}
[5.935861] (status_display) StderrLine: {'line': b'                 from \x1b[01m\x1b[K/usr/include/x86_64-linux-gnu/qt5/QtWidgets/qapplication.h:44\x1b[m\x1b[K,\n'}
[5.935944] (status_display) StderrLine: {'line': b'                 from \x1b[01m\x1b[K/usr/include/x86_64-linux-gnu/qt5/QtWidgets/QApplication:1\x1b[m\x1b[K,\n'}
[5.936108] (status_display) StderrLine: {'line': b'                 from \x1b[01m\x1b[K/home/shenhang/ros_study/chapter3/topic_practice_workspace/src/status_display/src/sys_status_display.cpp:1\x1b[m\x1b[K:\n'}
[5.936222] (status_display) StderrLine: {'line': b'\x1b[01m\x1b[K/usr/include/x86_64-linux-gnu/qt5/QtCore/qregexp.h:122:28:\x1b[m\x1b[K \x1b[01;36m\x1b[Knote: \x1b[m\x1b[Kcandidate: \xe2\x80\x98\x1b[01m\x1b[KQDataStream& operator<<(QDataStream&, const QRegExp&)\x1b[m\x1b[K\xe2\x80\x99\n'}
[5.936321] (status_display) StderrLine: {'line': b'  122 | Q_CORE_EXPORT QDataStream &\x1b[01;36m\x1b[Koperator\x1b[m\x1b[K<<(QDataStream &out, const QRegExp &regExp);\n'}
[5.936442] (status_display) StderrLine: {'line': b'      |                            \x1b[01;36m\x1b[K^~~~~~~~\x1b[m\x1b[K\n'}
[5.936530] (status_display) StderrLine: {'line': b'\x1b[01m\x1b[K/usr/include/x86_64-linux-gnu/qt5/QtCore/qregexp.h:122:52:\x1b[m\x1b[K \x1b[01;36m\x1b[Knote: \x1b[m\x1b[K  no known conversion for argument 1 from \xe2\x80\x98\x1b[01m\x1b[Kstd::basic_ostream<char>\x1b[m\x1b[K\xe2\x80\x99 to \xe2\x80\x98\x1b[01m\x1b[KQDataStream&\x1b[m\x1b[K\xe2\x80\x99\n'}
[5.936618] (status_display) StderrLine: {'line': b'  122 | Q_CORE_EXPORT QDataStream &operator<<(\x1b[01;36m\x1b[KQDataStream &out\x1b[m\x1b[K, const QRegExp &regExp);\n'}
[5.936701] (status_display) StderrLine: {'line': b'      |                                       \x1b[01;36m\x1b[K~~~~~~~~~~~~~^~~\x1b[m\x1b[K\n'}
[5.936784] (status_display) StderrLine: {'line': b'\x1b[01m\x1b[K/usr/include/x86_64-linux-gnu/qt5/QtCore/qregexp.h:127:22:\x1b[m\x1b[K \x1b[01;36m\x1b[Knote: \x1b[m\x1b[Kcandidate: \xe2\x80\x98\x1b[01m\x1b[KQDebug operator<<(QDebug, const QRegExp&)\x1b[m\x1b[K\xe2\x80\x99\n'}
[5.936869] (status_display) StderrLine: {'line': b'  127 | Q_CORE_EXPORT QDebug \x1b[01;36m\x1b[Koperator\x1b[m\x1b[K<<(QDebug, const QRegExp &);\n'}
[5.936952] (status_display) StderrLine: {'line': b'      |                      \x1b[01;36m\x1b[K^~~~~~~~\x1b[m\x1b[K\n'}
[5.937100] (status_display) StderrLine: {'line': b'\x1b[01m\x1b[K/usr/include/x86_64-linux-gnu/qt5/QtCore/qregexp.h:127:33:\x1b[m\x1b[K \x1b[01;36m\x1b[Knote: \x1b[m\x1b[K  no known conversion for argument 1 from \xe2\x80\x98\x1b[01m\x1b[Kstd::basic_ostream<char>\x1b[m\x1b[K\xe2\x80\x99 to \xe2\x80\x98\x1b[01m\x1b[KQDebug\x1b[m\x1b[K\xe2\x80\x99\n'}
[5.937212] (status_display) StderrLine: {'line': b'  127 | Q_CORE_EXPORT QDebug operator<<(\x1b[01;36m\x1b[KQDebug\x1b[m\x1b[K, const QRegExp &);\n'}
[5.937296] (status_display) StderrLine: {'line': b'      |                                 \x1b[01;36m\x1b[K^~~~~~\x1b[m\x1b[K\n'}
[5.937380] (status_display) StderrLine: {'line': b'In file included from \x1b[01m\x1b[K/usr/include/x86_64-linux-gnu/qt5/QtCore/qcoreapplication.h:46\x1b[m\x1b[K,\n'}
[5.937464] (status_display) StderrLine: {'line': b'                 from \x1b[01m\x1b[K/usr/include/x86_64-linux-gnu/qt5/QtWidgets/qapplication.h:44\x1b[m\x1b[K,\n'}
[5.937547] (status_display) StderrLine: {'line': b'                 from \x1b[01m\x1b[K/usr/include/x86_64-linux-gnu/qt5/QtWidgets/QApplication:1\x1b[m\x1b[K,\n'}
[5.937631] (status_display) StderrLine: {'line': b'                 from \x1b[01m\x1b[K/home/shenhang/ros_study/chapter3/topic_practice_workspace/src/status_display/src/sys_status_display.cpp:1\x1b[m\x1b[K:\n'}
[5.937715] (status_display) StderrLine: {'line': b'\x1b[01m\x1b[K/usr/include/x86_64-linux-gnu/qt5/QtCore/qobject.h:554:22:\x1b[m\x1b[K \x1b[01;36m\x1b[Knote: \x1b[m\x1b[Kcandidate: \xe2\x80\x98\x1b[01m\x1b[KQDebug operator<<(QDebug, const QObject*)\x1b[m\x1b[K\xe2\x80\x99\n'}
[5.937840] (status_display) StderrLine: {'line': b'  554 | Q_CORE_EXPORT QDebug \x1b[01;36m\x1b[Koperator\x1b[m\x1b[K<<(QDebug, const QObject *);\n'}
[5.937935] (status_display) StderrLine: {'line': b'      |                      \x1b[01;36m\x1b[K^~~~~~~~\x1b[m\x1b[K\n'}
[5.938061] (status_display) StderrLine: {'line': b'\x1b[01m\x1b[K/usr/include/x86_64-linux-gnu/qt5/QtCore/qobject.h:554:33:\x1b[m\x1b[K \x1b[01;36m\x1b[Knote: \x1b[m\x1b[K  no known conversion for argument 1 from \xe2\x80\x98\x1b[01m\x1b[Kstd::basic_ostream<char>\x1b[m\x1b[K\xe2\x80\x99 to \xe2\x80\x98\x1b[01m\x1b[KQDebug\x1b[m\x1b[K\xe2\x80\x99\n'}
[5.938169] (status_display) StderrLine: {'line': b'  554 | Q_CORE_EXPORT QDebug operator<<(\x1b[01;36m\x1b[KQDebug\x1b[m\x1b[K, const QObject *);\n'}
[5.938253] (status_display) StderrLine: {'line': b'      |                                 \x1b[01;36m\x1b[K^~~~~~\x1b[m\x1b[K\n'}
[5.938342] (status_display) StderrLine: {'line': b'In file included from \x1b[01m\x1b[K/usr/include/x86_64-linux-gnu/qt5/QtWidgets/qapplication.h:46\x1b[m\x1b[K,\n'}
[5.938426] (status_display) StderrLine: {'line': b'                 from \x1b[01m\x1b[K/usr/include/x86_64-linux-gnu/qt5/QtWidgets/QApplication:1\x1b[m\x1b[K,\n'}
[5.938509] (status_display) StderrLine: {'line': b'                 from \x1b[01m\x1b[K/home/shenhang/ros_study/chapter3/topic_practice_workspace/src/status_display/src/sys_status_display.cpp:1\x1b[m\x1b[K:\n'}
[5.938601] (status_display) StderrLine: {'line': b'\x1b[01m\x1b[K/usr/include/x86_64-linux-gnu/qt5/QtCore/qpoint.h:114:28:\x1b[m\x1b[K \x1b[01;36m\x1b[Knote: \x1b[m\x1b[Kcandidate: \xe2\x80\x98\x1b[01m\x1b[KQDataStream& operator<<(QDataStream&, const QPoint&)\x1b[m\x1b[K\xe2\x80\x99\n'}
[5.938692] (status_display) StderrLine: {'line': b'  114 | Q_CORE_EXPORT QDataStream &\x1b[01;36m\x1b[Koperator\x1b[m\x1b[K<<(QDataStream &, const QPoint &);\n'}
[5.938776] (status_display) StderrLine: {'line': b'      |                            \x1b[01;36m\x1b[K^~~~~~~~\x1b[m\x1b[K\n'}
[5.938996] (status_display) StderrLine: {'line': b'\x1b[01m\x1b[K/usr/include/x86_64-linux-gnu/qt5/QtCore/qpoint.h:114:39:\x1b[m\x1b[K \x1b[01;36m\x1b[Knote: \x1b[m\x1b[K  no known conversion for argument 1 from \xe2\x80\x98\x1b[01m\x1b[Kstd::basic_ostream<char>\x1b[m\x1b[K\xe2\x80\x99 to \xe2\x80\x98\x1b[01m\x1b[KQDataStream&\x1b[m\x1b[K\xe2\x80\x99\n'}
[5.939125] (status_display) StderrLine: {'line': b'  114 | Q_CORE_EXPORT QDataStream &operator<<(\x1b[01;36m\x1b[KQDataStream &\x1b[m\x1b[K, const QPoint &);\n'}
[5.939221] (status_display) StderrLine: {'line': b'      |                                       \x1b[01;36m\x1b[K^~~~~~~~~~~~~\x1b[m\x1b[K\n'}
[5.939333] (status_display) StderrLine: {'line': b'\x1b[01m\x1b[K/usr/include/x86_64-linux-gnu/qt5/QtCore/qpoint.h:214:22:\x1b[m\x1b[K \x1b[01;36m\x1b[Knote: \x1b[m\x1b[Kcandidate: \xe2\x80\x98\x1b[01m\x1b[KQDebug operator<<(QDebug, const QPoint&)\x1b[m\x1b[K\xe2\x80\x99\n'}
[5.939423] (status_display) StderrLine: {'line': b'  214 | Q_CORE_EXPORT QDebug \x1b[01;36m\x1b[Koperator\x1b[m\x1b[K<<(QDebug, const QPoint &);\n'}
[5.939506] (status_display) StderrLine: {'line': b'      |                      \x1b[01;36m\x1b[K^~~~~~~~\x1b[m\x1b[K\n'}
[5.939589] (status_display) StderrLine: {'line': b'\x1b[01m\x1b[K/usr/include/x86_64-linux-gnu/qt5/QtCore/qpoint.h:214:33:\x1b[m\x1b[K \x1b[01;36m\x1b[Knote: \x1b[m\x1b[K  no known conversion for argument 1 from \xe2\x80\x98\x1b[01m\x1b[Kstd::basic_ostream<char>\x1b[m\x1b[K\xe2\x80\x99 to \xe2\x80\x98\x1b[01m\x1b[KQDebug\x1b[m\x1b[K\xe2\x80\x99\n'}
[5.939674] (status_display) StderrLine: {'line': b'  214 | Q_CORE_EXPORT QDebug operator<<(\x1b[01;36m\x1b[KQDebug\x1b[m\x1b[K, const QPoint &);\n'}
[5.939757] (status_display) StderrLine: {'line': b'      |                                 \x1b[01;36m\x1b[K^~~~~~\x1b[m\x1b[K\n'}
[5.939838] (status_display) StderrLine: {'line': b'\x1b[01m\x1b[K/usr/include/x86_64-linux-gnu/qt5/QtCore/qpoint.h:281:28:\x1b[m\x1b[K \x1b[01;36m\x1b[Knote: \x1b[m\x1b[Kcandidate: \xe2\x80\x98\x1b[01m\x1b[KQDataStream& operator<<(QDataStream&, const QPointF&)\x1b[m\x1b[K\xe2\x80\x99\n'}
[5.939957] (status_display) StderrLine: {'line': b'  281 | Q_CORE_EXPORT QDataStream &\x1b[01;36m\x1b[Koperator\x1b[m\x1b[K<<(QDataStream &, const QPointF &);\n'}
[5.940126] (status_display) StderrLine: {'line': b'      |                            \x1b[01;36m\x1b[K^~~~~~~~\x1b[m\x1b[K\n'}
[5.940229] (status_display) StderrLine: {'line': b'\x1b[01m\x1b[K/usr/include/x86_64-linux-gnu/qt5/QtCore/qpoint.h:281:39:\x1b[m\x1b[K \x1b[01;36m\x1b[Knote: \x1b[m\x1b[K  no known conversion for argument 1 from \xe2\x80\x98\x1b[01m\x1b[Kstd::basic_ostream<char>\x1b[m\x1b[K\xe2\x80\x99 to \xe2\x80\x98\x1b[01m\x1b[KQDataStream&\x1b[m\x1b[K\xe2\x80\x99\n'}
[5.940327] (status_display) StderrLine: {'line': b'  281 | Q_CORE_EXPORT QDataStream &operator<<(\x1b[01;36m\x1b[KQDataStream &\x1b[m\x1b[K, const QPointF &);\n'}
[5.940417] (status_display) StderrLine: {'line': b'      |                                       \x1b[01;36m\x1b[K^~~~~~~~~~~~~\x1b[m\x1b[K\n'}
[5.940504] (status_display) StderrLine: {'line': b'\x1b[01m\x1b[K/usr/include/x86_64-linux-gnu/qt5/QtCore/qpoint.h:418:22:\x1b[m\x1b[K \x1b[01;36m\x1b[Knote: \x1b[m\x1b[Kcandidate: \xe2\x80\x98\x1b[01m\x1b[KQDebug operator<<(QDebug, const QPointF&)\x1b[m\x1b[K\xe2\x80\x99\n'}
[5.940592] (status_display) StderrLine: {'line': b'  418 | Q_CORE_EXPORT QDebug \x1b[01;36m\x1b[Koperator\x1b[m\x1b[K<<(QDebug d, const QPointF &p);\n'}
[5.940681] (status_display) StderrLine: {'line': b'      |                      \x1b[01;36m\x1b[K^~~~~~~~\x1b[m\x1b[K\n'}
[5.940767] (status_display) StderrLine: {'line': b'\x1b[01m\x1b[K/usr/include/x86_64-linux-gnu/qt5/QtCore/qpoint.h:418:40:\x1b[m\x1b[K \x1b[01;36m\x1b[Knote: \x1b[m\x1b[K  no known conversion for argument 1 from \xe2\x80\x98\x1b[01m\x1b[Kstd::basic_ostream<char>\x1b[m\x1b[K\xe2\x80\x99 to \xe2\x80\x98\x1b[01m\x1b[KQDebug\x1b[m\x1b[K\xe2\x80\x99\n'}
[5.940857] (status_display) StderrLine: {'line': b'  418 | Q_CORE_EXPORT QDebug operator<<(\x1b[01;36m\x1b[KQDebug d\x1b[m\x1b[K, const QPointF &p);\n'}
[5.941839] (status_display) StderrLine: {'line': b'      |                                 \x1b[01;36m\x1b[K~~~~~~~^\x1b[m\x1b[K\n'}
[5.941972] (status_display) StderrLine: {'line': b'In file included from \x1b[01m\x1b[K/usr/include/x86_64-linux-gnu/qt5/QtCore/qsize.h:44\x1b[m\x1b[K,\n'}
[5.942062] (status_display) StderrLine: {'line': b'                 from \x1b[01m\x1b[K/usr/include/x86_64-linux-gnu/qt5/QtWidgets/qapplication.h:47\x1b[m\x1b[K,\n'}
[5.942169] (status_display) StderrLine: {'line': b'                 from \x1b[01m\x1b[K/usr/include/x86_64-linux-gnu/qt5/QtWidgets/QApplication:1\x1b[m\x1b[K,\n'}
[5.942257] (status_display) StderrLine: {'line': b'                 from \x1b[01m\x1b[K/home/shenhang/ros_study/chapter3/topic_practice_workspace/src/status_display/src/sys_status_display.cpp:1\x1b[m\x1b[K:\n'}
[5.942371] (status_display) StderrLine: {'line': b'\x1b[01m\x1b[K/usr/include/x86_64-linux-gnu/qt5/QtCore/qmargins.h:94:28:\x1b[m\x1b[K \x1b[01;36m\x1b[Knote: \x1b[m\x1b[Kcandidate: \xe2\x80\x98\x1b[01m\x1b[KQDataStream& operator<<(QDataStream&, const QMargins&)\x1b[m\x1b[K\xe2\x80\x99\n'}
[5.942492] (status_display) StderrLine: {'line': b'   94 | Q_CORE_EXPORT QDataStream &\x1b[01;36m\x1b[Koperator\x1b[m\x1b[K<<(QDataStream &, const QMargins &);\n'}
[5.942635] (status_display) StderrLine: {'line': b'      |                            \x1b[01;36m\x1b[K^~~~~~~~\x1b[m\x1b[K\n'}
[5.942724] (status_display) StderrLine: {'line': b'\x1b[01m\x1b[K/usr/include/x86_64-linux-gnu/qt5/QtCore/qmargins.h:94:39:\x1b[m\x1b[K \x1b[01;36m\x1b[Knote: \x1b[m\x1b[K  no known conversion for argument 1 from \xe2\x80\x98\x1b[01m\x1b[Kstd::basic_ostream<char>\x1b[m\x1b[K\xe2\x80\x99 to \xe2\x80\x98\x1b[01m\x1b[KQDataStream&\x1b[m\x1b[K\xe2\x80\x99\n'}
[5.942821] (status_display) StderrLine: {'line': b'   94 | Q_CORE_EXPORT QDataStream &operator<<(\x1b[01;36m\x1b[KQDataStream &\x1b[m\x1b[K, const QMargins &);\n'}
[5.942980] (status_display) StderrLine: {'line': b'      |                                       \x1b[01;36m\x1b[K^~~~~~~~~~~~~\x1b[m\x1b[K\n'}
[5.943311] (status_display) StderrLine: {'line': b'\x1b[01m\x1b[K/usr/include/x86_64-linux-gnu/qt5/QtCore/qmargins.h:278:22:\x1b[m\x1b[K \x1b[01;36m\x1b[Knote: \x1b[m\x1b[Kcandidate: \xe2\x80\x98\x1b[01m\x1b[KQDebug operator<<(QDebug, const QMargins&)\x1b[m\x1b[K\xe2\x80\x99\n'}
[5.943408] (status_display) StderrLine: {'line': b'  278 | Q_CORE_EXPORT QDebug \x1b[01;36m\x1b[Koperator\x1b[m\x1b[K<<(QDebug, const QMargins &);\n'}
[5.943491] (status_display) StderrLine: {'line': b'      |                      \x1b[01;36m\x1b[K^~~~~~~~\x1b[m\x1b[K\n'}
[5.943573] (status_display) StderrLine: {'line': b'\x1b[01m\x1b[K/usr/include/x86_64-linux-gnu/qt5/QtCore/qmargins.h:278:33:\x1b[m\x1b[K \x1b[01;36m\x1b[Knote: \x1b[m\x1b[K  no known conversion for argument 1 from \xe2\x80\x98\x1b[01m\x1b[Kstd::basic_ostream<char>\x1b[m\x1b[K\xe2\x80\x99 to \xe2\x80\x98\x1b[01m\x1b[KQDebug\x1b[m\x1b[K\xe2\x80\x99\n'}
[5.943658] (status_display) StderrLine: {'line': b'  278 | Q_CORE_EXPORT QDebug operator<<(\x1b[01;36m\x1b[KQDebug\x1b[m\x1b[K, const QMargins &);\n'}
[5.943741] (status_display) StderrLine: {'line': b'      |                                 \x1b[01;36m\x1b[K^~~~~~\x1b[m\x1b[K\n'}
[5.943845] (status_display) StderrLine: {'line': b'\x1b[01m\x1b[K/usr/include/x86_64-linux-gnu/qt5/QtCore/qmargins.h:327:28:\x1b[m\x1b[K \x1b[01;36m\x1b[Knote: \x1b[m\x1b[Kcandidate: \xe2\x80\x98\x1b[01m\x1b[KQDataStream& operator<<(QDataStream&, const QMarginsF&)\x1b[m\x1b[K\xe2\x80\x99\n'}
[5.943944] (status_display) StderrLine: {'line': b'  327 | Q_CORE_EXPORT QDataStream &\x1b[01;36m\x1b[Koperator\x1b[m\x1b[K<<(QDataStream &, const QMarginsF &);\n'}
[5.944027] (status_display) StderrLine: {'line': b'      |                            \x1b[01;36m\x1b[K^~~~~~~~\x1b[m\x1b[K\n'}
[5.944109] (status_display) StderrLine: {'line': b'\x1b[01m\x1b[K/usr/include/x86_64-linux-gnu/qt5/QtCore/qmargins.h:327:39:\x1b[m\x1b[K \x1b[01;36m\x1b[Knote: \x1b[m\x1b[K  no known conversion for argument 1 from \xe2\x80\x98\x1b[01m\x1b[Kstd::basic_ostream<char>\x1b[m\x1b[K\xe2\x80\x99 to \xe2\x80\x98\x1b[01m\x1b[KQDataStream&\x1b[m\x1b[K\xe2\x80\x99\n'}
[5.944195] (status_display) StderrLine: {'line': b'  327 | Q_CORE_EXPORT QDataStream &operator<<(\x1b[01;36m\x1b[KQDataStream &\x1b[m\x1b[K, const QMarginsF &);\n'}
[5.944439] (status_display) StderrLine: {'line': b'      |                                       \x1b[01;36m\x1b[K^~~~~~~~~~~~~\x1b[m\x1b[K\n'}
[5.944544] (status_display) StderrLine: {'line': b'\x1b[01m\x1b[K/usr/include/x86_64-linux-gnu/qt5/QtCore/qmargins.h:487:22:\x1b[m\x1b[K \x1b[01;36m\x1b[Knote: \x1b[m\x1b[Kcandidate: \xe2\x80\x98\x1b[01m\x1b[KQDebug operator<<(QDebug, const QMarginsF&)\x1b[m\x1b[K\xe2\x80\x99\n'}
[5.944639] (status_display) StderrLine: {'line': b'  487 | Q_CORE_EXPORT QDebug \x1b[01;36m\x1b[Koperator\x1b[m\x1b[K<<(QDebug, const QMarginsF &);\n'}
[5.944725] (status_display) StderrLine: {'line': b'      |                      \x1b[01;36m\x1b[K^~~~~~~~\x1b[m\x1b[K\n'}
[5.944824] (status_display) StderrLine: {'line': b'\x1b[01m\x1b[K/usr/include/x86_64-linux-gnu/qt5/QtCore/qmargins.h:487:33:\x1b[m\x1b[K \x1b[01;36m\x1b[Knote: \x1b[m\x1b[K  no known conversion for argument 1 from \xe2\x80\x98\x1b[01m\x1b[Kstd::basic_ostream<char>\x1b[m\x1b[K\xe2\x80\x99 to \xe2\x80\x98\x1b[01m\x1b[KQDebug\x1b[m\x1b[K\xe2\x80\x99\n'}
[5.944918] (status_display) StderrLine: {'line': b'  487 | Q_CORE_EXPORT QDebug operator<<(\x1b[01;36m\x1b[KQDebug\x1b[m\x1b[K, const QMarginsF &);\n'}
[5.945001] (status_display) StderrLine: {'line': b'      |                                 \x1b[01;36m\x1b[K^~~~~~\x1b[m\x1b[K\n'}
[5.945083] (status_display) StderrLine: {'line': b'In file included from \x1b[01m\x1b[K/usr/include/x86_64-linux-gnu/qt5/QtWidgets/qapplication.h:47\x1b[m\x1b[K,\n'}
[5.945167] (status_display) StderrLine: {'line': b'                 from \x1b[01m\x1b[K/usr/include/x86_64-linux-gnu/qt5/QtWidgets/QApplication:1\x1b[m\x1b[K,\n'}
[5.945252] (status_display) StderrLine: {'line': b'                 from \x1b[01m\x1b[K/home/shenhang/ros_study/chapter3/topic_practice_workspace/src/status_display/src/sys_status_display.cpp:1\x1b[m\x1b[K:\n'}
[5.945340] (status_display) StderrLine: {'line': b'\x1b[01m\x1b[K/usr/include/x86_64-linux-gnu/qt5/QtCore/qsize.h:114:28:\x1b[m\x1b[K \x1b[01;36m\x1b[Knote: \x1b[m\x1b[Kcandidate: \xe2\x80\x98\x1b[01m\x1b[KQDataStream& operator<<(QDataStream&, const QSize&)\x1b[m\x1b[K\xe2\x80\x99\n'}
[5.945427] (status_display) StderrLine: {'line': b'  114 | Q_CORE_EXPORT QDataStream &\x1b[01;36m\x1b[Koperator\x1b[m\x1b[K<<(QDataStream &, const QSize &);\n'}
[5.945514] (status_display) StderrLine: {'line': b'      |                            \x1b[01;36m\x1b[K^~~~~~~~\x1b[m\x1b[K\n'}
[5.945599] (status_display) StderrLine: {'line': b'\x1b[01m\x1b[K/usr/include/x86_64-linux-gnu/qt5/QtCore/qsize.h:114:39:\x1b[m\x1b[K \x1b[01;36m\x1b[Knote: \x1b[m\x1b[K  no known conversion for argument 1 from \xe2\x80\x98\x1b[01m\x1b[Kstd::basic_ostream<char>\x1b[m\x1b[K\xe2\x80\x99 to \xe2\x80\x98\x1b[01m\x1b[KQDataStream&\x1b[m\x1b[K\xe2\x80\x99\n'}
[5.945686] (status_display) StderrLine: {'line': b'  114 | Q_CORE_EXPORT QDataStream &operator<<(\x1b[01;36m\x1b[KQDataStream &\x1b[m\x1b[K, const QSize &);\n'}
[5.945814] (status_display) StderrLine: {'line': b'      |                                       \x1b[01;36m\x1b[K^~~~~~~~~~~~~\x1b[m\x1b[K\n'}
[5.945950] (status_display) StderrLine: {'line': b'\x1b[01m\x1b[K/usr/include/x86_64-linux-gnu/qt5/QtCore/qsize.h:217:22:\x1b[m\x1b[K \x1b[01;36m\x1b[Knote: \x1b[m\x1b[Kcandidate: \xe2\x80\x98\x1b[01m\x1b[KQDebug operator<<(QDebug, const QSize&)\x1b[m\x1b[K\xe2\x80\x99\n'}
[5.946041] (status_display) StderrLine: {'line': b'  217 | Q_CORE_EXPORT QDebug \x1b[01;36m\x1b[Koperator\x1b[m\x1b[K<<(QDebug, const QSize &);\n'}
[5.946125] (status_display) StderrLine: {'line': b'      |                      \x1b[01;36m\x1b[K^~~~~~~~\x1b[m\x1b[K\n'}
[5.946215] (status_display) StderrLine: {'line': b'\x1b[01m\x1b[K/usr/include/x86_64-linux-gnu/qt5/QtCore/qsize.h:217:33:\x1b[m\x1b[K \x1b[01;36m\x1b[Knote: \x1b[m\x1b[K  no known conversion for argument 1 from \xe2\x80\x98\x1b[01m\x1b[Kstd::basic_ostream<char>\x1b[m\x1b[K\xe2\x80\x99 to \xe2\x80\x98\x1b[01m\x1b[KQDebug\x1b[m\x1b[K\xe2\x80\x99\n'}
[5.946311] (status_display) StderrLine: {'line': b'  217 | Q_CORE_EXPORT QDebug operator<<(\x1b[01;36m\x1b[KQDebug\x1b[m\x1b[K, const QSize &);\n'}
[5.946402] (status_display) StderrLine: {'line': b'      |                                 \x1b[01;36m\x1b[K^~~~~~\x1b[m\x1b[K\n'}
[5.946492] (status_display) StderrLine: {'line': b'\x1b[01m\x1b[K/usr/include/x86_64-linux-gnu/qt5/QtCore/qsize.h:287:28:\x1b[m\x1b[K \x1b[01;36m\x1b[Knote: \x1b[m\x1b[Kcandidate: \xe2\x80\x98\x1b[01m\x1b[KQDataStream& operator<<(QDataStream&, const QSizeF&)\x1b[m\x1b[K\xe2\x80\x99\n'}
[5.946584] (status_display) StderrLine: {'line': b'  287 | Q_CORE_EXPORT QDataStream &\x1b[01;36m\x1b[Koperator\x1b[m\x1b[K<<(QDataStream &, const QSizeF &);\n'}
[5.946669] (status_display) StderrLine: {'line': b'      |                            \x1b[01;36m\x1b[K^~~~~~~~\x1b[m\x1b[K\n'}
[5.946802] (status_display) StderrLine: {'line': b'\x1b[01m\x1b[K/usr/include/x86_64-linux-gnu/qt5/QtCore/qsize.h:287:39:\x1b[m\x1b[K \x1b[01;36m\x1b[Knote: \x1b[m\x1b[K  no known conversion for argument 1 from \xe2\x80\x98\x1b[01m\x1b[Kstd::basic_ostream<char>\x1b[m\x1b[K\xe2\x80\x99 to \xe2\x80\x98\x1b[01m\x1b[KQDataStream&\x1b[m\x1b[K\xe2\x80\x99\n'}
[5.946977] (status_display) StderrLine: {'line': b'  287 | Q_CORE_EXPORT QDataStream &operator<<(\x1b[01;36m\x1b[KQDataStream &\x1b[m\x1b[K, const QSizeF &);\n'}
[5.947094] (status_display) StderrLine: {'line': b'      |                                       \x1b[01;36m\x1b[K^~~~~~~~~~~~~\x1b[m\x1b[K\n'}
[5.947214] (status_display) StderrLine: {'line': b'\x1b[01m\x1b[K/usr/include/x86_64-linux-gnu/qt5/QtCore/qsize.h:397:22:\x1b[m\x1b[K \x1b[01;36m\x1b[Knote: \x1b[m\x1b[Kcandidate: \xe2\x80\x98\x1b[01m\x1b[KQDebug operator<<(QDebug, const QSizeF&)\x1b[m\x1b[K\xe2\x80\x99\n'}
[5.947300] (status_display) StderrLine: {'line': b'  397 | Q_CORE_EXPORT QDebug \x1b[01;36m\x1b[Koperator\x1b[m\x1b[K<<(QDebug, const QSizeF &);\n'}
[5.947382] (status_display) StderrLine: {'line': b'      |                      \x1b[01;36m\x1b[K^~~~~~~~\x1b[m\x1b[K\n'}
[5.947463] (status_display) StderrLine: {'line': b'\x1b[01m\x1b[K/usr/include/x86_64-linux-gnu/qt5/QtCore/qsize.h:397:33:\x1b[m\x1b[K \x1b[01;36m\x1b[Knote: \x1b[m\x1b[K  no known conversion for argument 1 from \xe2\x80\x98\x1b[01m\x1b[Kstd::basic_ostream<char>\x1b[m\x1b[K\xe2\x80\x99 to \xe2\x80\x98\x1b[01m\x1b[KQDebug\x1b[m\x1b[K\xe2\x80\x99\n'}
[5.947545] (status_display) StderrLine: {'line': b'  397 | Q_CORE_EXPORT QDebug operator<<(\x1b[01;36m\x1b[KQDebug\x1b[m\x1b[K, const QSizeF &);\n'}
[5.947627] (status_display) StderrLine: {'line': b'      |                                 \x1b[01;36m\x1b[K^~~~~~\x1b[m\x1b[K\n'}
[5.947707] (status_display) StderrLine: {'line': b'In file included from \x1b[01m\x1b[K/usr/include/x86_64-linux-gnu/qt5/QtWidgets/qapplication.h:48\x1b[m\x1b[K,\n'}
[5.947823] (status_display) StderrLine: {'line': b'                 from \x1b[01m\x1b[K/usr/include/x86_64-linux-gnu/qt5/QtWidgets/QApplication:1\x1b[m\x1b[K,\n'}
[5.947906] (status_display) StderrLine: {'line': b'                 from \x1b[01m\x1b[K/home/shenhang/ros_study/chapter3/topic_practice_workspace/src/status_display/src/sys_status_display.cpp:1\x1b[m\x1b[K:\n'}
[5.947988] (status_display) StderrLine: {'line': b'\x1b[01m\x1b[K/usr/include/x86_64-linux-gnu/qt5/QtGui/qcursor.h:136:27:\x1b[m\x1b[K \x1b[01;36m\x1b[Knote: \x1b[m\x1b[Kcandidate: \xe2\x80\x98\x1b[01m\x1b[KQDataStream& operator<<(QDataStream&, const QCursor&)\x1b[m\x1b[K\xe2\x80\x99\n'}
[5.948076] (status_display) StderrLine: {'line': b'  136 | Q_GUI_EXPORT QDataStream &\x1b[01;36m\x1b[Koperator\x1b[m\x1b[K<<(QDataStream &outS, const QCursor &cursor);\n'}
[5.948161] (status_display) StderrLine: {'line': b'      |                           \x1b[01;36m\x1b[K^~~~~~~~\x1b[m\x1b[K\n'}
[5.948258] (status_display) StderrLine: {'line': b'\x1b[01m\x1b[K/usr/include/x86_64-linux-gnu/qt5/QtGui/qcursor.h:136:51:\x1b[m\x1b[K \x1b[01;36m\x1b[Knote: \x1b[m\x1b[K  no known conversion for argument 1 from \xe2\x80\x98\x1b[01m\x1b[Kstd::basic_ostream<char>\x1b[m\x1b[K\xe2\x80\x99 to \xe2\x80\x98\x1b[01m\x1b[KQDataStream&\x1b[m\x1b[K\xe2\x80\x99\n'}
[5.948347] (status_display) StderrLine: {'line': b'  136 | Q_GUI_EXPORT QDataStream &operator<<(\x1b[01;36m\x1b[KQDataStream &outS\x1b[m\x1b[K, const QCursor &cursor);\n'}
[5.948434] (status_display) StderrLine: {'line': b'      |                                      \x1b[01;36m\x1b[K~~~~~~~~~~~~~^~~~\x1b[m\x1b[K\n'}
[5.948527] (status_display) StderrLine: {'line': b'\x1b[01m\x1b[K/usr/include/x86_64-linux-gnu/qt5/QtGui/qcursor.h:141:21:\x1b[m\x1b[K \x1b[01;36m\x1b[Knote: \x1b[m\x1b[Kcandidate: \xe2\x80\x98\x1b[01m\x1b[KQDebug operator<<(QDebug, const QCursor&)\x1b[m\x1b[K\xe2\x80\x99\n'}
[5.948612] (status_display) StderrLine: {'line': b'  141 | Q_GUI_EXPORT QDebug \x1b[01;36m\x1b[Koperator\x1b[m\x1b[K<<(QDebug, const QCursor &);\n'}
[5.948713] (status_display) StderrLine: {'line': b'      |                     \x1b[01;36m\x1b[K^~~~~~~~\x1b[m\x1b[K\n'}
[5.949196] (status_display) StderrLine: {'line': b'\x1b[01m\x1b[K/usr/include/x86_64-linux-gnu/qt5/QtGui/qcursor.h:141:32:\x1b[m\x1b[K \x1b[01;36m\x1b[Knote: \x1b[m\x1b[K  no known conversion for argument 1 from \xe2\x80\x98\x1b[01m\x1b[Kstd::basic_ostream<char>\x1b[m\x1b[K\xe2\x80\x99 to \xe2\x80\x98\x1b[01m\x1b[KQDebug\x1b[m\x1b[K\xe2\x80\x99\n'}
[5.949285] (status_display) StderrLine: {'line': b'  141 | Q_GUI_EXPORT QDebug operator<<(\x1b[01;36m\x1b[KQDebug\x1b[m\x1b[K, const QCursor &);\n'}
[5.949366] (status_display) StderrLine: {'line': b'      |                                \x1b[01;36m\x1b[K^~~~~~\x1b[m\x1b[K\n'}
[5.949447] (status_display) StderrLine: {'line': b'In file included from \x1b[01m\x1b[K/usr/include/x86_64-linux-gnu/qt5/QtCore/qlocale.h:43\x1b[m\x1b[K,\n'}
[5.949527] (status_display) StderrLine: {'line': b'                 from \x1b[01m\x1b[K/usr/include/x86_64-linux-gnu/qt5/QtGui/qguiapplication.h:47\x1b[m\x1b[K,\n'}
[5.949611] (status_display) StderrLine: {'line': b'                 from \x1b[01m\x1b[K/usr/include/x86_64-linux-gnu/qt5/QtWidgets/qapplication.h:52\x1b[m\x1b[K,\n'}
[5.949729] (status_display) StderrLine: {'line': b'                 from \x1b[01m\x1b[K/usr/include/x86_64-linux-gnu/qt5/QtWidgets/QApplication:1\x1b[m\x1b[K,\n'}
[5.949836] (status_display) StderrLine: {'line': b'                 from \x1b[01m\x1b[K/home/shenhang/ros_study/chapter3/topic_practice_workspace/src/status_display/src/sys_status_display.cpp:1\x1b[m\x1b[K:\n'}
[5.949919] (status_display) StderrLine: {'line': b'\x1b[01m\x1b[K/usr/include/x86_64-linux-gnu/qt5/QtCore/qvariant.h:584:28:\x1b[m\x1b[K \x1b[01;36m\x1b[Knote: \x1b[m\x1b[Kcandidate: \xe2\x80\x98\x1b[01m\x1b[KQDataStream& operator<<(QDataStream&, const QVariant&)\x1b[m\x1b[K\xe2\x80\x99\n'}
[5.950073] (status_display) StderrLine: {'line': b'  584 | Q_CORE_EXPORT QDataStream& \x1b[01;36m\x1b[Koperator\x1b[m\x1b[K<< (QDataStream& s, const QVariant& p);\n'}
[5.950344] (status_display) StderrLine: {'line': b'      |                            \x1b[01;36m\x1b[K^~~~~~~~\x1b[m\x1b[K\n'}
[5.950431] (status_display) StderrLine: {'line': b'\x1b[01m\x1b[K/usr/include/x86_64-linux-gnu/qt5/QtCore/qvariant.h:584:53:\x1b[m\x1b[K \x1b[01;36m\x1b[Knote: \x1b[m\x1b[K  no known conversion for argument 1 from \xe2\x80\x98\x1b[01m\x1b[Kstd::basic_ostream<char>\x1b[m\x1b[K\xe2\x80\x99 to \xe2\x80\x98\x1b[01m\x1b[KQDataStream&\x1b[m\x1b[K\xe2\x80\x99\n'}
[5.950519] (status_display) StderrLine: {'line': b'  584 | Q_CORE_EXPORT QDataStream& operator<< (\x1b[01;36m\x1b[KQDataStream& s\x1b[m\x1b[K, const QVariant& p);\n'}
[5.950600] (status_display) StderrLine: {'line': b'      |                                        \x1b[01;36m\x1b[K~~~~~~~~~~~~~^\x1b[m\x1b[K\n'}
[5.950708] (status_display) StderrLine: {'line': b'\x1b[01m\x1b[K/usr/include/x86_64-linux-gnu/qt5/QtCore/qvariant.h:586:28:\x1b[m\x1b[K \x1b[01;36m\x1b[Knote: \x1b[m\x1b[Kcandidate: \xe2\x80\x98\x1b[01m\x1b[KQDataStream& operator<<(QDataStream&, QVariant::Type)\x1b[m\x1b[K\xe2\x80\x99\n'}
[5.950793] (status_display) StderrLine: {'line': b'  586 | Q_CORE_EXPORT QDataStream& \x1b[01;36m\x1b[Koperator\x1b[m\x1b[K<< (QDataStream& s, const QVariant::Type p);\n'}
[5.950874] (status_display) StderrLine: {'line': b'      |                            \x1b[01;36m\x1b[K^~~~~~~~\x1b[m\x1b[K\n'}
[5.950954] (status_display) StderrLine: {'line': b'\x1b[01m\x1b[K/usr/include/x86_64-linux-gnu/qt5/QtCore/qvariant.h:586:53:\x1b[m\x1b[K \x1b[01;36m\x1b[Knote: \x1b[m\x1b[K  no known conversion for argument 1 from \xe2\x80\x98\x1b[01m\x1b[Kstd::basic_ostream<char>\x1b[m\x1b[K\xe2\x80\x99 to \xe2\x80\x98\x1b[01m\x1b[KQDataStream&\x1b[m\x1b[K\xe2\x80\x99\n'}
[5.951069] (status_display) StderrLine: {'line': b'  586 | Q_CORE_EXPORT QDataStream& operator<< (\x1b[01;36m\x1b[KQDataStream& s\x1b[m\x1b[K, const QVariant::Type p);\n'}
[5.951154] (status_display) StderrLine: {'line': b'      |                                        \x1b[01;36m\x1b[K~~~~~~~~~~~~~^\x1b[m\x1b[K\n'}
[5.951282] (status_display) StderrLine: {'line': b'In file included from \x1b[01m\x1b[K/usr/include/x86_64-linux-gnu/qt5/QtCore/qlocale.h:43\x1b[m\x1b[K,\n'}
[5.951375] (status_display) StderrLine: {'line': b'                 from \x1b[01m\x1b[K/usr/include/x86_64-linux-gnu/qt5/QtGui/qguiapplication.h:47\x1b[m\x1b[K,\n'}
[5.951456] (status_display) StderrLine: {'line': b'                 from \x1b[01m\x1b[K/usr/include/x86_64-linux-gnu/qt5/QtWidgets/qapplication.h:52\x1b[m\x1b[K,\n'}
[5.951537] (status_display) StderrLine: {'line': b'                 from \x1b[01m\x1b[K/usr/include/x86_64-linux-gnu/qt5/QtWidgets/QApplication:1\x1b[m\x1b[K,\n'}
[5.951618] (status_display) StderrLine: {'line': b'                 from \x1b[01m\x1b[K/home/shenhang/ros_study/chapter3/topic_practice_workspace/src/status_display/src/sys_status_display.cpp:1\x1b[m\x1b[K:\n'}
[5.951728] (status_display) StderrLine: {'line': b'\x1b[01m\x1b[K/usr/include/x86_64-linux-gnu/qt5/QtCore/qvariant.h:902:22:\x1b[m\x1b[K \x1b[01;36m\x1b[Knote: \x1b[m\x1b[Kcandidate: \xe2\x80\x98\x1b[01m\x1b[KQDebug operator<<(QDebug, const QVariant&)\x1b[m\x1b[K\xe2\x80\x99\n'}
[5.951811] (status_display) StderrLine: {'line': b'  902 | Q_CORE_EXPORT QDebug \x1b[01;36m\x1b[Koperator\x1b[m\x1b[K<<(QDebug, const QVariant &);\n'}
[5.951892] (status_display) StderrLine: {'line': b'      |                      \x1b[01;36m\x1b[K^~~~~~~~\x1b[m\x1b[K\n'}
[5.952000] (status_display) StderrLine: {'line': b'In file included from \x1b[01m\x1b[K/usr/include/x86_64-linux-gnu/qt5/QtCore/qlocale.h:43\x1b[m\x1b[K,\n'}
[5.952110] (status_display) StderrLine: {'line': b'                 from \x1b[01m\x1b[K/usr/include/x86_64-linux-gnu/qt5/QtGui/qguiapplication.h:47\x1b[m\x1b[K,\n'}
[5.952215] (status_display) StderrLine: {'line': b'                 from \x1b[01m\x1b[K/usr/include/x86_64-linux-gnu/qt5/QtWidgets/qapplication.h:52\x1b[m\x1b[K,\n'}
[5.952322] (status_display) StderrLine: {'line': b'                 from \x1b[01m\x1b[K/usr/include/x86_64-linux-gnu/qt5/QtWidgets/QApplication:1\x1b[m\x1b[K,\n'}
[5.952406] (status_display) StderrLine: {'line': b'                 from \x1b[01m\x1b[K/home/shenhang/ros_study/chapter3/topic_practice_workspace/src/status_display/src/sys_status_display.cpp:1\x1b[m\x1b[K:\n'}
[5.952488] (status_display) StderrLine: {'line': b'\x1b[01m\x1b[K/usr/include/x86_64-linux-gnu/qt5/QtCore/qvariant.h:480:44:\x1b[m\x1b[K \x1b[01;36m\x1b[Knote: \x1b[m\x1b[K  no known conversion for argument 1 from \xe2\x80\x98\x1b[01m\x1b[Kstd::basic_ostream<char>\x1b[m\x1b[K\xe2\x80\x99 to \xe2\x80\x98\x1b[01m\x1b[KQDebug\x1b[m\x1b[K\xe2\x80\x99\n'}
[5.952573] (status_display) StderrLine: {'line': b'  480 |     friend Q_CORE_EXPORT QDebug operator<<(\x1b[01;36m\x1b[KQDebug\x1b[m\x1b[K, const QVariant &);\n'}
[5.952684] (status_display) StderrLine: {'line': b'      |                                            \x1b[01;36m\x1b[K^~~~~~\x1b[m\x1b[K\n'}
[5.952768] (status_display) StderrLine: {'line': b'In file included from \x1b[01m\x1b[K/usr/include/x86_64-linux-gnu/qt5/QtCore/qlocale.h:43\x1b[m\x1b[K,\n'}
[5.952857] (status_display) StderrLine: {'line': b'                 from \x1b[01m\x1b[K/usr/include/x86_64-linux-gnu/qt5/QtGui/qguiapplication.h:47\x1b[m\x1b[K,\n'}
[5.952939] (status_display) StderrLine: {'line': b'                 from \x1b[01m\x1b[K/usr/include/x86_64-linux-gnu/qt5/QtWidgets/qapplication.h:52\x1b[m\x1b[K,\n'}
[5.953019] (status_display) StderrLine: {'line': b'                 from \x1b[01m\x1b[K/usr/include/x86_64-linux-gnu/qt5/QtWidgets/QApplication:1\x1b[m\x1b[K,\n'}
[5.953177] (status_display) StderrLine: {'line': b'                 from \x1b[01m\x1b[K/home/shenhang/ros_study/chapter3/topic_practice_workspace/src/status_display/src/sys_status_display.cpp:1\x1b[m\x1b[K:\n'}
[5.953266] (status_display) StderrLine: {'line': b'\x1b[01m\x1b[K/usr/include/x86_64-linux-gnu/qt5/QtCore/qvariant.h:903:22:\x1b[m\x1b[K \x1b[01;36m\x1b[Knote: \x1b[m\x1b[Kcandidate: \xe2\x80\x98\x1b[01m\x1b[KQDebug operator<<(QDebug, QVariant::Type)\x1b[m\x1b[K\xe2\x80\x99\n'}
[5.953359] (status_display) StderrLine: {'line': b'  903 | Q_CORE_EXPORT QDebug \x1b[01;36m\x1b[Koperator\x1b[m\x1b[K<<(QDebug, const QVariant::Type);\n'}
[5.953440] (status_display) StderrLine: {'line': b'      |                      \x1b[01;36m\x1b[K^~~~~~~~\x1b[m\x1b[K\n'}
[5.953522] (status_display) StderrLine: {'line': b'\x1b[01m\x1b[K/usr/include/x86_64-linux-gnu/qt5/QtCore/qvariant.h:903:33:\x1b[m\x1b[K \x1b[01;36m\x1b[Knote: \x1b[m\x1b[K  no known conversion for argument 1 from \xe2\x80\x98\x1b[01m\x1b[Kstd::basic_ostream<char>\x1b[m\x1b[K\xe2\x80\x99 to \xe2\x80\x98\x1b[01m\x1b[KQDebug\x1b[m\x1b[K\xe2\x80\x99\n'}
[5.953636] (status_display) StderrLine: {'line': b'  903 | Q_CORE_EXPORT QDebug operator<<(\x1b[01;36m\x1b[KQDebug\x1b[m\x1b[K, const QVariant::Type);\n'}
[5.953728] (status_display) StderrLine: {'line': b'      |                                 \x1b[01;36m\x1b[K^~~~~~\x1b[m\x1b[K\n'}
[5.953809] (status_display) StderrLine: {'line': b'In file included from \x1b[01m\x1b[K/usr/include/x86_64-linux-gnu/qt5/QtGui/qguiapplication.h:47\x1b[m\x1b[K,\n'}
[5.953889] (status_display) StderrLine: {'line': b'                 from \x1b[01m\x1b[K/usr/include/x86_64-linux-gnu/qt5/QtWidgets/qapplication.h:52\x1b[m\x1b[K,\n'}
[5.954011] (status_display) StderrLine: {'line': b'                 from \x1b[01m\x1b[K/usr/include/x86_64-linux-gnu/qt5/QtWidgets/QApplication:1\x1b[m\x1b[K,\n'}
[5.954153] (status_display) StderrLine: {'line': b'                 from \x1b[01m\x1b[K/home/shenhang/ros_study/chapter3/topic_practice_workspace/src/status_display/src/sys_status_display.cpp:1\x1b[m\x1b[K:\n'}
[5.954279] (status_display) StderrLine: {'line': b'\x1b[01m\x1b[K/usr/include/x86_64-linux-gnu/qt5/QtCore/qlocale.h:1222:28:\x1b[m\x1b[K \x1b[01;36m\x1b[Knote: \x1b[m\x1b[Kcandidate: \xe2\x80\x98\x1b[01m\x1b[KQDataStream& operator<<(QDataStream&, const QLocale&)\x1b[m\x1b[K\xe2\x80\x99\n'}
[5.954432] (status_display) StderrLine: {'line': b' 1222 | Q_CORE_EXPORT QDataStream &\x1b[01;36m\x1b[Koperator\x1b[m\x1b[K<<(QDataStream &, const QLocale &);\n'}
[5.954568] (status_display) StderrLine: {'line': b'      |                            \x1b[01;36m\x1b[K^~~~~~~~\x1b[m\x1b[K\n'}
[5.954701] (status_display) StderrLine: {'line': b'\x1b[01m\x1b[K/usr/include/x86_64-linux-gnu/qt5/QtCore/qlocale.h:1222:39:\x1b[m\x1b[K \x1b[01;36m\x1b[Knote: \x1b[m\x1b[K  no known conversion for argument 1 from \xe2\x80\x98\x1b[01m\x1b[Kstd::basic_ostream<char>\x1b[m\x1b[K\xe2\x80\x99 to \xe2\x80\x98\x1b[01m\x1b[KQDataStream&\x1b[m\x1b[K\xe2\x80\x99\n'}
[5.954814] (status_display) StderrLine: {'line': b' 1222 | Q_CORE_EXPORT QDataStream &operator<<(\x1b[01;36m\x1b[KQDataStream &\x1b[m\x1b[K, const QLocale &);\n'}
[5.954922] (status_display) StderrLine: {'line': b'      |                                       \x1b[01;36m\x1b[K^~~~~~~~~~~~~\x1b[m\x1b[K\n'}
[5.955031] (status_display) StderrLine: {'line': b'\x1b[01m\x1b[K/usr/include/x86_64-linux-gnu/qt5/QtCore/qlocale.h:1227:22:\x1b[m\x1b[K \x1b[01;36m\x1b[Knote: \x1b[m\x1b[Kcandidate: \xe2\x80\x98\x1b[01m\x1b[KQDebug operator<<(QDebug, const QLocale&)\x1b[m\x1b[K\xe2\x80\x99\n'}
[5.955188] (status_display) StderrLine: {'line': b' 1227 | Q_CORE_EXPORT QDebug \x1b[01;36m\x1b[Koperator\x1b[m\x1b[K<<(QDebug, const QLocale &);\n'}
[5.955277] (status_display) StderrLine: {'line': b'      |                      \x1b[01;36m\x1b[K^~~~~~~~\x1b[m\x1b[K\n'}
[5.955359] (status_display) StderrLine: {'line': b'\x1b[01m\x1b[K/usr/include/x86_64-linux-gnu/qt5/QtCore/qlocale.h:1227:33:\x1b[m\x1b[K \x1b[01;36m\x1b[Knote: \x1b[m\x1b[K  no known conversion for argument 1 from \xe2\x80\x98\x1b[01m\x1b[Kstd::basic_ostream<char>\x1b[m\x1b[K\xe2\x80\x99 to \xe2\x80\x98\x1b[01m\x1b[KQDebug\x1b[m\x1b[K\xe2\x80\x99\n'}
[5.955471] (status_display) StderrLine: {'line': b' 1227 | Q_CORE_EXPORT QDebug operator<<(\x1b[01;36m\x1b[KQDebug\x1b[m\x1b[K, const QLocale &);\n'}
[5.955583] (status_display) StderrLine: {'line': b'      |                                 \x1b[01;36m\x1b[K^~~~~~\x1b[m\x1b[K\n'}
[5.955671] (status_display) StderrLine: {'line': b'In file included from \x1b[01m\x1b[K/usr/include/x86_64-linux-gnu/qt5/QtGui/qpaintdevice.h:45\x1b[m\x1b[K,\n'}
[5.955751] (status_display) StderrLine: {'line': b'                 from \x1b[01m\x1b[K/usr/include/x86_64-linux-gnu/qt5/QtWidgets/qwidget.h:47\x1b[m\x1b[K,\n'}
[5.955832] (status_display) StderrLine: {'line': b'                 from \x1b[01m\x1b[K/usr/include/x86_64-linux-gnu/qt5/QtWidgets/qframe.h:44\x1b[m\x1b[K,\n'}
[5.955913] (status_display) StderrLine: {'line': b'                 from \x1b[01m\x1b[K/usr/include/x86_64-linux-gnu/qt5/QtWidgets/qlabel.h:44\x1b[m\x1b[K,\n'}
[5.955993] (status_display) StderrLine: {'line': b'                 from \x1b[01m\x1b[K/usr/include/x86_64-linux-gnu/qt5/QtWidgets/QLabel:1\x1b[m\x1b[K,\n'}
[5.956131] (status_display) StderrLine: {'line': b'                 from \x1b[01m\x1b[K/home/shenhang/ros_study/chapter3/topic_practice_workspace/src/status_display/src/sys_status_display.cpp:2\x1b[m\x1b[K:\n'}
[5.956238] (status_display) StderrLine: {'line': b'\x1b[01m\x1b[K/usr/include/x86_64-linux-gnu/qt5/QtCore/qrect.h:176:28:\x1b[m\x1b[K \x1b[01;36m\x1b[Knote: \x1b[m\x1b[Kcandidate: \xe2\x80\x98\x1b[01m\x1b[KQDataStream& operator<<(QDataStream&, const QRect&)\x1b[m\x1b[K\xe2\x80\x99\n'}
[5.956324] (status_display) StderrLine: {'line': b'  176 | Q_CORE_EXPORT QDataStream &\x1b[01;36m\x1b[Koperator\x1b[m\x1b[K<<(QDataStream &, const QRect &);\n'}
[5.956405] (status_display) StderrLine: {'line': b'      |                            \x1b[01;36m\x1b[K^~~~~~~~\x1b[m\x1b[K\n'}
[5.956486] (status_display) StderrLine: {'line': b'\x1b[01m\x1b[K/usr/include/x86_64-linux-gnu/qt5/QtCore/qrect.h:176:39:\x1b[m\x1b[K \x1b[01;36m\x1b[Knote: \x1b[m\x1b[K  no known conversion for argument 1 from \xe2\x80\x98\x1b[01m\x1b[Kstd::basic_ostream<char>\x1b[m\x1b[K\xe2\x80\x99 to \xe2\x80\x98\x1b[01m\x1b[KQDataStream&\x1b[m\x1b[K\xe2\x80\x99\n'}
[5.956598] (status_display) StderrLine: {'line': b'  176 | Q_CORE_EXPORT QDataStream &operator<<(\x1b[01;36m\x1b[KQDataStream &\x1b[m\x1b[K, const QRect &);\n'}
[5.956682] (status_display) StderrLine: {'line': b'      |                                       \x1b[01;36m\x1b[K^~~~~~~~~~~~~\x1b[m\x1b[K\n'}
[5.956763] (status_display) StderrLine: {'line': b'\x1b[01m\x1b[K/usr/include/x86_64-linux-gnu/qt5/QtCore/qrect.h:507:22:\x1b[m\x1b[K \x1b[01;36m\x1b[Knote: \x1b[m\x1b[Kcandidate: \xe2\x80\x98\x1b[01m\x1b[KQDebug operator<<(QDebug, const QRect&)\x1b[m\x1b[K\xe2\x80\x99\n'}
[5.956853] (status_display) StderrLine: {'line': b'  507 | Q_CORE_EXPORT QDebug \x1b[01;36m\x1b[Koperator\x1b[m\x1b[K<<(QDebug, const QRect &);\n'}
[5.956934] (status_display) StderrLine: {'line': b'      |                      \x1b[01;36m\x1b[K^~~~~~~~\x1b[m\x1b[K\n'}
[5.957112] (status_display) StderrLine: {'line': b'\x1b[01m\x1b[K/usr/include/x86_64-linux-gnu/qt5/QtCore/qrect.h:507:33:\x1b[m\x1b[K \x1b[01;36m\x1b[Knote: \x1b[m\x1b[K  no known conversion for argument 1 from \xe2\x80\x98\x1b[01m\x1b[Kstd::basic_ostream<char>\x1b[m\x1b[K\xe2\x80\x99 to \xe2\x80\x98\x1b[01m\x1b[KQDebug\x1b[m\x1b[K\xe2\x80\x99\n'}
[5.957267] (status_display) StderrLine: {'line': b'  507 | Q_CORE_EXPORT QDebug operator<<(\x1b[01;36m\x1b[KQDebug\x1b[m\x1b[K, const QRect &);\n'}
[5.957378] (status_display) StderrLine: {'line': b'      |                                 \x1b[01;36m\x1b[K^~~~~~\x1b[m\x1b[K\n'}
[5.957537] (status_display) StderrLine: {'line': b'\x1b[01m\x1b[K/usr/include/x86_64-linux-gnu/qt5/QtCore/qrect.h:636:28:\x1b[m\x1b[K \x1b[01;36m\x1b[Knote: \x1b[m\x1b[Kcandidate: \xe2\x80\x98\x1b[01m\x1b[KQDataStream& operator<<(QDataStream&, const QRectF&)\x1b[m\x1b[K\xe2\x80\x99\n'}
[5.957679] (status_display) StderrLine: {'line': b'  636 | Q_CORE_EXPORT QDataStream &\x1b[01;36m\x1b[Koperator\x1b[m\x1b[K<<(QDataStream &, const QRectF &);\n'}
[5.957797] (status_display) StderrLine: {'line': b'      |                            \x1b[01;36m\x1b[K^~~~~~~~\x1b[m\x1b[K\n'}
[5.957908] (status_display) StderrLine: {'line': b'\x1b[01m\x1b[K/usr/include/x86_64-linux-gnu/qt5/QtCore/qrect.h:636:39:\x1b[m\x1b[K \x1b[01;36m\x1b[Knote: \x1b[m\x1b[K  no known conversion for argument 1 from \xe2\x80\x98\x1b[01m\x1b[Kstd::basic_ostream<char>\x1b[m\x1b[K\xe2\x80\x99 to \xe2\x80\x98\x1b[01m\x1b[KQDataStream&\x1b[m\x1b[K\xe2\x80\x99\n'}
[5.958036] (status_display) StderrLine: {'line': b'  636 | Q_CORE_EXPORT QDataStream &operator<<(\x1b[01;36m\x1b[KQDataStream &\x1b[m\x1b[K, const QRectF &);\n'}
[5.958160] (status_display) StderrLine: {'line': b'      |                                       \x1b[01;36m\x1b[K^~~~~~~~~~~~~\x1b[m\x1b[K\n'}
[5.958279] (status_display) StderrLine: {'line': b'\x1b[01m\x1b[K/usr/include/x86_64-linux-gnu/qt5/QtCore/qrect.h:920:22:\x1b[m\x1b[K \x1b[01;36m\x1b[Knote: \x1b[m\x1b[Kcandidate: \xe2\x80\x98\x1b[01m\x1b[KQDebug operator<<(QDebug, const QRectF&)\x1b[m\x1b[K\xe2\x80\x99\n'}
[5.958402] (status_display) StderrLine: {'line': b'  920 | Q_CORE_EXPORT QDebug \x1b[01;36m\x1b[Koperator\x1b[m\x1b[K<<(QDebug, const QRectF &);\n'}
[5.958671] (status_display) StderrLine: {'line': b'      |                      \x1b[01;36m\x1b[K^~~~~~~~\x1b[m\x1b[K\n'}
[5.958792] (status_display) StderrLine: {'line': b'\x1b[01m\x1b[K/usr/include/x86_64-linux-gnu/qt5/QtCore/qrect.h:920:33:\x1b[m\x1b[K \x1b[01;36m\x1b[Knote: \x1b[m\x1b[K  no known conversion for argument 1 from \xe2\x80\x98\x1b[01m\x1b[Kstd::basic_ostream<char>\x1b[m\x1b[K\xe2\x80\x99 to \xe2\x80\x98\x1b[01m\x1b[KQDebug\x1b[m\x1b[K\xe2\x80\x99\n'}
[5.958902] (status_display) StderrLine: {'line': b'  920 | Q_CORE_EXPORT QDebug operator<<(\x1b[01;36m\x1b[KQDebug\x1b[m\x1b[K, const QRectF &);\n'}
[5.959016] (status_display) StderrLine: {'line': b'      |                                 \x1b[01;36m\x1b[K^~~~~~\x1b[m\x1b[K\n'}
[5.959135] (status_display) StderrLine: {'line': b'In file included from \x1b[01m\x1b[K/usr/include/x86_64-linux-gnu/qt5/QtGui/qpalette.h:45\x1b[m\x1b[K,\n'}
[5.959249] (status_display) StderrLine: {'line': b'                 from \x1b[01m\x1b[K/usr/include/x86_64-linux-gnu/qt5/QtWidgets/qwidget.h:48\x1b[m\x1b[K,\n'}
[5.959363] (status_display) StderrLine: {'line': b'                 from \x1b[01m\x1b[K/usr/include/x86_64-linux-gnu/qt5/QtWidgets/qframe.h:44\x1b[m\x1b[K,\n'}
[5.959550] (status_display) StderrLine: {'line': b'                 from \x1b[01m\x1b[K/usr/include/x86_64-linux-gnu/qt5/QtWidgets/qlabel.h:44\x1b[m\x1b[K,\n'}
[5.959644] (status_display) StderrLine: {'line': b'                 from \x1b[01m\x1b[K/usr/include/x86_64-linux-gnu/qt5/QtWidgets/QLabel:1\x1b[m\x1b[K,\n'}
[5.959726] (status_display) StderrLine: {'line': b'                 from \x1b[01m\x1b[K/home/shenhang/ros_study/chapter3/topic_practice_workspace/src/status_display/src/sys_status_display.cpp:2\x1b[m\x1b[K:\n'}
[5.959808] (status_display) StderrLine: {'line': b'\x1b[01m\x1b[K/usr/include/x86_64-linux-gnu/qt5/QtGui/qcolor.h:57:21:\x1b[m\x1b[K \x1b[01;36m\x1b[Knote: \x1b[m\x1b[Kcandidate: \xe2\x80\x98\x1b[01m\x1b[KQDebug operator<<(QDebug, const QColor&)\x1b[m\x1b[K\xe2\x80\x99\n'}
[5.959891] (status_display) StderrLine: {'line': b'   57 | Q_GUI_EXPORT QDebug \x1b[01;36m\x1b[Koperator\x1b[m\x1b[K<<(QDebug, const QColor &);\n'}
[5.959978] (status_display) StderrLine: {'line': b'      |                     \x1b[01;36m\x1b[K^~~~~~~~\x1b[m\x1b[K\n'}
[5.960059] (status_display) StderrLine: {'line': b'\x1b[01m\x1b[K/usr/include/x86_64-linux-gnu/qt5/QtGui/qcolor.h:57:32:\x1b[m\x1b[K \x1b[01;36m\x1b[Knote: \x1b[m\x1b[K  no known conversion for argument 1 from \xe2\x80\x98\x1b[01m\x1b[Kstd::basic_ostream<char>\x1b[m\x1b[K\xe2\x80\x99 to \xe2\x80\x98\x1b[01m\x1b[KQDebug\x1b[m\x1b[K\xe2\x80\x99\n'}
[5.960151] (status_display) StderrLine: {'line': b'   57 | Q_GUI_EXPORT QDebug operator<<(\x1b[01;36m\x1b[KQDebug\x1b[m\x1b[K, const QColor &);\n'}
[5.960233] (status_display) StderrLine: {'line': b'      |                                \x1b[01;36m\x1b[K^~~~~~\x1b[m\x1b[K\n'}
[5.960314] (status_display) StderrLine: {'line': b'\x1b[01m\x1b[K/usr/include/x86_64-linux-gnu/qt5/QtGui/qcolor.h:309:38:\x1b[m\x1b[K \x1b[01;36m\x1b[Knote: \x1b[m\x1b[Kcandidate: \xe2\x80\x98\x1b[01m\x1b[KQDataStream& operator<<(QDataStream&, const QColor&)\x1b[m\x1b[K\xe2\x80\x99\n'}
[5.960397] (status_display) StderrLine: {'line': b'  309 |     friend Q_GUI_EXPORT QDataStream &\x1b[01;36m\x1b[Koperator\x1b[m\x1b[K<<(QDataStream &, const QColor &);\n'}
[5.960879] (status_display) StderrLine: {'line': b'      |                                      \x1b[01;36m\x1b[K^~~~~~~~\x1b[m\x1b[K\n'}
[5.960967] (status_display) StderrLine: {'line': b'\x1b[01m\x1b[K/usr/include/x86_64-linux-gnu/qt5/QtGui/qcolor.h:60:38:\x1b[m\x1b[K \x1b[01;36m\x1b[Knote: \x1b[m\x1b[K  no known conversion for argument 1 from \xe2\x80\x98\x1b[01m\x1b[Kstd::basic_ostream<char>\x1b[m\x1b[K\xe2\x80\x99 to \xe2\x80\x98\x1b[01m\x1b[KQDataStream&\x1b[m\x1b[K\xe2\x80\x99\n'}
[5.961056] (status_display) StderrLine: {'line': b'   60 | Q_GUI_EXPORT QDataStream &operator<<(\x1b[01;36m\x1b[KQDataStream &\x1b[m\x1b[K, const QColor &);\n'}
[5.961138] (status_display) StderrLine: {'line': b'      |                                      \x1b[01;36m\x1b[K^~~~~~~~~~~~~\x1b[m\x1b[K\n'}
[5.961268] (status_display) StderrLine: {'line': b'In file included from \x1b[01m\x1b[K/usr/include/x86_64-linux-gnu/qt5/QtGui/qmatrix.h:44\x1b[m\x1b[K,\n'}
[5.961353] (status_display) StderrLine: {'line': b'                 from \x1b[01m\x1b[K/usr/include/x86_64-linux-gnu/qt5/QtGui/qbrush.h:49\x1b[m\x1b[K,\n'}
[5.961459] (status_display) StderrLine: {'line': b'                 from \x1b[01m\x1b[K/usr/include/x86_64-linux-gnu/qt5/QtGui/qpalette.h:46\x1b[m\x1b[K,\n'}
[5.961543] (status_display) StderrLine: {'line': b'                 from \x1b[01m\x1b[K/usr/include/x86_64-linux-gnu/qt5/QtWidgets/qwidget.h:48\x1b[m\x1b[K,\n'}
[5.961623] (status_display) StderrLine: {'line': b'                 from \x1b[01m\x1b[K/usr/include/x86_64-linux-gnu/qt5/QtWidgets/qframe.h:44\x1b[m\x1b[K,\n'}
[5.961704] (status_display) StderrLine: {'line': b'                 from \x1b[01m\x1b[K/usr/include/x86_64-linux-gnu/qt5/QtWidgets/qlabel.h:44\x1b[m\x1b[K,\n'}
[5.961792] (status_display) StderrLine: {'line': b'                 from \x1b[01m\x1b[K/usr/include/x86_64-linux-gnu/qt5/QtWidgets/QLabel:1\x1b[m\x1b[K,\n'}
[5.961879] (status_display) StderrLine: {'line': b'                 from \x1b[01m\x1b[K/home/shenhang/ros_study/chapter3/topic_practice_workspace/src/status_display/src/sys_status_display.cpp:2\x1b[m\x1b[K:\n'}
[5.962285] (status_display) StderrLine: {'line': b'\x1b[01m\x1b[K/usr/include/x86_64-linux-gnu/qt5/QtGui/qpolygon.h:105:21:\x1b[m\x1b[K \x1b[01;36m\x1b[Knote: \x1b[m\x1b[Kcandidate: \xe2\x80\x98\x1b[01m\x1b[KQDebug operator<<(QDebug, const QPolygon&)\x1b[m\x1b[K\xe2\x80\x99\n'}
[5.962423] (status_display) StderrLine: {'line': b'  105 | Q_GUI_EXPORT QDebug \x1b[01;36m\x1b[Koperator\x1b[m\x1b[K<<(QDebug, const QPolygon &);\n'}
[5.962508] (status_display) StderrLine: {'line': b'      |                     \x1b[01;36m\x1b[K^~~~~~~~\x1b[m\x1b[K\n'}
[5.962588] (status_display) StderrLine: {'line': b'\x1b[01m\x1b[K/usr/include/x86_64-linux-gnu/qt5/QtGui/qpolygon.h:105:32:\x1b[m\x1b[K \x1b[01;36m\x1b[Knote: \x1b[m\x1b[K  no known conversion for argument 1 from \xe2\x80\x98\x1b[01m\x1b[Kstd::basic_ostream<char>\x1b[m\x1b[K\xe2\x80\x99 to \xe2\x80\x98\x1b[01m\x1b[KQDebug\x1b[m\x1b[K\xe2\x80\x99\n'}
[5.962677] (status_display) StderrLine: {'line': b'  105 | Q_GUI_EXPORT QDebug operator<<(\x1b[01;36m\x1b[KQDebug\x1b[m\x1b[K, const QPolygon &);\n'}
[5.962758] (status_display) StderrLine: {'line': b'      |                                \x1b[01;36m\x1b[K^~~~~~\x1b[m\x1b[K\n'}
[5.962841] (status_display) StderrLine: {'line': b'\x1b[01m\x1b[K/usr/include/x86_64-linux-gnu/qt5/QtGui/qpolygon.h:112:27:\x1b[m\x1b[K \x1b[01;36m\x1b[Knote: \x1b[m\x1b[Kcandidate: \xe2\x80\x98\x1b[01m\x1b[KQDataStream& operator<<(QDataStream&, const QPolygon&)\x1b[m\x1b[K\xe2\x80\x99\n'}
[5.962928] (status_display) StderrLine: {'line': b'  112 | Q_GUI_EXPORT QDataStream &\x1b[01;36m\x1b[Koperator\x1b[m\x1b[K<<(QDataStream &stream, const QPolygon &polygon);\n'}
[5.963015] (status_display) StderrLine: {'line': b'      |                           \x1b[01;36m\x1b[K^~~~~~~~\x1b[m\x1b[K\n'}
[5.963099] (status_display) StderrLine: {'line': b'\x1b[01m\x1b[K/usr/include/x86_64-linux-gnu/qt5/QtGui/qpolygon.h:112:51:\x1b[m\x1b[K \x1b[01;36m\x1b[Knote: \x1b[m\x1b[K  no known conversion for argument 1 from \xe2\x80\x98\x1b[01m\x1b[Kstd::basic_ostream<char>\x1b[m\x1b[K\xe2\x80\x99 to \xe2\x80\x98\x1b[01m\x1b[KQDataStream&\x1b[m\x1b[K\xe2\x80\x99\n'}
[5.963268] (status_display) StderrLine: {'line': b'  112 | Q_GUI_EXPORT QDataStream &operator<<(\x1b[01;36m\x1b[KQDataStream &stream\x1b[m\x1b[K, const QPolygon &polygon);\n'}
[5.963383] (status_display) StderrLine: {'line': b'      |                                      \x1b[01;36m\x1b[K~~~~~~~~~~~~~^~~~~~\x1b[m\x1b[K\n'}
[5.963470] (status_display) StderrLine: {'line': b'\x1b[01m\x1b[K/usr/include/x86_64-linux-gnu/qt5/QtGui/qpolygon.h:180:21:\x1b[m\x1b[K \x1b[01;36m\x1b[Knote: \x1b[m\x1b[Kcandidate: \xe2\x80\x98\x1b[01m\x1b[KQDebug operator<<(QDebug, const QPolygonF&)\x1b[m\x1b[K\xe2\x80\x99\n'}
[5.963553] (status_display) StderrLine: {'line': b'  180 | Q_GUI_EXPORT QDebug \x1b[01;36m\x1b[Koperator\x1b[m\x1b[K<<(QDebug, const QPolygonF &);\n'}
[5.963637] (status_display) StderrLine: {'line': b'      |                     \x1b[01;36m\x1b[K^~~~~~~~\x1b[m\x1b[K\n'}
[5.963717] (status_display) StderrLine: {'line': b'\x1b[01m\x1b[K/usr/include/x86_64-linux-gnu/qt5/QtGui/qpolygon.h:180:32:\x1b[m\x1b[K \x1b[01;36m\x1b[Knote: \x1b[m\x1b[K  no known conversion for argument 1 from \xe2\x80\x98\x1b[01m\x1b[Kstd::basic_ostream<char>\x1b[m\x1b[K\xe2\x80\x99 to \xe2\x80\x98\x1b[01m\x1b[KQDebug\x1b[m\x1b[K\xe2\x80\x99\n'}
[5.963799] (status_display) StderrLine: {'line': b'  180 | Q_GUI_EXPORT QDebug operator<<(\x1b[01;36m\x1b[KQDebug\x1b[m\x1b[K, const QPolygonF &);\n'}
[5.963879] (status_display) StderrLine: {'line': b'      |                                \x1b[01;36m\x1b[K^~~~~~\x1b[m\x1b[K\n'}
[5.963959] (status_display) StderrLine: {'line': b'\x1b[01m\x1b[K/usr/include/x86_64-linux-gnu/qt5/QtGui/qpolygon.h:187:27:\x1b[m\x1b[K \x1b[01;36m\x1b[Knote: \x1b[m\x1b[Kcandidate: \xe2\x80\x98\x1b[01m\x1b[KQDataStream& operator<<(QDataStream&, const QPolygonF&)\x1b[m\x1b[K\xe2\x80\x99\n'}
[5.964043] (status_display) StderrLine: {'line': b'  187 | Q_GUI_EXPORT QDataStream &\x1b[01;36m\x1b[Koperator\x1b[m\x1b[K<<(QDataStream &stream, const QPolygonF &array);\n'}
[5.964131] (status_display) StderrLine: {'line': b'      |                           \x1b[01;36m\x1b[K^~~~~~~~\x1b[m\x1b[K\n'}
[5.964212] (-) TimerEvent: {}
[5.964448] (status_display) StderrLine: {'line': b'\x1b[01m\x1b[K/usr/include/x86_64-linux-gnu/qt5/QtGui/qpolygon.h:187:51:\x1b[m\x1b[K \x1b[01;36m\x1b[Knote: \x1b[m\x1b[K  no known conversion for argument 1 from \xe2\x80\x98\x1b[01m\x1b[Kstd::basic_ostream<char>\x1b[m\x1b[K\xe2\x80\x99 to \xe2\x80\x98\x1b[01m\x1b[KQDataStream&\x1b[m\x1b[K\xe2\x80\x99\n'}
[5.964559] (status_display) StderrLine: {'line': b'  187 | Q_GUI_EXPORT QDataStream &operator<<(\x1b[01;36m\x1b[KQDataStream &stream\x1b[m\x1b[K, const QPolygonF &array);\n'}
[5.964643] (status_display) StderrLine: {'line': b'      |                                      \x1b[01;36m\x1b[K~~~~~~~~~~~~~^~~~~~\x1b[m\x1b[K\n'}
[5.964744] (status_display) StderrLine: {'line': b'In file included from \x1b[01m\x1b[K/usr/include/x86_64-linux-gnu/qt5/QtCore/qdatastream.h:44\x1b[m\x1b[K,\n'}
[5.964831] (status_display) StderrLine: {'line': b'                 from \x1b[01m\x1b[K/usr/include/x86_64-linux-gnu/qt5/QtGui/qregion.h:49\x1b[m\x1b[K,\n'}
[5.964925] (status_display) StderrLine: {'line': b'                 from \x1b[01m\x1b[K/usr/include/x86_64-linux-gnu/qt5/QtGui/qmatrix.h:45\x1b[m\x1b[K,\n'}
[5.965011] (status_display) StderrLine: {'line': b'                 from \x1b[01m\x1b[K/usr/include/x86_64-linux-gnu/qt5/QtGui/qbrush.h:49\x1b[m\x1b[K,\n'}
[5.965097] (status_display) StderrLine: {'line': b'                 from \x1b[01m\x1b[K/usr/include/x86_64-linux-gnu/qt5/QtGui/qpalette.h:46\x1b[m\x1b[K,\n'}
[5.965183] (status_display) StderrLine: {'line': b'                 from \x1b[01m\x1b[K/usr/include/x86_64-linux-gnu/qt5/QtWidgets/qwidget.h:48\x1b[m\x1b[K,\n'}
[5.965274] (status_display) StderrLine: {'line': b'                 from \x1b[01m\x1b[K/usr/include/x86_64-linux-gnu/qt5/QtWidgets/qframe.h:44\x1b[m\x1b[K,\n'}
[5.965433] (status_display) StderrLine: {'line': b'                 from \x1b[01m\x1b[K/usr/include/x86_64-linux-gnu/qt5/QtWidgets/qlabel.h:44\x1b[m\x1b[K,\n'}
[5.965521] (status_display) StderrLine: {'line': b'                 from \x1b[01m\x1b[K/usr/include/x86_64-linux-gnu/qt5/QtWidgets/QLabel:1\x1b[m\x1b[K,\n'}
[5.965601] (status_display) StderrLine: {'line': b'                 from \x1b[01m\x1b[K/home/shenhang/ros_study/chapter3/topic_practice_workspace/src/status_display/src/sys_status_display.cpp:2\x1b[m\x1b[K:\n'}
[5.965685] (status_display) StderrLine: {'line': b'\x1b[01m\x1b[K/usr/include/x86_64-linux-gnu/qt5/QtCore/qiodevice.h:189:22:\x1b[m\x1b[K \x1b[01;36m\x1b[Knote: \x1b[m\x1b[Kcandidate: \xe2\x80\x98\x1b[01m\x1b[KQDebug operator<<(QDebug, QIODevice::OpenMode)\x1b[m\x1b[K\xe2\x80\x99\n'}
[5.965769] (status_display) StderrLine: {'line': b'  189 | Q_CORE_EXPORT QDebug \x1b[01;36m\x1b[Koperator\x1b[m\x1b[K<<(QDebug debug, QIODevice::OpenMode modes);\n'}
[5.965849] (status_display) StderrLine: {'line': b'      |                      \x1b[01;36m\x1b[K^~~~~~~~\x1b[m\x1b[K\n'}
[5.966085] (status_display) StderrLine: {'line': b'\x1b[01m\x1b[K/usr/include/x86_64-linux-gnu/qt5/QtCore/qiodevice.h:189:40:\x1b[m\x1b[K \x1b[01;36m\x1b[Knote: \x1b[m\x1b[K  no known conversion for argument 1 from \xe2\x80\x98\x1b[01m\x1b[Kstd::basic_ostream<char>\x1b[m\x1b[K\xe2\x80\x99 to \xe2\x80\x98\x1b[01m\x1b[KQDebug\x1b[m\x1b[K\xe2\x80\x99\n'}
[5.966207] (status_display) StderrLine: {'line': b'  189 | Q_CORE_EXPORT QDebug operator<<(\x1b[01;36m\x1b[KQDebug debug\x1b[m\x1b[K, QIODevice::OpenMode modes);\n'}
[5.966322] (status_display) StderrLine: {'line': b'      |                                 \x1b[01;36m\x1b[K~~~~~~~^~~~~\x1b[m\x1b[K\n'}
[5.966409] (status_display) StderrLine: {'line': b'In file included from \x1b[01m\x1b[K/usr/include/x86_64-linux-gnu/qt5/QtGui/qmatrix.h:45\x1b[m\x1b[K,\n'}
[5.966490] (status_display) StderrLine: {'line': b'                 from \x1b[01m\x1b[K/usr/include/x86_64-linux-gnu/qt5/QtGui/qbrush.h:49\x1b[m\x1b[K,\n'}
[5.966569] (status_display) StderrLine: {'line': b'                 from \x1b[01m\x1b[K/usr/include/x86_64-linux-gnu/qt5/QtGui/qpalette.h:46\x1b[m\x1b[K,\n'}
[5.966650] (status_display) StderrLine: {'line': b'                 from \x1b[01m\x1b[K/usr/include/x86_64-linux-gnu/qt5/QtWidgets/qwidget.h:48\x1b[m\x1b[K,\n'}
[5.966730] (status_display) StderrLine: {'line': b'                 from \x1b[01m\x1b[K/usr/include/x86_64-linux-gnu/qt5/QtWidgets/qframe.h:44\x1b[m\x1b[K,\n'}
[5.966809] (status_display) StderrLine: {'line': b'                 from \x1b[01m\x1b[K/usr/include/x86_64-linux-gnu/qt5/QtWidgets/qlabel.h:44\x1b[m\x1b[K,\n'}
[5.966894] (status_display) StderrLine: {'line': b'                 from \x1b[01m\x1b[K/usr/include/x86_64-linux-gnu/qt5/QtWidgets/QLabel:1\x1b[m\x1b[K,\n'}
[5.966975] (status_display) StderrLine: {'line': b'                 from \x1b[01m\x1b[K/home/shenhang/ros_study/chapter3/topic_practice_workspace/src/status_display/src/sys_status_display.cpp:2\x1b[m\x1b[K:\n'}
[5.967060] (status_display) StderrLine: {'line': b'\x1b[01m\x1b[K/usr/include/x86_64-linux-gnu/qt5/QtGui/qregion.h:189:27:\x1b[m\x1b[K \x1b[01;36m\x1b[Knote: \x1b[m\x1b[Kcandidate: \xe2\x80\x98\x1b[01m\x1b[KQDataStream& operator<<(QDataStream&, const QRegion&)\x1b[m\x1b[K\xe2\x80\x99\n'}
[5.967303] (status_display) StderrLine: {'line': b'  189 | Q_GUI_EXPORT QDataStream &\x1b[01;36m\x1b[Koperator\x1b[m\x1b[K<<(QDataStream &, const QRegion &);\n'}
[5.967520] (status_display) StderrLine: {'line': b'      |                           \x1b[01;36m\x1b[K^~~~~~~~\x1b[m\x1b[K\n'}
[5.967618] (status_display) StderrLine: {'line': b'\x1b[01m\x1b[K/usr/include/x86_64-linux-gnu/qt5/QtGui/qregion.h:160:49:\x1b[m\x1b[K \x1b[01;36m\x1b[Knote: \x1b[m\x1b[K  no known conversion for argument 1 from \xe2\x80\x98\x1b[01m\x1b[Kstd::basic_ostream<char>\x1b[m\x1b[K\xe2\x80\x99 to \xe2\x80\x98\x1b[01m\x1b[KQDataStream&\x1b[m\x1b[K\xe2\x80\x99\n'}
[5.967704] (status_display) StderrLine: {'line': b'  160 |     friend Q_GUI_EXPORT QDataStream &operator<<(\x1b[01;36m\x1b[KQDataStream &\x1b[m\x1b[K, const QRegion &);\n'}
[5.967786] (status_display) StderrLine: {'line': b'      |                                                 \x1b[01;36m\x1b[K^~~~~~~~~~~~~\x1b[m\x1b[K\n'}
[5.967868] (status_display) StderrLine: {'line': b'\x1b[01m\x1b[K/usr/include/x86_64-linux-gnu/qt5/QtGui/qregion.h:194:21:\x1b[m\x1b[K \x1b[01;36m\x1b[Knote: \x1b[m\x1b[Kcandidate: \xe2\x80\x98\x1b[01m\x1b[KQDebug operator<<(QDebug, const QRegion&)\x1b[m\x1b[K\xe2\x80\x99\n'}
[5.967952] (status_display) StderrLine: {'line': b'  194 | Q_GUI_EXPORT QDebug \x1b[01;36m\x1b[Koperator\x1b[m\x1b[K<<(QDebug, const QRegion &);\n'}
[5.968033] (status_display) StderrLine: {'line': b'      |                     \x1b[01;36m\x1b[K^~~~~~~~\x1b[m\x1b[K\n'}
[5.968205] (status_display) StderrLine: {'line': b'\x1b[01m\x1b[K/usr/include/x86_64-linux-gnu/qt5/QtGui/qregion.h:194:32:\x1b[m\x1b[K \x1b[01;36m\x1b[Knote: \x1b[m\x1b[K  no known conversion for argument 1 from \xe2\x80\x98\x1b[01m\x1b[Kstd::basic_ostream<char>\x1b[m\x1b[K\xe2\x80\x99 to \xe2\x80\x98\x1b[01m\x1b[KQDebug\x1b[m\x1b[K\xe2\x80\x99\n'}
[5.968366] (status_display) StderrLine: {'line': b'  194 | Q_GUI_EXPORT QDebug operator<<(\x1b[01;36m\x1b[KQDebug\x1b[m\x1b[K, const QRegion &);\n'}
[5.968451] (status_display) StderrLine: {'line': b'      |                                \x1b[01;36m\x1b[K^~~~~~\x1b[m\x1b[K\n'}
[5.968534] (status_display) StderrLine: {'line': b'In file included from \x1b[01m\x1b[K/usr/include/x86_64-linux-gnu/qt5/QtGui/qmatrix.h:47\x1b[m\x1b[K,\n'}
[5.968615] (status_display) StderrLine: {'line': b'                 from \x1b[01m\x1b[K/usr/include/x86_64-linux-gnu/qt5/QtGui/qbrush.h:49\x1b[m\x1b[K,\n'}
[5.968696] (status_display) StderrLine: {'line': b'                 from \x1b[01m\x1b[K/usr/include/x86_64-linux-gnu/qt5/QtGui/qpalette.h:46\x1b[m\x1b[K,\n'}
[5.968838] (status_display) StderrLine: {'line': b'                 from \x1b[01m\x1b[K/usr/include/x86_64-linux-gnu/qt5/QtWidgets/qwidget.h:48\x1b[m\x1b[K,\n'}
[5.968959] (status_display) StderrLine: {'line': b'                 from \x1b[01m\x1b[K/usr/include/x86_64-linux-gnu/qt5/QtWidgets/qframe.h:44\x1b[m\x1b[K,\n'}
[5.969051] (status_display) StderrLine: {'line': b'                 from \x1b[01m\x1b[K/usr/include/x86_64-linux-gnu/qt5/QtWidgets/qlabel.h:44\x1b[m\x1b[K,\n'}
[5.969185] (status_display) StderrLine: {'line': b'                 from \x1b[01m\x1b[K/usr/include/x86_64-linux-gnu/qt5/QtWidgets/QLabel:1\x1b[m\x1b[K,\n'}
[5.969322] (status_display) StderrLine: {'line': b'                 from \x1b[01m\x1b[K/home/shenhang/ros_study/chapter3/topic_practice_workspace/src/status_display/src/sys_status_display.cpp:2\x1b[m\x1b[K:\n'}
[5.969408] (status_display) StderrLine: {'line': b'\x1b[01m\x1b[K/usr/include/x86_64-linux-gnu/qt5/QtCore/qline.h:203:22:\x1b[m\x1b[K \x1b[01;36m\x1b[Knote: \x1b[m\x1b[Kcandidate: \xe2\x80\x98\x1b[01m\x1b[KQDebug operator<<(QDebug, const QLine&)\x1b[m\x1b[K\xe2\x80\x99\n'}
[5.969492] (status_display) StderrLine: {'line': b'  203 | Q_CORE_EXPORT QDebug \x1b[01;36m\x1b[Koperator\x1b[m\x1b[K<<(QDebug d, const QLine &p);\n'}
[5.969574] (status_display) StderrLine: {'line': b'      |                      \x1b[01;36m\x1b[K^~~~~~~~\x1b[m\x1b[K\n'}
[5.969668] (status_display) StderrLine: {'line': b'\x1b[01m\x1b[K/usr/include/x86_64-linux-gnu/qt5/QtCore/qline.h:203:40:\x1b[m\x1b[K \x1b[01;36m\x1b[Knote: \x1b[m\x1b[K  no known conversion for argument 1 from \xe2\x80\x98\x1b[01m\x1b[Kstd::basic_ostream<char>\x1b[m\x1b[K\xe2\x80\x99 to \xe2\x80\x98\x1b[01m\x1b[KQDebug\x1b[m\x1b[K\xe2\x80\x99\n'}
[5.969755] (status_display) StderrLine: {'line': b'  203 | Q_CORE_EXPORT QDebug operator<<(\x1b[01;36m\x1b[KQDebug d\x1b[m\x1b[K, const QLine &p);\n'}
[5.969845] (status_display) StderrLine: {'line': b'      |                                 \x1b[01;36m\x1b[K~~~~~~~^\x1b[m\x1b[K\n'}
[5.969935] (status_display) StderrLine: {'line': b'\x1b[01m\x1b[K/usr/include/x86_64-linux-gnu/qt5/QtCore/qline.h:207:28:\x1b[m\x1b[K \x1b[01;36m\x1b[Knote: \x1b[m\x1b[Kcandidate: \xe2\x80\x98\x1b[01m\x1b[KQDataStream& operator<<(QDataStream&, const QLine&)\x1b[m\x1b[K\xe2\x80\x99\n'}
[5.970031] (status_display) StderrLine: {'line': b'  207 | Q_CORE_EXPORT QDataStream &\x1b[01;36m\x1b[Koperator\x1b[m\x1b[K<<(QDataStream &, const QLine &);\n'}
[5.970119] (status_display) StderrLine: {'line': b'      |                            \x1b[01;36m\x1b[K^~~~~~~~\x1b[m\x1b[K\n'}
[5.970245] (status_display) StderrLine: {'line': b'\x1b[01m\x1b[K/usr/include/x86_64-linux-gnu/qt5/QtCore/qline.h:207:39:\x1b[m\x1b[K \x1b[01;36m\x1b[Knote: \x1b[m\x1b[K  no known conversion for argument 1 from \xe2\x80\x98\x1b[01m\x1b[Kstd::basic_ostream<char>\x1b[m\x1b[K\xe2\x80\x99 to \xe2\x80\x98\x1b[01m\x1b[KQDataStream&\x1b[m\x1b[K\xe2\x80\x99\n'}
[5.970356] (status_display) StderrLine: {'line': b'  207 | Q_CORE_EXPORT QDataStream &operator<<(\x1b[01;36m\x1b[KQDataStream &\x1b[m\x1b[K, const QLine &);\n'}
[5.970446] (status_display) StderrLine: {'line': b'      |                                       \x1b[01;36m\x1b[K^~~~~~~~~~~~~\x1b[m\x1b[K\n'}
[5.970536] (status_display) StderrLine: {'line': b'\x1b[01m\x1b[K/usr/include/x86_64-linux-gnu/qt5/QtCore/qline.h:430:22:\x1b[m\x1b[K \x1b[01;36m\x1b[Knote: \x1b[m\x1b[Kcandidate: \xe2\x80\x98\x1b[01m\x1b[KQDebug operator<<(QDebug, const QLineF&)\x1b[m\x1b[K\xe2\x80\x99\n'}
[5.970664] (status_display) StderrLine: {'line': b'  430 | Q_CORE_EXPORT QDebug \x1b[01;36m\x1b[Koperator\x1b[m\x1b[K<<(QDebug d, const QLineF &p);\n'}
[5.970769] (status_display) StderrLine: {'line': b'      |                      \x1b[01;36m\x1b[K^~~~~~~~\x1b[m\x1b[K\n'}
[5.970886] (status_display) StderrLine: {'line': b'\x1b[01m\x1b[K/usr/include/x86_64-linux-gnu/qt5/QtCore/qline.h:430:40:\x1b[m\x1b[K \x1b[01;36m\x1b[Knote: \x1b[m\x1b[K  no known conversion for argument 1 from \xe2\x80\x98\x1b[01m\x1b[Kstd::basic_ostream<char>\x1b[m\x1b[K\xe2\x80\x99 to \xe2\x80\x98\x1b[01m\x1b[KQDebug\x1b[m\x1b[K\xe2\x80\x99\n'}
[5.971030] (status_display) StderrLine: {'line': b'  430 | Q_CORE_EXPORT QDebug operator<<(\x1b[01;36m\x1b[KQDebug d\x1b[m\x1b[K, const QLineF &p);\n'}
[5.971232] (status_display) StderrLine: {'line': b'      |                                 \x1b[01;36m\x1b[K~~~~~~~^\x1b[m\x1b[K\n'}
[5.971323] (status_display) StderrLine: {'line': b'\x1b[01m\x1b[K/usr/include/x86_64-linux-gnu/qt5/QtCore/qline.h:434:28:\x1b[m\x1b[K \x1b[01;36m\x1b[Knote: \x1b[m\x1b[Kcandidate: \xe2\x80\x98\x1b[01m\x1b[KQDataStream& operator<<(QDataStream&, const QLineF&)\x1b[m\x1b[K\xe2\x80\x99\n'}
[5.971406] (status_display) StderrLine: {'line': b'  434 | Q_CORE_EXPORT QDataStream &\x1b[01;36m\x1b[Koperator\x1b[m\x1b[K<<(QDataStream &, const QLineF &);\n'}
[5.971488] (status_display) StderrLine: {'line': b'      |                            \x1b[01;36m\x1b[K^~~~~~~~\x1b[m\x1b[K\n'}
[5.971569] (status_display) StderrLine: {'line': b'\x1b[01m\x1b[K/usr/include/x86_64-linux-gnu/qt5/QtCore/qline.h:434:39:\x1b[m\x1b[K \x1b[01;36m\x1b[Knote: \x1b[m\x1b[K  no known conversion for argument 1 from \xe2\x80\x98\x1b[01m\x1b[Kstd::basic_ostream<char>\x1b[m\x1b[K\xe2\x80\x99 to \xe2\x80\x98\x1b[01m\x1b[KQDataStream&\x1b[m\x1b[K\xe2\x80\x99\n'}
[5.971653] (status_display) StderrLine: {'line': b'  434 | Q_CORE_EXPORT QDataStream &operator<<(\x1b[01;36m\x1b[KQDataStream &\x1b[m\x1b[K, const QLineF &);\n'}
[5.971749] (status_display) StderrLine: {'line': b'      |                                       \x1b[01;36m\x1b[K^~~~~~~~~~~~~\x1b[m\x1b[K\n'}
[5.971832] (status_display) StderrLine: {'line': b'In file included from \x1b[01m\x1b[K/usr/include/x86_64-linux-gnu/qt5/QtGui/qbrush.h:49\x1b[m\x1b[K,\n'}
[5.971917] (status_display) StderrLine: {'line': b'                 from \x1b[01m\x1b[K/usr/include/x86_64-linux-gnu/qt5/QtGui/qpalette.h:46\x1b[m\x1b[K,\n'}
[5.971998] (status_display) StderrLine: {'line': b'                 from \x1b[01m\x1b[K/usr/include/x86_64-linux-gnu/qt5/QtWidgets/qwidget.h:48\x1b[m\x1b[K,\n'}
[5.972094] (status_display) StderrLine: {'line': b'                 from \x1b[01m\x1b[K/usr/include/x86_64-linux-gnu/qt5/QtWidgets/qframe.h:44\x1b[m\x1b[K,\n'}
[5.972274] (status_display) StderrLine: {'line': b'                 from \x1b[01m\x1b[K/usr/include/x86_64-linux-gnu/qt5/QtWidgets/qlabel.h:44\x1b[m\x1b[K,\n'}
[5.972361] (status_display) StderrLine: {'line': b'                 from \x1b[01m\x1b[K/usr/include/x86_64-linux-gnu/qt5/QtWidgets/QLabel:1\x1b[m\x1b[K,\n'}
[5.972443] (status_display) StderrLine: {'line': b'                 from \x1b[01m\x1b[K/home/shenhang/ros_study/chapter3/topic_practice_workspace/src/status_display/src/sys_status_display.cpp:2\x1b[m\x1b[K:\n'}
[5.972526] (status_display) StderrLine: {'line': b'\x1b[01m\x1b[K/usr/include/x86_64-linux-gnu/qt5/QtGui/qmatrix.h:184:27:\x1b[m\x1b[K \x1b[01;36m\x1b[Knote: \x1b[m\x1b[Kcandidate: \xe2\x80\x98\x1b[01m\x1b[KQDataStream& operator<<(QDataStream&, const QMatrix&)\x1b[m\x1b[K\xe2\x80\x99\n'}
[5.972609] (status_display) StderrLine: {'line': b'  184 | Q_GUI_EXPORT QDataStream &\x1b[01;36m\x1b[Koperator\x1b[m\x1b[K<<(QDataStream &, const QMatrix &);\n'}
[5.972804] (status_display) StderrLine: {'line': b'      |                           \x1b[01;36m\x1b[K^~~~~~~~\x1b[m\x1b[K\n'}
[5.972900] (status_display) StderrLine: {'line': b'\x1b[01m\x1b[K/usr/include/x86_64-linux-gnu/qt5/QtGui/qmatrix.h:184:38:\x1b[m\x1b[K \x1b[01;36m\x1b[Knote: \x1b[m\x1b[K  no known conversion for argument 1 from \xe2\x80\x98\x1b[01m\x1b[Kstd::basic_ostream<char>\x1b[m\x1b[K\xe2\x80\x99 to \xe2\x80\x98\x1b[01m\x1b[KQDataStream&\x1b[m\x1b[K\xe2\x80\x99\n'}
[5.972988] (status_display) StderrLine: {'line': b'  184 | Q_GUI_EXPORT QDataStream &operator<<(\x1b[01;36m\x1b[KQDataStream &\x1b[m\x1b[K, const QMatrix &);\n'}
[5.973071] (status_display) StderrLine: {'line': b'      |                                      \x1b[01;36m\x1b[K^~~~~~~~~~~~~\x1b[m\x1b[K\n'}
[5.973220] (status_display) StderrLine: {'line': b'\x1b[01m\x1b[K/usr/include/x86_64-linux-gnu/qt5/QtGui/qmatrix.h:189:21:\x1b[m\x1b[K \x1b[01;36m\x1b[Knote: \x1b[m\x1b[Kcandidate: \xe2\x80\x98\x1b[01m\x1b[KQDebug operator<<(QDebug, const QMatrix&)\x1b[m\x1b[K\xe2\x80\x99\n'}
[5.973323] (status_display) StderrLine: {'line': b'  189 | Q_GUI_EXPORT QDebug \x1b[01;36m\x1b[Koperator\x1b[m\x1b[K<<(QDebug, const QMatrix &);\n'}
[5.973409] (status_display) StderrLine: {'line': b'      |                     \x1b[01;36m\x1b[K^~~~~~~~\x1b[m\x1b[K\n'}
[5.973497] (status_display) StderrLine: {'line': b'\x1b[01m\x1b[K/usr/include/x86_64-linux-gnu/qt5/QtGui/qmatrix.h:189:32:\x1b[m\x1b[K \x1b[01;36m\x1b[Knote: \x1b[m\x1b[K  no known conversion for argument 1 from \xe2\x80\x98\x1b[01m\x1b[Kstd::basic_ostream<char>\x1b[m\x1b[K\xe2\x80\x99 to \xe2\x80\x98\x1b[01m\x1b[KQDebug\x1b[m\x1b[K\xe2\x80\x99\n'}
[5.973588] (status_display) StderrLine: {'line': b'  189 | Q_GUI_EXPORT QDebug operator<<(\x1b[01;36m\x1b[KQDebug\x1b[m\x1b[K, const QMatrix &);\n'}
[5.973675] (status_display) StderrLine: {'line': b'      |                                \x1b[01;36m\x1b[K^~~~~~\x1b[m\x1b[K\n'}
[5.973761] (status_display) StderrLine: {'line': b'In file included from \x1b[01m\x1b[K/usr/include/x86_64-linux-gnu/qt5/QtGui/qbrush.h:50\x1b[m\x1b[K,\n'}
[5.973858] (status_display) StderrLine: {'line': b'                 from \x1b[01m\x1b[K/usr/include/x86_64-linux-gnu/qt5/QtGui/qpalette.h:46\x1b[m\x1b[K,\n'}
[5.973949] (status_display) StderrLine: {'line': b'                 from \x1b[01m\x1b[K/usr/include/x86_64-linux-gnu/qt5/QtWidgets/qwidget.h:48\x1b[m\x1b[K,\n'}
[5.974054] (status_display) StderrLine: {'line': b'                 from \x1b[01m\x1b[K/usr/include/x86_64-linux-gnu/qt5/QtWidgets/qframe.h:44\x1b[m\x1b[K,\n'}
[5.974334] (status_display) StderrLine: {'line': b'                 from \x1b[01m\x1b[K/usr/include/x86_64-linux-gnu/qt5/QtWidgets/qlabel.h:44\x1b[m\x1b[K,\n'}
[5.974428] (status_display) StderrLine: {'line': b'                 from \x1b[01m\x1b[K/usr/include/x86_64-linux-gnu/qt5/QtWidgets/QLabel:1\x1b[m\x1b[K,\n'}
[5.974511] (status_display) StderrLine: {'line': b'                 from \x1b[01m\x1b[K/home/shenhang/ros_study/chapter3/topic_practice_workspace/src/status_display/src/sys_status_display.cpp:2\x1b[m\x1b[K:\n'}
[5.974603] (status_display) StderrLine: {'line': b'\x1b[01m\x1b[K/usr/include/x86_64-linux-gnu/qt5/QtGui/qtransform.h:386:27:\x1b[m\x1b[K \x1b[01;36m\x1b[Knote: \x1b[m\x1b[Kcandidate: \xe2\x80\x98\x1b[01m\x1b[KQDataStream& operator<<(QDataStream&, const QTransform&)\x1b[m\x1b[K\xe2\x80\x99\n'}
[5.974695] (status_display) StderrLine: {'line': b'  386 | Q_GUI_EXPORT QDataStream &\x1b[01;36m\x1b[Koperator\x1b[m\x1b[K<<(QDataStream &, const QTransform &);\n'}
[5.974789] (status_display) StderrLine: {'line': b'      |                           \x1b[01;36m\x1b[K^~~~~~~~\x1b[m\x1b[K\n'}
[5.974986] (status_display) StderrLine: {'line': b'\x1b[01m\x1b[K/usr/include/x86_64-linux-gnu/qt5/QtGui/qtransform.h:386:38:\x1b[m\x1b[K \x1b[01;36m\x1b[Knote: \x1b[m\x1b[K  no known conversion for argument 1 from \xe2\x80\x98\x1b[01m\x1b[Kstd::basic_ostream<char>\x1b[m\x1b[K\xe2\x80\x99 to \xe2\x80\x98\x1b[01m\x1b[KQDataStream&\x1b[m\x1b[K\xe2\x80\x99\n'}
[5.975151] (status_display) StderrLine: {'line': b'  386 | Q_GUI_EXPORT QDataStream &operator<<(\x1b[01;36m\x1b[KQDataStream &\x1b[m\x1b[K, const QTransform &);\n'}
[5.975283] (status_display) StderrLine: {'line': b'      |                                      \x1b[01;36m\x1b[K^~~~~~~~~~~~~\x1b[m\x1b[K\n'}
[5.975408] (status_display) StderrLine: {'line': b'\x1b[01m\x1b[K/usr/include/x86_64-linux-gnu/qt5/QtGui/qtransform.h:391:21:\x1b[m\x1b[K \x1b[01;36m\x1b[Knote: \x1b[m\x1b[Kcandidate: \xe2\x80\x98\x1b[01m\x1b[KQDebug operator<<(QDebug, const QTransform&)\x1b[m\x1b[K\xe2\x80\x99\n'}
[5.975536] (status_display) StderrLine: {'line': b'  391 | Q_GUI_EXPORT QDebug \x1b[01;36m\x1b[Koperator\x1b[m\x1b[K<<(QDebug, const QTransform &);\n'}
[5.975662] (status_display) StderrLine: {'line': b'      |                     \x1b[01;36m\x1b[K^~~~~~~~\x1b[m\x1b[K\n'}
[5.975788] (status_display) StderrLine: {'line': b'\x1b[01m\x1b[K/usr/include/x86_64-linux-gnu/qt5/QtGui/qtransform.h:391:32:\x1b[m\x1b[K \x1b[01;36m\x1b[Knote: \x1b[m\x1b[K  no known conversion for argument 1 from \xe2\x80\x98\x1b[01m\x1b[Kstd::basic_ostream<char>\x1b[m\x1b[K\xe2\x80\x99 to \xe2\x80\x98\x1b[01m\x1b[KQDebug\x1b[m\x1b[K\xe2\x80\x99\n'}
[5.975937] (status_display) StderrLine: {'line': b'  391 | Q_GUI_EXPORT QDebug operator<<(\x1b[01;36m\x1b[KQDebug\x1b[m\x1b[K, const QTransform &);\n'}
[5.976178] (status_display) StderrLine: {'line': b'      |                                \x1b[01;36m\x1b[K^~~~~~\x1b[m\x1b[K\n'}
[5.976332] (status_display) StderrLine: {'line': b'In file included from \x1b[01m\x1b[K/usr/include/x86_64-linux-gnu/qt5/QtGui/qbrush.h:51\x1b[m\x1b[K,\n'}
[5.976459] (status_display) StderrLine: {'line': b'                 from \x1b[01m\x1b[K/usr/include/x86_64-linux-gnu/qt5/QtGui/qpalette.h:46\x1b[m\x1b[K,\n'}
[5.976582] (status_display) StderrLine: {'line': b'                 from \x1b[01m\x1b[K/usr/include/x86_64-linux-gnu/qt5/QtWidgets/qwidget.h:48\x1b[m\x1b[K,\n'}
[5.976701] (status_display) StderrLine: {'line': b'                 from \x1b[01m\x1b[K/usr/include/x86_64-linux-gnu/qt5/QtWidgets/qframe.h:44\x1b[m\x1b[K,\n'}
[5.976819] (status_display) StderrLine: {'line': b'                 from \x1b[01m\x1b[K/usr/include/x86_64-linux-gnu/qt5/QtWidgets/qlabel.h:44\x1b[m\x1b[K,\n'}
[5.976939] (status_display) StderrLine: {'line': b'                 from \x1b[01m\x1b[K/usr/include/x86_64-linux-gnu/qt5/QtWidgets/QLabel:1\x1b[m\x1b[K,\n'}
[5.977112] (status_display) StderrLine: {'line': b'                 from \x1b[01m\x1b[K/home/shenhang/ros_study/chapter3/topic_practice_workspace/src/status_display/src/sys_status_display.cpp:2\x1b[m\x1b[K:\n'}
[5.977269] (status_display) StderrLine: {'line': b'\x1b[01m\x1b[K/usr/include/x86_64-linux-gnu/qt5/QtGui/qimage.h:502:27:\x1b[m\x1b[K \x1b[01;36m\x1b[Knote: \x1b[m\x1b[Kcandidate: \xe2\x80\x98\x1b[01m\x1b[KQDataStream& operator<<(QDataStream&, const QImage&)\x1b[m\x1b[K\xe2\x80\x99\n'}
[5.977397] (status_display) StderrLine: {'line': b'  502 | Q_GUI_EXPORT QDataStream &\x1b[01;36m\x1b[Koperator\x1b[m\x1b[K<<(QDataStream &, const QImage &);\n'}
[5.977510] (status_display) StderrLine: {'line': b'      |                           \x1b[01;36m\x1b[K^~~~~~~~\x1b[m\x1b[K\n'}
[5.977621] (status_display) StderrLine: {'line': b'\x1b[01m\x1b[K/usr/include/x86_64-linux-gnu/qt5/QtGui/qimage.h:502:38:\x1b[m\x1b[K \x1b[01;36m\x1b[Knote: \x1b[m\x1b[K  no known conversion for argument 1 from \xe2\x80\x98\x1b[01m\x1b[Kstd::basic_ostream<char>\x1b[m\x1b[K\xe2\x80\x99 to \xe2\x80\x98\x1b[01m\x1b[KQDataStream&\x1b[m\x1b[K\xe2\x80\x99\n'}
[5.977740] (status_display) StderrLine: {'line': b'  502 | Q_GUI_EXPORT QDataStream &operator<<(\x1b[01;36m\x1b[KQDataStream &\x1b[m\x1b[K, const QImage &);\n'}
[5.977855] (status_display) StderrLine: {'line': b'      |                                      \x1b[01;36m\x1b[K^~~~~~~~~~~~~\x1b[m\x1b[K\n'}
[5.977965] (status_display) StderrLine: {'line': b'\x1b[01m\x1b[K/usr/include/x86_64-linux-gnu/qt5/QtGui/qimage.h:507:21:\x1b[m\x1b[K \x1b[01;36m\x1b[Knote: \x1b[m\x1b[Kcandidate: \xe2\x80\x98\x1b[01m\x1b[KQDebug operator<<(QDebug, const QImage&)\x1b[m\x1b[K\xe2\x80\x99\n'}
[5.978120] (status_display) StderrLine: {'line': b'  507 | Q_GUI_EXPORT QDebug \x1b[01;36m\x1b[Koperator\x1b[m\x1b[K<<(QDebug, const QImage &);\n'}
[5.978226] (status_display) StderrLine: {'line': b'      |                     \x1b[01;36m\x1b[K^~~~~~~~\x1b[m\x1b[K\n'}
[5.978307] (status_display) StderrLine: {'line': b'\x1b[01m\x1b[K/usr/include/x86_64-linux-gnu/qt5/QtGui/qimage.h:507:32:\x1b[m\x1b[K \x1b[01;36m\x1b[Knote: \x1b[m\x1b[K  no known conversion for argument 1 from \xe2\x80\x98\x1b[01m\x1b[Kstd::basic_ostream<char>\x1b[m\x1b[K\xe2\x80\x99 to \xe2\x80\x98\x1b[01m\x1b[KQDebug\x1b[m\x1b[K\xe2\x80\x99\n'}
[5.978390] (status_display) StderrLine: {'line': b'  507 | Q_GUI_EXPORT QDebug operator<<(\x1b[01;36m\x1b[KQDebug\x1b[m\x1b[K, const QImage &);\n'}
[5.978484] (status_display) StderrLine: {'line': b'      |                                \x1b[01;36m\x1b[K^~~~~~\x1b[m\x1b[K\n'}
[5.978589] (status_display) StderrLine: {'line': b'In file included from \x1b[01m\x1b[K/usr/include/x86_64-linux-gnu/qt5/QtGui/qbrush.h:52\x1b[m\x1b[K,\n'}
[5.978670] (status_display) StderrLine: {'line': b'                 from \x1b[01m\x1b[K/usr/include/x86_64-linux-gnu/qt5/QtGui/qpalette.h:46\x1b[m\x1b[K,\n'}
[5.978755] (status_display) StderrLine: {'line': b'                 from \x1b[01m\x1b[K/usr/include/x86_64-linux-gnu/qt5/QtWidgets/qwidget.h:48\x1b[m\x1b[K,\n'}
[5.978835] (status_display) StderrLine: {'line': b'                 from \x1b[01m\x1b[K/usr/include/x86_64-linux-gnu/qt5/QtWidgets/qframe.h:44\x1b[m\x1b[K,\n'}
[5.978916] (status_display) StderrLine: {'line': b'                 from \x1b[01m\x1b[K/usr/include/x86_64-linux-gnu/qt5/QtWidgets/qlabel.h:44\x1b[m\x1b[K,\n'}
[5.979041] (status_display) StderrLine: {'line': b'                 from \x1b[01m\x1b[K/usr/include/x86_64-linux-gnu/qt5/QtWidgets/QLabel:1\x1b[m\x1b[K,\n'}
[5.979174] (status_display) StderrLine: {'line': b'                 from \x1b[01m\x1b[K/home/shenhang/ros_study/chapter3/topic_practice_workspace/src/status_display/src/sys_status_display.cpp:2\x1b[m\x1b[K:\n'}
[5.979264] (status_display) StderrLine: {'line': b'\x1b[01m\x1b[K/usr/include/x86_64-linux-gnu/qt5/QtGui/qpixmap.h:254:27:\x1b[m\x1b[K \x1b[01;36m\x1b[Knote: \x1b[m\x1b[Kcandidate: \xe2\x80\x98\x1b[01m\x1b[KQDataStream& operator<<(QDataStream&, const QPixmap&)\x1b[m\x1b[K\xe2\x80\x99\n'}
[5.979352] (status_display) StderrLine: {'line': b'  254 | Q_GUI_EXPORT QDataStream &\x1b[01;36m\x1b[Koperator\x1b[m\x1b[K<<(QDataStream &, const QPixmap &);\n'}
[5.979433] (status_display) StderrLine: {'line': b'      |                           \x1b[01;36m\x1b[K^~~~~~~~\x1b[m\x1b[K\n'}
[5.979513] (status_display) StderrLine: {'line': b'\x1b[01m\x1b[K/usr/include/x86_64-linux-gnu/qt5/QtGui/qpixmap.h:254:38:\x1b[m\x1b[K \x1b[01;36m\x1b[Knote: \x1b[m\x1b[K  no known conversion for argument 1 from \xe2\x80\x98\x1b[01m\x1b[Kstd::basic_ostream<char>\x1b[m\x1b[K\xe2\x80\x99 to \xe2\x80\x98\x1b[01m\x1b[KQDataStream&\x1b[m\x1b[K\xe2\x80\x99\n'}
[5.979596] (status_display) StderrLine: {'line': b'  254 | Q_GUI_EXPORT QDataStream &operator<<(\x1b[01;36m\x1b[KQDataStream &\x1b[m\x1b[K, const QPixmap &);\n'}
[5.979676] (status_display) StderrLine: {'line': b'      |                                      \x1b[01;36m\x1b[K^~~~~~~~~~~~~\x1b[m\x1b[K\n'}
[5.979760] (status_display) StderrLine: {'line': b'\x1b[01m\x1b[K/usr/include/x86_64-linux-gnu/qt5/QtGui/qpixmap.h:259:21:\x1b[m\x1b[K \x1b[01;36m\x1b[Knote: \x1b[m\x1b[Kcandidate: \xe2\x80\x98\x1b[01m\x1b[KQDebug operator<<(QDebug, const QPixmap&)\x1b[m\x1b[K\xe2\x80\x99\n'}
[5.979842] (status_display) StderrLine: {'line': b'  259 | Q_GUI_EXPORT QDebug \x1b[01;36m\x1b[Koperator\x1b[m\x1b[K<<(QDebug, const QPixmap &);\n'}
[5.979922] (status_display) StderrLine: {'line': b'      |                     \x1b[01;36m\x1b[K^~~~~~~~\x1b[m\x1b[K\n'}
[5.980031] (status_display) StderrLine: {'line': b'\x1b[01m\x1b[K/usr/include/x86_64-linux-gnu/qt5/QtGui/qpixmap.h:259:32:\x1b[m\x1b[K \x1b[01;36m\x1b[Knote: \x1b[m\x1b[K  no known conversion for argument 1 from \xe2\x80\x98\x1b[01m\x1b[Kstd::basic_ostream<char>\x1b[m\x1b[K\xe2\x80\x99 to \xe2\x80\x98\x1b[01m\x1b[KQDebug\x1b[m\x1b[K\xe2\x80\x99\n'}
[5.980168] (status_display) StderrLine: {'line': b'  259 | Q_GUI_EXPORT QDebug operator<<(\x1b[01;36m\x1b[KQDebug\x1b[m\x1b[K, const QPixmap &);\n'}
[5.980304] (status_display) StderrLine: {'line': b'      |                                \x1b[01;36m\x1b[K^~~~~~\x1b[m\x1b[K\n'}
[5.980426] (status_display) StderrLine: {'line': b'In file included from \x1b[01m\x1b[K/usr/include/x86_64-linux-gnu/qt5/QtGui/qpalette.h:46\x1b[m\x1b[K,\n'}
[5.980547] (status_display) StderrLine: {'line': b'                 from \x1b[01m\x1b[K/usr/include/x86_64-linux-gnu/qt5/QtWidgets/qwidget.h:48\x1b[m\x1b[K,\n'}
[5.980673] (status_display) StderrLine: {'line': b'                 from \x1b[01m\x1b[K/usr/include/x86_64-linux-gnu/qt5/QtWidgets/qframe.h:44\x1b[m\x1b[K,\n'}
[5.980796] (status_display) StderrLine: {'line': b'                 from \x1b[01m\x1b[K/usr/include/x86_64-linux-gnu/qt5/QtWidgets/qlabel.h:44\x1b[m\x1b[K,\n'}
[5.980959] (status_display) StderrLine: {'line': b'                 from \x1b[01m\x1b[K/usr/include/x86_64-linux-gnu/qt5/QtWidgets/QLabel:1\x1b[m\x1b[K,\n'}
[5.981144] (status_display) StderrLine: {'line': b'                 from \x1b[01m\x1b[K/home/shenhang/ros_study/chapter3/topic_practice_workspace/src/status_display/src/sys_status_display.cpp:2\x1b[m\x1b[K:\n'}
[5.981285] (status_display) StderrLine: {'line': b'\x1b[01m\x1b[K/usr/include/x86_64-linux-gnu/qt5/QtGui/qbrush.h:144:27:\x1b[m\x1b[K \x1b[01;36m\x1b[Knote: \x1b[m\x1b[Kcandidate: \xe2\x80\x98\x1b[01m\x1b[KQDataStream& operator<<(QDataStream&, const QBrush&)\x1b[m\x1b[K\xe2\x80\x99\n'}
[5.981410] (status_display) StderrLine: {'line': b'  144 | Q_GUI_EXPORT QDataStream &\x1b[01;36m\x1b[Koperator\x1b[m\x1b[K<<(QDataStream &, const QBrush &);\n'}
[5.981533] (status_display) StderrLine: {'line': b'      |                           \x1b[01;36m\x1b[K^~~~~~~~\x1b[m\x1b[K\n'}
[5.981687] (status_display) StderrLine: {'line': b'\x1b[01m\x1b[K/usr/include/x86_64-linux-gnu/qt5/QtGui/qbrush.h:144:38:\x1b[m\x1b[K \x1b[01;36m\x1b[Knote: \x1b[m\x1b[K  no known conversion for argument 1 from \xe2\x80\x98\x1b[01m\x1b[Kstd::basic_ostream<char>\x1b[m\x1b[K\xe2\x80\x99 to \xe2\x80\x98\x1b[01m\x1b[KQDataStream&\x1b[m\x1b[K\xe2\x80\x99\n'}
[5.981830] (status_display) StderrLine: {'line': b'  144 | Q_GUI_EXPORT QDataStream &operator<<(\x1b[01;36m\x1b[KQDataStream &\x1b[m\x1b[K, const QBrush &);\n'}
[5.982001] (status_display) StderrLine: {'line': b'      |                                      \x1b[01;36m\x1b[K^~~~~~~~~~~~~\x1b[m\x1b[K\n'}
[5.982182] (status_display) StderrLine: {'line': b'\x1b[01m\x1b[K/usr/include/x86_64-linux-gnu/qt5/QtGui/qbrush.h:149:21:\x1b[m\x1b[K \x1b[01;36m\x1b[Knote: \x1b[m\x1b[Kcandidate: \xe2\x80\x98\x1b[01m\x1b[KQDebug operator<<(QDebug, const QBrush&)\x1b[m\x1b[K\xe2\x80\x99\n'}
[5.982313] (status_display) StderrLine: {'line': b'  149 | Q_GUI_EXPORT QDebug \x1b[01;36m\x1b[Koperator\x1b[m\x1b[K<<(QDebug, const QBrush &);\n'}
[5.982430] (status_display) StderrLine: {'line': b'      |                     \x1b[01;36m\x1b[K^~~~~~~~\x1b[m\x1b[K\n'}
[5.982546] (status_display) StderrLine: {'line': b'\x1b[01m\x1b[K/usr/include/x86_64-linux-gnu/qt5/QtGui/qbrush.h:149:32:\x1b[m\x1b[K \x1b[01;36m\x1b[Knote: \x1b[m\x1b[K  no known conversion for argument 1 from \xe2\x80\x98\x1b[01m\x1b[Kstd::basic_ostream<char>\x1b[m\x1b[K\xe2\x80\x99 to \xe2\x80\x98\x1b[01m\x1b[KQDebug\x1b[m\x1b[K\xe2\x80\x99\n'}
[5.982669] (status_display) StderrLine: {'line': b'  149 | Q_GUI_EXPORT QDebug operator<<(\x1b[01;36m\x1b[KQDebug\x1b[m\x1b[K, const QBrush &);\n'}
[5.982784] (status_display) StderrLine: {'line': b'      |                                \x1b[01;36m\x1b[K^~~~~~\x1b[m\x1b[K\n'}
[5.982914] (status_display) StderrLine: {'line': b'In file included from \x1b[01m\x1b[K/usr/include/x86_64-linux-gnu/qt5/QtWidgets/qwidget.h:48\x1b[m\x1b[K,\n'}
[5.983002] (status_display) StderrLine: {'line': b'                 from \x1b[01m\x1b[K/usr/include/x86_64-linux-gnu/qt5/QtWidgets/qframe.h:44\x1b[m\x1b[K,\n'}
[5.983089] (status_display) StderrLine: {'line': b'                 from \x1b[01m\x1b[K/usr/include/x86_64-linux-gnu/qt5/QtWidgets/qlabel.h:44\x1b[m\x1b[K,\n'}
[5.983223] (status_display) StderrLine: {'line': b'                 from \x1b[01m\x1b[K/usr/include/x86_64-linux-gnu/qt5/QtWidgets/QLabel:1\x1b[m\x1b[K,\n'}
[5.983332] (status_display) StderrLine: {'line': b'                 from \x1b[01m\x1b[K/home/shenhang/ros_study/chapter3/topic_practice_workspace/src/status_display/src/sys_status_display.cpp:2\x1b[m\x1b[K:\n'}
[5.983416] (status_display) StderrLine: {'line': b'\x1b[01m\x1b[K/usr/include/x86_64-linux-gnu/qt5/QtGui/qpalette.h:212:27:\x1b[m\x1b[K \x1b[01;36m\x1b[Knote: \x1b[m\x1b[Kcandidate: \xe2\x80\x98\x1b[01m\x1b[KQDataStream& operator<<(QDataStream&, const QPalette&)\x1b[m\x1b[K\xe2\x80\x99\n'}
[5.983499] (status_display) StderrLine: {'line': b'  212 | Q_GUI_EXPORT QDataStream &\x1b[01;36m\x1b[Koperator\x1b[m\x1b[K<<(QDataStream &ds, const QPalette &p);\n'}
[5.983579] (status_display) StderrLine: {'line': b'      |                           \x1b[01;36m\x1b[K^~~~~~~~\x1b[m\x1b[K\n'}
[5.983659] (status_display) StderrLine: {'line': b'\x1b[01m\x1b[K/usr/include/x86_64-linux-gnu/qt5/QtGui/qpalette.h:195:62:\x1b[m\x1b[K \x1b[01;36m\x1b[Knote: \x1b[m\x1b[K  no known conversion for argument 1 from \xe2\x80\x98\x1b[01m\x1b[Kstd::basic_ostream<char>\x1b[m\x1b[K\xe2\x80\x99 to \xe2\x80\x98\x1b[01m\x1b[KQDataStream&\x1b[m\x1b[K\xe2\x80\x99\n'}
[5.983742] (status_display) StderrLine: {'line': b'  195 |     friend Q_GUI_EXPORT QDataStream &operator<<(\x1b[01;36m\x1b[KQDataStream &s\x1b[m\x1b[K, const QPalette &p);\n'}
[5.983829] (status_display) StderrLine: {'line': b'      |                                                 \x1b[01;36m\x1b[K~~~~~~~~~~~~~^\x1b[m\x1b[K\n'}
[5.983939] (status_display) StderrLine: {'line': b'\x1b[01m\x1b[K/usr/include/x86_64-linux-gnu/qt5/QtGui/qpalette.h:217:21:\x1b[m\x1b[K \x1b[01;36m\x1b[Knote: \x1b[m\x1b[Kcandidate: \xe2\x80\x98\x1b[01m\x1b[KQDebug operator<<(QDebug, const QPalette&)\x1b[m\x1b[K\xe2\x80\x99\n'}
[5.984022] (status_display) StderrLine: {'line': b'  217 | Q_GUI_EXPORT QDebug \x1b[01;36m\x1b[Koperator\x1b[m\x1b[K<<(QDebug, const QPalette &);\n'}
[5.984154] (status_display) StderrLine: {'line': b'      |                     \x1b[01;36m\x1b[K^~~~~~~~\x1b[m\x1b[K\n'}
[5.984245] (status_display) StderrLine: {'line': b'\x1b[01m\x1b[K/usr/include/x86_64-linux-gnu/qt5/QtGui/qpalette.h:217:32:\x1b[m\x1b[K \x1b[01;36m\x1b[Knote: \x1b[m\x1b[K  no known conversion for argument 1 from \xe2\x80\x98\x1b[01m\x1b[Kstd::basic_ostream<char>\x1b[m\x1b[K\xe2\x80\x99 to \xe2\x80\x98\x1b[01m\x1b[KQDebug\x1b[m\x1b[K\xe2\x80\x99\n'}
[5.984328] (status_display) StderrLine: {'line': b'  217 | Q_GUI_EXPORT QDebug operator<<(\x1b[01;36m\x1b[KQDebug\x1b[m\x1b[K, const QPalette &);\n'}
[5.984412] (status_display) StderrLine: {'line': b'      |                                \x1b[01;36m\x1b[K^~~~~~\x1b[m\x1b[K\n'}
[5.984493] (status_display) StderrLine: {'line': b'In file included from \x1b[01m\x1b[K/usr/include/x86_64-linux-gnu/qt5/QtWidgets/qwidget.h:49\x1b[m\x1b[K,\n'}
[5.984573] (status_display) StderrLine: {'line': b'                 from \x1b[01m\x1b[K/usr/include/x86_64-linux-gnu/qt5/QtWidgets/qframe.h:44\x1b[m\x1b[K,\n'}
[5.984662] (status_display) StderrLine: {'line': b'                 from \x1b[01m\x1b[K/usr/include/x86_64-linux-gnu/qt5/QtWidgets/qlabel.h:44\x1b[m\x1b[K,\n'}
[5.984802] (status_display) StderrLine: {'line': b'                 from \x1b[01m\x1b[K/usr/include/x86_64-linux-gnu/qt5/QtWidgets/QLabel:1\x1b[m\x1b[K,\n'}
[5.984977] (status_display) StderrLine: {'line': b'                 from \x1b[01m\x1b[K/home/shenhang/ros_study/chapter3/topic_practice_workspace/src/status_display/src/sys_status_display.cpp:2\x1b[m\x1b[K:\n'}
[5.985157] (status_display) StderrLine: {'line': b'\x1b[01m\x1b[K/usr/include/x86_64-linux-gnu/qt5/QtGui/qfont.h:374:27:\x1b[m\x1b[K \x1b[01;36m\x1b[Knote: \x1b[m\x1b[Kcandidate: \xe2\x80\x98\x1b[01m\x1b[KQDataStream& operator<<(QDataStream&, const QFont&)\x1b[m\x1b[K\xe2\x80\x99\n'}
[5.985331] (status_display) StderrLine: {'line': b'  374 | Q_GUI_EXPORT QDataStream &\x1b[01;36m\x1b[Koperator\x1b[m\x1b[K<<(QDataStream &, const QFont &);\n'}
[5.985455] (status_display) StderrLine: {'line': b'      |                           \x1b[01;36m\x1b[K^~~~~~~~\x1b[m\x1b[K\n'}
[5.985577] (status_display) StderrLine: {'line': b'\x1b[01m\x1b[K/usr/include/x86_64-linux-gnu/qt5/QtGui/qfont.h:336:49:\x1b[m\x1b[K \x1b[01;36m\x1b[Knote: \x1b[m\x1b[K  no known conversion for argument 1 from \xe2\x80\x98\x1b[01m\x1b[Kstd::basic_ostream<char>\x1b[m\x1b[K\xe2\x80\x99 to \xe2\x80\x98\x1b[01m\x1b[KQDataStream&\x1b[m\x1b[K\xe2\x80\x99\n'}
[5.985711] (status_display) StderrLine: {'line': b'  336 |     friend Q_GUI_EXPORT QDataStream &operator<<(\x1b[01;36m\x1b[KQDataStream &\x1b[m\x1b[K, const QFont &);\n'}
[5.985851] (status_display) StderrLine: {'line': b'      |                                                 \x1b[01;36m\x1b[K^~~~~~~~~~~~~\x1b[m\x1b[K\n'}
[5.985944] (status_display) StderrLine: {'line': b'\x1b[01m\x1b[K/usr/include/x86_64-linux-gnu/qt5/QtGui/qfont.h:379:21:\x1b[m\x1b[K \x1b[01;36m\x1b[Knote: \x1b[m\x1b[Kcandidate: \xe2\x80\x98\x1b[01m\x1b[KQDebug operator<<(QDebug, const QFont&)\x1b[m\x1b[K\xe2\x80\x99\n'}
[5.986045] (status_display) StderrLine: {'line': b'  379 | Q_GUI_EXPORT QDebug \x1b[01;36m\x1b[Koperator\x1b[m\x1b[K<<(QDebug, const QFont &);\n'}
[5.986176] (status_display) StderrLine: {'line': b'      |                     \x1b[01;36m\x1b[K^~~~~~~~\x1b[m\x1b[K\n'}
[5.986262] (status_display) StderrLine: {'line': b'\x1b[01m\x1b[K/usr/include/x86_64-linux-gnu/qt5/QtGui/qfont.h:341:43:\x1b[m\x1b[K \x1b[01;36m\x1b[Knote: \x1b[m\x1b[K  no known conversion for argument 1 from \xe2\x80\x98\x1b[01m\x1b[Kstd::basic_ostream<char>\x1b[m\x1b[K\xe2\x80\x99 to \xe2\x80\x98\x1b[01m\x1b[KQDebug\x1b[m\x1b[K\xe2\x80\x99\n'}
[5.986353] (status_display) StderrLine: {'line': b'  341 |     friend Q_GUI_EXPORT QDebug operator<<(\x1b[01;36m\x1b[KQDebug\x1b[m\x1b[K, const QFont &);\n'}
[5.986434] (status_display) StderrLine: {'line': b'      |                                           \x1b[01;36m\x1b[K^~~~~~\x1b[m\x1b[K\n'}
[5.986516] (status_display) StderrLine: {'line': b'In file included from \x1b[01m\x1b[K/usr/include/x86_64-linux-gnu/qt5/QtWidgets/qwidget.h:52\x1b[m\x1b[K,\n'}
[5.986627] (status_display) StderrLine: {'line': b'                 from \x1b[01m\x1b[K/usr/include/x86_64-linux-gnu/qt5/QtWidgets/qframe.h:44\x1b[m\x1b[K,\n'}
[5.986713] (status_display) StderrLine: {'line': b'                 from \x1b[01m\x1b[K/usr/include/x86_64-linux-gnu/qt5/QtWidgets/qlabel.h:44\x1b[m\x1b[K,\n'}
[5.986867] (status_display) StderrLine: {'line': b'                 from \x1b[01m\x1b[K/usr/include/x86_64-linux-gnu/qt5/QtWidgets/QLabel:1\x1b[m\x1b[K,\n'}
[5.987007] (status_display) StderrLine: {'line': b'                 from \x1b[01m\x1b[K/home/shenhang/ros_study/chapter3/topic_practice_workspace/src/status_display/src/sys_status_display.cpp:2\x1b[m\x1b[K:\n'}
[5.987208] (status_display) StderrLine: {'line': b'\x1b[01m\x1b[K/usr/include/x86_64-linux-gnu/qt5/QtWidgets/qsizepolicy.h:237:31:\x1b[m\x1b[K \x1b[01;36m\x1b[Knote: \x1b[m\x1b[Kcandidate: \xe2\x80\x98\x1b[01m\x1b[KQDataStream& operator<<(QDataStream&, const QSizePolicy&)\x1b[m\x1b[K\xe2\x80\x99\n'}
[5.987347] (status_display) StderrLine: {'line': b'  237 | Q_WIDGETS_EXPORT QDataStream &\x1b[01;36m\x1b[Koperator\x1b[m\x1b[K<<(QDataStream &, const QSizePolicy &);\n'}
[5.987502] (status_display) StderrLine: {'line': b'      |                               \x1b[01;36m\x1b[K^~~~~~~~\x1b[m\x1b[K\n'}
[5.987630] (status_display) StderrLine: {'line': b'\x1b[01m\x1b[K/usr/include/x86_64-linux-gnu/qt5/QtWidgets/qsizepolicy.h:173:53:\x1b[m\x1b[K \x1b[01;36m\x1b[Knote: \x1b[m\x1b[K  no known conversion for argument 1 from \xe2\x80\x98\x1b[01m\x1b[Kstd::basic_ostream<char>\x1b[m\x1b[K\xe2\x80\x99 to \xe2\x80\x98\x1b[01m\x1b[KQDataStream&\x1b[m\x1b[K\xe2\x80\x99\n'}
[5.987824] (status_display) StderrLine: {'line': b'  173 |     friend Q_WIDGETS_EXPORT QDataStream &operator<<(\x1b[01;36m\x1b[KQDataStream &\x1b[m\x1b[K, const QSizePolicy &);\n'}
[5.987975] (status_display) StderrLine: {'line': b'      |                                                     \x1b[01;36m\x1b[K^~~~~~~~~~~~~\x1b[m\x1b[K\n'}
[5.988155] (status_display) StderrLine: {'line': b'\x1b[01m\x1b[K/usr/include/x86_64-linux-gnu/qt5/QtWidgets/qsizepolicy.h:242:25:\x1b[m\x1b[K \x1b[01;36m\x1b[Knote: \x1b[m\x1b[Kcandidate: \xe2\x80\x98\x1b[01m\x1b[KQDebug operator<<(QDebug, const QSizePolicy&)\x1b[m\x1b[K\xe2\x80\x99\n'}
[5.988315] (status_display) StderrLine: {'line': b'  242 | Q_WIDGETS_EXPORT QDebug \x1b[01;36m\x1b[Koperator\x1b[m\x1b[K<<(QDebug dbg, const QSizePolicy &);\n'}
[5.988405] (status_display) StderrLine: {'line': b'      |                         \x1b[01;36m\x1b[K^~~~~~~~\x1b[m\x1b[K\n'}
[5.988495] (status_display) StderrLine: {'line': b'\x1b[01m\x1b[K/usr/include/x86_64-linux-gnu/qt5/QtWidgets/qsizepolicy.h:242:43:\x1b[m\x1b[K \x1b[01;36m\x1b[Knote: \x1b[m\x1b[K  no known conversion for argument 1 from \xe2\x80\x98\x1b[01m\x1b[Kstd::basic_ostream<char>\x1b[m\x1b[K\xe2\x80\x99 to \xe2\x80\x98\x1b[01m\x1b[KQDebug\x1b[m\x1b[K\xe2\x80\x99\n'}
[5.988583] (status_display) StderrLine: {'line': b'  242 | Q_WIDGETS_EXPORT QDebug operator<<(\x1b[01;36m\x1b[KQDebug dbg\x1b[m\x1b[K, const QSizePolicy &);\n'}
[5.988669] (status_display) StderrLine: {'line': b'      |                                    \x1b[01;36m\x1b[K~~~~~~~^~~\x1b[m\x1b[K\n'}
[5.988794] (status_display) StderrLine: {'line': b'In file included from \x1b[01m\x1b[K/usr/include/x86_64-linux-gnu/qt5/QtWidgets/qwidget.h:56\x1b[m\x1b[K,\n'}
[5.988884] (status_display) StderrLine: {'line': b'                 from \x1b[01m\x1b[K/usr/include/x86_64-linux-gnu/qt5/QtWidgets/qframe.h:44\x1b[m\x1b[K,\n'}
[5.988985] (status_display) StderrLine: {'line': b'                 from \x1b[01m\x1b[K/usr/include/x86_64-linux-gnu/qt5/QtWidgets/qlabel.h:44\x1b[m\x1b[K,\n'}
[5.989103] (status_display) StderrLine: {'line': b'                 from \x1b[01m\x1b[K/usr/include/x86_64-linux-gnu/qt5/QtWidgets/QLabel:1\x1b[m\x1b[K,\n'}
[5.989190] (status_display) StderrLine: {'line': b'                 from \x1b[01m\x1b[K/home/shenhang/ros_study/chapter3/topic_practice_workspace/src/status_display/src/sys_status_display.cpp:2\x1b[m\x1b[K:\n'}
[5.989407] (status_display) StderrLine: {'line': b'\x1b[01m\x1b[K/usr/include/x86_64-linux-gnu/qt5/QtGui/qkeysequence.h:213:38:\x1b[m\x1b[K \x1b[01;36m\x1b[Knote: \x1b[m\x1b[Kcandidate: \xe2\x80\x98\x1b[01m\x1b[KQDataStream& operator<<(QDataStream&, const QKeySequence&)\x1b[m\x1b[K\xe2\x80\x99\n'}
[5.989501] (status_display) StderrLine: {'line': b'  213 |     friend Q_GUI_EXPORT QDataStream &\x1b[01;36m\x1b[Koperator\x1b[m\x1b[K<<(QDataStream &in, const QKeySequence &ks);\n'}
[5.989582] (status_display) StderrLine: {'line': b'      |                                      \x1b[01;36m\x1b[K^~~~~~~~\x1b[m\x1b[K\n'}
[5.989663] (status_display) StderrLine: {'line': b'\x1b[01m\x1b[K/usr/include/x86_64-linux-gnu/qt5/QtGui/qkeysequence.h:58:51:\x1b[m\x1b[K \x1b[01;36m\x1b[Knote: \x1b[m\x1b[K  no known conversion for argument 1 from \xe2\x80\x98\x1b[01m\x1b[Kstd::basic_ostream<char>\x1b[m\x1b[K\xe2\x80\x99 to \xe2\x80\x98\x1b[01m\x1b[KQDataStream&\x1b[m\x1b[K\xe2\x80\x99\n'}
[5.989792] (status_display) StderrLine: {'line': b'   58 | Q_GUI_EXPORT QDataStream &operator<<(\x1b[01;36m\x1b[KQDataStream &in\x1b[m\x1b[K, const QKeySequence &ks);\n'}
[5.989879] (status_display) StderrLine: {'line': b'      |                                      \x1b[01;36m\x1b[K~~~~~~~~~~~~~^~\x1b[m\x1b[K\n'}
[5.990022] (status_display) StderrLine: {'line': b'\x1b[01m\x1b[K/usr/include/x86_64-linux-gnu/qt5/QtGui/qkeysequence.h:227:21:\x1b[m\x1b[K \x1b[01;36m\x1b[Knote: \x1b[m\x1b[Kcandidate: \xe2\x80\x98\x1b[01m\x1b[KQDebug operator<<(QDebug, const QKeySequence&)\x1b[m\x1b[K\xe2\x80\x99\n'}
[5.990229] (status_display) StderrLine: {'line': b'  227 | Q_GUI_EXPORT QDebug \x1b[01;36m\x1b[Koperator\x1b[m\x1b[K<<(QDebug, const QKeySequence &);\n'}
[5.990380] (status_display) StderrLine: {'line': b'      |                     \x1b[01;36m\x1b[K^~~~~~~~\x1b[m\x1b[K\n'}
[5.990518] (status_display) StderrLine: {'line': b'\x1b[01m\x1b[K/usr/include/x86_64-linux-gnu/qt5/QtGui/qkeysequence.h:227:32:\x1b[m\x1b[K \x1b[01;36m\x1b[Knote: \x1b[m\x1b[K  no known conversion for argument 1 from \xe2\x80\x98\x1b[01m\x1b[Kstd::basic_ostream<char>\x1b[m\x1b[K\xe2\x80\x99 to \xe2\x80\x98\x1b[01m\x1b[KQDebug\x1b[m\x1b[K\xe2\x80\x99\n'}
[5.990654] (status_display) StderrLine: {'line': b'  227 | Q_GUI_EXPORT QDebug operator<<(\x1b[01;36m\x1b[KQDebug\x1b[m\x1b[K, const QKeySequence &);\n'}
[5.990827] (status_display) StderrLine: {'line': b'      |                                \x1b[01;36m\x1b[K^~~~~~\x1b[m\x1b[K\n'}
[5.990980] (status_display) StderrLine: {'line': b'In file included from \x1b[01m\x1b[K/usr/include/x86_64-linux-gnu/qt5/QtWidgets/qframe.h:44\x1b[m\x1b[K,\n'}
[5.991146] (status_display) StderrLine: {'line': b'                 from \x1b[01m\x1b[K/usr/include/x86_64-linux-gnu/qt5/QtWidgets/qlabel.h:44\x1b[m\x1b[K,\n'}
[5.991291] (status_display) StderrLine: {'line': b'                 from \x1b[01m\x1b[K/usr/include/x86_64-linux-gnu/qt5/QtWidgets/QLabel:1\x1b[m\x1b[K,\n'}
[5.991431] (status_display) StderrLine: {'line': b'                 from \x1b[01m\x1b[K/home/shenhang/ros_study/chapter3/topic_practice_workspace/src/status_display/src/sys_status_display.cpp:2\x1b[m\x1b[K:\n'}
[5.991574] (status_display) StderrLine: {'line': b'\x1b[01m\x1b[K/usr/include/x86_64-linux-gnu/qt5/QtWidgets/qwidget.h:891:25:\x1b[m\x1b[K \x1b[01;36m\x1b[Knote: \x1b[m\x1b[Kcandidate: \xe2\x80\x98\x1b[01m\x1b[KQDebug operator<<(QDebug, const QWidget*)\x1b[m\x1b[K\xe2\x80\x99\n'}
[5.991734] (status_display) StderrLine: {'line': b'  891 | Q_WIDGETS_EXPORT QDebug \x1b[01;36m\x1b[Koperator\x1b[m\x1b[K<<(QDebug, const QWidget *);\n'}
[5.991861] (status_display) StderrLine: {'line': b'      |                         \x1b[01;36m\x1b[K^~~~~~~~\x1b[m\x1b[K\n'}
[5.991988] (status_display) StderrLine: {'line': b'\x1b[01m\x1b[K/usr/include/x86_64-linux-gnu/qt5/QtWidgets/qwidget.h:891:36:\x1b[m\x1b[K \x1b[01;36m\x1b[Knote: \x1b[m\x1b[K  no known conversion for argument 1 from \xe2\x80\x98\x1b[01m\x1b[Kstd::basic_ostream<char>\x1b[m\x1b[K\xe2\x80\x99 to \xe2\x80\x98\x1b[01m\x1b[KQDebug\x1b[m\x1b[K\xe2\x80\x99\n'}
[5.992190] (status_display) StderrLine: {'line': b'  891 | Q_WIDGETS_EXPORT QDebug operator<<(\x1b[01;36m\x1b[KQDebug\x1b[m\x1b[K, const QWidget *);\n'}
[5.992321] (status_display) StderrLine: {'line': b'      |                                    \x1b[01;36m\x1b[K^~~~~~\x1b[m\x1b[K\n'}
[5.992404] (status_display) StderrLine: {'line': b'\x1b[01m\x1b[K/home/shenhang/ros_study/chapter3/topic_practice_workspace/src/status_display/src/sys_status_display.cpp:28:5:\x1b[m\x1b[K \x1b[01;35m\x1b[Kwarning: \x1b[m\x1b[Kno return statement in function returning non-void [\x1b[01;35m\x1b[K\x1b]8;;https://gcc.gnu.org/onlinedocs/gcc/Warning-Options.html#index-Wreturn-type\x07-Wreturn-type\x1b]8;;\x07\x1b[m\x1b[K]\n'}
[5.992490] (status_display) StderrLine: {'line': b'   28 |     \x1b[01;35m\x1b[K}\x1b[m\x1b[K\n'}
[5.992575] (status_display) StderrLine: {'line': b'      |     \x1b[01;35m\x1b[K^\x1b[m\x1b[K\n'}
[5.992688] (status_display) StderrLine: {'line': b'\x1b[01m\x1b[K/home/shenhang/ros_study/chapter3/topic_practice_workspace/src/status_display/src/sys_status_display.cpp:\x1b[m\x1b[K In lambda function:\n'}
[5.992774] (status_display) StderrLine: {'line': b'\x1b[01m\x1b[K/home/shenhang/ros_study/chapter3/topic_practice_workspace/src/status_display/src/sys_status_display.cpp:35:99:\x1b[m\x1b[K \x1b[01;31m\x1b[Kerror: \x1b[m\x1b[K\xe2\x80\x98\x1b[01m\x1b[Kmsg\x1b[m\x1b[K\xe2\x80\x99 was not declared in this scope\n'}
[5.992856] (status_display) StderrLine: {'line': b'   35 |                                                               { label_->setText(get_qstr_from_msg(\x1b[01;31m\x1b[Kmsg\x1b[m\x1b[K)); });//\xe8\xae\xa2\xe9\x98\x85sys_status\xe8\xaf\x9d\xe9\xa2\x98\n'}
[5.992939] (status_display) StderrLine: {'line': b'      |                                                                                                   \x1b[01;31m\x1b[K^~~\x1b[m\x1b[K\n'}
[5.993020] (status_display) StderrLine: {'line': b'\x1b[01m\x1b[K/home/shenhang/ros_study/chapter3/topic_practice_workspace/src/status_display/src/sys_status_display.cpp:35:99:\x1b[m\x1b[K \x1b[01;36m\x1b[Knote: \x1b[m\x1b[Ksuggested alternatives:\n'}
[5.993155] (status_display) StderrLine: {'line': b'In file included from \x1b[01m\x1b[K/opt/ros/humble/include/builtin_interfaces/builtin_interfaces/msg/duration.hpp:7\x1b[m\x1b[K,\n'}
[5.993251] (status_display) StderrLine: {'line': b'                 from \x1b[01m\x1b[K/opt/ros/humble/include/rclcpp/rclcpp/duration.hpp:20\x1b[m\x1b[K,\n'}
[5.993332] (status_display) StderrLine: {'line': b'                 from \x1b[01m\x1b[K/opt/ros/humble/include/rclcpp/rclcpp/qos.hpp:20\x1b[m\x1b[K,\n'}
[5.993412] (status_display) StderrLine: {'line': b'                 from \x1b[01m\x1b[K/opt/ros/humble/include/rclcpp/rclcpp/node_interfaces/node_graph_interface.hpp:32\x1b[m\x1b[K,\n'}
[5.993492] (status_display) StderrLine: {'line': b'                 from \x1b[01m\x1b[K/opt/ros/humble/include/rclcpp/rclcpp/client.hpp:42\x1b[m\x1b[K,\n'}
[5.993573] (status_display) StderrLine: {'line': b'                 from \x1b[01m\x1b[K/opt/ros/humble/include/rclcpp/rclcpp/callback_group.hpp:24\x1b[m\x1b[K,\n'}
[5.993676] (status_display) StderrLine: {'line': b'                 from \x1b[01m\x1b[K/opt/ros/humble/include/rclcpp/rclcpp/any_executable.hpp:20\x1b[m\x1b[K,\n'}
[5.993763] (status_display) StderrLine: {'line': b'                 from \x1b[01m\x1b[K/opt/ros/humble/include/rclcpp/rclcpp/memory_strategy.hpp:25\x1b[m\x1b[K,\n'}
[5.993844] (status_display) StderrLine: {'line': b'                 from \x1b[01m\x1b[K/opt/ros/humble/include/rclcpp/rclcpp/memory_strategies.hpp:18\x1b[m\x1b[K,\n'}
[5.993923] (status_display) StderrLine: {'line': b'                 from \x1b[01m\x1b[K/opt/ros/humble/include/rclcpp/rclcpp/executor_options.hpp:20\x1b[m\x1b[K,\n'}
[5.994007] (status_display) StderrLine: {'line': b'                 from \x1b[01m\x1b[K/opt/ros/humble/include/rclcpp/rclcpp/executor.hpp:37\x1b[m\x1b[K,\n'}
[5.994132] (status_display) StderrLine: {'line': b'                 from \x1b[01m\x1b[K/opt/ros/humble/include/rclcpp/rclcpp/executors/multi_threaded_executor.hpp:25\x1b[m\x1b[K,\n'}
[5.994230] (status_display) StderrLine: {'line': b'                 from \x1b[01m\x1b[K/opt/ros/humble/include/rclcpp/rclcpp/executors.hpp:21\x1b[m\x1b[K,\n'}
[5.994311] (status_display) StderrLine: {'line': b'                 from \x1b[01m\x1b[K/opt/ros/humble/include/rclcpp/rclcpp/rclcpp.hpp:155\x1b[m\x1b[K,\n'}
[5.994391] (status_display) StderrLine: {'line': b'                 from \x1b[01m\x1b[K/home/shenhang/ros_study/chapter3/topic_practice_workspace/src/status_display/src/sys_status_display.cpp:4\x1b[m\x1b[K:\n'}
[5.994471] (status_display) StderrLine: {'line': b'\x1b[01m\x1b[K/opt/ros/humble/include/builtin_interfaces/builtin_interfaces/msg/detail/duration__struct.hpp:27:11:\x1b[m\x1b[K \x1b[01;36m\x1b[Knote: \x1b[m\x1b[K  \xe2\x80\x98\x1b[01m\x1b[Kbuiltin_interfaces::msg\x1b[m\x1b[K\xe2\x80\x99\n'}
[5.994553] (status_display) StderrLine: {'line': b'   27 | namespace \x1b[01;36m\x1b[Kmsg\x1b[m\x1b[K\n'}
[5.994655] (status_display) StderrLine: {'line': b'      |           \x1b[01;36m\x1b[K^~~\x1b[m\x1b[K\n'}
[5.994742] (status_display) StderrLine: {'line': b'In file included from \x1b[01m\x1b[K/opt/ros/humble/include/rcl_interfaces/rcl_interfaces/msg/set_parameters_result.hpp:7\x1b[m\x1b[K,\n'}
[5.994825] (status_display) StderrLine: {'line': b'                 from \x1b[01m\x1b[K/opt/ros/humble/include/rclcpp/rclcpp/qos_overriding_options.hpp:28\x1b[m\x1b[K,\n'}
[5.994952] (status_display) StderrLine: {'line': b'                 from \x1b[01m\x1b[K/opt/ros/humble/include/rclcpp/rclcpp/subscription_options.hpp:30\x1b[m\x1b[K,\n'}
[5.995120] (status_display) StderrLine: {'line': b'                 from \x1b[01m\x1b[K/opt/ros/humble/include/rclcpp/rclcpp/subscription.hpp:45\x1b[m\x1b[K,\n'}
[5.995284] (status_display) StderrLine: {'line': b'                 from \x1b[01m\x1b[K/opt/ros/humble/include/rclcpp/rclcpp/any_executable.hpp:25\x1b[m\x1b[K,\n'}
[5.995424] (status_display) StderrLine: {'line': b'                 from \x1b[01m\x1b[K/opt/ros/humble/include/rclcpp/rclcpp/memory_strategy.hpp:25\x1b[m\x1b[K,\n'}
[5.995584] (status_display) StderrLine: {'line': b'                 from \x1b[01m\x1b[K/opt/ros/humble/include/rclcpp/rclcpp/memory_strategies.hpp:18\x1b[m\x1b[K,\n'}
[5.995720] (status_display) StderrLine: {'line': b'                 from \x1b[01m\x1b[K/opt/ros/humble/include/rclcpp/rclcpp/executor_options.hpp:20\x1b[m\x1b[K,\n'}
[5.995848] (status_display) StderrLine: {'line': b'                 from \x1b[01m\x1b[K/opt/ros/humble/include/rclcpp/rclcpp/executor.hpp:37\x1b[m\x1b[K,\n'}
[5.995999] (status_display) StderrLine: {'line': b'                 from \x1b[01m\x1b[K/opt/ros/humble/include/rclcpp/rclcpp/executors/multi_threaded_executor.hpp:25\x1b[m\x1b[K,\n'}
[5.996192] (status_display) StderrLine: {'line': b'                 from \x1b[01m\x1b[K/opt/ros/humble/include/rclcpp/rclcpp/executors.hpp:21\x1b[m\x1b[K,\n'}
[5.996340] (status_display) StderrLine: {'line': b'                 from \x1b[01m\x1b[K/opt/ros/humble/include/rclcpp/rclcpp/rclcpp.hpp:155\x1b[m\x1b[K,\n'}
[5.996478] (status_display) StderrLine: {'line': b'                 from \x1b[01m\x1b[K/home/shenhang/ros_study/chapter3/topic_practice_workspace/src/status_display/src/sys_status_display.cpp:4\x1b[m\x1b[K:\n'}
[5.996650] (status_display) StderrLine: {'line': b'\x1b[01m\x1b[K/opt/ros/humble/include/rcl_interfaces/rcl_interfaces/msg/detail/set_parameters_result__struct.hpp:27:11:\x1b[m\x1b[K \x1b[01;36m\x1b[Knote: \x1b[m\x1b[K  \xe2\x80\x98\x1b[01m\x1b[Krcl_interfaces::msg\x1b[m\x1b[K\xe2\x80\x99\n'}
[5.996793] (status_display) StderrLine: {'line': b'   27 | namespace \x1b[01;36m\x1b[Kmsg\x1b[m\x1b[K\n'}
[5.996930] (status_display) StderrLine: {'line': b'      |           \x1b[01;36m\x1b[K^~~\x1b[m\x1b[K\n'}
[5.997106] (status_display) StderrLine: {'line': b'In file included from \x1b[01m\x1b[K/opt/ros/humble/include/statistics_msgs/statistics_msgs/msg/detail/metrics_message__struct.hpp:23\x1b[m\x1b[K,\n'}
[5.997260] (status_display) StderrLine: {'line': b'                 from \x1b[01m\x1b[K/opt/ros/humble/include/statistics_msgs/statistics_msgs/msg/metrics_message.hpp:7\x1b[m\x1b[K,\n'}
[5.997385] (status_display) StderrLine: {'line': b'                 from \x1b[01m\x1b[K/opt/ros/humble/include/libstatistics_collector/libstatistics_collector/collector/generate_statistics_message.hpp:21\x1b[m\x1b[K,\n'}
[5.997510] (status_display) StderrLine: {'line': b'                 from \x1b[01m\x1b[K/opt/ros/humble/include/rclcpp/rclcpp/topic_statistics/subscription_topic_statistics.hpp:23\x1b[m\x1b[K,\n'}
[5.997666] (status_display) StderrLine: {'line': b'                 from \x1b[01m\x1b[K/opt/ros/humble/include/rclcpp/rclcpp/subscription.hpp:50\x1b[m\x1b[K,\n'}
[5.997791] (status_display) StderrLine: {'line': b'                 from \x1b[01m\x1b[K/opt/ros/humble/include/rclcpp/rclcpp/any_executable.hpp:25\x1b[m\x1b[K,\n'}
[5.997910] (status_display) StderrLine: {'line': b'                 from \x1b[01m\x1b[K/opt/ros/humble/include/rclcpp/rclcpp/memory_strategy.hpp:25\x1b[m\x1b[K,\n'}
[5.998026] (status_display) StderrLine: {'line': b'                 from \x1b[01m\x1b[K/opt/ros/humble/include/rclcpp/rclcpp/memory_strategies.hpp:18\x1b[m\x1b[K,\n'}
[5.998171] (status_display) StderrLine: {'line': b'                 from \x1b[01m\x1b[K/opt/ros/humble/include/rclcpp/rclcpp/executor_options.hpp:20\x1b[m\x1b[K,\n'}
[5.998262] (status_display) StderrLine: {'line': b'                 from \x1b[01m\x1b[K/opt/ros/humble/include/rclcpp/rclcpp/executor.hpp:37\x1b[m\x1b[K,\n'}
[5.998343] (status_display) StderrLine: {'line': b'                 from \x1b[01m\x1b[K/opt/ros/humble/include/rclcpp/rclcpp/executors/multi_threaded_executor.hpp:25\x1b[m\x1b[K,\n'}
[5.998424] (status_display) StderrLine: {'line': b'                 from \x1b[01m\x1b[K/opt/ros/humble/include/rclcpp/rclcpp/executors.hpp:21\x1b[m\x1b[K,\n'}
[5.998552] (status_display) StderrLine: {'line': b'                 from \x1b[01m\x1b[K/opt/ros/humble/include/rclcpp/rclcpp/rclcpp.hpp:155\x1b[m\x1b[K,\n'}
[5.998659] (status_display) StderrLine: {'line': b'                 from \x1b[01m\x1b[K/home/shenhang/ros_study/chapter3/topic_practice_workspace/src/status_display/src/sys_status_display.cpp:4\x1b[m\x1b[K:\n'}
[5.998742] (status_display) StderrLine: {'line': b'\x1b[01m\x1b[K/opt/ros/humble/include/statistics_msgs/statistics_msgs/msg/detail/statistic_data_point__struct.hpp:27:11:\x1b[m\x1b[K \x1b[01;36m\x1b[Knote: \x1b[m\x1b[K  \xe2\x80\x98\x1b[01m\x1b[Kstatistics_msgs::msg\x1b[m\x1b[K\xe2\x80\x99\n'}
[5.998824] (status_display) StderrLine: {'line': b'   27 | namespace \x1b[01;36m\x1b[Kmsg\x1b[m\x1b[K\n'}
[5.998903] (status_display) StderrLine: {'line': b'      |           \x1b[01;36m\x1b[K^~~\x1b[m\x1b[K\n'}
[5.998983] (status_display) StderrLine: {'line': b'In file included from \x1b[01m\x1b[K/home/shenhang/ros_study/chapter3/topic_practice_workspace/install/status_interfaces/include/status_interfaces/status_interfaces/msg/system_status.hpp:7\x1b[m\x1b[K,\n'}
[5.999067] (status_display) StderrLine: {'line': b'                 from \x1b[01m\x1b[K/home/shenhang/ros_study/chapter3/topic_practice_workspace/src/status_display/src/sys_status_display.cpp:5\x1b[m\x1b[K:\n'}
[5.999197] (status_display) StderrLine: {'line': b'\x1b[01m\x1b[K/home/shenhang/ros_study/chapter3/topic_practice_workspace/install/status_interfaces/include/status_interfaces/status_interfaces/msg/detail/system_status__struct.hpp:31:11:\x1b[m\x1b[K \x1b[01;36m\x1b[Knote: \x1b[m\x1b[K  \xe2\x80\x98\x1b[01m\x1b[Kstatus_interfaces::msg\x1b[m\x1b[K\xe2\x80\x99\n'}
[5.999281] (status_display) StderrLine: {'line': b'   31 | namespace \x1b[01;36m\x1b[Kmsg\x1b[m\x1b[K\n'}
[5.999361] (status_display) StderrLine: {'line': b'      |           \x1b[01;36m\x1b[K^~~\x1b[m\x1b[K\n'}
[6.064367] (-) TimerEvent: {}
[6.166476] (-) TimerEvent: {}
[6.267043] (-) TimerEvent: {}
[6.367754] (-) TimerEvent: {}
[6.468577] (-) TimerEvent: {}
[6.571182] (-) TimerEvent: {}
[6.671668] (-) TimerEvent: {}
[6.772516] (-) TimerEvent: {}
[6.873146] (-) TimerEvent: {}
[6.974616] (-) TimerEvent: {}
[7.075200] (-) TimerEvent: {}
[7.176196] (-) TimerEvent: {}
[7.277205] (-) TimerEvent: {}
[7.377845] (-) TimerEvent: {}
[7.479262] (-) TimerEvent: {}
[7.580105] (-) TimerEvent: {}
[7.680632] (-) TimerEvent: {}
[7.781052] (-) TimerEvent: {}
[7.881614] (-) TimerEvent: {}
[7.983229] (-) TimerEvent: {}
[8.084339] (-) TimerEvent: {}
[8.185311] (-) TimerEvent: {}
[8.285876] (-) TimerEvent: {}
[8.387530] (-) TimerEvent: {}
[8.488127] (-) TimerEvent: {}
[8.589629] (-) TimerEvent: {}
[8.690142] (-) TimerEvent: {}
[8.790634] (-) TimerEvent: {}
[8.891190] (-) TimerEvent: {}
[8.991786] (-) TimerEvent: {}
[9.092192] (-) TimerEvent: {}
[9.192785] (-) TimerEvent: {}
[9.293293] (-) TimerEvent: {}
[9.394803] (-) TimerEvent: {}
[9.438664] (status_display) StderrLine: {'line': b'gmake[2]: *** [CMakeFiles/sys_status_display_exe.dir/build.make:76\xef\xbc\x9aCMakeFiles/sys_status_display_exe.dir/src/sys_status_display.cpp.o] \xe9\x94\x99\xe8\xaf\xaf 1\n'}
[9.439257] (status_display) StderrLine: {'line': b'gmake[1]: *** [CMakeFiles/Makefile2:165\xef\xbc\x9aCMakeFiles/sys_status_display_exe.dir/all] \xe9\x94\x99\xe8\xaf\xaf 2\n'}
[9.439465] (status_display) StderrLine: {'line': b'gmake: *** [Makefile:146\xef\xbc\x9aall] \xe9\x94\x99\xe8\xaf\xaf 2\n'}
[9.442702] (status_display) CommandEnded: {'returncode': 2}
[9.455961] (status_display) JobEnded: {'identifier': 'status_display', 'rc': 2}
[9.495858] (-) TimerEvent: {}
[9.498182] (-) EventReactorShutdown: {}
