[0.000000] (-) TimerEvent: {}
[0.001297] (status_interfaces) JobQueued: {'identifier': 'status_interfaces', 'dependencies': OrderedDict()}
[0.001386] (status_display) JobQueued: {'identifier': 'status_display', 'dependencies': OrderedDict([('status_interfaces', '/home/shenhang/ros_study/chapter3/topic_practice_workspace/install/status_interfaces')])}
[0.001441] (status_publisher) JobQueued: {'identifier': 'status_publisher', 'dependencies': OrderedDict([('status_interfaces', '/home/shenhang/ros_study/chapter3/topic_practice_workspace/install/status_interfaces')])}
[0.001489] (status_interfaces) JobStarted: {'identifier': 'status_interfaces'}
[0.012081] (status_interfaces) JobProgress: {'identifier': 'status_interfaces', 'progress': 'cmake'}
[0.013607] (status_interfaces) JobProgress: {'identifier': 'status_interfaces', 'progress': 'build'}
[0.013696] (status_interfaces) Command: {'cmd': ['/usr/bin/cmake', '--build', '/home/shenhang/ros_study/chapter3/topic_practice_workspace/build/status_interfaces', '--', '-j6', '-l6'], 'cwd': '/home/shenhang/ros_study/chapter3/topic_practice_workspace/build/status_interfaces', 'env': OrderedDict([('GJS_DEBUG_TOPICS', 'JS ERROR;JS LOG'), ('PYTHON_BASIC_REPL', '1'), ('LESSOPEN', '| /usr/bin/lesspipe %s'), ('LANGUAGE', 'zh_CN:zh'), ('USER', 'shenhang'), ('XDG_SESSION_TYPE', 'wayland'), ('GIT_ASKPASS', '/usr/share/code/resources/app/extensions/git/dist/askpass.sh'), ('SHLVL', '1'), ('LD_LIBRARY_PATH', '/home/shenhang/ros_study/chapter3/topic_practice_workspace/install/status_interfaces/lib:/opt/ros/humble/opt/rviz_ogre_vendor/lib:/opt/ros/humble/lib/x86_64-linux-gnu:/opt/ros/humble/lib'), ('HOME', '/home/shenhang'), ('CHROME_DESKTOP', 'code.desktop'), ('OLDPWD', '/home/shenhang/ros_study/chapter3/topic_practice_workspace/src'), ('TERM_PROGRAM_VERSION', '1.108.1'), ('DESKTOP_SESSION', 'ubuntu'), ('GIO_LAUNCHED_DESKTOP_FILE', '/usr/share/applications/code.desktop'), ('ROS_PYTHON_VERSION', '3'), ('GNOME_SHELL_SESSION_MODE', 'ubuntu'), ('GTK_MODULES', 'gail:atk-bridge'), ('VSCODE_GIT_ASKPASS_MAIN', '/usr/share/code/resources/app/extensions/git/dist/askpass-main.js'), ('VSCODE_GIT_ASKPASS_NODE', '/usr/share/code/code'), ('MANAGERPID', '2341'), ('PYDEVD_DISABLE_FILE_VALIDATION', '1'), ('SYSTEMD_EXEC_PID', '2505'), ('BUNDLED_DEBUGPY_PATH', '/home/shenhang/.vscode/extensions/ms-python.debugpy-2025.18.0-linux-x64/bundled/libs/debugpy'), ('IM_CONFIG_CHECK_ENV', '1'), ('VSCODE_PYTHON_AUTOACTIVATE_GUARD', '1'), ('DBUS_SESSION_BUS_ADDRESS', 'unix:path=/run/user/1000/bus'), ('COLORTERM', 'truecolor'), ('GIO_LAUNCHED_DESKTOP_FILE_PID', '9065'), ('IM_CONFIG_PHASE', '1'), ('WAYLAND_DISPLAY', 'wayland-0'), ('COLCON_PREFIX_PATH', '/home/shenhang/ros_study/chapter3/topic_practice_workspace/install'), ('ROS_DISTRO', 'humble'), ('LOGNAME', 'shenhang'), ('JOURNAL_STREAM', '8:12577'), ('_', '/usr/bin/colcon'), ('ROS_VERSION', '2'), ('XDG_SESSION_CLASS', 'user'), ('USERNAME', 'shenhang'), ('TERM', 'xterm-256color'), ('GNOME_DESKTOP_SESSION_ID', 'this-is-deprecated'), ('FC_FONTATIONS', '1'), ('ROS_LOCALHOST_ONLY', '0'), ('PATH', '/home/shenhang/.config/Code/User/globalStorage/github.copilot-chat/debugCommand:/home/shenhang/.config/Code/User/globalStorage/github.copilot-chat/copilotCli:/opt/ros/humble/bin:/usr/local/sbin:/usr/local/bin:/usr/sbin:/usr/bin:/sbin:/bin:/usr/games:/usr/local/games:/snap/bin:/snap/bin:/home/shenhang/.vscode/extensions/ms-python.debugpy-2025.18.0-linux-x64/bundled/scripts/noConfigScripts'), ('SESSION_MANAGER', 'local/shenhang-VirtualBox:@/tmp/.ICE-unix/2480,unix/shenhang-VirtualBox:/tmp/.ICE-unix/2480'), ('INVOCATION_ID', 'c3a81940805940c59e7ff094d6b33cb7'), ('XDG_MENU_PREFIX', 'gnome-'), ('GNOME_SETUP_DISPLAY', ':1'), ('XDG_RUNTIME_DIR', '/run/user/1000'), ('GDK_BACKEND', 'wayland'), ('DISPLAY', ':0'), ('VSCODE_DEBUGPY_ADAPTER_ENDPOINTS', '/home/shenhang/.vscode/extensions/ms-python.debugpy-2025.18.0-linux-x64/.noConfigDebugAdapterEndpoints/endpoint-51b4d5a485752e35.txt'), ('LANG', 'zh_CN.UTF-8'), ('XDG_CURRENT_DESKTOP', 'ubuntu:GNOME'), ('PYTHONSTARTUP', '/home/shenhang/.config/Code/User/workspaceStorage/ef4da6c00f614e73fdf73c604713ffa3/ms-python.python/pythonrc.py'), ('XMODIFIERS', '@im=ibus'), ('XDG_SESSION_DESKTOP', 'ubuntu'), ('XAUTHORITY', '/run/user/1000/.mutter-Xwaylandauth.OS4OJ3'), ('LS_COLORS', 'rs=0:di=01;34:ln=01;36:mh=00:pi=40;33:so=01;35:do=01;35:bd=40;33;01:cd=40;33;01:or=40;31;01:mi=00:su=37;41:sg=30;43:ca=30;41:tw=30;42:ow=34;42:st=37;44:ex=01;32:*.tar=01;31:*.tgz=01;31:*.arc=01;31:*.arj=01;31:*.taz=01;31:*.lha=01;31:*.lz4=01;31:*.lzh=01;31:*.lzma=01;31:*.tlz=01;31:*.txz=01;31:*.tzo=01;31:*.t7z=01;31:*.zip=01;31:*.z=01;31:*.dz=01;31:*.gz=01;31:*.lrz=01;31:*.lz=01;31:*.lzo=01;31:*.xz=01;31:*.zst=01;31:*.tzst=01;31:*.bz2=01;31:*.bz=01;31:*.tbz=01;31:*.tbz2=01;31:*.tz=01;31:*.deb=01;31:*.rpm=01;31:*.jar=01;31:*.war=01;31:*.ear=01;31:*.sar=01;31:*.rar=01;31:*.alz=01;31:*.ace=01;31:*.zoo=01;31:*.cpio=01;31:*.7z=01;31:*.rz=01;31:*.cab=01;31:*.wim=01;31:*.swm=01;31:*.dwm=01;31:*.esd=01;31:*.jpg=01;35:*.jpeg=01;35:*.mjpg=01;35:*.mjpeg=01;35:*.gif=01;35:*.bmp=01;35:*.pbm=01;35:*.pgm=01;35:*.ppm=01;35:*.tga=01;35:*.xbm=01;35:*.xpm=01;35:*.tif=01;35:*.tiff=01;35:*.png=01;35:*.svg=01;35:*.svgz=01;35:*.mng=01;35:*.pcx=01;35:*.mov=01;35:*.mpg=01;35:*.mpeg=01;35:*.m2v=01;35:*.mkv=01;35:*.webm=01;35:*.webp=01;35:*.ogm=01;35:*.mp4=01;35:*.m4v=01;35:*.mp4v=01;35:*.vob=01;35:*.qt=01;35:*.nuv=01;35:*.wmv=01;35:*.asf=01;35:*.rm=01;35:*.rmvb=01;35:*.flc=01;35:*.avi=01;35:*.fli=01;35:*.flv=01;35:*.gl=01;35:*.dl=01;35:*.xcf=01;35:*.xwd=01;35:*.yuv=01;35:*.cgm=01;35:*.emf=01;35:*.ogv=01;35:*.ogx=01;35:*.aac=00;36:*.au=00;36:*.flac=00;36:*.m4a=00;36:*.mid=00;36:*.midi=00;36:*.mka=00;36:*.mp3=00;36:*.mpc=00;36:*.ogg=00;36:*.ra=00;36:*.wav=00;36:*.oga=00;36:*.opus=00;36:*.spx=00;36:*.xspf=00;36:'), ('VSCODE_GIT_IPC_HANDLE', '/run/user/1000/vscode-git-cae9e6a9f3.sock'), ('TERM_PROGRAM', 'vscode'), ('SSH_AGENT_LAUNCHER', 'gnome-keyring'), ('SSH_AUTH_SOCK', '/run/user/1000/keyring/ssh'), ('AMENT_PREFIX_PATH', '/home/shenhang/ros_study/chapter3/topic_practice_workspace/install/status_display:/home/shenhang/ros_study/chapter3/topic_practice_workspace/install/status_publisher:/home/shenhang/ros_study/chapter3/topic_practice_workspace/install/status_interfaces:/opt/ros/humble'), ('SHELL', '/bin/bash'), ('QT_ACCESSIBILITY', '1'), ('GDMSESSION', 'ubuntu'), ('LESSCLOSE', '/usr/bin/lesspipe %s %s'), ('GJS_DEBUG_OUTPUT', 'stderr'), ('VSCODE_GIT_ASKPASS_EXTRA_ARGS', ''), ('QT_IM_MODULE', 'ibus'), ('PWD', '/home/shenhang/ros_study/chapter3/topic_practice_workspace/build/status_interfaces'), ('XDG_CONFIG_DIRS', '/etc/xdg/xdg-ubuntu:/etc/xdg'), ('XDG_DATA_DIRS', '/usr/share/ubuntu:/usr/local/share/:/usr/share/:/var/lib/snapd/desktop'), ('PYTHONPATH', '/home/shenhang/ros_study/chapter3/topic_practice_workspace/install/status_publisher/lib/python3.10/site-packages:/home/shenhang/ros_study/chapter3/topic_practice_workspace/install/status_interfaces/local/lib/python3.10/dist-packages:/opt/ros/humble/lib/python3.10/site-packages:/opt/ros/humble/local/lib/python3.10/dist-packages'), ('COLCON', '1'), ('CMAKE_PREFIX_PATH', '/home/shenhang/ros_study/chapter3/topic_practice_workspace/install/status_display:/home/shenhang/ros_study/chapter3/topic_practice_workspace/install/status_interfaces:/home/shenhang/ros_study/chapter3/topic_practice_workspace/install/status_publisher:/opt/ros/humble')]), 'shell': False}
[0.098782] (status_interfaces) StdoutLine: {'line': b'[  9%] Built target status_interfaces__rosidl_generator_c\n'}
[0.099108] (-) TimerEvent: {}
[0.100665] (status_interfaces) StdoutLine: {'line': b'[ 12%] Built target status_interfaces__cpp\n'}
[0.112801] (status_interfaces) StdoutLine: {'line': b'[ 12%] Built target ament_cmake_python_copy_status_interfaces\n'}
[0.167003] (status_interfaces) StdoutLine: {'line': b'[ 32%] Built target status_interfaces__rosidl_typesupport_fastrtps_c\n'}
[0.170759] (status_interfaces) StdoutLine: {'line': b'[ 32%] Built target status_interfaces__rosidl_typesupport_cpp\n'}
[0.171043] (status_interfaces) StdoutLine: {'line': b'[ 41%] Built target status_interfaces__rosidl_typesupport_introspection_c\n'}
[0.179099] (status_interfaces) StdoutLine: {'line': b'[ 51%] Built target status_interfaces__rosidl_typesupport_c\n'}
[0.183803] (status_interfaces) StdoutLine: {'line': b'[ 61%] Built target status_interfaces__rosidl_typesupport_fastrtps_cpp\n'}
[0.196505] (status_interfaces) StdoutLine: {'line': b'[ 70%] Built target status_interfaces__rosidl_typesupport_introspection_cpp\n'}
[0.199850] (-) TimerEvent: {}
[0.226876] (status_interfaces) StdoutLine: {'line': b'[ 70%] Built target status_interfaces\n'}
[0.263926] (status_interfaces) StdoutLine: {'line': b'[ 74%] Built target status_interfaces__py\n'}
[0.300228] (-) TimerEvent: {}
[0.308849] (status_interfaces) StdoutLine: {'line': b'[ 80%] Built target status_interfaces__rosidl_generator_py\n'}
[0.351989] (status_interfaces) StdoutLine: {'line': b'[ 87%] Built target status_interfaces__rosidl_typesupport_fastrtps_c__pyext\n'}
[0.361672] (status_interfaces) StdoutLine: {'line': b'[ 93%] Built target status_interfaces__rosidl_typesupport_introspection_c__pyext\n'}
[0.361956] (status_interfaces) StdoutLine: {'line': b'[100%] Built target status_interfaces__rosidl_typesupport_c__pyext\n'}
[0.400377] (-) TimerEvent: {}
[0.501289] (-) TimerEvent: {}
[0.601879] (-) TimerEvent: {}
[0.620337] (status_interfaces) StdoutLine: {'line': b'running egg_info\n'}
[0.621749] (status_interfaces) StdoutLine: {'line': b'writing status_interfaces.egg-info/PKG-INFO\n'}
[0.621929] (status_interfaces) StdoutLine: {'line': b'writing dependency_links to status_interfaces.egg-info/dependency_links.txt\n'}
[0.622141] (status_interfaces) StdoutLine: {'line': b'writing top-level names to status_interfaces.egg-info/top_level.txt\n'}
[0.624942] (status_interfaces) StdoutLine: {'line': b"reading manifest file 'status_interfaces.egg-info/SOURCES.txt'\n"}
[0.625843] (status_interfaces) StdoutLine: {'line': b"writing manifest file 'status_interfaces.egg-info/SOURCES.txt'\n"}
[0.670110] (status_interfaces) StdoutLine: {'line': b'[100%] Built target ament_cmake_python_build_status_interfaces_egg\n'}
[0.691262] (status_interfaces) CommandEnded: {'returncode': 0}
[0.692367] (status_interfaces) JobProgress: {'identifier': 'status_interfaces', 'progress': 'install'}
[0.702264] (-) TimerEvent: {}
[0.707829] (status_interfaces) Command: {'cmd': ['/usr/bin/cmake', '--install', '/home/shenhang/ros_study/chapter3/topic_practice_workspace/build/status_interfaces'], 'cwd': '/home/shenhang/ros_study/chapter3/topic_practice_workspace/build/status_interfaces', 'env': OrderedDict([('GJS_DEBUG_TOPICS', 'JS ERROR;JS LOG'), ('PYTHON_BASIC_REPL', '1'), ('LESSOPEN', '| /usr/bin/lesspipe %s'), ('LANGUAGE', 'zh_CN:zh'), ('USER', 'shenhang'), ('XDG_SESSION_TYPE', 'wayland'), ('GIT_ASKPASS', '/usr/share/code/resources/app/extensions/git/dist/askpass.sh'), ('SHLVL', '1'), ('LD_LIBRARY_PATH', '/home/shenhang/ros_study/chapter3/topic_practice_workspace/install/status_interfaces/lib:/opt/ros/humble/opt/rviz_ogre_vendor/lib:/opt/ros/humble/lib/x86_64-linux-gnu:/opt/ros/humble/lib'), ('HOME', '/home/shenhang'), ('CHROME_DESKTOP', 'code.desktop'), ('OLDPWD', '/home/shenhang/ros_study/chapter3/topic_practice_workspace/src'), ('TERM_PROGRAM_VERSION', '1.108.1'), ('DESKTOP_SESSION', 'ubuntu'), ('GIO_LAUNCHED_DESKTOP_FILE', '/usr/share/applications/code.desktop'), ('ROS_PYTHON_VERSION', '3'), ('GNOME_SHELL_SESSION_MODE', 'ubuntu'), ('GTK_MODULES', 'gail:atk-bridge'), ('VSCODE_GIT_ASKPASS_MAIN', '/usr/share/code/resources/app/extensions/git/dist/askpass-main.js'), ('VSCODE_GIT_ASKPASS_NODE', '/usr/share/code/code'), ('MANAGERPID', '2341'), ('PYDEVD_DISABLE_FILE_VALIDATION', '1'), ('SYSTEMD_EXEC_PID', '2505'), ('BUNDLED_DEBUGPY_PATH', '/home/shenhang/.vscode/extensions/ms-python.debugpy-2025.18.0-linux-x64/bundled/libs/debugpy'), ('IM_CONFIG_CHECK_ENV', '1'), ('VSCODE_PYTHON_AUTOACTIVATE_GUARD', '1'), ('DBUS_SESSION_BUS_ADDRESS', 'unix:path=/run/user/1000/bus'), ('COLORTERM', 'truecolor'), ('GIO_LAUNCHED_DESKTOP_FILE_PID', '9065'), ('IM_CONFIG_PHASE', '1'), ('WAYLAND_DISPLAY', 'wayland-0'), ('COLCON_PREFIX_PATH', '/home/shenhang/ros_study/chapter3/topic_practice_workspace/install'), ('ROS_DISTRO', 'humble'), ('LOGNAME', 'shenhang'), ('JOURNAL_STREAM', '8:12577'), ('_', '/usr/bin/colcon'), ('ROS_VERSION', '2'), ('XDG_SESSION_CLASS', 'user'), ('USERNAME', 'shenhang'), ('TERM', 'xterm-256color'), ('GNOME_DESKTOP_SESSION_ID', 'this-is-deprecated'), ('FC_FONTATIONS', '1'), ('ROS_LOCALHOST_ONLY', '0'), ('PATH', '/home/shenhang/.config/Code/User/globalStorage/github.copilot-chat/debugCommand:/home/shenhang/.config/Code/User/globalStorage/github.copilot-chat/copilotCli:/opt/ros/humble/bin:/usr/local/sbin:/usr/local/bin:/usr/sbin:/usr/bin:/sbin:/bin:/usr/games:/usr/local/games:/snap/bin:/snap/bin:/home/shenhang/.vscode/extensions/ms-python.debugpy-2025.18.0-linux-x64/bundled/scripts/noConfigScripts'), ('SESSION_MANAGER', 'local/shenhang-VirtualBox:@/tmp/.ICE-unix/2480,unix/shenhang-VirtualBox:/tmp/.ICE-unix/2480'), ('INVOCATION_ID', 'c3a81940805940c59e7ff094d6b33cb7'), ('XDG_MENU_PREFIX', 'gnome-'), ('GNOME_SETUP_DISPLAY', ':1'), ('XDG_RUNTIME_DIR', '/run/user/1000'), ('GDK_BACKEND', 'wayland'), ('DISPLAY', ':0'), ('VSCODE_DEBUGPY_ADAPTER_ENDPOINTS', '/home/shenhang/.vscode/extensions/ms-python.debugpy-2025.18.0-linux-x64/.noConfigDebugAdapterEndpoints/endpoint-51b4d5a485752e35.txt'), ('LANG', 'zh_CN.UTF-8'), ('XDG_CURRENT_DESKTOP', 'ubuntu:GNOME'), ('PYTHONSTARTUP', '/home/shenhang/.config/Code/User/workspaceStorage/ef4da6c00f614e73fdf73c604713ffa3/ms-python.python/pythonrc.py'), ('XMODIFIERS', '@im=ibus'), ('XDG_SESSION_DESKTOP', 'ubuntu'), ('XAUTHORITY', '/run/user/1000/.mutter-Xwaylandauth.OS4OJ3'), ('LS_COLORS', 'rs=0:di=01;34:ln=01;36:mh=00:pi=40;33:so=01;35:do=01;35:bd=40;33;01:cd=40;33;01:or=40;31;01:mi=00:su=37;41:sg=30;43:ca=30;41:tw=30;42:ow=34;42:st=37;44:ex=01;32:*.tar=01;31:*.tgz=01;31:*.arc=01;31:*.arj=01;31:*.taz=01;31:*.lha=01;31:*.lz4=01;31:*.lzh=01;31:*.lzma=01;31:*.tlz=01;31:*.txz=01;31:*.tzo=01;31:*.t7z=01;31:*.zip=01;31:*.z=01;31:*.dz=01;31:*.gz=01;31:*.lrz=01;31:*.lz=01;31:*.lzo=01;31:*.xz=01;31:*.zst=01;31:*.tzst=01;31:*.bz2=01;31:*.bz=01;31:*.tbz=01;31:*.tbz2=01;31:*.tz=01;31:*.deb=01;31:*.rpm=01;31:*.jar=01;31:*.war=01;31:*.ear=01;31:*.sar=01;31:*.rar=01;31:*.alz=01;31:*.ace=01;31:*.zoo=01;31:*.cpio=01;31:*.7z=01;31:*.rz=01;31:*.cab=01;31:*.wim=01;31:*.swm=01;31:*.dwm=01;31:*.esd=01;31:*.jpg=01;35:*.jpeg=01;35:*.mjpg=01;35:*.mjpeg=01;35:*.gif=01;35:*.bmp=01;35:*.pbm=01;35:*.pgm=01;35:*.ppm=01;35:*.tga=01;35:*.xbm=01;35:*.xpm=01;35:*.tif=01;35:*.tiff=01;35:*.png=01;35:*.svg=01;35:*.svgz=01;35:*.mng=01;35:*.pcx=01;35:*.mov=01;35:*.mpg=01;35:*.mpeg=01;35:*.m2v=01;35:*.mkv=01;35:*.webm=01;35:*.webp=01;35:*.ogm=01;35:*.mp4=01;35:*.m4v=01;35:*.mp4v=01;35:*.vob=01;35:*.qt=01;35:*.nuv=01;35:*.wmv=01;35:*.asf=01;35:*.rm=01;35:*.rmvb=01;35:*.flc=01;35:*.avi=01;35:*.fli=01;35:*.flv=01;35:*.gl=01;35:*.dl=01;35:*.xcf=01;35:*.xwd=01;35:*.yuv=01;35:*.cgm=01;35:*.emf=01;35:*.ogv=01;35:*.ogx=01;35:*.aac=00;36:*.au=00;36:*.flac=00;36:*.m4a=00;36:*.mid=00;36:*.midi=00;36:*.mka=00;36:*.mp3=00;36:*.mpc=00;36:*.ogg=00;36:*.ra=00;36:*.wav=00;36:*.oga=00;36:*.opus=00;36:*.spx=00;36:*.xspf=00;36:'), ('VSCODE_GIT_IPC_HANDLE', '/run/user/1000/vscode-git-cae9e6a9f3.sock'), ('TERM_PROGRAM', 'vscode'), ('SSH_AGENT_LAUNCHER', 'gnome-keyring'), ('SSH_AUTH_SOCK', '/run/user/1000/keyring/ssh'), ('AMENT_PREFIX_PATH', '/home/shenhang/ros_study/chapter3/topic_practice_workspace/install/status_display:/home/shenhang/ros_study/chapter3/topic_practice_workspace/install/status_publisher:/home/shenhang/ros_study/chapter3/topic_practice_workspace/install/status_interfaces:/opt/ros/humble'), ('SHELL', '/bin/bash'), ('QT_ACCESSIBILITY', '1'), ('GDMSESSION', 'ubuntu'), ('LESSCLOSE', '/usr/bin/lesspipe %s %s'), ('GJS_DEBUG_OUTPUT', 'stderr'), ('VSCODE_GIT_ASKPASS_EXTRA_ARGS', ''), ('QT_IM_MODULE', 'ibus'), ('PWD', '/home/shenhang/ros_study/chapter3/topic_practice_workspace/build/status_interfaces'), ('XDG_CONFIG_DIRS', '/etc/xdg/xdg-ubuntu:/etc/xdg'), ('XDG_DATA_DIRS', '/usr/share/ubuntu:/usr/local/share/:/usr/share/:/var/lib/snapd/desktop'), ('PYTHONPATH', '/home/shenhang/ros_study/chapter3/topic_practice_workspace/install/status_publisher/lib/python3.10/site-packages:/home/shenhang/ros_study/chapter3/topic_practice_workspace/install/status_interfaces/local/lib/python3.10/dist-packages:/opt/ros/humble/lib/python3.10/site-packages:/opt/ros/humble/local/lib/python3.10/dist-packages'), ('COLCON', '1'), ('CMAKE_PREFIX_PATH', '/home/shenhang/ros_study/chapter3/topic_practice_workspace/install/status_display:/home/shenhang/ros_study/chapter3/topic_practice_workspace/install/status_interfaces:/home/shenhang/ros_study/chapter3/topic_practice_workspace/install/status_publisher:/opt/ros/humble')]), 'shell': False}
[0.718830] (status_interfaces) StdoutLine: {'line': b'-- Install configuration: ""\n'}
[0.719009] (status_interfaces) StdoutLine: {'line': b'-- Up-to-date: /home/shenhang/ros_study/chapter3/topic_practice_workspace/install/status_interfaces/share/ament_index/resource_index/rosidl_interfaces/status_interfaces\n'}
[0.719184] (status_interfaces) StdoutLine: {'line': b'-- Up-to-date: /home/shenhang/ros_study/chapter3/topic_practice_workspace/install/status_interfaces/include/status_interfaces/status_interfaces\n'}
[0.719392] (status_interfaces) StdoutLine: {'line': b'-- Up-to-date: /home/shenhang/ros_study/chapter3/topic_practice_workspace/install/status_interfaces/include/status_interfaces/status_interfaces/msg\n'}
[0.719490] (status_interfaces) StdoutLine: {'line': b'-- Up-to-date: /home/shenhang/ros_study/chapter3/topic_practice_workspace/install/status_interfaces/include/status_interfaces/status_interfaces/msg/rosidl_generator_c__visibility_control.h\n'}
[0.719593] (status_interfaces) StdoutLine: {'line': b'-- Up-to-date: /home/shenhang/ros_study/chapter3/topic_practice_workspace/install/status_interfaces/include/status_interfaces/status_interfaces/msg/system_status.h\n'}
[0.719809] (status_interfaces) StdoutLine: {'line': b'-- Up-to-date: /home/shenhang/ros_study/chapter3/topic_practice_workspace/install/status_interfaces/include/status_interfaces/status_interfaces/msg/detail\n'}
[0.719919] (status_interfaces) StdoutLine: {'line': b'-- Up-to-date: /home/shenhang/ros_study/chapter3/topic_practice_workspace/install/status_interfaces/include/status_interfaces/status_interfaces/msg/detail/system_status__struct.h\n'}
[0.720099] (status_interfaces) StdoutLine: {'line': b'-- Up-to-date: /home/shenhang/ros_study/chapter3/topic_practice_workspace/install/status_interfaces/include/status_interfaces/status_interfaces/msg/detail/system_status__functions.c\n'}
[0.720201] (status_interfaces) StdoutLine: {'line': b'-- Up-to-date: /home/shenhang/ros_study/chapter3/topic_practice_workspace/install/status_interfaces/include/status_interfaces/status_interfaces/msg/detail/system_status__type_support.h\n'}
[0.720377] (status_interfaces) StdoutLine: {'line': b'-- Up-to-date: /home/shenhang/ros_study/chapter3/topic_practice_workspace/install/status_interfaces/include/status_interfaces/status_interfaces/msg/detail/system_status__functions.h\n'}
[0.720866] (status_interfaces) StdoutLine: {'line': b'-- Up-to-date: /home/shenhang/ros_study/chapter3/topic_practice_workspace/install/status_interfaces/share/status_interfaces/environment/library_path.sh\n'}
[0.721207] (status_interfaces) StdoutLine: {'line': b'-- Up-to-date: /home/shenhang/ros_study/chapter3/topic_practice_workspace/install/status_interfaces/share/status_interfaces/environment/library_path.dsv\n'}
[0.721660] (status_interfaces) StdoutLine: {'line': b'-- Up-to-date: /home/shenhang/ros_study/chapter3/topic_practice_workspace/install/status_interfaces/lib/libstatus_interfaces__rosidl_generator_c.so\n'}
[0.721861] (status_interfaces) StdoutLine: {'line': b'-- Up-to-date: /home/shenhang/ros_study/chapter3/topic_practice_workspace/install/status_interfaces/include/status_interfaces/status_interfaces\n'}
[0.722015] (status_interfaces) StdoutLine: {'line': b'-- Up-to-date: /home/shenhang/ros_study/chapter3/topic_practice_workspace/install/status_interfaces/include/status_interfaces/status_interfaces/msg\n'}
[0.722124] (status_interfaces) StdoutLine: {'line': b'-- Up-to-date: /home/shenhang/ros_study/chapter3/topic_practice_workspace/install/status_interfaces/include/status_interfaces/status_interfaces/msg/rosidl_typesupport_fastrtps_c__visibility_control.h\n'}
[0.722274] (status_interfaces) StdoutLine: {'line': b'-- Up-to-date: /home/shenhang/ros_study/chapter3/topic_practice_workspace/install/status_interfaces/include/status_interfaces/status_interfaces/msg/detail\n'}
[0.722402] (status_interfaces) StdoutLine: {'line': b'-- Up-to-date: /home/shenhang/ros_study/chapter3/topic_practice_workspace/install/status_interfaces/include/status_interfaces/status_interfaces/msg/detail/system_status__rosidl_typesupport_fastrtps_c.h\n'}
[0.722510] (status_interfaces) StdoutLine: {'line': b'-- Up-to-date: /home/shenhang/ros_study/chapter3/topic_practice_workspace/install/status_interfaces/lib/libstatus_interfaces__rosidl_typesupport_fastrtps_c.so\n'}
[0.722615] (status_interfaces) StdoutLine: {'line': b'-- Up-to-date: /home/shenhang/ros_study/chapter3/topic_practice_workspace/install/status_interfaces/include/status_interfaces/status_interfaces\n'}
[0.722843] (status_interfaces) StdoutLine: {'line': b'-- Up-to-date: /home/shenhang/ros_study/chapter3/topic_practice_workspace/install/status_interfaces/include/status_interfaces/status_interfaces/msg\n'}
[0.722962] (status_interfaces) StdoutLine: {'line': b'-- Up-to-date: /home/shenhang/ros_study/chapter3/topic_practice_workspace/install/status_interfaces/include/status_interfaces/status_interfaces/msg/rosidl_generator_cpp__visibility_control.hpp\n'}
[0.723070] (status_interfaces) StdoutLine: {'line': b'-- Up-to-date: /home/shenhang/ros_study/chapter3/topic_practice_workspace/install/status_interfaces/include/status_interfaces/status_interfaces/msg/detail\n'}
[0.723176] (status_interfaces) StdoutLine: {'line': b'-- Up-to-date: /home/shenhang/ros_study/chapter3/topic_practice_workspace/install/status_interfaces/include/status_interfaces/status_interfaces/msg/detail/system_status__struct.hpp\n'}
[0.723408] (status_interfaces) StdoutLine: {'line': b'-- Up-to-date: /home/shenhang/ros_study/chapter3/topic_practice_workspace/install/status_interfaces/include/status_interfaces/status_interfaces/msg/detail/system_status__builder.hpp\n'}
[0.723521] (status_interfaces) StdoutLine: {'line': b'-- Up-to-date: /home/shenhang/ros_study/chapter3/topic_practice_workspace/install/status_interfaces/include/status_interfaces/status_interfaces/msg/detail/system_status__type_support.hpp\n'}
[0.723840] (status_interfaces) StdoutLine: {'line': b'-- Up-to-date: /home/shenhang/ros_study/chapter3/topic_practice_workspace/install/status_interfaces/include/status_interfaces/status_interfaces/msg/detail/system_status__traits.hpp\n'}
[0.723997] (status_interfaces) StdoutLine: {'line': b'-- Up-to-date: /home/shenhang/ros_study/chapter3/topic_practice_workspace/install/status_interfaces/include/status_interfaces/status_interfaces/msg/system_status.hpp\n'}
[0.724114] (status_interfaces) StdoutLine: {'line': b'-- Up-to-date: /home/shenhang/ros_study/chapter3/topic_practice_workspace/install/status_interfaces/include/status_interfaces/status_interfaces\n'}
[0.724305] (status_interfaces) StdoutLine: {'line': b'-- Up-to-date: /home/shenhang/ros_study/chapter3/topic_practice_workspace/install/status_interfaces/include/status_interfaces/status_interfaces/msg\n'}
[0.724399] (status_interfaces) StdoutLine: {'line': b'-- Up-to-date: /home/shenhang/ros_study/chapter3/topic_practice_workspace/install/status_interfaces/include/status_interfaces/status_interfaces/msg/rosidl_typesupport_fastrtps_cpp__visibility_control.h\n'}
[0.724552] (status_interfaces) StdoutLine: {'line': b'-- Up-to-date: /home/shenhang/ros_study/chapter3/topic_practice_workspace/install/status_interfaces/include/status_interfaces/status_interfaces/msg/detail\n'}
[0.724654] (status_interfaces) StdoutLine: {'line': b'-- Up-to-date: /home/shenhang/ros_study/chapter3/topic_practice_workspace/install/status_interfaces/include/status_interfaces/status_interfaces/msg/detail/dds_fastrtps\n'}
[0.724789] (status_interfaces) StdoutLine: {'line': b'-- Up-to-date: /home/shenhang/ros_study/chapter3/topic_practice_workspace/install/status_interfaces/include/status_interfaces/status_interfaces/msg/detail/system_status__rosidl_typesupport_fastrtps_cpp.hpp\n'}
[0.724887] (status_interfaces) StdoutLine: {'line': b'-- Up-to-date: /home/shenhang/ros_study/chapter3/topic_practice_workspace/install/status_interfaces/lib/libstatus_interfaces__rosidl_typesupport_fastrtps_cpp.so\n'}
[0.724996] (status_interfaces) StdoutLine: {'line': b'-- Up-to-date: /home/shenhang/ros_study/chapter3/topic_practice_workspace/install/status_interfaces/include/status_interfaces/status_interfaces\n'}
[0.725086] (status_interfaces) StdoutLine: {'line': b'-- Up-to-date: /home/shenhang/ros_study/chapter3/topic_practice_workspace/install/status_interfaces/include/status_interfaces/status_interfaces/msg\n'}
[0.725206] (status_interfaces) StdoutLine: {'line': b'-- Up-to-date: /home/shenhang/ros_study/chapter3/topic_practice_workspace/install/status_interfaces/include/status_interfaces/status_interfaces/msg/rosidl_typesupport_introspection_c__visibility_control.h\n'}
[0.725298] (status_interfaces) StdoutLine: {'line': b'-- Up-to-date: /home/shenhang/ros_study/chapter3/topic_practice_workspace/install/status_interfaces/include/status_interfaces/status_interfaces/msg/detail\n'}
[0.725385] (status_interfaces) StdoutLine: {'line': b'-- Up-to-date: /home/shenhang/ros_study/chapter3/topic_practice_workspace/install/status_interfaces/include/status_interfaces/status_interfaces/msg/detail/system_status__type_support.c\n'}
[0.725471] (status_interfaces) StdoutLine: {'line': b'-- Up-to-date: /home/shenhang/ros_study/chapter3/topic_practice_workspace/install/status_interfaces/include/status_interfaces/status_interfaces/msg/detail/system_status__rosidl_typesupport_introspection_c.h\n'}
[0.725568] (status_interfaces) StdoutLine: {'line': b'-- Up-to-date: /home/shenhang/ros_study/chapter3/topic_practice_workspace/install/status_interfaces/lib/libstatus_interfaces__rosidl_typesupport_introspection_c.so\n'}
[0.725655] (status_interfaces) StdoutLine: {'line': b'-- Up-to-date: /home/shenhang/ros_study/chapter3/topic_practice_workspace/install/status_interfaces/lib/libstatus_interfaces__rosidl_typesupport_c.so\n'}
[0.725792] (status_interfaces) StdoutLine: {'line': b'-- Up-to-date: /home/shenhang/ros_study/chapter3/topic_practice_workspace/install/status_interfaces/include/status_interfaces/status_interfaces\n'}
[0.725882] (status_interfaces) StdoutLine: {'line': b'-- Up-to-date: /home/shenhang/ros_study/chapter3/topic_practice_workspace/install/status_interfaces/include/status_interfaces/status_interfaces/msg\n'}
[0.725969] (status_interfaces) StdoutLine: {'line': b'-- Up-to-date: /home/shenhang/ros_study/chapter3/topic_practice_workspace/install/status_interfaces/include/status_interfaces/status_interfaces/msg/detail\n'}
[0.726055] (status_interfaces) StdoutLine: {'line': b'-- Up-to-date: /home/shenhang/ros_study/chapter3/topic_practice_workspace/install/status_interfaces/include/status_interfaces/status_interfaces/msg/detail/system_status__rosidl_typesupport_introspection_cpp.hpp\n'}
[0.726183] (status_interfaces) StdoutLine: {'line': b'-- Up-to-date: /home/shenhang/ros_study/chapter3/topic_practice_workspace/install/status_interfaces/include/status_interfaces/status_interfaces/msg/detail/system_status__type_support.cpp\n'}
[0.726279] (status_interfaces) StdoutLine: {'line': b'-- Up-to-date: /home/shenhang/ros_study/chapter3/topic_practice_workspace/install/status_interfaces/lib/libstatus_interfaces__rosidl_typesupport_introspection_cpp.so\n'}
[0.726949] (status_interfaces) StdoutLine: {'line': b'-- Up-to-date: /home/shenhang/ros_study/chapter3/topic_practice_workspace/install/status_interfaces/lib/libstatus_interfaces__rosidl_typesupport_cpp.so\n'}
[0.727127] (status_interfaces) StdoutLine: {'line': b'-- Up-to-date: /home/shenhang/ros_study/chapter3/topic_practice_workspace/install/status_interfaces/share/status_interfaces/environment/pythonpath.sh\n'}
[0.727230] (status_interfaces) StdoutLine: {'line': b'-- Up-to-date: /home/shenhang/ros_study/chapter3/topic_practice_workspace/install/status_interfaces/share/status_interfaces/environment/pythonpath.dsv\n'}
[0.727331] (status_interfaces) StdoutLine: {'line': b'-- Up-to-date: /home/shenhang/ros_study/chapter3/topic_practice_workspace/install/status_interfaces/local/lib/python3.10/dist-packages/status_interfaces-0.0.0-py3.10.egg-info\n'}
[0.727421] (status_interfaces) StdoutLine: {'line': b'-- Installing: /home/shenhang/ros_study/chapter3/topic_practice_workspace/install/status_interfaces/local/lib/python3.10/dist-packages/status_interfaces-0.0.0-py3.10.egg-info/top_level.txt\n'}
[0.727509] (status_interfaces) StdoutLine: {'line': b'-- Installing: /home/shenhang/ros_study/chapter3/topic_practice_workspace/install/status_interfaces/local/lib/python3.10/dist-packages/status_interfaces-0.0.0-py3.10.egg-info/SOURCES.txt\n'}
[0.727600] (status_interfaces) StdoutLine: {'line': b'-- Installing: /home/shenhang/ros_study/chapter3/topic_practice_workspace/install/status_interfaces/local/lib/python3.10/dist-packages/status_interfaces-0.0.0-py3.10.egg-info/dependency_links.txt\n'}
[0.727747] (status_interfaces) StdoutLine: {'line': b'-- Installing: /home/shenhang/ros_study/chapter3/topic_practice_workspace/install/status_interfaces/local/lib/python3.10/dist-packages/status_interfaces-0.0.0-py3.10.egg-info/PKG-INFO\n'}
[0.727848] (status_interfaces) StdoutLine: {'line': b'-- Up-to-date: /home/shenhang/ros_study/chapter3/topic_practice_workspace/install/status_interfaces/local/lib/python3.10/dist-packages/status_interfaces\n'}
[0.727935] (status_interfaces) StdoutLine: {'line': b'-- Up-to-date: /home/shenhang/ros_study/chapter3/topic_practice_workspace/install/status_interfaces/local/lib/python3.10/dist-packages/status_interfaces/msg\n'}
[0.728022] (status_interfaces) StdoutLine: {'line': b'-- Up-to-date: /home/shenhang/ros_study/chapter3/topic_practice_workspace/install/status_interfaces/local/lib/python3.10/dist-packages/status_interfaces/msg/_system_status.py\n'}
[0.728151] (status_interfaces) StdoutLine: {'line': b'-- Up-to-date: /home/shenhang/ros_study/chapter3/topic_practice_workspace/install/status_interfaces/local/lib/python3.10/dist-packages/status_interfaces/msg/__init__.py\n'}
[0.728249] (status_interfaces) StdoutLine: {'line': b'-- Up-to-date: /home/shenhang/ros_study/chapter3/topic_practice_workspace/install/status_interfaces/local/lib/python3.10/dist-packages/status_interfaces/msg/_system_status_s.c\n'}
[0.728336] (status_interfaces) StdoutLine: {'line': b'-- Up-to-date: /home/shenhang/ros_study/chapter3/topic_practice_workspace/install/status_interfaces/local/lib/python3.10/dist-packages/status_interfaces/__init__.py\n'}
[0.728424] (status_interfaces) StdoutLine: {'line': b'-- Up-to-date: /home/shenhang/ros_study/chapter3/topic_practice_workspace/install/status_interfaces/local/lib/python3.10/dist-packages/status_interfaces/_status_interfaces_s.ep.rosidl_typesupport_fastrtps_c.c\n'}
[0.728512] (status_interfaces) StdoutLine: {'line': b'-- Up-to-date: /home/shenhang/ros_study/chapter3/topic_practice_workspace/install/status_interfaces/local/lib/python3.10/dist-packages/status_interfaces/status_interfaces_s__rosidl_typesupport_c.cpython-310-x86_64-linux-gnu.so\n'}
[0.728611] (status_interfaces) StdoutLine: {'line': b'-- Up-to-date: /home/shenhang/ros_study/chapter3/topic_practice_workspace/install/status_interfaces/local/lib/python3.10/dist-packages/status_interfaces/libstatus_interfaces__rosidl_generator_py.so\n'}
[0.728765] (status_interfaces) StdoutLine: {'line': b'-- Up-to-date: /home/shenhang/ros_study/chapter3/topic_practice_workspace/install/status_interfaces/local/lib/python3.10/dist-packages/status_interfaces/_status_interfaces_s.ep.rosidl_typesupport_c.c\n'}
[0.728888] (status_interfaces) StdoutLine: {'line': b'-- Up-to-date: /home/shenhang/ros_study/chapter3/topic_practice_workspace/install/status_interfaces/local/lib/python3.10/dist-packages/status_interfaces/_status_interfaces_s.ep.rosidl_typesupport_introspection_c.c\n'}
[0.729003] (status_interfaces) StdoutLine: {'line': b'-- Up-to-date: /home/shenhang/ros_study/chapter3/topic_practice_workspace/install/status_interfaces/local/lib/python3.10/dist-packages/status_interfaces/status_interfaces_s__rosidl_typesupport_fastrtps_c.cpython-310-x86_64-linux-gnu.so\n'}
[0.729163] (status_interfaces) StdoutLine: {'line': b'-- Up-to-date: /home/shenhang/ros_study/chapter3/topic_practice_workspace/install/status_interfaces/local/lib/python3.10/dist-packages/status_interfaces/status_interfaces_s__rosidl_typesupport_introspection_c.cpython-310-x86_64-linux-gnu.so\n'}
[0.800245] (status_interfaces) StdoutLine: {'line': b"Listing '/home/shenhang/ros_study/chapter3/topic_practice_workspace/install/status_interfaces/local/lib/python3.10/dist-packages/status_interfaces'...\n"}
[0.800801] (status_interfaces) StdoutLine: {'line': b"Listing '/home/shenhang/ros_study/chapter3/topic_practice_workspace/install/status_interfaces/local/lib/python3.10/dist-packages/status_interfaces/msg'...\n"}
[0.802439] (-) TimerEvent: {}
[0.808192] (status_interfaces) StdoutLine: {'line': b'-- Up-to-date: /home/shenhang/ros_study/chapter3/topic_practice_workspace/install/status_interfaces/local/lib/python3.10/dist-packages/status_interfaces/status_interfaces_s__rosidl_typesupport_fastrtps_c.cpython-310-x86_64-linux-gnu.so\n'}
[0.808565] (status_interfaces) StdoutLine: {'line': b'-- Up-to-date: /home/shenhang/ros_study/chapter3/topic_practice_workspace/install/status_interfaces/local/lib/python3.10/dist-packages/status_interfaces/status_interfaces_s__rosidl_typesupport_introspection_c.cpython-310-x86_64-linux-gnu.so\n'}
[0.809125] (status_interfaces) StdoutLine: {'line': b'-- Up-to-date: /home/shenhang/ros_study/chapter3/topic_practice_workspace/install/status_interfaces/local/lib/python3.10/dist-packages/status_interfaces/status_interfaces_s__rosidl_typesupport_c.cpython-310-x86_64-linux-gnu.so\n'}
[0.809386] (status_interfaces) StdoutLine: {'line': b'-- Up-to-date: /home/shenhang/ros_study/chapter3/topic_practice_workspace/install/status_interfaces/lib/libstatus_interfaces__rosidl_generator_py.so\n'}
[0.809634] (status_interfaces) StdoutLine: {'line': b'-- Up-to-date: /home/shenhang/ros_study/chapter3/topic_practice_workspace/install/status_interfaces/share/status_interfaces/msg/SystemStatus.idl\n'}
[0.809910] (status_interfaces) StdoutLine: {'line': b'-- Up-to-date: /home/shenhang/ros_study/chapter3/topic_practice_workspace/install/status_interfaces/share/status_interfaces/msg/SystemStatus.msg\n'}
[0.810129] (status_interfaces) StdoutLine: {'line': b'-- Up-to-date: /home/shenhang/ros_study/chapter3/topic_practice_workspace/install/status_interfaces/share/ament_index/resource_index/package_run_dependencies/status_interfaces\n'}
[0.810452] (status_interfaces) StdoutLine: {'line': b'-- Up-to-date: /home/shenhang/ros_study/chapter3/topic_practice_workspace/install/status_interfaces/share/ament_index/resource_index/parent_prefix_path/status_interfaces\n'}
[0.810695] (status_interfaces) StdoutLine: {'line': b'-- Up-to-date: /home/shenhang/ros_study/chapter3/topic_practice_workspace/install/status_interfaces/share/status_interfaces/environment/ament_prefix_path.sh\n'}
[0.810810] (status_interfaces) StdoutLine: {'line': b'-- Up-to-date: /home/shenhang/ros_study/chapter3/topic_practice_workspace/install/status_interfaces/share/status_interfaces/environment/ament_prefix_path.dsv\n'}
[0.811156] (status_interfaces) StdoutLine: {'line': b'-- Up-to-date: /home/shenhang/ros_study/chapter3/topic_practice_workspace/install/status_interfaces/share/status_interfaces/environment/path.sh\n'}
[0.811277] (status_interfaces) StdoutLine: {'line': b'-- Up-to-date: /home/shenhang/ros_study/chapter3/topic_practice_workspace/install/status_interfaces/share/status_interfaces/environment/path.dsv\n'}
[0.811528] (status_interfaces) StdoutLine: {'line': b'-- Up-to-date: /home/shenhang/ros_study/chapter3/topic_practice_workspace/install/status_interfaces/share/status_interfaces/local_setup.bash\n'}
[0.811738] (status_interfaces) StdoutLine: {'line': b'-- Up-to-date: /home/shenhang/ros_study/chapter3/topic_practice_workspace/install/status_interfaces/share/status_interfaces/local_setup.sh\n'}
[0.811967] (status_interfaces) StdoutLine: {'line': b'-- Up-to-date: /home/shenhang/ros_study/chapter3/topic_practice_workspace/install/status_interfaces/share/status_interfaces/local_setup.zsh\n'}
[0.812193] (status_interfaces) StdoutLine: {'line': b'-- Up-to-date: /home/shenhang/ros_study/chapter3/topic_practice_workspace/install/status_interfaces/share/status_interfaces/local_setup.dsv\n'}
[0.812373] (status_interfaces) StdoutLine: {'line': b'-- Installing: /home/shenhang/ros_study/chapter3/topic_practice_workspace/install/status_interfaces/share/status_interfaces/package.dsv\n'}
[0.812464] (status_interfaces) StdoutLine: {'line': b'-- Up-to-date: /home/shenhang/ros_study/chapter3/topic_practice_workspace/install/status_interfaces/share/ament_index/resource_index/packages/status_interfaces\n'}
[0.812550] (status_interfaces) StdoutLine: {'line': b'-- Up-to-date: /home/shenhang/ros_study/chapter3/topic_practice_workspace/install/status_interfaces/share/status_interfaces/cmake/export_status_interfaces__rosidl_generator_cExport.cmake\n'}
[0.812656] (status_interfaces) StdoutLine: {'line': b'-- Up-to-date: /home/shenhang/ros_study/chapter3/topic_practice_workspace/install/status_interfaces/share/status_interfaces/cmake/export_status_interfaces__rosidl_generator_cExport-noconfig.cmake\n'}
[0.812809] (status_interfaces) StdoutLine: {'line': b'-- Up-to-date: /home/shenhang/ros_study/chapter3/topic_practice_workspace/install/status_interfaces/share/status_interfaces/cmake/export_status_interfaces__rosidl_typesupport_fastrtps_cExport.cmake\n'}
[0.812902] (status_interfaces) StdoutLine: {'line': b'-- Up-to-date: /home/shenhang/ros_study/chapter3/topic_practice_workspace/install/status_interfaces/share/status_interfaces/cmake/export_status_interfaces__rosidl_typesupport_fastrtps_cExport-noconfig.cmake\n'}
[0.813103] (status_interfaces) StdoutLine: {'line': b'-- Up-to-date: /home/shenhang/ros_study/chapter3/topic_practice_workspace/install/status_interfaces/share/status_interfaces/cmake/export_status_interfaces__rosidl_generator_cppExport.cmake\n'}
[0.813396] (status_interfaces) StdoutLine: {'line': b'-- Up-to-date: /home/shenhang/ros_study/chapter3/topic_practice_workspace/install/status_interfaces/share/status_interfaces/cmake/export_status_interfaces__rosidl_typesupport_fastrtps_cppExport.cmake\n'}
[0.813593] (status_interfaces) StdoutLine: {'line': b'-- Up-to-date: /home/shenhang/ros_study/chapter3/topic_practice_workspace/install/status_interfaces/share/status_interfaces/cmake/export_status_interfaces__rosidl_typesupport_fastrtps_cppExport-noconfig.cmake\n'}
[0.813906] (status_interfaces) StdoutLine: {'line': b'-- Up-to-date: /home/shenhang/ros_study/chapter3/topic_practice_workspace/install/status_interfaces/share/status_interfaces/cmake/status_interfaces__rosidl_typesupport_introspection_cExport.cmake\n'}
[0.814087] (status_interfaces) StdoutLine: {'line': b'-- Up-to-date: /home/shenhang/ros_study/chapter3/topic_practice_workspace/install/status_interfaces/share/status_interfaces/cmake/status_interfaces__rosidl_typesupport_introspection_cExport-noconfig.cmake\n'}
[0.814176] (status_interfaces) StdoutLine: {'line': b'-- Up-to-date: /home/shenhang/ros_study/chapter3/topic_practice_workspace/install/status_interfaces/share/status_interfaces/cmake/status_interfaces__rosidl_typesupport_cExport.cmake\n'}
[0.814261] (status_interfaces) StdoutLine: {'line': b'-- Up-to-date: /home/shenhang/ros_study/chapter3/topic_practice_workspace/install/status_interfaces/share/status_interfaces/cmake/status_interfaces__rosidl_typesupport_cExport-noconfig.cmake\n'}
[0.814367] (status_interfaces) StdoutLine: {'line': b'-- Up-to-date: /home/shenhang/ros_study/chapter3/topic_practice_workspace/install/status_interfaces/share/status_interfaces/cmake/status_interfaces__rosidl_typesupport_introspection_cppExport.cmake\n'}
[0.814467] (status_interfaces) StdoutLine: {'line': b'-- Up-to-date: /home/shenhang/ros_study/chapter3/topic_practice_workspace/install/status_interfaces/share/status_interfaces/cmake/status_interfaces__rosidl_typesupport_introspection_cppExport-noconfig.cmake\n'}
[0.814557] (status_interfaces) StdoutLine: {'line': b'-- Up-to-date: /home/shenhang/ros_study/chapter3/topic_practice_workspace/install/status_interfaces/share/status_interfaces/cmake/status_interfaces__rosidl_typesupport_cppExport.cmake\n'}
[0.814647] (status_interfaces) StdoutLine: {'line': b'-- Up-to-date: /home/shenhang/ros_study/chapter3/topic_practice_workspace/install/status_interfaces/share/status_interfaces/cmake/status_interfaces__rosidl_typesupport_cppExport-noconfig.cmake\n'}
[0.814735] (status_interfaces) StdoutLine: {'line': b'-- Up-to-date: /home/shenhang/ros_study/chapter3/topic_practice_workspace/install/status_interfaces/share/status_interfaces/cmake/export_status_interfaces__rosidl_generator_pyExport.cmake\n'}
[0.814824] (status_interfaces) StdoutLine: {'line': b'-- Up-to-date: /home/shenhang/ros_study/chapter3/topic_practice_workspace/install/status_interfaces/share/status_interfaces/cmake/export_status_interfaces__rosidl_generator_pyExport-noconfig.cmake\n'}
[0.814912] (status_interfaces) StdoutLine: {'line': b'-- Up-to-date: /home/shenhang/ros_study/chapter3/topic_practice_workspace/install/status_interfaces/share/status_interfaces/cmake/rosidl_cmake-extras.cmake\n'}
[0.815104] (status_interfaces) StdoutLine: {'line': b'-- Up-to-date: /home/shenhang/ros_study/chapter3/topic_practice_workspace/install/status_interfaces/share/status_interfaces/cmake/ament_cmake_export_dependencies-extras.cmake\n'}
[0.815195] (status_interfaces) StdoutLine: {'line': b'-- Up-to-date: /home/shenhang/ros_study/chapter3/topic_practice_workspace/install/status_interfaces/share/status_interfaces/cmake/ament_cmake_export_include_directories-extras.cmake\n'}
[0.815290] (status_interfaces) StdoutLine: {'line': b'-- Up-to-date: /home/shenhang/ros_study/chapter3/topic_practice_workspace/install/status_interfaces/share/status_interfaces/cmake/ament_cmake_export_libraries-extras.cmake\n'}
[0.815375] (status_interfaces) StdoutLine: {'line': b'-- Up-to-date: /home/shenhang/ros_study/chapter3/topic_practice_workspace/install/status_interfaces/share/status_interfaces/cmake/ament_cmake_export_targets-extras.cmake\n'}
[0.815460] (status_interfaces) StdoutLine: {'line': b'-- Up-to-date: /home/shenhang/ros_study/chapter3/topic_practice_workspace/install/status_interfaces/share/status_interfaces/cmake/rosidl_cmake_export_typesupport_targets-extras.cmake\n'}
[0.815544] (status_interfaces) StdoutLine: {'line': b'-- Up-to-date: /home/shenhang/ros_study/chapter3/topic_practice_workspace/install/status_interfaces/share/status_interfaces/cmake/rosidl_cmake_export_typesupport_libraries-extras.cmake\n'}
[0.815627] (status_interfaces) StdoutLine: {'line': b'-- Up-to-date: /home/shenhang/ros_study/chapter3/topic_practice_workspace/install/status_interfaces/share/status_interfaces/cmake/status_interfacesConfig.cmake\n'}
[0.815712] (status_interfaces) StdoutLine: {'line': b'-- Up-to-date: /home/shenhang/ros_study/chapter3/topic_practice_workspace/install/status_interfaces/share/status_interfaces/cmake/status_interfacesConfig-version.cmake\n'}
[0.815797] (status_interfaces) StdoutLine: {'line': b'-- Up-to-date: /home/shenhang/ros_study/chapter3/topic_practice_workspace/install/status_interfaces/share/status_interfaces/package.xml\n'}
[0.817538] (status_interfaces) CommandEnded: {'returncode': 0}
[0.865955] (status_interfaces) JobEnded: {'identifier': 'status_interfaces', 'rc': 0}
[0.867338] (status_display) JobStarted: {'identifier': 'status_display'}
[0.872808] (status_publisher) JobStarted: {'identifier': 'status_publisher'}
[0.884351] (status_display) JobProgress: {'identifier': 'status_display', 'progress': 'cmake'}
[0.884459] (status_display) JobProgress: {'identifier': 'status_display', 'progress': 'build'}
[0.887831] (status_display) Command: {'cmd': ['/usr/bin/cmake', '--build', '/home/shenhang/ros_study/chapter3/topic_practice_workspace/build/status_display', '--', '-j6', '-l6'], 'cwd': '/home/shenhang/ros_study/chapter3/topic_practice_workspace/build/status_display', 'env': OrderedDict([('GJS_DEBUG_TOPICS', 'JS ERROR;JS LOG'), ('PYTHON_BASIC_REPL', '1'), ('LESSOPEN', '| /usr/bin/lesspipe %s'), ('LANGUAGE', 'zh_CN:zh'), ('USER', 'shenhang'), ('XDG_SESSION_TYPE', 'wayland'), ('GIT_ASKPASS', '/usr/share/code/resources/app/extensions/git/dist/askpass.sh'), ('SHLVL', '1'), ('LD_LIBRARY_PATH', '/home/shenhang/ros_study/chapter3/topic_practice_workspace/install/status_interfaces/lib:/opt/ros/humble/opt/rviz_ogre_vendor/lib:/opt/ros/humble/lib/x86_64-linux-gnu:/opt/ros/humble/lib'), ('HOME', '/home/shenhang'), ('CHROME_DESKTOP', 'code.desktop'), ('OLDPWD', '/home/shenhang/ros_study/chapter3/topic_practice_workspace/src'), ('TERM_PROGRAM_VERSION', '1.108.1'), ('DESKTOP_SESSION', 'ubuntu'), ('GIO_LAUNCHED_DESKTOP_FILE', '/usr/share/applications/code.desktop'), ('ROS_PYTHON_VERSION', '3'), ('GNOME_SHELL_SESSION_MODE', 'ubuntu'), ('GTK_MODULES', 'gail:atk-bridge'), ('VSCODE_GIT_ASKPASS_MAIN', '/usr/share/code/resources/app/extensions/git/dist/askpass-main.js'), ('VSCODE_GIT_ASKPASS_NODE', '/usr/share/code/code'), ('MANAGERPID', '2341'), ('PYDEVD_DISABLE_FILE_VALIDATION', '1'), ('SYSTEMD_EXEC_PID', '2505'), ('BUNDLED_DEBUGPY_PATH', '/home/shenhang/.vscode/extensions/ms-python.debugpy-2025.18.0-linux-x64/bundled/libs/debugpy'), ('IM_CONFIG_CHECK_ENV', '1'), ('VSCODE_PYTHON_AUTOACTIVATE_GUARD', '1'), ('DBUS_SESSION_BUS_ADDRESS', 'unix:path=/run/user/1000/bus'), ('COLORTERM', 'truecolor'), ('GIO_LAUNCHED_DESKTOP_FILE_PID', '9065'), ('IM_CONFIG_PHASE', '1'), ('WAYLAND_DISPLAY', 'wayland-0'), ('COLCON_PREFIX_PATH', '/home/shenhang/ros_study/chapter3/topic_practice_workspace/install'), ('ROS_DISTRO', 'humble'), ('LOGNAME', 'shenhang'), ('JOURNAL_STREAM', '8:12577'), ('_', '/usr/bin/colcon'), ('ROS_VERSION', '2'), ('XDG_SESSION_CLASS', 'user'), ('USERNAME', 'shenhang'), ('TERM', 'xterm-256color'), ('GNOME_DESKTOP_SESSION_ID', 'this-is-deprecated'), ('FC_FONTATIONS', '1'), ('ROS_LOCALHOST_ONLY', '0'), ('PATH', '/home/shenhang/.config/Code/User/globalStorage/github.copilot-chat/debugCommand:/home/shenhang/.config/Code/User/globalStorage/github.copilot-chat/copilotCli:/opt/ros/humble/bin:/usr/local/sbin:/usr/local/bin:/usr/sbin:/usr/bin:/sbin:/bin:/usr/games:/usr/local/games:/snap/bin:/snap/bin:/home/shenhang/.vscode/extensions/ms-python.debugpy-2025.18.0-linux-x64/bundled/scripts/noConfigScripts'), ('SESSION_MANAGER', 'local/shenhang-VirtualBox:@/tmp/.ICE-unix/2480,unix/shenhang-VirtualBox:/tmp/.ICE-unix/2480'), ('INVOCATION_ID', 'c3a81940805940c59e7ff094d6b33cb7'), ('XDG_MENU_PREFIX', 'gnome-'), ('GNOME_SETUP_DISPLAY', ':1'), ('XDG_RUNTIME_DIR', '/run/user/1000'), ('GDK_BACKEND', 'wayland'), ('DISPLAY', ':0'), ('VSCODE_DEBUGPY_ADAPTER_ENDPOINTS', '/home/shenhang/.vscode/extensions/ms-python.debugpy-2025.18.0-linux-x64/.noConfigDebugAdapterEndpoints/endpoint-51b4d5a485752e35.txt'), ('LANG', 'zh_CN.UTF-8'), ('XDG_CURRENT_DESKTOP', 'ubuntu:GNOME'), ('PYTHONSTARTUP', '/home/shenhang/.config/Code/User/workspaceStorage/ef4da6c00f614e73fdf73c604713ffa3/ms-python.python/pythonrc.py'), ('XMODIFIERS', '@im=ibus'), ('XDG_SESSION_DESKTOP', 'ubuntu'), ('XAUTHORITY', '/run/user/1000/.mutter-Xwaylandauth.OS4OJ3'), ('LS_COLORS', 'rs=0:di=01;34:ln=01;36:mh=00:pi=40;33:so=01;35:do=01;35:bd=40;33;01:cd=40;33;01:or=40;31;01:mi=00:su=37;41:sg=30;43:ca=30;41:tw=30;42:ow=34;42:st=37;44:ex=01;32:*.tar=01;31:*.tgz=01;31:*.arc=01;31:*.arj=01;31:*.taz=01;31:*.lha=01;31:*.lz4=01;31:*.lzh=01;31:*.lzma=01;31:*.tlz=01;31:*.txz=01;31:*.tzo=01;31:*.t7z=01;31:*.zip=01;31:*.z=01;31:*.dz=01;31:*.gz=01;31:*.lrz=01;31:*.lz=01;31:*.lzo=01;31:*.xz=01;31:*.zst=01;31:*.tzst=01;31:*.bz2=01;31:*.bz=01;31:*.tbz=01;31:*.tbz2=01;31:*.tz=01;31:*.deb=01;31:*.rpm=01;31:*.jar=01;31:*.war=01;31:*.ear=01;31:*.sar=01;31:*.rar=01;31:*.alz=01;31:*.ace=01;31:*.zoo=01;31:*.cpio=01;31:*.7z=01;31:*.rz=01;31:*.cab=01;31:*.wim=01;31:*.swm=01;31:*.dwm=01;31:*.esd=01;31:*.jpg=01;35:*.jpeg=01;35:*.mjpg=01;35:*.mjpeg=01;35:*.gif=01;35:*.bmp=01;35:*.pbm=01;35:*.pgm=01;35:*.ppm=01;35:*.tga=01;35:*.xbm=01;35:*.xpm=01;35:*.tif=01;35:*.tiff=01;35:*.png=01;35:*.svg=01;35:*.svgz=01;35:*.mng=01;35:*.pcx=01;35:*.mov=01;35:*.mpg=01;35:*.mpeg=01;35:*.m2v=01;35:*.mkv=01;35:*.webm=01;35:*.webp=01;35:*.ogm=01;35:*.mp4=01;35:*.m4v=01;35:*.mp4v=01;35:*.vob=01;35:*.qt=01;35:*.nuv=01;35:*.wmv=01;35:*.asf=01;35:*.rm=01;35:*.rmvb=01;35:*.flc=01;35:*.avi=01;35:*.fli=01;35:*.flv=01;35:*.gl=01;35:*.dl=01;35:*.xcf=01;35:*.xwd=01;35:*.yuv=01;35:*.cgm=01;35:*.emf=01;35:*.ogv=01;35:*.ogx=01;35:*.aac=00;36:*.au=00;36:*.flac=00;36:*.m4a=00;36:*.mid=00;36:*.midi=00;36:*.mka=00;36:*.mp3=00;36:*.mpc=00;36:*.ogg=00;36:*.ra=00;36:*.wav=00;36:*.oga=00;36:*.opus=00;36:*.spx=00;36:*.xspf=00;36:'), ('VSCODE_GIT_IPC_HANDLE', '/run/user/1000/vscode-git-cae9e6a9f3.sock'), ('TERM_PROGRAM', 'vscode'), ('SSH_AGENT_LAUNCHER', 'gnome-keyring'), ('SSH_AUTH_SOCK', '/run/user/1000/keyring/ssh'), ('AMENT_PREFIX_PATH', '/home/shenhang/ros_study/chapter3/topic_practice_workspace/install/status_display:/home/shenhang/ros_study/chapter3/topic_practice_workspace/install/status_publisher:/home/shenhang/ros_study/chapter3/topic_practice_workspace/install/status_interfaces:/opt/ros/humble'), ('SHELL', '/bin/bash'), ('QT_ACCESSIBILITY', '1'), ('GDMSESSION', 'ubuntu'), ('LESSCLOSE', '/usr/bin/lesspipe %s %s'), ('GJS_DEBUG_OUTPUT', 'stderr'), ('VSCODE_GIT_ASKPASS_EXTRA_ARGS', ''), ('QT_IM_MODULE', 'ibus'), ('PWD', '/home/shenhang/ros_study/chapter3/topic_practice_workspace/build/status_display'), ('XDG_CONFIG_DIRS', '/etc/xdg/xdg-ubuntu:/etc/xdg'), ('XDG_DATA_DIRS', '/usr/share/ubuntu:/usr/local/share/:/usr/share/:/var/lib/snapd/desktop'), ('PYTHONPATH', '/home/shenhang/ros_study/chapter3/topic_practice_workspace/install/status_publisher/lib/python3.10/site-packages:/home/shenhang/ros_study/chapter3/topic_practice_workspace/install/status_interfaces/local/lib/python3.10/dist-packages:/opt/ros/humble/lib/python3.10/site-packages:/opt/ros/humble/local/lib/python3.10/dist-packages'), ('COLCON', '1'), ('CMAKE_PREFIX_PATH', '/home/shenhang/ros_study/chapter3/topic_practice_workspace/install/status_interfaces:/home/shenhang/ros_study/chapter3/topic_practice_workspace/install/status_display:/home/shenhang/ros_study/chapter3/topic_practice_workspace/install/status_publisher:/opt/ros/humble')]), 'shell': False}
[0.902609] (-) TimerEvent: {}
[1.003280] (-) TimerEvent: {}
[1.007546] (status_display) StdoutLine: {'line': b'\x1b[35m\x1b[1mConsolidate compiler generated dependencies of target sys_status_display_exe\x1b[0m\n'}
[1.033444] (status_display) StdoutLine: {'line': b'[ 50%] Built target hello_qt_exe\n'}
[1.046998] (status_display) StdoutLine: {'line': b'[ 75%] \x1b[32mBuilding CXX object CMakeFiles/sys_status_display_exe.dir/src/sys_status_display.cpp.o\x1b[0m\n'}
[1.104409] (-) TimerEvent: {}
[1.204959] (-) TimerEvent: {}
[1.305557] (-) TimerEvent: {}
[1.407061] (-) TimerEvent: {}
[1.508244] (-) TimerEvent: {}
[1.609805] (-) TimerEvent: {}
[1.711931] (-) TimerEvent: {}
[1.812530] (-) TimerEvent: {}
[1.915790] (-) TimerEvent: {}
[1.978016] (status_publisher) Command: {'cmd': ['/usr/bin/python3', '-W', 'ignore:setup.py install is deprecated', '-W', 'ignore:easy_install command is deprecated', 'setup.py', 'egg_info', '--egg-base', '../../build/status_publisher', 'build', '--build-base', '/home/shenhang/ros_study/chapter3/topic_practice_workspace/build/status_publisher/build', 'install', '--record', '/home/shenhang/ros_study/chapter3/topic_practice_workspace/build/status_publisher/install.log', '--single-version-externally-managed', 'install_data'], 'cwd': '/home/shenhang/ros_study/chapter3/topic_practice_workspace/src/status_publisher', 'env': {'GJS_DEBUG_TOPICS': 'JS ERROR;JS LOG', 'PYTHON_BASIC_REPL': '1', 'LESSOPEN': '| /usr/bin/lesspipe %s', 'LANGUAGE': 'zh_CN:zh', 'USER': 'shenhang', 'XDG_SESSION_TYPE': 'wayland', 'GIT_ASKPASS': '/usr/share/code/resources/app/extensions/git/dist/askpass.sh', 'SHLVL': '1', 'LD_LIBRARY_PATH': '/home/shenhang/ros_study/chapter3/topic_practice_workspace/install/status_interfaces/lib:/opt/ros/humble/opt/rviz_ogre_vendor/lib:/opt/ros/humble/lib/x86_64-linux-gnu:/opt/ros/humble/lib', 'HOME': '/home/shenhang', 'CHROME_DESKTOP': 'code.desktop', 'OLDPWD': '/home/shenhang/ros_study/chapter3/topic_practice_workspace/src', 'TERM_PROGRAM_VERSION': '1.108.1', 'DESKTOP_SESSION': 'ubuntu', 'GIO_LAUNCHED_DESKTOP_FILE': '/usr/share/applications/code.desktop', 'ROS_PYTHON_VERSION': '3', 'GNOME_SHELL_SESSION_MODE': 'ubuntu', 'GTK_MODULES': 'gail:atk-bridge', 'VSCODE_GIT_ASKPASS_MAIN': '/usr/share/code/resources/app/extensions/git/dist/askpass-main.js', 'VSCODE_GIT_ASKPASS_NODE': '/usr/share/code/code', 'MANAGERPID': '2341', 'PYDEVD_DISABLE_FILE_VALIDATION': '1', 'SYSTEMD_EXEC_PID': '2505', 'BUNDLED_DEBUGPY_PATH': '/home/shenhang/.vscode/extensions/ms-python.debugpy-2025.18.0-linux-x64/bundled/libs/debugpy', 'IM_CONFIG_CHECK_ENV': '1', 'VSCODE_PYTHON_AUTOACTIVATE_GUARD': '1', 'DBUS_SESSION_BUS_ADDRESS': 'unix:path=/run/user/1000/bus', 'COLORTERM': 'truecolor', 'GIO_LAUNCHED_DESKTOP_FILE_PID': '9065', 'IM_CONFIG_PHASE': '1', 'WAYLAND_DISPLAY': 'wayland-0', 'COLCON_PREFIX_PATH': '/home/shenhang/ros_study/chapter3/topic_practice_workspace/install', 'ROS_DISTRO': 'humble', 'LOGNAME': 'shenhang', 'JOURNAL_STREAM': '8:12577', '_': '/usr/bin/colcon', 'ROS_VERSION': '2', 'XDG_SESSION_CLASS': 'user', 'USERNAME': 'shenhang', 'TERM': 'xterm-256color', 'GNOME_DESKTOP_SESSION_ID': 'this-is-deprecated', 'FC_FONTATIONS': '1', 'ROS_LOCALHOST_ONLY': '0', 'PATH': '/home/shenhang/.config/Code/User/globalStorage/github.copilot-chat/debugCommand:/home/shenhang/.config/Code/User/globalStorage/github.copilot-chat/copilotCli:/opt/ros/humble/bin:/usr/local/sbin:/usr/local/bin:/usr/sbin:/usr/bin:/sbin:/bin:/usr/games:/usr/local/games:/snap/bin:/snap/bin:/home/shenhang/.vscode/extensions/ms-python.debugpy-2025.18.0-linux-x64/bundled/scripts/noConfigScripts', 'SESSION_MANAGER': 'local/shenhang-VirtualBox:@/tmp/.ICE-unix/2480,unix/shenhang-VirtualBox:/tmp/.ICE-unix/2480', 'INVOCATION_ID': 'c3a81940805940c59e7ff094d6b33cb7', 'XDG_MENU_PREFIX': 'gnome-', 'GNOME_SETUP_DISPLAY': ':1', 'XDG_RUNTIME_DIR': '/run/user/1000', 'GDK_BACKEND': 'wayland', 'DISPLAY': ':0', 'VSCODE_DEBUGPY_ADAPTER_ENDPOINTS': '/home/shenhang/.vscode/extensions/ms-python.debugpy-2025.18.0-linux-x64/.noConfigDebugAdapterEndpoints/endpoint-51b4d5a485752e35.txt', 'LANG': 'zh_CN.UTF-8', 'XDG_CURRENT_DESKTOP': 'ubuntu:GNOME', 'PYTHONSTARTUP': '/home/shenhang/.config/Code/User/workspaceStorage/ef4da6c00f614e73fdf73c604713ffa3/ms-python.python/pythonrc.py', 'XMODIFIERS': '@im=ibus', 'XDG_SESSION_DESKTOP': 'ubuntu', 'XAUTHORITY': '/run/user/1000/.mutter-Xwaylandauth.OS4OJ3', 'LS_COLORS': 'rs=0:di=01;34:ln=01;36:mh=00:pi=40;33:so=01;35:do=01;35:bd=40;33;01:cd=40;33;01:or=40;31;01:mi=00:su=37;41:sg=30;43:ca=30;41:tw=30;42:ow=34;42:st=37;44:ex=01;32:*.tar=01;31:*.tgz=01;31:*.arc=01;31:*.arj=01;31:*.taz=01;31:*.lha=01;31:*.lz4=01;31:*.lzh=01;31:*.lzma=01;31:*.tlz=01;31:*.txz=01;31:*.tzo=01;31:*.t7z=01;31:*.zip=01;31:*.z=01;31:*.dz=01;31:*.gz=01;31:*.lrz=01;31:*.lz=01;31:*.lzo=01;31:*.xz=01;31:*.zst=01;31:*.tzst=01;31:*.bz2=01;31:*.bz=01;31:*.tbz=01;31:*.tbz2=01;31:*.tz=01;31:*.deb=01;31:*.rpm=01;31:*.jar=01;31:*.war=01;31:*.ear=01;31:*.sar=01;31:*.rar=01;31:*.alz=01;31:*.ace=01;31:*.zoo=01;31:*.cpio=01;31:*.7z=01;31:*.rz=01;31:*.cab=01;31:*.wim=01;31:*.swm=01;31:*.dwm=01;31:*.esd=01;31:*.jpg=01;35:*.jpeg=01;35:*.mjpg=01;35:*.mjpeg=01;35:*.gif=01;35:*.bmp=01;35:*.pbm=01;35:*.pgm=01;35:*.ppm=01;35:*.tga=01;35:*.xbm=01;35:*.xpm=01;35:*.tif=01;35:*.tiff=01;35:*.png=01;35:*.svg=01;35:*.svgz=01;35:*.mng=01;35:*.pcx=01;35:*.mov=01;35:*.mpg=01;35:*.mpeg=01;35:*.m2v=01;35:*.mkv=01;35:*.webm=01;35:*.webp=01;35:*.ogm=01;35:*.mp4=01;35:*.m4v=01;35:*.mp4v=01;35:*.vob=01;35:*.qt=01;35:*.nuv=01;35:*.wmv=01;35:*.asf=01;35:*.rm=01;35:*.rmvb=01;35:*.flc=01;35:*.avi=01;35:*.fli=01;35:*.flv=01;35:*.gl=01;35:*.dl=01;35:*.xcf=01;35:*.xwd=01;35:*.yuv=01;35:*.cgm=01;35:*.emf=01;35:*.ogv=01;35:*.ogx=01;35:*.aac=00;36:*.au=00;36:*.flac=00;36:*.m4a=00;36:*.mid=00;36:*.midi=00;36:*.mka=00;36:*.mp3=00;36:*.mpc=00;36:*.ogg=00;36:*.ra=00;36:*.wav=00;36:*.oga=00;36:*.opus=00;36:*.spx=00;36:*.xspf=00;36:', 'VSCODE_GIT_IPC_HANDLE': '/run/user/1000/vscode-git-cae9e6a9f3.sock', 'TERM_PROGRAM': 'vscode', 'SSH_AGENT_LAUNCHER': 'gnome-keyring', 'SSH_AUTH_SOCK': '/run/user/1000/keyring/ssh', 'AMENT_PREFIX_PATH': '/home/shenhang/ros_study/chapter3/topic_practice_workspace/install/status_display:/home/shenhang/ros_study/chapter3/topic_practice_workspace/install/status_publisher:/home/shenhang/ros_study/chapter3/topic_practice_workspace/install/status_interfaces:/opt/ros/humble', 'SHELL': '/bin/bash', 'QT_ACCESSIBILITY': '1', 'GDMSESSION': 'ubuntu', 'LESSCLOSE': '/usr/bin/lesspipe %s %s', 'GJS_DEBUG_OUTPUT': 'stderr', 'VSCODE_GIT_ASKPASS_EXTRA_ARGS': '', 'QT_IM_MODULE': 'ibus', 'PWD': '/home/shenhang/ros_study/chapter3/topic_practice_workspace/build/status_publisher', 'XDG_CONFIG_DIRS': '/etc/xdg/xdg-ubuntu:/etc/xdg', 'XDG_DATA_DIRS': '/usr/share/ubuntu:/usr/local/share/:/usr/share/:/var/lib/snapd/desktop', 'PYTHONPATH': '/home/shenhang/ros_study/chapter3/topic_practice_workspace/build/status_publisher/prefix_override:/usr/lib/python3/dist-packages/colcon_core/task/python/colcon_distutils_commands:/home/shenhang/ros_study/chapter3/topic_practice_workspace/install/status_publisher/lib/python3.10/site-packages:/home/shenhang/ros_study/chapter3/topic_practice_workspace/install/status_publisher/lib/python3.10/site-packages:/home/shenhang/ros_study/chapter3/topic_practice_workspace/install/status_interfaces/local/lib/python3.10/dist-packages:/opt/ros/humble/lib/python3.10/site-packages:/opt/ros/humble/local/lib/python3.10/dist-packages', 'COLCON': '1', 'CMAKE_PREFIX_PATH': '/home/shenhang/ros_study/chapter3/topic_practice_workspace/install/status_interfaces:/home/shenhang/ros_study/chapter3/topic_practice_workspace/install/status_display'}, 'shell': False}
[2.016081] (-) TimerEvent: {}
[2.118786] (-) TimerEvent: {}
[2.220513] (-) TimerEvent: {}
[2.320965] (-) TimerEvent: {}
[2.411934] (status_publisher) StdoutLine: {'line': b'running egg_info\n'}
[2.413507] (status_publisher) StdoutLine: {'line': b'writing ../../build/status_publisher/status_publisher.egg-info/PKG-INFO\n'}
[2.414094] (status_publisher) StdoutLine: {'line': b'writing dependency_links to ../../build/status_publisher/status_publisher.egg-info/dependency_links.txt\n'}
[2.414415] (status_publisher) StdoutLine: {'line': b'writing entry points to ../../build/status_publisher/status_publisher.egg-info/entry_points.txt\n'}
[2.414525] (status_publisher) StdoutLine: {'line': b'writing requirements to ../../build/status_publisher/status_publisher.egg-info/requires.txt\n'}
[2.415097] (status_publisher) StdoutLine: {'line': b'writing top-level names to ../../build/status_publisher/status_publisher.egg-info/top_level.txt\n'}
[2.417252] (status_publisher) StdoutLine: {'line': b"reading manifest file '../../build/status_publisher/status_publisher.egg-info/SOURCES.txt'\n"}
[2.418981] (status_publisher) StdoutLine: {'line': b"adding license file 'LICENSE'\n"}
[2.419299] (status_publisher) StdoutLine: {'line': b"writing manifest file '../../build/status_publisher/status_publisher.egg-info/SOURCES.txt'\n"}
[2.419397] (status_publisher) StdoutLine: {'line': b'running build\n'}
[2.419502] (status_publisher) StdoutLine: {'line': b'running build_py\n'}
[2.420182] (status_publisher) StdoutLine: {'line': b'running install\n'}
[2.420354] (status_publisher) StdoutLine: {'line': b'running install_lib\n'}
[2.421322] (-) TimerEvent: {}
[2.421837] (status_publisher) StdoutLine: {'line': b'running install_data\n'}
[2.422305] (status_publisher) StdoutLine: {'line': b'running install_egg_info\n'}
[2.424390] (status_publisher) StdoutLine: {'line': b"removing '/home/shenhang/ros_study/chapter3/topic_practice_workspace/install/status_publisher/lib/python3.10/site-packages/status_publisher-0.0.0-py3.10.egg-info' (and everything under it)\n"}
[2.426257] (status_publisher) StdoutLine: {'line': b'Copying ../../build/status_publisher/status_publisher.egg-info to /home/shenhang/ros_study/chapter3/topic_practice_workspace/install/status_publisher/lib/python3.10/site-packages/status_publisher-0.0.0-py3.10.egg-info\n'}
[2.427697] (status_publisher) StdoutLine: {'line': b'running install_scripts\n'}
[2.459748] (status_publisher) StdoutLine: {'line': b'Installing sys_status_pub_exe script to /home/shenhang/ros_study/chapter3/topic_practice_workspace/install/status_publisher/lib/status_publisher\n'}
[2.460014] (status_publisher) StdoutLine: {'line': b"writing list of installed files to '/home/shenhang/ros_study/chapter3/topic_practice_workspace/build/status_publisher/install.log'\n"}
[2.501933] (status_publisher) CommandEnded: {'returncode': 0}
[2.513322] (status_publisher) JobEnded: {'identifier': 'status_publisher', 'rc': 0}
[2.521464] (-) TimerEvent: {}
[2.622091] (-) TimerEvent: {}
[2.723886] (-) TimerEvent: {}
[2.824663] (-) TimerEvent: {}
[2.925331] (-) TimerEvent: {}
[3.027070] (-) TimerEvent: {}
[3.128125] (-) TimerEvent: {}
[3.228603] (-) TimerEvent: {}
[3.331022] (-) TimerEvent: {}
[3.431495] (-) TimerEvent: {}
[3.532141] (-) TimerEvent: {}
[3.632601] (-) TimerEvent: {}
[3.733754] (-) TimerEvent: {}
[3.834827] (-) TimerEvent: {}
[3.935427] (-) TimerEvent: {}
[4.036259] (-) TimerEvent: {}
[4.137158] (-) TimerEvent: {}
[4.238382] (-) TimerEvent: {}
[4.338898] (-) TimerEvent: {}
[4.440473] (-) TimerEvent: {}
[4.541174] (-) TimerEvent: {}
[4.642293] (-) TimerEvent: {}
[4.742818] (-) TimerEvent: {}
[4.843885] (-) TimerEvent: {}
[4.945845] (-) TimerEvent: {}
[5.046443] (-) TimerEvent: {}
[5.150824] (-) TimerEvent: {}
[5.251396] (-) TimerEvent: {}
[5.352546] (-) TimerEvent: {}
[5.456277] (-) TimerEvent: {}
[5.556745] (-) TimerEvent: {}
[5.657418] (-) TimerEvent: {}
[5.761756] (-) TimerEvent: {}
[5.862207] (-) TimerEvent: {}
[5.963501] (-) TimerEvent: {}
[6.007354] (status_display) StderrLine: {'line': b'\x1b[01m\x1b[K/home/shenhang/ros_study/chapter3/topic_practice_workspace/src/status_display/src/sys_status_display.cpp:\x1b[m\x1b[K In member function \xe2\x80\x98\x1b[01m\x1b[KQString SysStatusDisplay::get_qstr_from_msg(status_interfaces::msg::SystemStatus_<std::allocator<void> >::SharedPtr)\x1b[m\x1b[K\xe2\x80\x99:\n'}
[6.008127] (status_display) StderrLine: {'line': b'\x1b[01m\x1b[K/home/shenhang/ros_study/chapter3/topic_practice_workspace/src/status_display/src/sys_status_display.cpp:19:34:\x1b[m\x1b[K \x1b[01;31m\x1b[Kerror: \x1b[m\x1b[Kno match for \xe2\x80\x98\x1b[01m\x1b[Koperator<<\x1b[m\x1b[K\xe2\x80\x99 (operand types are \xe2\x80\x98\x1b[01m\x1b[Kstd::basic_ostream<char>\x1b[m\x1b[K\xe2\x80\x99 and \xe2\x80\x98\x1b[01m\x1b[Kstatus_interfaces::msg::SystemStatus_<std::allocator<void> >::_stamp_type\x1b[m\x1b[K\xe2\x80\x99 {aka \xe2\x80\x98\x1b[01m\x1b[Kbuiltin_interfaces::msg::Time_<std::allocator<void> >\x1b[m\x1b[K\xe2\x80\x99})\n'}
[6.008256] (status_display) StderrLine: {'line': b'   18 |         \x1b[32m\x1b[Kshow_str << "==================\xe7\xb3\xbb\xe7\xbb\x9f\xe7\x8a\xb6\xe6\x80\x81\xe6\x98\xbe\xe7\xa4\xba======================\\n"\x1b[m\x1b[K\n'}
[6.008367] (status_display) StderrLine: {'line': b'      |         \x1b[32m\x1b[K~~~~~~~~~~~~~~~~~~~~~~~~~~~~~~~~~~~~~~~~~~~~~~~~~~~~~~~~~~~~~~~~~~~~\x1b[m\x1b[K\n'}
[6.008466] (status_display) StderrLine: {'line': b'   19 | \x1b[32m\x1b[K                 << "\xe6\x95\xb0\xe6\x8d\xae\xe6\x97\xb6\xe9\x97\xb4: "\x1b[m\x1b[K \x1b[01;31m\x1b[K<<\x1b[m\x1b[K \x1b[34m\x1b[Kmsg->stamp\x1b[m\x1b[K << " s\\n"\n'}
[6.008592] (status_display) StderrLine: {'line': b'      |                  \x1b[32m\x1b[K~~~~~~~~~~~~~~~\x1b[m\x1b[K \x1b[01;31m\x1b[K^~\x1b[m\x1b[K \x1b[34m\x1b[K~~~~~~~~~~\x1b[m\x1b[K\n'}
[6.008934] (status_display) StderrLine: {'line': b'      |                  \x1b[32m\x1b[K|\x1b[m\x1b[K                       \x1b[34m\x1b[K|\x1b[m\x1b[K\n'}
[6.009081] (status_display) StderrLine: {'line': b'      |                  \x1b[32m\x1b[K|\x1b[m\x1b[K                       \x1b[34m\x1b[Kstatus_interfaces::msg::SystemStatus_<std::allocator<void> >::_stamp_type {aka builtin_interfaces::msg::Time_<std::allocator<void> >}\x1b[m\x1b[K\n'}
[6.009172] (status_display) StderrLine: {'line': b'      |                  \x1b[32m\x1b[Kstd::basic_ostream<char>\x1b[m\x1b[K\n'}
[6.009468] (status_display) StderrLine: {'line': b'In file included from \x1b[01m\x1b[K/usr/include/c++/11/iostream:39\x1b[m\x1b[K,\n'}
[6.009813] (status_display) StderrLine: {'line': b'                 from \x1b[01m\x1b[K/opt/ros/humble/include/rclcpp/rclcpp/executor.hpp:22\x1b[m\x1b[K,\n'}
[6.009948] (status_display) StderrLine: {'line': b'                 from \x1b[01m\x1b[K/opt/ros/humble/include/rclcpp/rclcpp/executors/multi_threaded_executor.hpp:25\x1b[m\x1b[K,\n'}
[6.010060] (status_display) StderrLine: {'line': b'                 from \x1b[01m\x1b[K/opt/ros/humble/include/rclcpp/rclcpp/executors.hpp:21\x1b[m\x1b[K,\n'}
[6.010328] (status_display) StderrLine: {'line': b'                 from \x1b[01m\x1b[K/opt/ros/humble/include/rclcpp/rclcpp/rclcpp.hpp:155\x1b[m\x1b[K,\n'}
[6.010387] (status_display) StderrLine: {'line': b'                 from \x1b[01m\x1b[K/home/shenhang/ros_study/chapter3/topic_practice_workspace/src/status_display/src/sys_status_display.cpp:4\x1b[m\x1b[K:\n'}
[6.010437] (status_display) StderrLine: {'line': b'\x1b[01m\x1b[K/usr/include/c++/11/ostream:108:7:\x1b[m\x1b[K \x1b[01;36m\x1b[Knote: \x1b[m\x1b[Kcandidate: \xe2\x80\x98\x1b[01m\x1b[Kstd::basic_ostream<_CharT, _Traits>::__ostream_type& std::basic_ostream<_CharT, _Traits>::operator<<(std::basic_ostream<_CharT, _Traits>::__ostream_type& (*)(std::basic_ostream<_CharT, _Traits>::__ostream_type&)) [with _CharT = char; _Traits = std::char_traits<char>; std::basic_ostream<_CharT, _Traits>::__ostream_type = std::basic_ostream<char>]\x1b[m\x1b[K\xe2\x80\x99\n'}
[6.010490] (status_display) StderrLine: {'line': b'  108 |       \x1b[01;36m\x1b[Koperator\x1b[m\x1b[K<<(__ostream_type& (*__pf)(__ostream_type&))\n'}
[6.010666] (status_display) StderrLine: {'line': b'      |       \x1b[01;36m\x1b[K^~~~~~~~\x1b[m\x1b[K\n'}
[6.010929] (status_display) StderrLine: {'line': b'\x1b[01m\x1b[K/usr/include/c++/11/ostream:108:36:\x1b[m\x1b[K \x1b[01;36m\x1b[Knote: \x1b[m\x1b[K  no known conversion for argument 1 from \xe2\x80\x98\x1b[01m\x1b[Kstatus_interfaces::msg::SystemStatus_<std::allocator<void> >::_stamp_type\x1b[m\x1b[K\xe2\x80\x99 {aka \xe2\x80\x98\x1b[01m\x1b[Kbuiltin_interfaces::msg::Time_<std::allocator<void> >\x1b[m\x1b[K\xe2\x80\x99} to \xe2\x80\x98\x1b[01m\x1b[Kstd::basic_ostream<char>::__ostream_type& (*)(std::basic_ostream<char>::__ostream_type&)\x1b[m\x1b[K\xe2\x80\x99 {aka \xe2\x80\x98\x1b[01m\x1b[Kstd::basic_ostream<char>& (*)(std::basic_ostream<char>&)\x1b[m\x1b[K\xe2\x80\x99}\n'}
[6.011080] (status_display) StderrLine: {'line': b'  108 |       operator<<(\x1b[01;36m\x1b[K__ostream_type& (*__pf)(__ostream_type&)\x1b[m\x1b[K)\n'}
[6.011185] (status_display) StderrLine: {'line': b'      |                  \x1b[01;36m\x1b[K~~~~~~~~~~~~~~~~~~^~~~~~~~~~~~~~~~~~~~~~\x1b[m\x1b[K\n'}
[6.011296] (status_display) StderrLine: {'line': b'\x1b[01m\x1b[K/usr/include/c++/11/ostream:117:7:\x1b[m\x1b[K \x1b[01;36m\x1b[Knote: \x1b[m\x1b[Kcandidate: \xe2\x80\x98\x1b[01m\x1b[Kstd::basic_ostream<_CharT, _Traits>::__ostream_type& std::basic_ostream<_CharT, _Traits>::operator<<(std::basic_ostream<_CharT, _Traits>::__ios_type& (*)(std::basic_ostream<_CharT, _Traits>::__ios_type&)) [with _CharT = char; _Traits = std::char_traits<char>; std::basic_ostream<_CharT, _Traits>::__ostream_type = std::basic_ostream<char>; std::basic_ostream<_CharT, _Traits>::__ios_type = std::basic_ios<char>]\x1b[m\x1b[K\xe2\x80\x99\n'}
[6.011392] (status_display) StderrLine: {'line': b'  117 |       \x1b[01;36m\x1b[Koperator\x1b[m\x1b[K<<(__ios_type& (*__pf)(__ios_type&))\n'}
[6.011544] (status_display) StderrLine: {'line': b'      |       \x1b[01;36m\x1b[K^~~~~~~~\x1b[m\x1b[K\n'}
[6.011693] (status_display) StderrLine: {'line': b'\x1b[01m\x1b[K/usr/include/c++/11/ostream:117:32:\x1b[m\x1b[K \x1b[01;36m\x1b[Knote: \x1b[m\x1b[K  no known conversion for argument 1 from \xe2\x80\x98\x1b[01m\x1b[Kstatus_interfaces::msg::SystemStatus_<std::allocator<void> >::_stamp_type\x1b[m\x1b[K\xe2\x80\x99 {aka \xe2\x80\x98\x1b[01m\x1b[Kbuiltin_interfaces::msg::Time_<std::allocator<void> >\x1b[m\x1b[K\xe2\x80\x99} to \xe2\x80\x98\x1b[01m\x1b[Kstd::basic_ostream<char>::__ios_type& (*)(std::basic_ostream<char>::__ios_type&)\x1b[m\x1b[K\xe2\x80\x99 {aka \xe2\x80\x98\x1b[01m\x1b[Kstd::basic_ios<char>& (*)(std::basic_ios<char>&)\x1b[m\x1b[K\xe2\x80\x99}\n'}
[6.012089] (status_display) StderrLine: {'line': b'  117 |       operator<<(\x1b[01;36m\x1b[K__ios_type& (*__pf)(__ios_type&)\x1b[m\x1b[K)\n'}
[6.012187] (status_display) StderrLine: {'line': b'      |                  \x1b[01;36m\x1b[K~~~~~~~~~~~~~~^~~~~~~~~~~~~~~~~~\x1b[m\x1b[K\n'}
[6.012270] (status_display) StderrLine: {'line': b'\x1b[01m\x1b[K/usr/include/c++/11/ostream:127:7:\x1b[m\x1b[K \x1b[01;36m\x1b[Knote: \x1b[m\x1b[Kcandidate: \xe2\x80\x98\x1b[01m\x1b[Kstd::basic_ostream<_CharT, _Traits>::__ostream_type& std::basic_ostream<_CharT, _Traits>::operator<<(std::ios_base& (*)(std::ios_base&)) [with _CharT = char; _Traits = std::char_traits<char>; std::basic_ostream<_CharT, _Traits>::__ostream_type = std::basic_ostream<char>]\x1b[m\x1b[K\xe2\x80\x99\n'}
[6.012361] (status_display) StderrLine: {'line': b'  127 |       \x1b[01;36m\x1b[Koperator\x1b[m\x1b[K<<(ios_base& (*__pf) (ios_base&))\n'}
[6.012544] (status_display) StderrLine: {'line': b'      |       \x1b[01;36m\x1b[K^~~~~~~~\x1b[m\x1b[K\n'}
[6.012932] (status_display) StderrLine: {'line': b'\x1b[01m\x1b[K/usr/include/c++/11/ostream:127:30:\x1b[m\x1b[K \x1b[01;36m\x1b[Knote: \x1b[m\x1b[K  no known conversion for argument 1 from \xe2\x80\x98\x1b[01m\x1b[Kstatus_interfaces::msg::SystemStatus_<std::allocator<void> >::_stamp_type\x1b[m\x1b[K\xe2\x80\x99 {aka \xe2\x80\x98\x1b[01m\x1b[Kbuiltin_interfaces::msg::Time_<std::allocator<void> >\x1b[m\x1b[K\xe2\x80\x99} to \xe2\x80\x98\x1b[01m\x1b[Kstd::ios_base& (*)(std::ios_base&)\x1b[m\x1b[K\xe2\x80\x99\n'}
[6.013040] (status_display) StderrLine: {'line': b'  127 |       operator<<(\x1b[01;36m\x1b[Kios_base& (*__pf) (ios_base&)\x1b[m\x1b[K)\n'}
[6.013139] (status_display) StderrLine: {'line': b'      |                  \x1b[01;36m\x1b[K~~~~~~~~~~~~^~~~~~~~~~~~~~~~~\x1b[m\x1b[K\n'}
[6.013238] (status_display) StderrLine: {'line': b'\x1b[01m\x1b[K/usr/include/c++/11/ostream:166:7:\x1b[m\x1b[K \x1b[01;36m\x1b[Knote: \x1b[m\x1b[Kcandidate: \xe2\x80\x98\x1b[01m\x1b[Kstd::basic_ostream<_CharT, _Traits>::__ostream_type& std::basic_ostream<_CharT, _Traits>::operator<<(long int) [with _CharT = char; _Traits = std::char_traits<char>; std::basic_ostream<_CharT, _Traits>::__ostream_type = std::basic_ostream<char>]\x1b[m\x1b[K\xe2\x80\x99\n'}
[6.013330] (status_display) StderrLine: {'line': b'  166 |       \x1b[01;36m\x1b[Koperator\x1b[m\x1b[K<<(long __n)\n'}
[6.013449] (status_display) StderrLine: {'line': b'      |       \x1b[01;36m\x1b[K^~~~~~~~\x1b[m\x1b[K\n'}
[6.017087] (status_display) StderrLine: {'line': b'\x1b[01m\x1b[K/usr/include/c++/11/ostream:166:23:\x1b[m\x1b[K \x1b[01;36m\x1b[Knote: \x1b[m\x1b[K  no known conversion for argument 1 from \xe2\x80\x98\x1b[01m\x1b[Kstatus_interfaces::msg::SystemStatus_<std::allocator<void> >::_stamp_type\x1b[m\x1b[K\xe2\x80\x99 {aka \xe2\x80\x98\x1b[01m\x1b[Kbuiltin_interfaces::msg::Time_<std::allocator<void> >\x1b[m\x1b[K\xe2\x80\x99} to \xe2\x80\x98\x1b[01m\x1b[Klong int\x1b[m\x1b[K\xe2\x80\x99\n'}
[6.017241] (status_display) StderrLine: {'line': b'  166 |       operator<<(\x1b[01;36m\x1b[Klong __n\x1b[m\x1b[K)\n'}
[6.017386] (status_display) StderrLine: {'line': b'      |                  \x1b[01;36m\x1b[K~~~~~^~~\x1b[m\x1b[K\n'}
[6.017533] (status_display) StderrLine: {'line': b'\x1b[01m\x1b[K/usr/include/c++/11/ostream:170:7:\x1b[m\x1b[K \x1b[01;36m\x1b[Knote: \x1b[m\x1b[Kcandidate: \xe2\x80\x98\x1b[01m\x1b[Kstd::basic_ostream<_CharT, _Traits>::__ostream_type& std::basic_ostream<_CharT, _Traits>::operator<<(long unsigned int) [with _CharT = char; _Traits = std::char_traits<char>; std::basic_ostream<_CharT, _Traits>::__ostream_type = std::basic_ostream<char>]\x1b[m\x1b[K\xe2\x80\x99\n'}
[6.017642] (status_display) StderrLine: {'line': b'  170 |       \x1b[01;36m\x1b[Koperator\x1b[m\x1b[K<<(unsigned long __n)\n'}
[6.017781] (status_display) StderrLine: {'line': b'      |       \x1b[01;36m\x1b[K^~~~~~~~\x1b[m\x1b[K\n'}
[6.017908] (status_display) StderrLine: {'line': b'\x1b[01m\x1b[K/usr/include/c++/11/ostream:170:32:\x1b[m\x1b[K \x1b[01;36m\x1b[Knote: \x1b[m\x1b[K  no known conversion for argument 1 from \xe2\x80\x98\x1b[01m\x1b[Kstatus_interfaces::msg::SystemStatus_<std::allocator<void> >::_stamp_type\x1b[m\x1b[K\xe2\x80\x99 {aka \xe2\x80\x98\x1b[01m\x1b[Kbuiltin_interfaces::msg::Time_<std::allocator<void> >\x1b[m\x1b[K\xe2\x80\x99} to \xe2\x80\x98\x1b[01m\x1b[Klong unsigned int\x1b[m\x1b[K\xe2\x80\x99\n'}
[6.018036] (status_display) StderrLine: {'line': b'  170 |       operator<<(\x1b[01;36m\x1b[Kunsigned long __n\x1b[m\x1b[K)\n'}
[6.018447] (status_display) StderrLine: {'line': b'      |                  \x1b[01;36m\x1b[K~~~~~~~~~~~~~~^~~\x1b[m\x1b[K\n'}
[6.018552] (status_display) StderrLine: {'line': b'\x1b[01m\x1b[K/usr/include/c++/11/ostream:174:7:\x1b[m\x1b[K \x1b[01;36m\x1b[Knote: \x1b[m\x1b[Kcandidate: \xe2\x80\x98\x1b[01m\x1b[Kstd::basic_ostream<_CharT, _Traits>::__ostream_type& std::basic_ostream<_CharT, _Traits>::operator<<(bool) [with _CharT = char; _Traits = std::char_traits<char>; std::basic_ostream<_CharT, _Traits>::__ostream_type = std::basic_ostream<char>]\x1b[m\x1b[K\xe2\x80\x99\n'}
[6.018737] (status_display) StderrLine: {'line': b'  174 |       \x1b[01;36m\x1b[Koperator\x1b[m\x1b[K<<(bool __n)\n'}
[6.018899] (status_display) StderrLine: {'line': b'      |       \x1b[01;36m\x1b[K^~~~~~~~\x1b[m\x1b[K\n'}
[6.019072] (status_display) StderrLine: {'line': b'\x1b[01m\x1b[K/usr/include/c++/11/ostream:174:23:\x1b[m\x1b[K \x1b[01;36m\x1b[Knote: \x1b[m\x1b[K  no known conversion for argument 1 from \xe2\x80\x98\x1b[01m\x1b[Kstatus_interfaces::msg::SystemStatus_<std::allocator<void> >::_stamp_type\x1b[m\x1b[K\xe2\x80\x99 {aka \xe2\x80\x98\x1b[01m\x1b[Kbuiltin_interfaces::msg::Time_<std::allocator<void> >\x1b[m\x1b[K\xe2\x80\x99} to \xe2\x80\x98\x1b[01m\x1b[Kbool\x1b[m\x1b[K\xe2\x80\x99\n'}
[6.019199] (status_display) StderrLine: {'line': b'  174 |       operator<<(\x1b[01;36m\x1b[Kbool __n\x1b[m\x1b[K)\n'}
[6.019314] (status_display) StderrLine: {'line': b'      |                  \x1b[01;36m\x1b[K~~~~~^~~\x1b[m\x1b[K\n'}
[6.019419] (status_display) StderrLine: {'line': b'In file included from \x1b[01m\x1b[K/usr/include/c++/11/ostream:829\x1b[m\x1b[K,\n'}
[6.019523] (status_display) StderrLine: {'line': b'                 from \x1b[01m\x1b[K/usr/include/c++/11/iostream:39\x1b[m\x1b[K,\n'}
[6.019618] (status_display) StderrLine: {'line': b'                 from \x1b[01m\x1b[K/opt/ros/humble/include/rclcpp/rclcpp/executor.hpp:22\x1b[m\x1b[K,\n'}
[6.020426] (status_display) StderrLine: {'line': b'                 from \x1b[01m\x1b[K/opt/ros/humble/include/rclcpp/rclcpp/executors/multi_threaded_executor.hpp:25\x1b[m\x1b[K,\n'}
[6.020610] (status_display) StderrLine: {'line': b'                 from \x1b[01m\x1b[K/opt/ros/humble/include/rclcpp/rclcpp/executors.hpp:21\x1b[m\x1b[K,\n'}
[6.020783] (status_display) StderrLine: {'line': b'                 from \x1b[01m\x1b[K/opt/ros/humble/include/rclcpp/rclcpp/rclcpp.hpp:155\x1b[m\x1b[K,\n'}
[6.020981] (status_display) StderrLine: {'line': b'                 from \x1b[01m\x1b[K/home/shenhang/ros_study/chapter3/topic_practice_workspace/src/status_display/src/sys_status_display.cpp:4\x1b[m\x1b[K:\n'}
[6.021073] (status_display) StderrLine: {'line': b'\x1b[01m\x1b[K/usr/include/c++/11/bits/ostream.tcc:91:5:\x1b[m\x1b[K \x1b[01;36m\x1b[Knote: \x1b[m\x1b[Kcandidate: \xe2\x80\x98\x1b[01m\x1b[Kstd::basic_ostream<_CharT, _Traits>& std::basic_ostream<_CharT, _Traits>::operator<<(short int) [with _CharT = char; _Traits = std::char_traits<char>]\x1b[m\x1b[K\xe2\x80\x99\n'}
[6.021950] (status_display) StderrLine: {'line': b'   91 |     \x1b[01;36m\x1b[Kbasic_ostream<_CharT, _Traits>\x1b[m\x1b[K::\n'}
[6.022076] (status_display) StderrLine: {'line': b'      |     \x1b[01;36m\x1b[K^~~~~~~~~~~~~~~~~~~~~~~~~~~~~~\x1b[m\x1b[K\n'}
[6.022284] (status_display) StderrLine: {'line': b'\x1b[01m\x1b[K/usr/include/c++/11/bits/ostream.tcc:92:22:\x1b[m\x1b[K \x1b[01;36m\x1b[Knote: \x1b[m\x1b[K  no known conversion for argument 1 from \xe2\x80\x98\x1b[01m\x1b[Kstatus_interfaces::msg::SystemStatus_<std::allocator<void> >::_stamp_type\x1b[m\x1b[K\xe2\x80\x99 {aka \xe2\x80\x98\x1b[01m\x1b[Kbuiltin_interfaces::msg::Time_<std::allocator<void> >\x1b[m\x1b[K\xe2\x80\x99} to \xe2\x80\x98\x1b[01m\x1b[Kshort int\x1b[m\x1b[K\xe2\x80\x99\n'}
[6.022410] (status_display) StderrLine: {'line': b'   92 |     operator<<(\x1b[01;36m\x1b[Kshort __n\x1b[m\x1b[K)\n'}
[6.022515] (status_display) StderrLine: {'line': b'      |                \x1b[01;36m\x1b[K~~~~~~^~~\x1b[m\x1b[K\n'}
[6.022623] (status_display) StderrLine: {'line': b'In file included from \x1b[01m\x1b[K/usr/include/c++/11/iostream:39\x1b[m\x1b[K,\n'}
[6.022772] (status_display) StderrLine: {'line': b'                 from \x1b[01m\x1b[K/opt/ros/humble/include/rclcpp/rclcpp/executor.hpp:22\x1b[m\x1b[K,\n'}
[6.022892] (status_display) StderrLine: {'line': b'                 from \x1b[01m\x1b[K/opt/ros/humble/include/rclcpp/rclcpp/executors/multi_threaded_executor.hpp:25\x1b[m\x1b[K,\n'}
[6.022999] (status_display) StderrLine: {'line': b'                 from \x1b[01m\x1b[K/opt/ros/humble/include/rclcpp/rclcpp/executors.hpp:21\x1b[m\x1b[K,\n'}
[6.023167] (status_display) StderrLine: {'line': b'                 from \x1b[01m\x1b[K/opt/ros/humble/include/rclcpp/rclcpp/rclcpp.hpp:155\x1b[m\x1b[K,\n'}
[6.023532] (status_display) StderrLine: {'line': b'                 from \x1b[01m\x1b[K/home/shenhang/ros_study/chapter3/topic_practice_workspace/src/status_display/src/sys_status_display.cpp:4\x1b[m\x1b[K:\n'}
[6.023629] (status_display) StderrLine: {'line': b'\x1b[01m\x1b[K/usr/include/c++/11/ostream:181:7:\x1b[m\x1b[K \x1b[01;36m\x1b[Knote: \x1b[m\x1b[Kcandidate: \xe2\x80\x98\x1b[01m\x1b[Kstd::basic_ostream<_CharT, _Traits>::__ostream_type& std::basic_ostream<_CharT, _Traits>::operator<<(short unsigned int) [with _CharT = char; _Traits = std::char_traits<char>; std::basic_ostream<_CharT, _Traits>::__ostream_type = std::basic_ostream<char>]\x1b[m\x1b[K\xe2\x80\x99\n'}
[6.023833] (status_display) StderrLine: {'line': b'  181 |       \x1b[01;36m\x1b[Koperator\x1b[m\x1b[K<<(unsigned short __n)\n'}
[6.024295] (status_display) StderrLine: {'line': b'      |       \x1b[01;36m\x1b[K^~~~~~~~\x1b[m\x1b[K\n'}
[6.024472] (status_display) StderrLine: {'line': b'\x1b[01m\x1b[K/usr/include/c++/11/ostream:181:33:\x1b[m\x1b[K \x1b[01;36m\x1b[Knote: \x1b[m\x1b[K  no known conversion for argument 1 from \xe2\x80\x98\x1b[01m\x1b[Kstatus_interfaces::msg::SystemStatus_<std::allocator<void> >::_stamp_type\x1b[m\x1b[K\xe2\x80\x99 {aka \xe2\x80\x98\x1b[01m\x1b[Kbuiltin_interfaces::msg::Time_<std::allocator<void> >\x1b[m\x1b[K\xe2\x80\x99} to \xe2\x80\x98\x1b[01m\x1b[Kshort unsigned int\x1b[m\x1b[K\xe2\x80\x99\n'}
[6.024624] (status_display) StderrLine: {'line': b'  181 |       operator<<(\x1b[01;36m\x1b[Kunsigned short __n\x1b[m\x1b[K)\n'}
[6.024867] (status_display) StderrLine: {'line': b'      |                  \x1b[01;36m\x1b[K~~~~~~~~~~~~~~~^~~\x1b[m\x1b[K\n'}
[6.024971] (status_display) StderrLine: {'line': b'In file included from \x1b[01m\x1b[K/usr/include/c++/11/ostream:829\x1b[m\x1b[K,\n'}
[6.025450] (status_display) StderrLine: {'line': b'                 from \x1b[01m\x1b[K/usr/include/c++/11/iostream:39\x1b[m\x1b[K,\n'}
[6.025579] (status_display) StderrLine: {'line': b'                 from \x1b[01m\x1b[K/opt/ros/humble/include/rclcpp/rclcpp/executor.hpp:22\x1b[m\x1b[K,\n'}
[6.025746] (status_display) StderrLine: {'line': b'                 from \x1b[01m\x1b[K/opt/ros/humble/include/rclcpp/rclcpp/executors/multi_threaded_executor.hpp:25\x1b[m\x1b[K,\n'}
[6.025910] (status_display) StderrLine: {'line': b'                 from \x1b[01m\x1b[K/opt/ros/humble/include/rclcpp/rclcpp/executors.hpp:21\x1b[m\x1b[K,\n'}
[6.026017] (status_display) StderrLine: {'line': b'                 from \x1b[01m\x1b[K/opt/ros/humble/include/rclcpp/rclcpp/rclcpp.hpp:155\x1b[m\x1b[K,\n'}
[6.026147] (status_display) StderrLine: {'line': b'                 from \x1b[01m\x1b[K/home/shenhang/ros_study/chapter3/topic_practice_workspace/src/status_display/src/sys_status_display.cpp:4\x1b[m\x1b[K:\n'}
[6.026300] (status_display) StderrLine: {'line': b'\x1b[01m\x1b[K/usr/include/c++/11/bits/ostream.tcc:105:5:\x1b[m\x1b[K \x1b[01;36m\x1b[Knote: \x1b[m\x1b[Kcandidate: \xe2\x80\x98\x1b[01m\x1b[Kstd::basic_ostream<_CharT, _Traits>& std::basic_ostream<_CharT, _Traits>::operator<<(int) [with _CharT = char; _Traits = std::char_traits<char>]\x1b[m\x1b[K\xe2\x80\x99\n'}
[6.026419] (status_display) StderrLine: {'line': b'  105 |     \x1b[01;36m\x1b[Kbasic_ostream<_CharT, _Traits>\x1b[m\x1b[K::\n'}
[6.026521] (status_display) StderrLine: {'line': b'      |     \x1b[01;36m\x1b[K^~~~~~~~~~~~~~~~~~~~~~~~~~~~~~\x1b[m\x1b[K\n'}
[6.027165] (status_display) StderrLine: {'line': b'\x1b[01m\x1b[K/usr/include/c++/11/bits/ostream.tcc:106:20:\x1b[m\x1b[K \x1b[01;36m\x1b[Knote: \x1b[m\x1b[K  no known conversion for argument 1 from \xe2\x80\x98\x1b[01m\x1b[Kstatus_interfaces::msg::SystemStatus_<std::allocator<void> >::_stamp_type\x1b[m\x1b[K\xe2\x80\x99 {aka \xe2\x80\x98\x1b[01m\x1b[Kbuiltin_interfaces::msg::Time_<std::allocator<void> >\x1b[m\x1b[K\xe2\x80\x99} to \xe2\x80\x98\x1b[01m\x1b[Kint\x1b[m\x1b[K\xe2\x80\x99\n'}
[6.027356] (status_display) StderrLine: {'line': b'  106 |     operator<<(\x1b[01;36m\x1b[Kint __n\x1b[m\x1b[K)\n'}
[6.027466] (status_display) StderrLine: {'line': b'      |                \x1b[01;36m\x1b[K~~~~^~~\x1b[m\x1b[K\n'}
[6.027556] (status_display) StderrLine: {'line': b'In file included from \x1b[01m\x1b[K/usr/include/c++/11/iostream:39\x1b[m\x1b[K,\n'}
[6.027642] (status_display) StderrLine: {'line': b'                 from \x1b[01m\x1b[K/opt/ros/humble/include/rclcpp/rclcpp/executor.hpp:22\x1b[m\x1b[K,\n'}
[6.027778] (status_display) StderrLine: {'line': b'                 from \x1b[01m\x1b[K/opt/ros/humble/include/rclcpp/rclcpp/executors/multi_threaded_executor.hpp:25\x1b[m\x1b[K,\n'}
[6.027883] (status_display) StderrLine: {'line': b'                 from \x1b[01m\x1b[K/opt/ros/humble/include/rclcpp/rclcpp/executors.hpp:21\x1b[m\x1b[K,\n'}
[6.028019] (status_display) StderrLine: {'line': b'                 from \x1b[01m\x1b[K/opt/ros/humble/include/rclcpp/rclcpp/rclcpp.hpp:155\x1b[m\x1b[K,\n'}
[6.028141] (status_display) StderrLine: {'line': b'                 from \x1b[01m\x1b[K/home/shenhang/ros_study/chapter3/topic_practice_workspace/src/status_display/src/sys_status_display.cpp:4\x1b[m\x1b[K:\n'}
[6.028230] (status_display) StderrLine: {'line': b'\x1b[01m\x1b[K/usr/include/c++/11/ostream:192:7:\x1b[m\x1b[K \x1b[01;36m\x1b[Knote: \x1b[m\x1b[Kcandidate: \xe2\x80\x98\x1b[01m\x1b[Kstd::basic_ostream<_CharT, _Traits>::__ostream_type& std::basic_ostream<_CharT, _Traits>::operator<<(unsigned int) [with _CharT = char; _Traits = std::char_traits<char>; std::basic_ostream<_CharT, _Traits>::__ostream_type = std::basic_ostream<char>]\x1b[m\x1b[K\xe2\x80\x99\n'}
[6.028319] (status_display) StderrLine: {'line': b'  192 |       \x1b[01;36m\x1b[Koperator\x1b[m\x1b[K<<(unsigned int __n)\n'}
[6.028782] (status_display) StderrLine: {'line': b'      |       \x1b[01;36m\x1b[K^~~~~~~~\x1b[m\x1b[K\n'}
[6.028845] (status_display) StderrLine: {'line': b'\x1b[01m\x1b[K/usr/include/c++/11/ostream:192:31:\x1b[m\x1b[K \x1b[01;36m\x1b[Knote: \x1b[m\x1b[K  no known conversion for argument 1 from \xe2\x80\x98\x1b[01m\x1b[Kstatus_interfaces::msg::SystemStatus_<std::allocator<void> >::_stamp_type\x1b[m\x1b[K\xe2\x80\x99 {aka \xe2\x80\x98\x1b[01m\x1b[Kbuiltin_interfaces::msg::Time_<std::allocator<void> >\x1b[m\x1b[K\xe2\x80\x99} to \xe2\x80\x98\x1b[01m\x1b[Kunsigned int\x1b[m\x1b[K\xe2\x80\x99\n'}
[6.028903] (status_display) StderrLine: {'line': b'  192 |       operator<<(\x1b[01;36m\x1b[Kunsigned int __n\x1b[m\x1b[K)\n'}
[6.028976] (status_display) StderrLine: {'line': b'      |                  \x1b[01;36m\x1b[K~~~~~~~~~~~~~^~~\x1b[m\x1b[K\n'}
[6.029099] (status_display) StderrLine: {'line': b'\x1b[01m\x1b[K/usr/include/c++/11/ostream:201:7:\x1b[m\x1b[K \x1b[01;36m\x1b[Knote: \x1b[m\x1b[Kcandidate: \xe2\x80\x98\x1b[01m\x1b[Kstd::basic_ostream<_CharT, _Traits>::__ostream_type& std::basic_ostream<_CharT, _Traits>::operator<<(long long int) [with _CharT = char; _Traits = std::char_traits<char>; std::basic_ostream<_CharT, _Traits>::__ostream_type = std::basic_ostream<char>]\x1b[m\x1b[K\xe2\x80\x99\n'}
[6.030074] (status_display) StderrLine: {'line': b'  201 |       \x1b[01;36m\x1b[Koperator\x1b[m\x1b[K<<(long long __n)\n'}
[6.030268] (status_display) StderrLine: {'line': b'      |       \x1b[01;36m\x1b[K^~~~~~~~\x1b[m\x1b[K\n'}
[6.030407] (status_display) StderrLine: {'line': b'\x1b[01m\x1b[K/usr/include/c++/11/ostream:201:28:\x1b[m\x1b[K \x1b[01;36m\x1b[Knote: \x1b[m\x1b[K  no known conversion for argument 1 from \xe2\x80\x98\x1b[01m\x1b[Kstatus_interfaces::msg::SystemStatus_<std::allocator<void> >::_stamp_type\x1b[m\x1b[K\xe2\x80\x99 {aka \xe2\x80\x98\x1b[01m\x1b[Kbuiltin_interfaces::msg::Time_<std::allocator<void> >\x1b[m\x1b[K\xe2\x80\x99} to \xe2\x80\x98\x1b[01m\x1b[Klong long int\x1b[m\x1b[K\xe2\x80\x99\n'}
[6.030922] (status_display) StderrLine: {'line': b'  201 |       operator<<(\x1b[01;36m\x1b[Klong long __n\x1b[m\x1b[K)\n'}
[6.031185] (status_display) StderrLine: {'line': b'      |                  \x1b[01;36m\x1b[K~~~~~~~~~~^~~\x1b[m\x1b[K\n'}
[6.031321] (status_display) StderrLine: {'line': b'\x1b[01m\x1b[K/usr/include/c++/11/ostream:205:7:\x1b[m\x1b[K \x1b[01;36m\x1b[Knote: \x1b[m\x1b[Kcandidate: \xe2\x80\x98\x1b[01m\x1b[Kstd::basic_ostream<_CharT, _Traits>::__ostream_type& std::basic_ostream<_CharT, _Traits>::operator<<(long long unsigned int) [with _CharT = char; _Traits = std::char_traits<char>; std::basic_ostream<_CharT, _Traits>::__ostream_type = std::basic_ostream<char>]\x1b[m\x1b[K\xe2\x80\x99\n'}
[6.031456] (status_display) StderrLine: {'line': b'  205 |       \x1b[01;36m\x1b[Koperator\x1b[m\x1b[K<<(unsigned long long __n)\n'}
[6.032169] (status_display) StderrLine: {'line': b'      |       \x1b[01;36m\x1b[K^~~~~~~~\x1b[m\x1b[K\n'}
[6.032359] (status_display) StderrLine: {'line': b'\x1b[01m\x1b[K/usr/include/c++/11/ostream:205:37:\x1b[m\x1b[K \x1b[01;36m\x1b[Knote: \x1b[m\x1b[K  no known conversion for argument 1 from \xe2\x80\x98\x1b[01m\x1b[Kstatus_interfaces::msg::SystemStatus_<std::allocator<void> >::_stamp_type\x1b[m\x1b[K\xe2\x80\x99 {aka \xe2\x80\x98\x1b[01m\x1b[Kbuiltin_interfaces::msg::Time_<std::allocator<void> >\x1b[m\x1b[K\xe2\x80\x99} to \xe2\x80\x98\x1b[01m\x1b[Klong long unsigned int\x1b[m\x1b[K\xe2\x80\x99\n'}
[6.032478] (status_display) StderrLine: {'line': b'  205 |       operator<<(\x1b[01;36m\x1b[Kunsigned long long __n\x1b[m\x1b[K)\n'}
[6.032587] (status_display) StderrLine: {'line': b'      |                  \x1b[01;36m\x1b[K~~~~~~~~~~~~~~~~~~~^~~\x1b[m\x1b[K\n'}
[6.032808] (status_display) StderrLine: {'line': b'\x1b[01m\x1b[K/usr/include/c++/11/ostream:220:7:\x1b[m\x1b[K \x1b[01;36m\x1b[Knote: \x1b[m\x1b[Kcandidate: \xe2\x80\x98\x1b[01m\x1b[Kstd::basic_ostream<_CharT, _Traits>::__ostream_type& std::basic_ostream<_CharT, _Traits>::operator<<(double) [with _CharT = char; _Traits = std::char_traits<char>; std::basic_ostream<_CharT, _Traits>::__ostream_type = std::basic_ostream<char>]\x1b[m\x1b[K\xe2\x80\x99\n'}
[6.033767] (status_display) StderrLine: {'line': b'  220 |       \x1b[01;36m\x1b[Koperator\x1b[m\x1b[K<<(double __f)\n'}
[6.033904] (status_display) StderrLine: {'line': b'      |       \x1b[01;36m\x1b[K^~~~~~~~\x1b[m\x1b[K\n'}
[6.034048] (status_display) StderrLine: {'line': b'\x1b[01m\x1b[K/usr/include/c++/11/ostream:220:25:\x1b[m\x1b[K \x1b[01;36m\x1b[Knote: \x1b[m\x1b[K  no known conversion for argument 1 from \xe2\x80\x98\x1b[01m\x1b[Kstatus_interfaces::msg::SystemStatus_<std::allocator<void> >::_stamp_type\x1b[m\x1b[K\xe2\x80\x99 {aka \xe2\x80\x98\x1b[01m\x1b[Kbuiltin_interfaces::msg::Time_<std::allocator<void> >\x1b[m\x1b[K\xe2\x80\x99} to \xe2\x80\x98\x1b[01m\x1b[Kdouble\x1b[m\x1b[K\xe2\x80\x99\n'}
[6.034162] (status_display) StderrLine: {'line': b'  220 |       operator<<(\x1b[01;36m\x1b[Kdouble __f\x1b[m\x1b[K)\n'}
[6.034269] (status_display) StderrLine: {'line': b'      |                  \x1b[01;36m\x1b[K~~~~~~~^~~\x1b[m\x1b[K\n'}
[6.034377] (status_display) StderrLine: {'line': b'\x1b[01m\x1b[K/usr/include/c++/11/ostream:224:7:\x1b[m\x1b[K \x1b[01;36m\x1b[Knote: \x1b[m\x1b[Kcandidate: \xe2\x80\x98\x1b[01m\x1b[Kstd::basic_ostream<_CharT, _Traits>::__ostream_type& std::basic_ostream<_CharT, _Traits>::operator<<(float) [with _CharT = char; _Traits = std::char_traits<char>; std::basic_ostream<_CharT, _Traits>::__ostream_type = std::basic_ostream<char>]\x1b[m\x1b[K\xe2\x80\x99\n'}
[6.034518] (status_display) StderrLine: {'line': b'  224 |       \x1b[01;36m\x1b[Koperator\x1b[m\x1b[K<<(float __f)\n'}
[6.035100] (status_display) StderrLine: {'line': b'      |       \x1b[01;36m\x1b[K^~~~~~~~\x1b[m\x1b[K\n'}
[6.035268] (status_display) StderrLine: {'line': b'\x1b[01m\x1b[K/usr/include/c++/11/ostream:224:24:\x1b[m\x1b[K \x1b[01;36m\x1b[Knote: \x1b[m\x1b[K  no known conversion for argument 1 from \xe2\x80\x98\x1b[01m\x1b[Kstatus_interfaces::msg::SystemStatus_<std::allocator<void> >::_stamp_type\x1b[m\x1b[K\xe2\x80\x99 {aka \xe2\x80\x98\x1b[01m\x1b[Kbuiltin_interfaces::msg::Time_<std::allocator<void> >\x1b[m\x1b[K\xe2\x80\x99} to \xe2\x80\x98\x1b[01m\x1b[Kfloat\x1b[m\x1b[K\xe2\x80\x99\n'}
[6.035400] (status_display) StderrLine: {'line': b'  224 |       operator<<(\x1b[01;36m\x1b[Kfloat __f\x1b[m\x1b[K)\n'}
[6.035543] (status_display) StderrLine: {'line': b'      |                  \x1b[01;36m\x1b[K~~~~~~^~~\x1b[m\x1b[K\n'}
[6.035746] (status_display) StderrLine: {'line': b'\x1b[01m\x1b[K/usr/include/c++/11/ostream:232:7:\x1b[m\x1b[K \x1b[01;36m\x1b[Knote: \x1b[m\x1b[Kcandidate: \xe2\x80\x98\x1b[01m\x1b[Kstd::basic_ostream<_CharT, _Traits>::__ostream_type& std::basic_ostream<_CharT, _Traits>::operator<<(long double) [with _CharT = char; _Traits = std::char_traits<char>; std::basic_ostream<_CharT, _Traits>::__ostream_type = std::basic_ostream<char>]\x1b[m\x1b[K\xe2\x80\x99\n'}
[6.035953] (status_display) StderrLine: {'line': b'  232 |       \x1b[01;36m\x1b[Koperator\x1b[m\x1b[K<<(long double __f)\n'}
[6.036105] (status_display) StderrLine: {'line': b'      |       \x1b[01;36m\x1b[K^~~~~~~~\x1b[m\x1b[K\n'}
[6.036240] (status_display) StderrLine: {'line': b'\x1b[01m\x1b[K/usr/include/c++/11/ostream:232:30:\x1b[m\x1b[K \x1b[01;36m\x1b[Knote: \x1b[m\x1b[K  no known conversion for argument 1 from \xe2\x80\x98\x1b[01m\x1b[Kstatus_interfaces::msg::SystemStatus_<std::allocator<void> >::_stamp_type\x1b[m\x1b[K\xe2\x80\x99 {aka \xe2\x80\x98\x1b[01m\x1b[Kbuiltin_interfaces::msg::Time_<std::allocator<void> >\x1b[m\x1b[K\xe2\x80\x99} to \xe2\x80\x98\x1b[01m\x1b[Klong double\x1b[m\x1b[K\xe2\x80\x99\n'}
[6.036387] (status_display) StderrLine: {'line': b'  232 |       operator<<(\x1b[01;36m\x1b[Klong double __f\x1b[m\x1b[K)\n'}
[6.036522] (status_display) StderrLine: {'line': b'      |                  \x1b[01;36m\x1b[K~~~~~~~~~~~~^~~\x1b[m\x1b[K\n'}
[6.036978] (status_display) StderrLine: {'line': b'\x1b[01m\x1b[K/usr/include/c++/11/ostream:245:7:\x1b[m\x1b[K \x1b[01;36m\x1b[Knote: \x1b[m\x1b[Kcandidate: \xe2\x80\x98\x1b[01m\x1b[Kstd::basic_ostream<_CharT, _Traits>::__ostream_type& std::basic_ostream<_CharT, _Traits>::operator<<(const void*) [with _CharT = char; _Traits = std::char_traits<char>; std::basic_ostream<_CharT, _Traits>::__ostream_type = std::basic_ostream<char>]\x1b[m\x1b[K\xe2\x80\x99\n'}
[6.037101] (status_display) StderrLine: {'line': b'  245 |       \x1b[01;36m\x1b[Koperator\x1b[m\x1b[K<<(const void* __p)\n'}
[6.037176] (status_display) StderrLine: {'line': b'      |       \x1b[01;36m\x1b[K^~~~~~~~\x1b[m\x1b[K\n'}
[6.037390] (status_display) StderrLine: {'line': b'\x1b[01m\x1b[K/usr/include/c++/11/ostream:245:30:\x1b[m\x1b[K \x1b[01;36m\x1b[Knote: \x1b[m\x1b[K  no known conversion for argument 1 from \xe2\x80\x98\x1b[01m\x1b[Kstatus_interfaces::msg::SystemStatus_<std::allocator<void> >::_stamp_type\x1b[m\x1b[K\xe2\x80\x99 {aka \xe2\x80\x98\x1b[01m\x1b[Kbuiltin_interfaces::msg::Time_<std::allocator<void> >\x1b[m\x1b[K\xe2\x80\x99} to \xe2\x80\x98\x1b[01m\x1b[Kconst void*\x1b[m\x1b[K\xe2\x80\x99\n'}
[6.037454] (status_display) StderrLine: {'line': b'  245 |       operator<<(\x1b[01;36m\x1b[Kconst void* __p\x1b[m\x1b[K)\n'}
[6.037517] (status_display) StderrLine: {'line': b'      |                  \x1b[01;36m\x1b[K~~~~~~~~~~~~^~~\x1b[m\x1b[K\n'}
[6.037568] (status_display) StderrLine: {'line': b'\x1b[01m\x1b[K/usr/include/c++/11/ostream:250:7:\x1b[m\x1b[K \x1b[01;36m\x1b[Knote: \x1b[m\x1b[Kcandidate: \xe2\x80\x98\x1b[01m\x1b[Kstd::basic_ostream<_CharT, _Traits>::__ostream_type& std::basic_ostream<_CharT, _Traits>::operator<<(std::nullptr_t) [with _CharT = char; _Traits = std::char_traits<char>; std::basic_ostream<_CharT, _Traits>::__ostream_type = std::basic_ostream<char>; std::nullptr_t = std::nullptr_t]\x1b[m\x1b[K\xe2\x80\x99\n'}
[6.037627] (status_display) StderrLine: {'line': b'  250 |       \x1b[01;36m\x1b[Koperator\x1b[m\x1b[K<<(nullptr_t)\n'}
[6.037679] (status_display) StderrLine: {'line': b'      |       \x1b[01;36m\x1b[K^~~~~~~~\x1b[m\x1b[K\n'}
[6.037733] (status_display) StderrLine: {'line': b'\x1b[01m\x1b[K/usr/include/c++/11/ostream:250:18:\x1b[m\x1b[K \x1b[01;36m\x1b[Knote: \x1b[m\x1b[K  no known conversion for argument 1 from \xe2\x80\x98\x1b[01m\x1b[Kstatus_interfaces::msg::SystemStatus_<std::allocator<void> >::_stamp_type\x1b[m\x1b[K\xe2\x80\x99 {aka \xe2\x80\x98\x1b[01m\x1b[Kbuiltin_interfaces::msg::Time_<std::allocator<void> >\x1b[m\x1b[K\xe2\x80\x99} to \xe2\x80\x98\x1b[01m\x1b[Kstd::nullptr_t\x1b[m\x1b[K\xe2\x80\x99\n'}
[6.037793] (status_display) StderrLine: {'line': b'  250 |       operator<<(\x1b[01;36m\x1b[Knullptr_t\x1b[m\x1b[K)\n'}
[6.037943] (status_display) StderrLine: {'line': b'      |                  \x1b[01;36m\x1b[K^~~~~~~~~\x1b[m\x1b[K\n'}
[6.038038] (status_display) StderrLine: {'line': b'In file included from \x1b[01m\x1b[K/usr/include/c++/11/ostream:829\x1b[m\x1b[K,\n'}
[6.038124] (status_display) StderrLine: {'line': b'                 from \x1b[01m\x1b[K/usr/include/c++/11/iostream:39\x1b[m\x1b[K,\n'}
[6.038222] (status_display) StderrLine: {'line': b'                 from \x1b[01m\x1b[K/opt/ros/humble/include/rclcpp/rclcpp/executor.hpp:22\x1b[m\x1b[K,\n'}
[6.038321] (status_display) StderrLine: {'line': b'                 from \x1b[01m\x1b[K/opt/ros/humble/include/rclcpp/rclcpp/executors/multi_threaded_executor.hpp:25\x1b[m\x1b[K,\n'}
[6.038404] (status_display) StderrLine: {'line': b'                 from \x1b[01m\x1b[K/opt/ros/humble/include/rclcpp/rclcpp/executors.hpp:21\x1b[m\x1b[K,\n'}
[6.038510] (status_display) StderrLine: {'line': b'                 from \x1b[01m\x1b[K/opt/ros/humble/include/rclcpp/rclcpp/rclcpp.hpp:155\x1b[m\x1b[K,\n'}
[6.038609] (status_display) StderrLine: {'line': b'                 from \x1b[01m\x1b[K/home/shenhang/ros_study/chapter3/topic_practice_workspace/src/status_display/src/sys_status_display.cpp:4\x1b[m\x1b[K:\n'}
[6.038694] (status_display) StderrLine: {'line': b'\x1b[01m\x1b[K/usr/include/c++/11/bits/ostream.tcc:119:5:\x1b[m\x1b[K \x1b[01;36m\x1b[Knote: \x1b[m\x1b[Kcandidate: \xe2\x80\x98\x1b[01m\x1b[Kstd::basic_ostream<_CharT, _Traits>& std::basic_ostream<_CharT, _Traits>::operator<<(std::basic_ostream<_CharT, _Traits>::__streambuf_type*) [with _CharT = char; _Traits = std::char_traits<char>; std::basic_ostream<_CharT, _Traits>::__streambuf_type = std::basic_streambuf<char>]\x1b[m\x1b[K\xe2\x80\x99\n'}
[6.038788] (status_display) StderrLine: {'line': b'  119 |     \x1b[01;36m\x1b[Kbasic_ostream<_CharT, _Traits>\x1b[m\x1b[K::\n'}
[6.038973] (status_display) StderrLine: {'line': b'      |     \x1b[01;36m\x1b[K^~~~~~~~~~~~~~~~~~~~~~~~~~~~~~\x1b[m\x1b[K\n'}
[6.039062] (status_display) StderrLine: {'line': b'\x1b[01m\x1b[K/usr/include/c++/11/bits/ostream.tcc:120:34:\x1b[m\x1b[K \x1b[01;36m\x1b[Knote: \x1b[m\x1b[K  no known conversion for argument 1 from \xe2\x80\x98\x1b[01m\x1b[Kstatus_interfaces::msg::SystemStatus_<std::allocator<void> >::_stamp_type\x1b[m\x1b[K\xe2\x80\x99 {aka \xe2\x80\x98\x1b[01m\x1b[Kbuiltin_interfaces::msg::Time_<std::allocator<void> >\x1b[m\x1b[K\xe2\x80\x99} to \xe2\x80\x98\x1b[01m\x1b[Kstd::basic_ostream<char>::__streambuf_type*\x1b[m\x1b[K\xe2\x80\x99 {aka \xe2\x80\x98\x1b[01m\x1b[Kstd::basic_streambuf<char>*\x1b[m\x1b[K\xe2\x80\x99}\n'}
[6.039164] (status_display) StderrLine: {'line': b'  120 |     operator<<(\x1b[01;36m\x1b[K__streambuf_type* __sbin\x1b[m\x1b[K)\n'}
[6.039247] (status_display) StderrLine: {'line': b'      |                \x1b[01;36m\x1b[K~~~~~~~~~~~~~~~~~~^~~~~~\x1b[m\x1b[K\n'}
[6.039351] (status_display) StderrLine: {'line': b'In file included from \x1b[01m\x1b[K/usr/include/x86_64-linux-gnu/qt5/QtGui/qregion.h:49\x1b[m\x1b[K,\n'}
[6.039450] (status_display) StderrLine: {'line': b'                 from \x1b[01m\x1b[K/usr/include/x86_64-linux-gnu/qt5/QtGui/qmatrix.h:45\x1b[m\x1b[K,\n'}
[6.039533] (status_display) StderrLine: {'line': b'                 from \x1b[01m\x1b[K/usr/include/x86_64-linux-gnu/qt5/QtGui/qbrush.h:49\x1b[m\x1b[K,\n'}
[6.039621] (status_display) StderrLine: {'line': b'                 from \x1b[01m\x1b[K/usr/include/x86_64-linux-gnu/qt5/QtGui/qpalette.h:46\x1b[m\x1b[K,\n'}
[6.039705] (status_display) StderrLine: {'line': b'                 from \x1b[01m\x1b[K/usr/include/x86_64-linux-gnu/qt5/QtWidgets/qwidget.h:48\x1b[m\x1b[K,\n'}
[6.039893] (status_display) StderrLine: {'line': b'                 from \x1b[01m\x1b[K/usr/include/x86_64-linux-gnu/qt5/QtWidgets/qframe.h:44\x1b[m\x1b[K,\n'}
[6.039986] (status_display) StderrLine: {'line': b'                 from \x1b[01m\x1b[K/usr/include/x86_64-linux-gnu/qt5/QtWidgets/qlabel.h:44\x1b[m\x1b[K,\n'}
[6.040068] (status_display) StderrLine: {'line': b'                 from \x1b[01m\x1b[K/usr/include/x86_64-linux-gnu/qt5/QtWidgets/QLabel:1\x1b[m\x1b[K,\n'}
[6.040150] (status_display) StderrLine: {'line': b'                 from \x1b[01m\x1b[K/home/shenhang/ros_study/chapter3/topic_practice_workspace/src/status_display/src/sys_status_display.cpp:2\x1b[m\x1b[K:\n'}
[6.040234] (status_display) StderrLine: {'line': b'\x1b[01m\x1b[K/usr/include/x86_64-linux-gnu/qt5/QtCore/qdatastream.h:405:21:\x1b[m\x1b[K \x1b[01;36m\x1b[Knote: \x1b[m\x1b[Kcandidate: \xe2\x80\x98\x1b[01m\x1b[Ktemplate<class E> QDataStream& operator<<(QDataStream&, QFlags<T>)\x1b[m\x1b[K\xe2\x80\x99\n'}
[6.040320] (status_display) StderrLine: {'line': b'  405 | inline QDataStream &\x1b[01;36m\x1b[Koperator\x1b[m\x1b[K<<(QDataStream &s, QFlags<Enum> e)\n'}
[6.040403] (status_display) StderrLine: {'line': b'      |                     \x1b[01;36m\x1b[K^~~~~~~~\x1b[m\x1b[K\n'}
[6.040485] (status_display) StderrLine: {'line': b'\x1b[01m\x1b[K/usr/include/x86_64-linux-gnu/qt5/QtCore/qdatastream.h:405:21:\x1b[m\x1b[K \x1b[01;36m\x1b[Knote: \x1b[m\x1b[K  template argument deduction/substitution failed:\n'}
[6.040591] (status_display) StderrLine: {'line': b'\x1b[01m\x1b[K/home/shenhang/ros_study/chapter3/topic_practice_workspace/src/status_display/src/sys_status_display.cpp:19:42:\x1b[m\x1b[K \x1b[01;36m\x1b[Knote: \x1b[m\x1b[K  \xe2\x80\x98\x1b[01m\x1b[Kbuiltin_interfaces::msg::Time_<std::allocator<void> >\x1b[m\x1b[K\xe2\x80\x99 is not derived from \xe2\x80\x98\x1b[01m\x1b[KQFlags<T>\x1b[m\x1b[K\xe2\x80\x99\n'}
[6.040794] (status_display) StderrLine: {'line': b'   19 |                  << "\xe6\x95\xb0\xe6\x8d\xae\xe6\x97\xb6\xe9\x97\xb4: " << msg->\x1b[01;36m\x1b[Kstamp\x1b[m\x1b[K << " s\\n"\n'}
[6.040911] (status_display) StderrLine: {'line': b'      |                                          \x1b[01;36m\x1b[K^~~~~\x1b[m\x1b[K\n'}
[6.040995] (status_display) StderrLine: {'line': b'In file included from \x1b[01m\x1b[K/usr/include/x86_64-linux-gnu/qt5/QtGui/qregion.h:49\x1b[m\x1b[K,\n'}
[6.041080] (status_display) StderrLine: {'line': b'                 from \x1b[01m\x1b[K/usr/include/x86_64-linux-gnu/qt5/QtGui/qmatrix.h:45\x1b[m\x1b[K,\n'}
[6.041163] (status_display) StderrLine: {'line': b'                 from \x1b[01m\x1b[K/usr/include/x86_64-linux-gnu/qt5/QtGui/qbrush.h:49\x1b[m\x1b[K,\n'}
[6.041245] (status_display) StderrLine: {'line': b'                 from \x1b[01m\x1b[K/usr/include/x86_64-linux-gnu/qt5/QtGui/qpalette.h:46\x1b[m\x1b[K,\n'}
[6.041326] (status_display) StderrLine: {'line': b'                 from \x1b[01m\x1b[K/usr/include/x86_64-linux-gnu/qt5/QtWidgets/qwidget.h:48\x1b[m\x1b[K,\n'}
[6.041426] (status_display) StderrLine: {'line': b'                 from \x1b[01m\x1b[K/usr/include/x86_64-linux-gnu/qt5/QtWidgets/qframe.h:44\x1b[m\x1b[K,\n'}
[6.041508] (status_display) StderrLine: {'line': b'                 from \x1b[01m\x1b[K/usr/include/x86_64-linux-gnu/qt5/QtWidgets/qlabel.h:44\x1b[m\x1b[K,\n'}
[6.041589] (status_display) StderrLine: {'line': b'                 from \x1b[01m\x1b[K/usr/include/x86_64-linux-gnu/qt5/QtWidgets/QLabel:1\x1b[m\x1b[K,\n'}
[6.041682] (status_display) StderrLine: {'line': b'                 from \x1b[01m\x1b[K/home/shenhang/ros_study/chapter3/topic_practice_workspace/src/status_display/src/sys_status_display.cpp:2\x1b[m\x1b[K:\n'}
[6.041854] (status_display) StderrLine: {'line': b'\x1b[01m\x1b[K/usr/include/x86_64-linux-gnu/qt5/QtCore/qdatastream.h:414:1:\x1b[m\x1b[K \x1b[01;36m\x1b[Knote: \x1b[m\x1b[Kcandidate: \xe2\x80\x98\x1b[01m\x1b[Ktemplate<class T> typename std::enable_if<std::is_enum<_Tp>::value, QDataStream&>::type& operator<<(QDataStream&, const T&)\x1b[m\x1b[K\xe2\x80\x99\n'}
[6.041998] (status_display) StderrLine: {'line': b'  414 | \x1b[01;36m\x1b[Koperator\x1b[m\x1b[K<<(QDataStream &s, const T &t)\n'}
[6.042081] (status_display) StderrLine: {'line': b'      | \x1b[01;36m\x1b[K^~~~~~~~\x1b[m\x1b[K\n'}
[6.042164] (status_display) StderrLine: {'line': b'\x1b[01m\x1b[K/usr/include/x86_64-linux-gnu/qt5/QtCore/qdatastream.h:414:1:\x1b[m\x1b[K \x1b[01;36m\x1b[Knote: \x1b[m\x1b[K  template argument deduction/substitution failed:\n'}
[6.042248] (status_display) StderrLine: {'line': b'\x1b[01m\x1b[K/home/shenhang/ros_study/chapter3/topic_practice_workspace/src/status_display/src/sys_status_display.cpp:19:18:\x1b[m\x1b[K \x1b[01;36m\x1b[Knote: \x1b[m\x1b[K  cannot convert \xe2\x80\x98\x1b[01m\x1b[Kstd::operator<< <std::char_traits<char> >((* & std::operator<< <std::char_traits<char> >(show_str.std::__cxx11::basic_stringstream<char>::<anonymous>.std::basic_iostream<char>::<anonymous>, ((const char*)"==================\\37777777747\\37777777663\\37777777673\\37777777747\\37777777673\\37777777637\\37777777747\\37777777612\\37777777666\\37777777746\\37777777600\\37777777601\\37777777746\\37777777630\\37777777676\\37777777747\\37777777644\\37777777672======================\\012"))), ((const char*)"\\37777777746\\37777777625\\37777777660\\37777777746\\37777777615\\37777777656\\37777777746\\37777777627\\37777777666\\37777777751\\37777777627\\37777777664: "))\x1b[m\x1b[K\xe2\x80\x99 (type \xe2\x80\x98\x1b[01m\x1b[Kstd::basic_ostream<char>\x1b[m\x1b[K\xe2\x80\x99) to type \xe2\x80\x98\x1b[01m\x1b[KQDataStream&\x1b[m\x1b[K\xe2\x80\x99\n'}
[6.042336] (status_display) StderrLine: {'line': b'   18 |         \x1b[01;36m\x1b[Kshow_str << "==================\xe7\xb3\xbb\xe7\xbb\x9f\xe7\x8a\xb6\xe6\x80\x81\xe6\x98\xbe\xe7\xa4\xba======================\\n"\x1b[m\x1b[K\n'}
[6.042425] (status_display) StderrLine: {'line': b'      |         \x1b[01;36m\x1b[K~~~~~~~~~~~~~~~~~~~~~~~~~~~~~~~~~~~~~~~~~~~~~~~~~~~~~~~~~~~~~~~~~~~~\x1b[m\x1b[K\n'}
[6.042508] (status_display) StderrLine: {'line': b'   19 | \x1b[01;36m\x1b[K                 << "\xe6\x95\xb0\xe6\x8d\xae\xe6\x97\xb6\xe9\x97\xb4: "\x1b[m\x1b[K << msg->stamp << " s\\n"\n'}
[6.042612] (status_display) StderrLine: {'line': b'      |                  \x1b[01;36m\x1b[K^~~~~~~~~~~~~~~\x1b[m\x1b[K\n'}
[6.042841] (status_display) StderrLine: {'line': b'In file included from \x1b[01m\x1b[K/usr/include/x86_64-linux-gnu/qt5/QtGui/qregion.h:49\x1b[m\x1b[K,\n'}
[6.043006] (status_display) StderrLine: {'line': b'                 from \x1b[01m\x1b[K/usr/include/x86_64-linux-gnu/qt5/QtGui/qmatrix.h:45\x1b[m\x1b[K,\n'}
[6.043161] (status_display) StderrLine: {'line': b'                 from \x1b[01m\x1b[K/usr/include/x86_64-linux-gnu/qt5/QtGui/qbrush.h:49\x1b[m\x1b[K,\n'}
[6.043283] (status_display) StderrLine: {'line': b'                 from \x1b[01m\x1b[K/usr/include/x86_64-linux-gnu/qt5/QtGui/qpalette.h:46\x1b[m\x1b[K,\n'}
[6.043366] (status_display) StderrLine: {'line': b'                 from \x1b[01m\x1b[K/usr/include/x86_64-linux-gnu/qt5/QtWidgets/qwidget.h:48\x1b[m\x1b[K,\n'}
[6.043478] (status_display) StderrLine: {'line': b'                 from \x1b[01m\x1b[K/usr/include/x86_64-linux-gnu/qt5/QtWidgets/qframe.h:44\x1b[m\x1b[K,\n'}
[6.043577] (status_display) StderrLine: {'line': b'                 from \x1b[01m\x1b[K/usr/include/x86_64-linux-gnu/qt5/QtWidgets/qlabel.h:44\x1b[m\x1b[K,\n'}
[6.043707] (status_display) StderrLine: {'line': b'                 from \x1b[01m\x1b[K/usr/include/x86_64-linux-gnu/qt5/QtWidgets/QLabel:1\x1b[m\x1b[K,\n'}
[6.043821] (status_display) StderrLine: {'line': b'                 from \x1b[01m\x1b[K/home/shenhang/ros_study/chapter3/topic_practice_workspace/src/status_display/src/sys_status_display.cpp:2\x1b[m\x1b[K:\n'}
[6.043910] (status_display) StderrLine: {'line': b'\x1b[01m\x1b[K/usr/include/x86_64-linux-gnu/qt5/QtCore/qdatastream.h:429:21:\x1b[m\x1b[K \x1b[01;36m\x1b[Knote: \x1b[m\x1b[Kcandidate: \xe2\x80\x98\x1b[01m\x1b[Ktemplate<class T> QDataStream& operator<<(QDataStream&, const QList<T>&)\x1b[m\x1b[K\xe2\x80\x99\n'}
[6.043997] (status_display) StderrLine: {'line': b'  429 | inline QDataStream &\x1b[01;36m\x1b[Koperator\x1b[m\x1b[K<<(QDataStream &s, const QList<T> &l)\n'}
[6.044090] (status_display) StderrLine: {'line': b'      |                     \x1b[01;36m\x1b[K^~~~~~~~\x1b[m\x1b[K\n'}
[6.044189] (status_display) StderrLine: {'line': b'\x1b[01m\x1b[K/usr/include/x86_64-linux-gnu/qt5/QtCore/qdatastream.h:429:21:\x1b[m\x1b[K \x1b[01;36m\x1b[Knote: \x1b[m\x1b[K  template argument deduction/substitution failed:\n'}
[6.044274] (status_display) StderrLine: {'line': b'\x1b[01m\x1b[K/home/shenhang/ros_study/chapter3/topic_practice_workspace/src/status_display/src/sys_status_display.cpp:19:42:\x1b[m\x1b[K \x1b[01;36m\x1b[Knote: \x1b[m\x1b[K  \xe2\x80\x98\x1b[01m\x1b[Kstatus_interfaces::msg::SystemStatus_<std::allocator<void> >::_stamp_type\x1b[m\x1b[K\xe2\x80\x99 {aka \xe2\x80\x98\x1b[01m\x1b[Kbuiltin_interfaces::msg::Time_<std::allocator<void> >\x1b[m\x1b[K\xe2\x80\x99} is not derived from \xe2\x80\x98\x1b[01m\x1b[Kconst QList<T>\x1b[m\x1b[K\xe2\x80\x99\n'}
[6.044360] (status_display) StderrLine: {'line': b'   19 |                  << "\xe6\x95\xb0\xe6\x8d\xae\xe6\x97\xb6\xe9\x97\xb4: " << msg->\x1b[01;36m\x1b[Kstamp\x1b[m\x1b[K << " s\\n"\n'}
[6.044506] (status_display) StderrLine: {'line': b'      |                                          \x1b[01;36m\x1b[K^~~~~\x1b[m\x1b[K\n'}
[6.047867] (status_display) StderrLine: {'line': b'In file included from \x1b[01m\x1b[K/usr/include/x86_64-linux-gnu/qt5/QtGui/qregion.h:49\x1b[m\x1b[K,\n'}
[6.047977] (status_display) StderrLine: {'line': b'                 from \x1b[01m\x1b[K/usr/include/x86_64-linux-gnu/qt5/QtGui/qmatrix.h:45\x1b[m\x1b[K,\n'}
[6.048063] (status_display) StderrLine: {'line': b'                 from \x1b[01m\x1b[K/usr/include/x86_64-linux-gnu/qt5/QtGui/qbrush.h:49\x1b[m\x1b[K,\n'}
[6.048161] (status_display) StderrLine: {'line': b'                 from \x1b[01m\x1b[K/usr/include/x86_64-linux-gnu/qt5/QtGui/qpalette.h:46\x1b[m\x1b[K,\n'}
[6.048246] (status_display) StderrLine: {'line': b'                 from \x1b[01m\x1b[K/usr/include/x86_64-linux-gnu/qt5/QtWidgets/qwidget.h:48\x1b[m\x1b[K,\n'}
[6.048331] (status_display) StderrLine: {'line': b'                 from \x1b[01m\x1b[K/usr/include/x86_64-linux-gnu/qt5/QtWidgets/qframe.h:44\x1b[m\x1b[K,\n'}
[6.048436] (status_display) StderrLine: {'line': b'                 from \x1b[01m\x1b[K/usr/include/x86_64-linux-gnu/qt5/QtWidgets/qlabel.h:44\x1b[m\x1b[K,\n'}
[6.048543] (status_display) StderrLine: {'line': b'                 from \x1b[01m\x1b[K/usr/include/x86_64-linux-gnu/qt5/QtWidgets/QLabel:1\x1b[m\x1b[K,\n'}
[6.048713] (status_display) StderrLine: {'line': b'                 from \x1b[01m\x1b[K/home/shenhang/ros_study/chapter3/topic_practice_workspace/src/status_display/src/sys_status_display.cpp:2\x1b[m\x1b[K:\n'}
[6.048824] (status_display) StderrLine: {'line': b'\x1b[01m\x1b[K/usr/include/x86_64-linux-gnu/qt5/QtCore/qdatastream.h:441:21:\x1b[m\x1b[K \x1b[01;36m\x1b[Knote: \x1b[m\x1b[Kcandidate: \xe2\x80\x98\x1b[01m\x1b[Ktemplate<class T> QDataStream& operator<<(QDataStream&, const QVector<T>&)\x1b[m\x1b[K\xe2\x80\x99\n'}
[6.048935] (status_display) StderrLine: {'line': b'  441 | inline QDataStream &\x1b[01;36m\x1b[Koperator\x1b[m\x1b[K<<(QDataStream &s, const QVector<T> &v)\n'}
[6.049025] (status_display) StderrLine: {'line': b'      |                     \x1b[01;36m\x1b[K^~~~~~~~\x1b[m\x1b[K\n'}
[6.049114] (status_display) StderrLine: {'line': b'\x1b[01m\x1b[K/usr/include/x86_64-linux-gnu/qt5/QtCore/qdatastream.h:441:21:\x1b[m\x1b[K \x1b[01;36m\x1b[Knote: \x1b[m\x1b[K  template argument deduction/substitution failed:\n'}
[6.049205] (status_display) StderrLine: {'line': b'\x1b[01m\x1b[K/home/shenhang/ros_study/chapter3/topic_practice_workspace/src/status_display/src/sys_status_display.cpp:19:42:\x1b[m\x1b[K \x1b[01;36m\x1b[Knote: \x1b[m\x1b[K  \xe2\x80\x98\x1b[01m\x1b[Kstatus_interfaces::msg::SystemStatus_<std::allocator<void> >::_stamp_type\x1b[m\x1b[K\xe2\x80\x99 {aka \xe2\x80\x98\x1b[01m\x1b[Kbuiltin_interfaces::msg::Time_<std::allocator<void> >\x1b[m\x1b[K\xe2\x80\x99} is not derived from \xe2\x80\x98\x1b[01m\x1b[Kconst QVector<T>\x1b[m\x1b[K\xe2\x80\x99\n'}
[6.049304] (status_display) StderrLine: {'line': b'   19 |                  << "\xe6\x95\xb0\xe6\x8d\xae\xe6\x97\xb6\xe9\x97\xb4: " << msg->\x1b[01;36m\x1b[Kstamp\x1b[m\x1b[K << " s\\n"\n'}
[6.049394] (status_display) StderrLine: {'line': b'      |                                          \x1b[01;36m\x1b[K^~~~~\x1b[m\x1b[K\n'}
[6.049482] (status_display) StderrLine: {'line': b'In file included from \x1b[01m\x1b[K/usr/include/x86_64-linux-gnu/qt5/QtGui/qregion.h:49\x1b[m\x1b[K,\n'}
[6.049606] (status_display) StderrLine: {'line': b'                 from \x1b[01m\x1b[K/usr/include/x86_64-linux-gnu/qt5/QtGui/qmatrix.h:45\x1b[m\x1b[K,\n'}
[6.049736] (status_display) StderrLine: {'line': b'                 from \x1b[01m\x1b[K/usr/include/x86_64-linux-gnu/qt5/QtGui/qbrush.h:49\x1b[m\x1b[K,\n'}
[6.049840] (status_display) StderrLine: {'line': b'                 from \x1b[01m\x1b[K/usr/include/x86_64-linux-gnu/qt5/QtGui/qpalette.h:46\x1b[m\x1b[K,\n'}
[6.049930] (status_display) StderrLine: {'line': b'                 from \x1b[01m\x1b[K/usr/include/x86_64-linux-gnu/qt5/QtWidgets/qwidget.h:48\x1b[m\x1b[K,\n'}
[6.050031] (status_display) StderrLine: {'line': b'                 from \x1b[01m\x1b[K/usr/include/x86_64-linux-gnu/qt5/QtWidgets/qframe.h:44\x1b[m\x1b[K,\n'}
[6.050115] (status_display) StderrLine: {'line': b'                 from \x1b[01m\x1b[K/usr/include/x86_64-linux-gnu/qt5/QtWidgets/qlabel.h:44\x1b[m\x1b[K,\n'}
[6.050199] (status_display) StderrLine: {'line': b'                 from \x1b[01m\x1b[K/usr/include/x86_64-linux-gnu/qt5/QtWidgets/QLabel:1\x1b[m\x1b[K,\n'}
[6.050283] (status_display) StderrLine: {'line': b'                 from \x1b[01m\x1b[K/home/shenhang/ros_study/chapter3/topic_practice_workspace/src/status_display/src/sys_status_display.cpp:2\x1b[m\x1b[K:\n'}
[6.050368] (status_display) StderrLine: {'line': b'\x1b[01m\x1b[K/usr/include/x86_64-linux-gnu/qt5/QtCore/qdatastream.h:453:21:\x1b[m\x1b[K \x1b[01;36m\x1b[Knote: \x1b[m\x1b[Kcandidate: \xe2\x80\x98\x1b[01m\x1b[Ktemplate<class T> QDataStream& operator<<(QDataStream&, const QSet<T>&)\x1b[m\x1b[K\xe2\x80\x99\n'}
[6.050454] (status_display) StderrLine: {'line': b'  453 | inline QDataStream &\x1b[01;36m\x1b[Koperator\x1b[m\x1b[K<<(QDataStream &s, const QSet<T> &set)\n'}
[6.050569] (status_display) StderrLine: {'line': b'      |                     \x1b[01;36m\x1b[K^~~~~~~~\x1b[m\x1b[K\n'}
[6.050663] (status_display) StderrLine: {'line': b'\x1b[01m\x1b[K/usr/include/x86_64-linux-gnu/qt5/QtCore/qdatastream.h:453:21:\x1b[m\x1b[K \x1b[01;36m\x1b[Knote: \x1b[m\x1b[K  template argument deduction/substitution failed:\n'}
[6.050895] (status_display) StderrLine: {'line': b'\x1b[01m\x1b[K/home/shenhang/ros_study/chapter3/topic_practice_workspace/src/status_display/src/sys_status_display.cpp:19:42:\x1b[m\x1b[K \x1b[01;36m\x1b[Knote: \x1b[m\x1b[K  \xe2\x80\x98\x1b[01m\x1b[Kstatus_interfaces::msg::SystemStatus_<std::allocator<void> >::_stamp_type\x1b[m\x1b[K\xe2\x80\x99 {aka \xe2\x80\x98\x1b[01m\x1b[Kbuiltin_interfaces::msg::Time_<std::allocator<void> >\x1b[m\x1b[K\xe2\x80\x99} is not derived from \xe2\x80\x98\x1b[01m\x1b[Kconst QSet<T>\x1b[m\x1b[K\xe2\x80\x99\n'}
[6.051080] (status_display) StderrLine: {'line': b'   19 |                  << "\xe6\x95\xb0\xe6\x8d\xae\xe6\x97\xb6\xe9\x97\xb4: " << msg->\x1b[01;36m\x1b[Kstamp\x1b[m\x1b[K << " s\\n"\n'}
[6.051226] (status_display) StderrLine: {'line': b'      |                                          \x1b[01;36m\x1b[K^~~~~\x1b[m\x1b[K\n'}
[6.051366] (status_display) StderrLine: {'line': b'In file included from \x1b[01m\x1b[K/usr/include/x86_64-linux-gnu/qt5/QtGui/qregion.h:49\x1b[m\x1b[K,\n'}
[6.051537] (status_display) StderrLine: {'line': b'                 from \x1b[01m\x1b[K/usr/include/x86_64-linux-gnu/qt5/QtGui/qmatrix.h:45\x1b[m\x1b[K,\n'}
[6.051731] (status_display) StderrLine: {'line': b'                 from \x1b[01m\x1b[K/usr/include/x86_64-linux-gnu/qt5/QtGui/qbrush.h:49\x1b[m\x1b[K,\n'}
[6.051909] (status_display) StderrLine: {'line': b'                 from \x1b[01m\x1b[K/usr/include/x86_64-linux-gnu/qt5/QtGui/qpalette.h:46\x1b[m\x1b[K,\n'}
[6.052050] (status_display) StderrLine: {'line': b'                 from \x1b[01m\x1b[K/usr/include/x86_64-linux-gnu/qt5/QtWidgets/qwidget.h:48\x1b[m\x1b[K,\n'}
[6.052186] (status_display) StderrLine: {'line': b'                 from \x1b[01m\x1b[K/usr/include/x86_64-linux-gnu/qt5/QtWidgets/qframe.h:44\x1b[m\x1b[K,\n'}
[6.052298] (status_display) StderrLine: {'line': b'                 from \x1b[01m\x1b[K/usr/include/x86_64-linux-gnu/qt5/QtWidgets/qlabel.h:44\x1b[m\x1b[K,\n'}
[6.052410] (status_display) StderrLine: {'line': b'                 from \x1b[01m\x1b[K/usr/include/x86_64-linux-gnu/qt5/QtWidgets/QLabel:1\x1b[m\x1b[K,\n'}
[6.052549] (status_display) StderrLine: {'line': b'                 from \x1b[01m\x1b[K/home/shenhang/ros_study/chapter3/topic_practice_workspace/src/status_display/src/sys_status_display.cpp:2\x1b[m\x1b[K:\n'}
[6.052666] (status_display) StderrLine: {'line': b'\x1b[01m\x1b[K/usr/include/x86_64-linux-gnu/qt5/QtCore/qdatastream.h:465:21:\x1b[m\x1b[K \x1b[01;36m\x1b[Knote: \x1b[m\x1b[Kcandidate: \xe2\x80\x98\x1b[01m\x1b[Ktemplate<class Key, class T> QDataStream& operator<<(QDataStream&, const QHash<K, V>&)\x1b[m\x1b[K\xe2\x80\x99\n'}
[6.052831] (status_display) StderrLine: {'line': b'  465 | inline QDataStream &\x1b[01;36m\x1b[Koperator\x1b[m\x1b[K<<(QDataStream &s, const QHash<Key, T> &hash)\n'}
[6.052949] (status_display) StderrLine: {'line': b'      |                     \x1b[01;36m\x1b[K^~~~~~~~\x1b[m\x1b[K\n'}
[6.053062] (status_display) StderrLine: {'line': b'\x1b[01m\x1b[K/usr/include/x86_64-linux-gnu/qt5/QtCore/qdatastream.h:465:21:\x1b[m\x1b[K \x1b[01;36m\x1b[Knote: \x1b[m\x1b[K  template argument deduction/substitution failed:\n'}
[6.053177] (status_display) StderrLine: {'line': b'\x1b[01m\x1b[K/home/shenhang/ros_study/chapter3/topic_practice_workspace/src/status_display/src/sys_status_display.cpp:19:42:\x1b[m\x1b[K \x1b[01;36m\x1b[Knote: \x1b[m\x1b[K  \xe2\x80\x98\x1b[01m\x1b[Kstatus_interfaces::msg::SystemStatus_<std::allocator<void> >::_stamp_type\x1b[m\x1b[K\xe2\x80\x99 {aka \xe2\x80\x98\x1b[01m\x1b[Kbuiltin_interfaces::msg::Time_<std::allocator<void> >\x1b[m\x1b[K\xe2\x80\x99} is not derived from \xe2\x80\x98\x1b[01m\x1b[Kconst QHash<K, V>\x1b[m\x1b[K\xe2\x80\x99\n'}
[6.053302] (status_display) StderrLine: {'line': b'   19 |                  << "\xe6\x95\xb0\xe6\x8d\xae\xe6\x97\xb6\xe9\x97\xb4: " << msg->\x1b[01;36m\x1b[Kstamp\x1b[m\x1b[K << " s\\n"\n'}
[6.053417] (status_display) StderrLine: {'line': b'      |                                          \x1b[01;36m\x1b[K^~~~~\x1b[m\x1b[K\n'}
[6.053555] (status_display) StderrLine: {'line': b'In file included from \x1b[01m\x1b[K/usr/include/x86_64-linux-gnu/qt5/QtGui/qregion.h:49\x1b[m\x1b[K,\n'}
[6.053672] (status_display) StderrLine: {'line': b'                 from \x1b[01m\x1b[K/usr/include/x86_64-linux-gnu/qt5/QtGui/qmatrix.h:45\x1b[m\x1b[K,\n'}
[6.053849] (status_display) StderrLine: {'line': b'                 from \x1b[01m\x1b[K/usr/include/x86_64-linux-gnu/qt5/QtGui/qbrush.h:49\x1b[m\x1b[K,\n'}
[6.053977] (status_display) StderrLine: {'line': b'                 from \x1b[01m\x1b[K/usr/include/x86_64-linux-gnu/qt5/QtGui/qpalette.h:46\x1b[m\x1b[K,\n'}
[6.054102] (status_display) StderrLine: {'line': b'                 from \x1b[01m\x1b[K/usr/include/x86_64-linux-gnu/qt5/QtWidgets/qwidget.h:48\x1b[m\x1b[K,\n'}
[6.054220] (status_display) StderrLine: {'line': b'                 from \x1b[01m\x1b[K/usr/include/x86_64-linux-gnu/qt5/QtWidgets/qframe.h:44\x1b[m\x1b[K,\n'}
[6.054333] (status_display) StderrLine: {'line': b'                 from \x1b[01m\x1b[K/usr/include/x86_64-linux-gnu/qt5/QtWidgets/qlabel.h:44\x1b[m\x1b[K,\n'}
[6.054471] (status_display) StderrLine: {'line': b'                 from \x1b[01m\x1b[K/usr/include/x86_64-linux-gnu/qt5/QtWidgets/QLabel:1\x1b[m\x1b[K,\n'}
[6.054589] (status_display) StderrLine: {'line': b'                 from \x1b[01m\x1b[K/home/shenhang/ros_study/chapter3/topic_practice_workspace/src/status_display/src/sys_status_display.cpp:2\x1b[m\x1b[K:\n'}
[6.057242] (status_display) StderrLine: {'line': b'\x1b[01m\x1b[K/usr/include/x86_64-linux-gnu/qt5/QtCore/qdatastream.h:477:21:\x1b[m\x1b[K \x1b[01;36m\x1b[Knote: \x1b[m\x1b[Kcandidate: \xe2\x80\x98\x1b[01m\x1b[Ktemplate<class Key, class T> QDataStream& operator<<(QDataStream&, const QMap<K, V>&)\x1b[m\x1b[K\xe2\x80\x99\n'}
[6.057413] (status_display) StderrLine: {'line': b'  477 | inline QDataStream &\x1b[01;36m\x1b[Koperator\x1b[m\x1b[K<<(QDataStream &s, const QMap<Key, T> &map)\n'}
[6.057533] (status_display) StderrLine: {'line': b'      |                     \x1b[01;36m\x1b[K^~~~~~~~\x1b[m\x1b[K\n'}
[6.057648] (status_display) StderrLine: {'line': b'\x1b[01m\x1b[K/usr/include/x86_64-linux-gnu/qt5/QtCore/qdatastream.h:477:21:\x1b[m\x1b[K \x1b[01;36m\x1b[Knote: \x1b[m\x1b[K  template argument deduction/substitution failed:\n'}
[6.057812] (status_display) StderrLine: {'line': b'\x1b[01m\x1b[K/home/shenhang/ros_study/chapter3/topic_practice_workspace/src/status_display/src/sys_status_display.cpp:19:42:\x1b[m\x1b[K \x1b[01;36m\x1b[Knote: \x1b[m\x1b[K  \xe2\x80\x98\x1b[01m\x1b[Kstatus_interfaces::msg::SystemStatus_<std::allocator<void> >::_stamp_type\x1b[m\x1b[K\xe2\x80\x99 {aka \xe2\x80\x98\x1b[01m\x1b[Kbuiltin_interfaces::msg::Time_<std::allocator<void> >\x1b[m\x1b[K\xe2\x80\x99} is not derived from \xe2\x80\x98\x1b[01m\x1b[Kconst QMap<K, V>\x1b[m\x1b[K\xe2\x80\x99\n'}
[6.057946] (status_display) StderrLine: {'line': b'   19 |                  << "\xe6\x95\xb0\xe6\x8d\xae\xe6\x97\xb6\xe9\x97\xb4: " << msg->\x1b[01;36m\x1b[Kstamp\x1b[m\x1b[K << " s\\n"\n'}
[6.058061] (status_display) StderrLine: {'line': b'      |                                          \x1b[01;36m\x1b[K^~~~~\x1b[m\x1b[K\n'}
[6.058174] (status_display) StderrLine: {'line': b'In file included from \x1b[01m\x1b[K/usr/include/x86_64-linux-gnu/qt5/QtGui/qregion.h:49\x1b[m\x1b[K,\n'}
[6.058286] (status_display) StderrLine: {'line': b'                 from \x1b[01m\x1b[K/usr/include/x86_64-linux-gnu/qt5/QtGui/qmatrix.h:45\x1b[m\x1b[K,\n'}
[6.058424] (status_display) StderrLine: {'line': b'                 from \x1b[01m\x1b[K/usr/include/x86_64-linux-gnu/qt5/QtGui/qbrush.h:49\x1b[m\x1b[K,\n'}
[6.058559] (status_display) StderrLine: {'line': b'                 from \x1b[01m\x1b[K/usr/include/x86_64-linux-gnu/qt5/QtGui/qpalette.h:46\x1b[m\x1b[K,\n'}
[6.058682] (status_display) StderrLine: {'line': b'                 from \x1b[01m\x1b[K/usr/include/x86_64-linux-gnu/qt5/QtWidgets/qwidget.h:48\x1b[m\x1b[K,\n'}
[6.058872] (status_display) StderrLine: {'line': b'                 from \x1b[01m\x1b[K/usr/include/x86_64-linux-gnu/qt5/QtWidgets/qframe.h:44\x1b[m\x1b[K,\n'}
[6.059000] (status_display) StderrLine: {'line': b'                 from \x1b[01m\x1b[K/usr/include/x86_64-linux-gnu/qt5/QtWidgets/qlabel.h:44\x1b[m\x1b[K,\n'}
[6.059131] (status_display) StderrLine: {'line': b'                 from \x1b[01m\x1b[K/usr/include/x86_64-linux-gnu/qt5/QtWidgets/QLabel:1\x1b[m\x1b[K,\n'}
[6.059265] (status_display) StderrLine: {'line': b'                 from \x1b[01m\x1b[K/home/shenhang/ros_study/chapter3/topic_practice_workspace/src/status_display/src/sys_status_display.cpp:2\x1b[m\x1b[K:\n'}
[6.059419] (status_display) StderrLine: {'line': b'\x1b[01m\x1b[K/usr/include/x86_64-linux-gnu/qt5/QtCore/qdatastream.h:491:21:\x1b[m\x1b[K \x1b[01;36m\x1b[Knote: \x1b[m\x1b[Kcandidate: \xe2\x80\x98\x1b[01m\x1b[Ktemplate<class T1, class T2> QDataStream& operator<<(QDataStream&, const QPair<T1, T2>&)\x1b[m\x1b[K\xe2\x80\x99\n'}
[6.059541] (status_display) StderrLine: {'line': b'  491 | inline QDataStream& \x1b[01;36m\x1b[Koperator\x1b[m\x1b[K<<(QDataStream& s, const QPair<T1, T2>& p)\n'}
[6.059656] (status_display) StderrLine: {'line': b'      |                     \x1b[01;36m\x1b[K^~~~~~~~\x1b[m\x1b[K\n'}
[6.062949] (status_display) StderrLine: {'line': b'\x1b[01m\x1b[K/usr/include/x86_64-linux-gnu/qt5/QtCore/qdatastream.h:491:21:\x1b[m\x1b[K \x1b[01;36m\x1b[Knote: \x1b[m\x1b[K  template argument deduction/substitution failed:\n'}
[6.063080] (status_display) StderrLine: {'line': b'\x1b[01m\x1b[K/home/shenhang/ros_study/chapter3/topic_practice_workspace/src/status_display/src/sys_status_display.cpp:19:42:\x1b[m\x1b[K \x1b[01;36m\x1b[Knote: \x1b[m\x1b[K  \xe2\x80\x98\x1b[01m\x1b[Kstatus_interfaces::msg::SystemStatus_<std::allocator<void> >::_stamp_type\x1b[m\x1b[K\xe2\x80\x99 {aka \xe2\x80\x98\x1b[01m\x1b[Kbuiltin_interfaces::msg::Time_<std::allocator<void> >\x1b[m\x1b[K\xe2\x80\x99} is not derived from \xe2\x80\x98\x1b[01m\x1b[Kconst QPair<T1, T2>\x1b[m\x1b[K\xe2\x80\x99\n'}
[6.063187] (status_display) StderrLine: {'line': b'   19 |                  << "\xe6\x95\xb0\xe6\x8d\xae\xe6\x97\xb6\xe9\x97\xb4: " << msg->\x1b[01;36m\x1b[Kstamp\x1b[m\x1b[K << " s\\n"\n'}
[6.063304] (status_display) StderrLine: {'line': b'      |                                          \x1b[01;36m\x1b[K^~~~~\x1b[m\x1b[K\n'}
[6.063391] (status_display) StderrLine: {'line': b'In file included from \x1b[01m\x1b[K/usr/include/x86_64-linux-gnu/qt5/QtCore/qglobal.h:46\x1b[m\x1b[K,\n'}
[6.063476] (status_display) StderrLine: {'line': b'                 from \x1b[01m\x1b[K/usr/include/x86_64-linux-gnu/qt5/QtGui/qtguiglobal.h:43\x1b[m\x1b[K,\n'}
[6.063556] (-) TimerEvent: {}
[6.063666] (status_display) StderrLine: {'line': b'                 from \x1b[01m\x1b[K/usr/include/x86_64-linux-gnu/qt5/QtWidgets/qtwidgetsglobal.h:43\x1b[m\x1b[K,\n'}
[6.063804] (status_display) StderrLine: {'line': b'                 from \x1b[01m\x1b[K/usr/include/x86_64-linux-gnu/qt5/QtWidgets/qapplication.h:43\x1b[m\x1b[K,\n'}
[6.063894] (status_display) StderrLine: {'line': b'                 from \x1b[01m\x1b[K/usr/include/x86_64-linux-gnu/qt5/QtWidgets/QApplication:1\x1b[m\x1b[K,\n'}
[6.063979] (status_display) StderrLine: {'line': b'                 from \x1b[01m\x1b[K/home/shenhang/ros_study/chapter3/topic_practice_workspace/src/status_display/src/sys_status_display.cpp:1\x1b[m\x1b[K:\n'}
[6.064063] (status_display) StderrLine: {'line': b'\x1b[01m\x1b[K/usr/include/c++/11/cstddef:126:5:\x1b[m\x1b[K \x1b[01;36m\x1b[Knote: \x1b[m\x1b[Kcandidate: \xe2\x80\x98\x1b[01m\x1b[Ktemplate<class _IntegerType> constexpr std::__byte_op_t<_IntegerType> std::operator<<(std::byte, _IntegerType)\x1b[m\x1b[K\xe2\x80\x99\n'}
[6.064150] (status_display) StderrLine: {'line': b'  126 |     \x1b[01;36m\x1b[Koperator\x1b[m\x1b[K<<(byte __b, _IntegerType __shift) noexcept\n'}
[6.064275] (status_display) StderrLine: {'line': b'      |     \x1b[01;36m\x1b[K^~~~~~~~\x1b[m\x1b[K\n'}
[6.064363] (status_display) StderrLine: {'line': b'\x1b[01m\x1b[K/usr/include/c++/11/cstddef:126:5:\x1b[m\x1b[K \x1b[01;36m\x1b[Knote: \x1b[m\x1b[K  template argument deduction/substitution failed:\n'}
[6.064447] (status_display) StderrLine: {'line': b'\x1b[01m\x1b[K/home/shenhang/ros_study/chapter3/topic_practice_workspace/src/status_display/src/sys_status_display.cpp:19:18:\x1b[m\x1b[K \x1b[01;36m\x1b[Knote: \x1b[m\x1b[K  cannot convert \xe2\x80\x98\x1b[01m\x1b[Kstd::operator<< <std::char_traits<char> >((* & std::operator<< <std::char_traits<char> >(show_str.std::__cxx11::basic_stringstream<char>::<anonymous>.std::basic_iostream<char>::<anonymous>, ((const char*)"==================\\37777777747\\37777777663\\37777777673\\37777777747\\37777777673\\37777777637\\37777777747\\37777777612\\37777777666\\37777777746\\37777777600\\37777777601\\37777777746\\37777777630\\37777777676\\37777777747\\37777777644\\37777777672======================\\012"))), ((const char*)"\\37777777746\\37777777625\\37777777660\\37777777746\\37777777615\\37777777656\\37777777746\\37777777627\\37777777666\\37777777751\\37777777627\\37777777664: "))\x1b[m\x1b[K\xe2\x80\x99 (type \xe2\x80\x98\x1b[01m\x1b[Kstd::basic_ostream<char>\x1b[m\x1b[K\xe2\x80\x99) to type \xe2\x80\x98\x1b[01m\x1b[Kstd::byte\x1b[m\x1b[K\xe2\x80\x99\n'}
[6.064551] (status_display) StderrLine: {'line': b'   18 |         \x1b[01;36m\x1b[Kshow_str << "==================\xe7\xb3\xbb\xe7\xbb\x9f\xe7\x8a\xb6\xe6\x80\x81\xe6\x98\xbe\xe7\xa4\xba======================\\n"\x1b[m\x1b[K\n'}
[6.064636] (status_display) StderrLine: {'line': b'      |         \x1b[01;36m\x1b[K~~~~~~~~~~~~~~~~~~~~~~~~~~~~~~~~~~~~~~~~~~~~~~~~~~~~~~~~~~~~~~~~~~~~\x1b[m\x1b[K\n'}
[6.064764] (status_display) StderrLine: {'line': b'   19 | \x1b[01;36m\x1b[K                 << "\xe6\x95\xb0\xe6\x8d\xae\xe6\x97\xb6\xe9\x97\xb4: "\x1b[m\x1b[K << msg->stamp << " s\\n"\n'}
[6.064854] (status_display) StderrLine: {'line': b'      |                  \x1b[01;36m\x1b[K^~~~~~~~~~~~~~~\x1b[m\x1b[K\n'}
[6.064938] (status_display) StderrLine: {'line': b'In file included from \x1b[01m\x1b[K/usr/include/c++/11/bits/basic_string.h:48\x1b[m\x1b[K,\n'}
[6.065023] (status_display) StderrLine: {'line': b'                 from \x1b[01m\x1b[K/usr/include/c++/11/string:55\x1b[m\x1b[K,\n'}
[6.065107] (status_display) StderrLine: {'line': b'                 from \x1b[01m\x1b[K/usr/include/x86_64-linux-gnu/qt5/QtCore/qbytearray.h:52\x1b[m\x1b[K,\n'}
[6.065216] (status_display) StderrLine: {'line': b'                 from \x1b[01m\x1b[K/usr/include/x86_64-linux-gnu/qt5/QtCore/qstring.h:50\x1b[m\x1b[K,\n'}
[6.065312] (status_display) StderrLine: {'line': b'                 from \x1b[01m\x1b[K/usr/include/x86_64-linux-gnu/qt5/QtCore/qcoreapplication.h:44\x1b[m\x1b[K,\n'}
[6.065397] (status_display) StderrLine: {'line': b'                 from \x1b[01m\x1b[K/usr/include/x86_64-linux-gnu/qt5/QtWidgets/qapplication.h:44\x1b[m\x1b[K,\n'}
[6.065485] (status_display) StderrLine: {'line': b'                 from \x1b[01m\x1b[K/usr/include/x86_64-linux-gnu/qt5/QtWidgets/QApplication:1\x1b[m\x1b[K,\n'}
[6.065569] (status_display) StderrLine: {'line': b'                 from \x1b[01m\x1b[K/home/shenhang/ros_study/chapter3/topic_practice_workspace/src/status_display/src/sys_status_display.cpp:1\x1b[m\x1b[K:\n'}
[6.065654] (status_display) StderrLine: {'line': b'\x1b[01m\x1b[K/usr/include/c++/11/string_view:667:5:\x1b[m\x1b[K \x1b[01;36m\x1b[Knote: \x1b[m\x1b[Kcandidate: \xe2\x80\x98\x1b[01m\x1b[Ktemplate<class _CharT, class _Traits> std::basic_ostream<_CharT, _Traits>& std::operator<<(std::basic_ostream<_CharT, _Traits>&, std::basic_string_view<_CharT, _Traits>)\x1b[m\x1b[K\xe2\x80\x99\n'}
[6.066210] (status_display) StderrLine: {'line': b'  667 |     \x1b[01;36m\x1b[Koperator\x1b[m\x1b[K<<(basic_ostream<_CharT, _Traits>& __os,\n'}
[6.066410] (status_display) StderrLine: {'line': b'      |     \x1b[01;36m\x1b[K^~~~~~~~\x1b[m\x1b[K\n'}
[6.066748] (status_display) StderrLine: {'line': b'\x1b[01m\x1b[K/usr/include/c++/11/string_view:667:5:\x1b[m\x1b[K \x1b[01;36m\x1b[Knote: \x1b[m\x1b[K  template argument deduction/substitution failed:\n'}
[6.066861] (status_display) StderrLine: {'line': b'\x1b[01m\x1b[K/home/shenhang/ros_study/chapter3/topic_practice_workspace/src/status_display/src/sys_status_display.cpp:19:42:\x1b[m\x1b[K \x1b[01;36m\x1b[Knote: \x1b[m\x1b[K  \xe2\x80\x98\x1b[01m\x1b[Kbuiltin_interfaces::msg::Time_<std::allocator<void> >\x1b[m\x1b[K\xe2\x80\x99 is not derived from \xe2\x80\x98\x1b[01m\x1b[Kstd::basic_string_view<_CharT, _Traits>\x1b[m\x1b[K\xe2\x80\x99\n'}
[6.067035] (status_display) StderrLine: {'line': b'   19 |                  << "\xe6\x95\xb0\xe6\x8d\xae\xe6\x97\xb6\xe9\x97\xb4: " << msg->\x1b[01;36m\x1b[Kstamp\x1b[m\x1b[K << " s\\n"\n'}
[6.067201] (status_display) StderrLine: {'line': b'      |                                          \x1b[01;36m\x1b[K^~~~~\x1b[m\x1b[K\n'}
[6.067328] (status_display) StderrLine: {'line': b'In file included from \x1b[01m\x1b[K/usr/include/c++/11/string:55\x1b[m\x1b[K,\n'}
[6.067491] (status_display) StderrLine: {'line': b'                 from \x1b[01m\x1b[K/usr/include/x86_64-linux-gnu/qt5/QtCore/qbytearray.h:52\x1b[m\x1b[K,\n'}
[6.067620] (status_display) StderrLine: {'line': b'                 from \x1b[01m\x1b[K/usr/include/x86_64-linux-gnu/qt5/QtCore/qstring.h:50\x1b[m\x1b[K,\n'}
[6.067901] (status_display) StderrLine: {'line': b'                 from \x1b[01m\x1b[K/usr/include/x86_64-linux-gnu/qt5/QtCore/qcoreapplication.h:44\x1b[m\x1b[K,\n'}
[6.068012] (status_display) StderrLine: {'line': b'                 from \x1b[01m\x1b[K/usr/include/x86_64-linux-gnu/qt5/QtWidgets/qapplication.h:44\x1b[m\x1b[K,\n'}
[6.068172] (status_display) StderrLine: {'line': b'                 from \x1b[01m\x1b[K/usr/include/x86_64-linux-gnu/qt5/QtWidgets/QApplication:1\x1b[m\x1b[K,\n'}
[6.068267] (status_display) StderrLine: {'line': b'                 from \x1b[01m\x1b[K/home/shenhang/ros_study/chapter3/topic_practice_workspace/src/status_display/src/sys_status_display.cpp:1\x1b[m\x1b[K:\n'}
[6.068358] (status_display) StderrLine: {'line': b'\x1b[01m\x1b[K/usr/include/c++/11/bits/basic_string.h:6531:5:\x1b[m\x1b[K \x1b[01;36m\x1b[Knote: \x1b[m\x1b[Kcandidate: \xe2\x80\x98\x1b[01m\x1b[Ktemplate<class _CharT, class _Traits, class _Alloc> std::basic_ostream<_CharT, _Traits>& std::operator<<(std::basic_ostream<_CharT, _Traits>&, const std::__cxx11::basic_string<_CharT, _Traits, _Allocator>&)\x1b[m\x1b[K\xe2\x80\x99\n'}
[6.068450] (status_display) StderrLine: {'line': b' 6531 |     \x1b[01;36m\x1b[Koperator\x1b[m\x1b[K<<(basic_ostream<_CharT, _Traits>& __os,\n'}
[6.068536] (status_display) StderrLine: {'line': b'      |     \x1b[01;36m\x1b[K^~~~~~~~\x1b[m\x1b[K\n'}
[6.068622] (status_display) StderrLine: {'line': b'\x1b[01m\x1b[K/usr/include/c++/11/bits/basic_string.h:6531:5:\x1b[m\x1b[K \x1b[01;36m\x1b[Knote: \x1b[m\x1b[K  template argument deduction/substitution failed:\n'}
[6.069479] (status_display) StderrLine: {'line': b'\x1b[01m\x1b[K/home/shenhang/ros_study/chapter3/topic_practice_workspace/src/status_display/src/sys_status_display.cpp:19:42:\x1b[m\x1b[K \x1b[01;36m\x1b[Knote: \x1b[m\x1b[K  \xe2\x80\x98\x1b[01m\x1b[Kstatus_interfaces::msg::SystemStatus_<std::allocator<void> >::_stamp_type\x1b[m\x1b[K\xe2\x80\x99 {aka \xe2\x80\x98\x1b[01m\x1b[Kbuiltin_interfaces::msg::Time_<std::allocator<void> >\x1b[m\x1b[K\xe2\x80\x99} is not derived from \xe2\x80\x98\x1b[01m\x1b[Kconst std::__cxx11::basic_string<_CharT, _Traits, _Allocator>\x1b[m\x1b[K\xe2\x80\x99\n'}
[6.069611] (status_display) StderrLine: {'line': b'   19 |                  << "\xe6\x95\xb0\xe6\x8d\xae\xe6\x97\xb6\xe9\x97\xb4: " << msg->\x1b[01;36m\x1b[Kstamp\x1b[m\x1b[K << " s\\n"\n'}
[6.069708] (status_display) StderrLine: {'line': b'      |                                          \x1b[01;36m\x1b[K^~~~~\x1b[m\x1b[K\n'}
[6.070159] (status_display) StderrLine: {'line': b'In file included from \x1b[01m\x1b[K/usr/include/c++/11/bits/ios_base.h:46\x1b[m\x1b[K,\n'}
[6.070391] (status_display) StderrLine: {'line': b'                 from \x1b[01m\x1b[K/usr/include/c++/11/streambuf:41\x1b[m\x1b[K,\n'}
[6.070628] (status_display) StderrLine: {'line': b'                 from \x1b[01m\x1b[K/usr/include/c++/11/bits/streambuf_iterator.h:35\x1b[m\x1b[K,\n'}
[6.070971] (status_display) StderrLine: {'line': b'                 from \x1b[01m\x1b[K/usr/include/c++/11/iterator:66\x1b[m\x1b[K,\n'}
[6.071296] (status_display) StderrLine: {'line': b'                 from \x1b[01m\x1b[K/usr/include/x86_64-linux-gnu/qt5/QtCore/qbytearray.h:53\x1b[m\x1b[K,\n'}
[6.071536] (status_display) StderrLine: {'line': b'                 from \x1b[01m\x1b[K/usr/include/x86_64-linux-gnu/qt5/QtCore/qstring.h:50\x1b[m\x1b[K,\n'}
[6.072628] (status_display) StderrLine: {'line': b'                 from \x1b[01m\x1b[K/usr/include/x86_64-linux-gnu/qt5/QtCore/qcoreapplication.h:44\x1b[m\x1b[K,\n'}
[6.072857] (status_display) StderrLine: {'line': b'                 from \x1b[01m\x1b[K/usr/include/x86_64-linux-gnu/qt5/QtWidgets/qapplication.h:44\x1b[m\x1b[K,\n'}
[6.073051] (status_display) StderrLine: {'line': b'                 from \x1b[01m\x1b[K/usr/include/x86_64-linux-gnu/qt5/QtWidgets/QApplication:1\x1b[m\x1b[K,\n'}
[6.073205] (status_display) StderrLine: {'line': b'                 from \x1b[01m\x1b[K/home/shenhang/ros_study/chapter3/topic_practice_workspace/src/status_display/src/sys_status_display.cpp:1\x1b[m\x1b[K:\n'}
[6.073337] (status_display) StderrLine: {'line': b'\x1b[01m\x1b[K/usr/include/c++/11/system_error:279:5:\x1b[m\x1b[K \x1b[01;36m\x1b[Knote: \x1b[m\x1b[Kcandidate: \xe2\x80\x98\x1b[01m\x1b[Ktemplate<class _CharT, class _Traits> std::basic_ostream<_CharT, _Traits>& std::operator<<(std::basic_ostream<_CharT, _Traits>&, const std::error_code&)\x1b[m\x1b[K\xe2\x80\x99\n'}
[6.073438] (status_display) StderrLine: {'line': b'  279 |     \x1b[01;36m\x1b[Koperator\x1b[m\x1b[K<<(basic_ostream<_CharT, _Traits>& __os, const error_code& __e)\n'}
[6.073525] (status_display) StderrLine: {'line': b'      |     \x1b[01;36m\x1b[K^~~~~~~~\x1b[m\x1b[K\n'}
[6.073608] (status_display) StderrLine: {'line': b'\x1b[01m\x1b[K/usr/include/c++/11/system_error:279:5:\x1b[m\x1b[K \x1b[01;36m\x1b[Knote: \x1b[m\x1b[K  template argument deduction/substitution failed:\n'}
[6.073763] (status_display) StderrLine: {'line': b'\x1b[01m\x1b[K/home/shenhang/ros_study/chapter3/topic_practice_workspace/src/status_display/src/sys_status_display.cpp:19:42:\x1b[m\x1b[K \x1b[01;36m\x1b[Knote: \x1b[m\x1b[K  cannot convert \xe2\x80\x98\x1b[01m\x1b[K((const std::__shared_ptr_access<status_interfaces::msg::SystemStatus_<std::allocator<void> >, __gnu_cxx::_S_atomic, false, false>*)(& msg))->std::__shared_ptr_access<status_interfaces::msg::SystemStatus_<std::allocator<void> >, __gnu_cxx::_S_atomic, false, false>::operator->()->status_interfaces::msg::SystemStatus_<std::allocator<void> >::stamp\x1b[m\x1b[K\xe2\x80\x99 (type \xe2\x80\x98\x1b[01m\x1b[Kstatus_interfaces::msg::SystemStatus_<std::allocator<void> >::_stamp_type\x1b[m\x1b[K\xe2\x80\x99 {aka \xe2\x80\x98\x1b[01m\x1b[Kbuiltin_interfaces::msg::Time_<std::allocator<void> >\x1b[m\x1b[K\xe2\x80\x99}) to type \xe2\x80\x98\x1b[01m\x1b[Kconst std::error_code&\x1b[m\x1b[K\xe2\x80\x99\n'}
[6.073870] (status_display) StderrLine: {'line': b'   19 |                  << "\xe6\x95\xb0\xe6\x8d\xae\xe6\x97\xb6\xe9\x97\xb4: " << \x1b[01;36m\x1b[Kmsg->stamp\x1b[m\x1b[K << " s\\n"\n'}
[6.074031] (status_display) StderrLine: {'line': b'      |                                     \x1b[01;36m\x1b[K~~~~~^~~~~\x1b[m\x1b[K\n'}
[6.074136] (status_display) StderrLine: {'line': b'In file included from \x1b[01m\x1b[K/usr/include/c++/11/memory:77\x1b[m\x1b[K,\n'}
[6.074217] (status_display) StderrLine: {'line': b'                 from \x1b[01m\x1b[K/usr/include/x86_64-linux-gnu/qt5/QtCore/qsharedpointer_impl.h:71\x1b[m\x1b[K,\n'}
[6.074299] (status_display) StderrLine: {'line': b'                 from \x1b[01m\x1b[K/usr/include/x86_64-linux-gnu/qt5/QtCore/qsharedpointer.h:48\x1b[m\x1b[K,\n'}
[6.074399] (status_display) StderrLine: {'line': b'                 from \x1b[01m\x1b[K/usr/include/x86_64-linux-gnu/qt5/QtGui/qpixmap.h:48\x1b[m\x1b[K,\n'}
[6.074495] (status_display) StderrLine: {'line': b'                 from \x1b[01m\x1b[K/usr/include/x86_64-linux-gnu/qt5/QtGui/qbrush.h:52\x1b[m\x1b[K,\n'}
[6.074598] (status_display) StderrLine: {'line': b'                 from \x1b[01m\x1b[K/usr/include/x86_64-linux-gnu/qt5/QtGui/qpalette.h:46\x1b[m\x1b[K,\n'}
[6.074763] (status_display) StderrLine: {'line': b'                 from \x1b[01m\x1b[K/usr/include/x86_64-linux-gnu/qt5/QtWidgets/qwidget.h:48\x1b[m\x1b[K,\n'}
[6.074946] (status_display) StderrLine: {'line': b'                 from \x1b[01m\x1b[K/usr/include/x86_64-linux-gnu/qt5/QtWidgets/qframe.h:44\x1b[m\x1b[K,\n'}
[6.075118] (status_display) StderrLine: {'line': b'                 from \x1b[01m\x1b[K/usr/include/x86_64-linux-gnu/qt5/QtWidgets/qlabel.h:44\x1b[m\x1b[K,\n'}
[6.075221] (status_display) StderrLine: {'line': b'                 from \x1b[01m\x1b[K/usr/include/x86_64-linux-gnu/qt5/QtWidgets/QLabel:1\x1b[m\x1b[K,\n'}
[6.075305] (status_display) StderrLine: {'line': b'                 from \x1b[01m\x1b[K/home/shenhang/ros_study/chapter3/topic_practice_workspace/src/status_display/src/sys_status_display.cpp:2\x1b[m\x1b[K:\n'}
[6.075389] (status_display) StderrLine: {'line': b'\x1b[01m\x1b[K/usr/include/c++/11/bits/shared_ptr.h:70:5:\x1b[m\x1b[K \x1b[01;36m\x1b[Knote: \x1b[m\x1b[Kcandidate: \xe2\x80\x98\x1b[01m\x1b[Ktemplate<class _Ch, class _Tr, class _Tp, __gnu_cxx::_Lock_policy _Lp> std::basic_ostream<_CharT, _Traits>& std::operator<<(std::basic_ostream<_CharT, _Traits>&, const std::__shared_ptr<_Tp, _Lp>&)\x1b[m\x1b[K\xe2\x80\x99\n'}
[6.075477] (status_display) StderrLine: {'line': b'   70 |     \x1b[01;36m\x1b[Koperator\x1b[m\x1b[K<<(std::basic_ostream<_Ch, _Tr>& __os,\n'}
[6.075563] (status_display) StderrLine: {'line': b'      |     \x1b[01;36m\x1b[K^~~~~~~~\x1b[m\x1b[K\n'}
[6.075651] (status_display) StderrLine: {'line': b'\x1b[01m\x1b[K/usr/include/c++/11/bits/shared_ptr.h:70:5:\x1b[m\x1b[K \x1b[01;36m\x1b[Knote: \x1b[m\x1b[K  template argument deduction/substitution failed:\n'}
[6.075786] (status_display) StderrLine: {'line': b'\x1b[01m\x1b[K/home/shenhang/ros_study/chapter3/topic_practice_workspace/src/status_display/src/sys_status_display.cpp:19:42:\x1b[m\x1b[K \x1b[01;36m\x1b[Knote: \x1b[m\x1b[K  \xe2\x80\x98\x1b[01m\x1b[Kstatus_interfaces::msg::SystemStatus_<std::allocator<void> >::_stamp_type\x1b[m\x1b[K\xe2\x80\x99 {aka \xe2\x80\x98\x1b[01m\x1b[Kbuiltin_interfaces::msg::Time_<std::allocator<void> >\x1b[m\x1b[K\xe2\x80\x99} is not derived from \xe2\x80\x98\x1b[01m\x1b[Kconst std::__shared_ptr<_Tp, _Lp>\x1b[m\x1b[K\xe2\x80\x99\n'}
[6.075877] (status_display) StderrLine: {'line': b'   19 |                  << "\xe6\x95\xb0\xe6\x8d\xae\xe6\x97\xb6\xe9\x97\xb4: " << msg->\x1b[01;36m\x1b[Kstamp\x1b[m\x1b[K << " s\\n"\n'}
[6.075994] (status_display) StderrLine: {'line': b'      |                                          \x1b[01;36m\x1b[K^~~~~\x1b[m\x1b[K\n'}
[6.076080] (status_display) StderrLine: {'line': b'In file included from \x1b[01m\x1b[K/opt/ros/humble/include/rclcpp/rclcpp/executors/multi_threaded_executor.hpp:22\x1b[m\x1b[K,\n'}
[6.076165] (status_display) StderrLine: {'line': b'                 from \x1b[01m\x1b[K/opt/ros/humble/include/rclcpp/rclcpp/executors.hpp:21\x1b[m\x1b[K,\n'}
[6.076248] (status_display) StderrLine: {'line': b'                 from \x1b[01m\x1b[K/opt/ros/humble/include/rclcpp/rclcpp/rclcpp.hpp:155\x1b[m\x1b[K,\n'}
[6.076331] (status_display) StderrLine: {'line': b'                 from \x1b[01m\x1b[K/home/shenhang/ros_study/chapter3/topic_practice_workspace/src/status_display/src/sys_status_display.cpp:4\x1b[m\x1b[K:\n'}
[6.076426] (status_display) StderrLine: {'line': b'\x1b[01m\x1b[K/usr/include/c++/11/thread:92:5:\x1b[m\x1b[K \x1b[01;36m\x1b[Knote: \x1b[m\x1b[Kcandidate: \xe2\x80\x98\x1b[01m\x1b[Ktemplate<class _CharT, class _Traits> std::basic_ostream<_CharT, _Traits>& std::operator<<(std::basic_ostream<_CharT, _Traits>&, std::thread::id)\x1b[m\x1b[K\xe2\x80\x99\n'}
[6.076519] (status_display) StderrLine: {'line': b'   92 |     \x1b[01;36m\x1b[Koperator\x1b[m\x1b[K<<(basic_ostream<_CharT, _Traits>& __out, thread::id __id)\n'}
[6.076603] (status_display) StderrLine: {'line': b'      |     \x1b[01;36m\x1b[K^~~~~~~~\x1b[m\x1b[K\n'}
[6.076715] (status_display) StderrLine: {'line': b'\x1b[01m\x1b[K/usr/include/c++/11/thread:92:5:\x1b[m\x1b[K \x1b[01;36m\x1b[Knote: \x1b[m\x1b[K  template argument deduction/substitution failed:\n'}
[6.076824] (status_display) StderrLine: {'line': b'\x1b[01m\x1b[K/home/shenhang/ros_study/chapter3/topic_practice_workspace/src/status_display/src/sys_status_display.cpp:19:42:\x1b[m\x1b[K \x1b[01;36m\x1b[Knote: \x1b[m\x1b[K  cannot convert \xe2\x80\x98\x1b[01m\x1b[K((const std::__shared_ptr_access<status_interfaces::msg::SystemStatus_<std::allocator<void> >, __gnu_cxx::_S_atomic, false, false>*)(& msg))->std::__shared_ptr_access<status_interfaces::msg::SystemStatus_<std::allocator<void> >, __gnu_cxx::_S_atomic, false, false>::operator->()->status_interfaces::msg::SystemStatus_<std::allocator<void> >::stamp\x1b[m\x1b[K\xe2\x80\x99 (type \xe2\x80\x98\x1b[01m\x1b[Kstatus_interfaces::msg::SystemStatus_<std::allocator<void> >::_stamp_type\x1b[m\x1b[K\xe2\x80\x99 {aka \xe2\x80\x98\x1b[01m\x1b[Kbuiltin_interfaces::msg::Time_<std::allocator<void> >\x1b[m\x1b[K\xe2\x80\x99}) to type \xe2\x80\x98\x1b[01m\x1b[Kstd::thread::id\x1b[m\x1b[K\xe2\x80\x99\n'}
[6.076939] (status_display) StderrLine: {'line': b'   19 |                  << "\xe6\x95\xb0\xe6\x8d\xae\xe6\x97\xb6\xe9\x97\xb4: " << \x1b[01;36m\x1b[Kmsg->stamp\x1b[m\x1b[K << " s\\n"\n'}
[6.077026] (status_display) StderrLine: {'line': b'      |                                     \x1b[01;36m\x1b[K~~~~~^~~~~\x1b[m\x1b[K\n'}
[6.077109] (status_display) StderrLine: {'line': b'In file included from \x1b[01m\x1b[K/usr/include/c++/11/iostream:39\x1b[m\x1b[K,\n'}
[6.077192] (status_display) StderrLine: {'line': b'                 from \x1b[01m\x1b[K/opt/ros/humble/include/rclcpp/rclcpp/executor.hpp:22\x1b[m\x1b[K,\n'}
[6.077275] (status_display) StderrLine: {'line': b'                 from \x1b[01m\x1b[K/opt/ros/humble/include/rclcpp/rclcpp/executors/multi_threaded_executor.hpp:25\x1b[m\x1b[K,\n'}
[6.077761] (status_display) StderrLine: {'line': b'                 from \x1b[01m\x1b[K/opt/ros/humble/include/rclcpp/rclcpp/executors.hpp:21\x1b[m\x1b[K,\n'}
[6.077895] (status_display) StderrLine: {'line': b'                 from \x1b[01m\x1b[K/opt/ros/humble/include/rclcpp/rclcpp/rclcpp.hpp:155\x1b[m\x1b[K,\n'}
[6.077987] (status_display) StderrLine: {'line': b'                 from \x1b[01m\x1b[K/home/shenhang/ros_study/chapter3/topic_practice_workspace/src/status_display/src/sys_status_display.cpp:4\x1b[m\x1b[K:\n'}
[6.078072] (status_display) StderrLine: {'line': b'\x1b[01m\x1b[K/usr/include/c++/11/ostream:513:5:\x1b[m\x1b[K \x1b[01;36m\x1b[Knote: \x1b[m\x1b[Kcandidate: \xe2\x80\x98\x1b[01m\x1b[Ktemplate<class _CharT, class _Traits> std::basic_ostream<_CharT, _Traits>& std::operator<<(std::basic_ostream<_CharT, _Traits>&, _CharT)\x1b[m\x1b[K\xe2\x80\x99\n'}
[6.078159] (status_display) StderrLine: {'line': b'  513 |     \x1b[01;36m\x1b[Koperator\x1b[m\x1b[K<<(basic_ostream<_CharT, _Traits>& __out, _CharT __c)\n'}
[6.078243] (status_display) StderrLine: {'line': b'      |     \x1b[01;36m\x1b[K^~~~~~~~\x1b[m\x1b[K\n'}
[6.078330] (status_display) StderrLine: {'line': b'\x1b[01m\x1b[K/usr/include/c++/11/ostream:513:5:\x1b[m\x1b[K \x1b[01;36m\x1b[Knote: \x1b[m\x1b[K  template argument deduction/substitution failed:\n'}
[6.078415] (status_display) StderrLine: {'line': b'\x1b[01m\x1b[K/home/shenhang/ros_study/chapter3/topic_practice_workspace/src/status_display/src/sys_status_display.cpp:19:42:\x1b[m\x1b[K \x1b[01;36m\x1b[Knote: \x1b[m\x1b[K  deduced conflicting types for parameter \xe2\x80\x98\x1b[01m\x1b[K_CharT\x1b[m\x1b[K\xe2\x80\x99 (\xe2\x80\x98\x1b[01m\x1b[Kchar\x1b[m\x1b[K\xe2\x80\x99 and \xe2\x80\x98\x1b[01m\x1b[Kbuiltin_interfaces::msg::Time_<std::allocator<void> >\x1b[m\x1b[K\xe2\x80\x99)\n'}
[6.078576] (status_display) StderrLine: {'line': b'   19 |                  << "\xe6\x95\xb0\xe6\x8d\xae\xe6\x97\xb6\xe9\x97\xb4: " << msg->\x1b[01;36m\x1b[Kstamp\x1b[m\x1b[K << " s\\n"\n'}
[6.078668] (status_display) StderrLine: {'line': b'      |                                          \x1b[01;36m\x1b[K^~~~~\x1b[m\x1b[K\n'}
[6.078796] (status_display) StderrLine: {'line': b'In file included from \x1b[01m\x1b[K/usr/include/c++/11/iostream:39\x1b[m\x1b[K,\n'}
[6.078916] (status_display) StderrLine: {'line': b'                 from \x1b[01m\x1b[K/opt/ros/humble/include/rclcpp/rclcpp/executor.hpp:22\x1b[m\x1b[K,\n'}
[6.079362] (status_display) StderrLine: {'line': b'                 from \x1b[01m\x1b[K/opt/ros/humble/include/rclcpp/rclcpp/executors/multi_threaded_executor.hpp:25\x1b[m\x1b[K,\n'}
[6.079454] (status_display) StderrLine: {'line': b'                 from \x1b[01m\x1b[K/opt/ros/humble/include/rclcpp/rclcpp/executors.hpp:21\x1b[m\x1b[K,\n'}
[6.079539] (status_display) StderrLine: {'line': b'                 from \x1b[01m\x1b[K/opt/ros/humble/include/rclcpp/rclcpp/rclcpp.hpp:155\x1b[m\x1b[K,\n'}
[6.079623] (status_display) StderrLine: {'line': b'                 from \x1b[01m\x1b[K/home/shenhang/ros_study/chapter3/topic_practice_workspace/src/status_display/src/sys_status_display.cpp:4\x1b[m\x1b[K:\n'}
[6.079746] (status_display) StderrLine: {'line': b'\x1b[01m\x1b[K/usr/include/c++/11/ostream:518:5:\x1b[m\x1b[K \x1b[01;36m\x1b[Knote: \x1b[m\x1b[Kcandidate: \xe2\x80\x98\x1b[01m\x1b[Ktemplate<class _CharT, class _Traits> std::basic_ostream<_CharT, _Traits>& std::operator<<(std::basic_ostream<_CharT, _Traits>&, char)\x1b[m\x1b[K\xe2\x80\x99\n'}
[6.079908] (status_display) StderrLine: {'line': b'  518 |     \x1b[01;36m\x1b[Koperator\x1b[m\x1b[K<<(basic_ostream<_CharT, _Traits>& __out, char __c)\n'}
[6.080010] (status_display) StderrLine: {'line': b'      |     \x1b[01;36m\x1b[K^~~~~~~~\x1b[m\x1b[K\n'}
[6.080106] (status_display) StderrLine: {'line': b'\x1b[01m\x1b[K/usr/include/c++/11/ostream:518:5:\x1b[m\x1b[K \x1b[01;36m\x1b[Knote: \x1b[m\x1b[K  template argument deduction/substitution failed:\n'}
[6.080191] (status_display) StderrLine: {'line': b'\x1b[01m\x1b[K/home/shenhang/ros_study/chapter3/topic_practice_workspace/src/status_display/src/sys_status_display.cpp:19:42:\x1b[m\x1b[K \x1b[01;36m\x1b[Knote: \x1b[m\x1b[K  cannot convert \xe2\x80\x98\x1b[01m\x1b[K((const std::__shared_ptr_access<status_interfaces::msg::SystemStatus_<std::allocator<void> >, __gnu_cxx::_S_atomic, false, false>*)(& msg))->std::__shared_ptr_access<status_interfaces::msg::SystemStatus_<std::allocator<void> >, __gnu_cxx::_S_atomic, false, false>::operator->()->status_interfaces::msg::SystemStatus_<std::allocator<void> >::stamp\x1b[m\x1b[K\xe2\x80\x99 (type \xe2\x80\x98\x1b[01m\x1b[Kstatus_interfaces::msg::SystemStatus_<std::allocator<void> >::_stamp_type\x1b[m\x1b[K\xe2\x80\x99 {aka \xe2\x80\x98\x1b[01m\x1b[Kbuiltin_interfaces::msg::Time_<std::allocator<void> >\x1b[m\x1b[K\xe2\x80\x99}) to type \xe2\x80\x98\x1b[01m\x1b[Kchar\x1b[m\x1b[K\xe2\x80\x99\n'}
[6.080292] (status_display) StderrLine: {'line': b'   19 |                  << "\xe6\x95\xb0\xe6\x8d\xae\xe6\x97\xb6\xe9\x97\xb4: " << \x1b[01;36m\x1b[Kmsg->stamp\x1b[m\x1b[K << " s\\n"\n'}
[6.080383] (status_display) StderrLine: {'line': b'      |                                     \x1b[01;36m\x1b[K~~~~~^~~~~\x1b[m\x1b[K\n'}
[6.080468] (status_display) StderrLine: {'line': b'In file included from \x1b[01m\x1b[K/usr/include/c++/11/iostream:39\x1b[m\x1b[K,\n'}
[6.080551] (status_display) StderrLine: {'line': b'                 from \x1b[01m\x1b[K/opt/ros/humble/include/rclcpp/rclcpp/executor.hpp:22\x1b[m\x1b[K,\n'}
[6.080635] (status_display) StderrLine: {'line': b'                 from \x1b[01m\x1b[K/opt/ros/humble/include/rclcpp/rclcpp/executors/multi_threaded_executor.hpp:25\x1b[m\x1b[K,\n'}
[6.080759] (status_display) StderrLine: {'line': b'                 from \x1b[01m\x1b[K/opt/ros/humble/include/rclcpp/rclcpp/executors.hpp:21\x1b[m\x1b[K,\n'}
[6.080875] (status_display) StderrLine: {'line': b'                 from \x1b[01m\x1b[K/opt/ros/humble/include/rclcpp/rclcpp/rclcpp.hpp:155\x1b[m\x1b[K,\n'}
[6.080958] (status_display) StderrLine: {'line': b'                 from \x1b[01m\x1b[K/home/shenhang/ros_study/chapter3/topic_practice_workspace/src/status_display/src/sys_status_display.cpp:4\x1b[m\x1b[K:\n'}
[6.081042] (status_display) StderrLine: {'line': b'\x1b[01m\x1b[K/usr/include/c++/11/ostream:524:5:\x1b[m\x1b[K \x1b[01;36m\x1b[Knote: \x1b[m\x1b[Kcandidate: \xe2\x80\x98\x1b[01m\x1b[Ktemplate<class _Traits> std::basic_ostream<char, _Traits>& std::operator<<(std::basic_ostream<char, _Traits>&, char)\x1b[m\x1b[K\xe2\x80\x99\n'}
[6.081135] (status_display) StderrLine: {'line': b'  524 |     \x1b[01;36m\x1b[Koperator\x1b[m\x1b[K<<(basic_ostream<char, _Traits>& __out, char __c)\n'}
[6.081218] (status_display) StderrLine: {'line': b'      |     \x1b[01;36m\x1b[K^~~~~~~~\x1b[m\x1b[K\n'}
[6.081302] (status_display) StderrLine: {'line': b'\x1b[01m\x1b[K/usr/include/c++/11/ostream:524:5:\x1b[m\x1b[K \x1b[01;36m\x1b[Knote: \x1b[m\x1b[K  template argument deduction/substitution failed:\n'}
[6.081385] (status_display) StderrLine: {'line': b'\x1b[01m\x1b[K/home/shenhang/ros_study/chapter3/topic_practice_workspace/src/status_display/src/sys_status_display.cpp:19:42:\x1b[m\x1b[K \x1b[01;36m\x1b[Knote: \x1b[m\x1b[K  cannot convert \xe2\x80\x98\x1b[01m\x1b[K((const std::__shared_ptr_access<status_interfaces::msg::SystemStatus_<std::allocator<void> >, __gnu_cxx::_S_atomic, false, false>*)(& msg))->std::__shared_ptr_access<status_interfaces::msg::SystemStatus_<std::allocator<void> >, __gnu_cxx::_S_atomic, false, false>::operator->()->status_interfaces::msg::SystemStatus_<std::allocator<void> >::stamp\x1b[m\x1b[K\xe2\x80\x99 (type \xe2\x80\x98\x1b[01m\x1b[Kstatus_interfaces::msg::SystemStatus_<std::allocator<void> >::_stamp_type\x1b[m\x1b[K\xe2\x80\x99 {aka \xe2\x80\x98\x1b[01m\x1b[Kbuiltin_interfaces::msg::Time_<std::allocator<void> >\x1b[m\x1b[K\xe2\x80\x99}) to type \xe2\x80\x98\x1b[01m\x1b[Kchar\x1b[m\x1b[K\xe2\x80\x99\n'}
[6.081473] (status_display) StderrLine: {'line': b'   19 |                  << "\xe6\x95\xb0\xe6\x8d\xae\xe6\x97\xb6\xe9\x97\xb4: " << \x1b[01;36m\x1b[Kmsg->stamp\x1b[m\x1b[K << " s\\n"\n'}
[6.081557] (status_display) StderrLine: {'line': b'      |                                     \x1b[01;36m\x1b[K~~~~~^~~~~\x1b[m\x1b[K\n'}
[6.081648] (status_display) StderrLine: {'line': b'In file included from \x1b[01m\x1b[K/usr/include/c++/11/iostream:39\x1b[m\x1b[K,\n'}
[6.084818] (status_display) StderrLine: {'line': b'                 from \x1b[01m\x1b[K/opt/ros/humble/include/rclcpp/rclcpp/executor.hpp:22\x1b[m\x1b[K,\n'}
[6.084975] (status_display) StderrLine: {'line': b'                 from \x1b[01m\x1b[K/opt/ros/humble/include/rclcpp/rclcpp/executors/multi_threaded_executor.hpp:25\x1b[m\x1b[K,\n'}
[6.085066] (status_display) StderrLine: {'line': b'                 from \x1b[01m\x1b[K/opt/ros/humble/include/rclcpp/rclcpp/executors.hpp:21\x1b[m\x1b[K,\n'}
[6.085152] (status_display) StderrLine: {'line': b'                 from \x1b[01m\x1b[K/opt/ros/humble/include/rclcpp/rclcpp/rclcpp.hpp:155\x1b[m\x1b[K,\n'}
[6.085236] (status_display) StderrLine: {'line': b'                 from \x1b[01m\x1b[K/home/shenhang/ros_study/chapter3/topic_practice_workspace/src/status_display/src/sys_status_display.cpp:4\x1b[m\x1b[K:\n'}
[6.085323] (status_display) StderrLine: {'line': b'\x1b[01m\x1b[K/usr/include/c++/11/ostream:530:5:\x1b[m\x1b[K \x1b[01;36m\x1b[Knote: \x1b[m\x1b[Kcandidate: \xe2\x80\x98\x1b[01m\x1b[Ktemplate<class _Traits> std::basic_ostream<char, _Traits>& std::operator<<(std::basic_ostream<char, _Traits>&, signed char)\x1b[m\x1b[K\xe2\x80\x99\n'}
[6.085410] (status_display) StderrLine: {'line': b'  530 |     \x1b[01;36m\x1b[Koperator\x1b[m\x1b[K<<(basic_ostream<char, _Traits>& __out, signed char __c)\n'}
[6.085503] (status_display) StderrLine: {'line': b'      |     \x1b[01;36m\x1b[K^~~~~~~~\x1b[m\x1b[K\n'}
[6.085589] (status_display) StderrLine: {'line': b'\x1b[01m\x1b[K/usr/include/c++/11/ostream:530:5:\x1b[m\x1b[K \x1b[01;36m\x1b[Knote: \x1b[m\x1b[K  template argument deduction/substitution failed:\n'}
[6.085920] (status_display) StderrLine: {'line': b'\x1b[01m\x1b[K/home/shenhang/ros_study/chapter3/topic_practice_workspace/src/status_display/src/sys_status_display.cpp:19:42:\x1b[m\x1b[K \x1b[01;36m\x1b[Knote: \x1b[m\x1b[K  cannot convert \xe2\x80\x98\x1b[01m\x1b[K((const std::__shared_ptr_access<status_interfaces::msg::SystemStatus_<std::allocator<void> >, __gnu_cxx::_S_atomic, false, false>*)(& msg))->std::__shared_ptr_access<status_interfaces::msg::SystemStatus_<std::allocator<void> >, __gnu_cxx::_S_atomic, false, false>::operator->()->status_interfaces::msg::SystemStatus_<std::allocator<void> >::stamp\x1b[m\x1b[K\xe2\x80\x99 (type \xe2\x80\x98\x1b[01m\x1b[Kstatus_interfaces::msg::SystemStatus_<std::allocator<void> >::_stamp_type\x1b[m\x1b[K\xe2\x80\x99 {aka \xe2\x80\x98\x1b[01m\x1b[Kbuiltin_interfaces::msg::Time_<std::allocator<void> >\x1b[m\x1b[K\xe2\x80\x99}) to type \xe2\x80\x98\x1b[01m\x1b[Ksigned char\x1b[m\x1b[K\xe2\x80\x99\n'}
[6.086034] (status_display) StderrLine: {'line': b'   19 |                  << "\xe6\x95\xb0\xe6\x8d\xae\xe6\x97\xb6\xe9\x97\xb4: " << \x1b[01;36m\x1b[Kmsg->stamp\x1b[m\x1b[K << " s\\n"\n'}
[6.086119] (status_display) StderrLine: {'line': b'      |                                     \x1b[01;36m\x1b[K~~~~~^~~~~\x1b[m\x1b[K\n'}
[6.086203] (status_display) StderrLine: {'line': b'In file included from \x1b[01m\x1b[K/usr/include/c++/11/iostream:39\x1b[m\x1b[K,\n'}
[6.086286] (status_display) StderrLine: {'line': b'                 from \x1b[01m\x1b[K/opt/ros/humble/include/rclcpp/rclcpp/executor.hpp:22\x1b[m\x1b[K,\n'}
[6.086369] (status_display) StderrLine: {'line': b'                 from \x1b[01m\x1b[K/opt/ros/humble/include/rclcpp/rclcpp/executors/multi_threaded_executor.hpp:25\x1b[m\x1b[K,\n'}
[6.086453] (status_display) StderrLine: {'line': b'                 from \x1b[01m\x1b[K/opt/ros/humble/include/rclcpp/rclcpp/executors.hpp:21\x1b[m\x1b[K,\n'}
[6.086536] (status_display) StderrLine: {'line': b'                 from \x1b[01m\x1b[K/opt/ros/humble/include/rclcpp/rclcpp/rclcpp.hpp:155\x1b[m\x1b[K,\n'}
[6.086639] (status_display) StderrLine: {'line': b'                 from \x1b[01m\x1b[K/home/shenhang/ros_study/chapter3/topic_practice_workspace/src/status_display/src/sys_status_display.cpp:4\x1b[m\x1b[K:\n'}
[6.086772] (status_display) StderrLine: {'line': b'\x1b[01m\x1b[K/usr/include/c++/11/ostream:535:5:\x1b[m\x1b[K \x1b[01;36m\x1b[Knote: \x1b[m\x1b[Kcandidate: \xe2\x80\x98\x1b[01m\x1b[Ktemplate<class _Traits> std::basic_ostream<char, _Traits>& std::operator<<(std::basic_ostream<char, _Traits>&, unsigned char)\x1b[m\x1b[K\xe2\x80\x99\n'}
[6.086881] (status_display) StderrLine: {'line': b'  535 |     \x1b[01;36m\x1b[Koperator\x1b[m\x1b[K<<(basic_ostream<char, _Traits>& __out, unsigned char __c)\n'}
[6.086966] (status_display) StderrLine: {'line': b'      |     \x1b[01;36m\x1b[K^~~~~~~~\x1b[m\x1b[K\n'}
[6.087049] (status_display) StderrLine: {'line': b'\x1b[01m\x1b[K/usr/include/c++/11/ostream:535:5:\x1b[m\x1b[K \x1b[01;36m\x1b[Knote: \x1b[m\x1b[K  template argument deduction/substitution failed:\n'}
[6.087132] (status_display) StderrLine: {'line': b'\x1b[01m\x1b[K/home/shenhang/ros_study/chapter3/topic_practice_workspace/src/status_display/src/sys_status_display.cpp:19:42:\x1b[m\x1b[K \x1b[01;36m\x1b[Knote: \x1b[m\x1b[K  cannot convert \xe2\x80\x98\x1b[01m\x1b[K((const std::__shared_ptr_access<status_interfaces::msg::SystemStatus_<std::allocator<void> >, __gnu_cxx::_S_atomic, false, false>*)(& msg))->std::__shared_ptr_access<status_interfaces::msg::SystemStatus_<std::allocator<void> >, __gnu_cxx::_S_atomic, false, false>::operator->()->status_interfaces::msg::SystemStatus_<std::allocator<void> >::stamp\x1b[m\x1b[K\xe2\x80\x99 (type \xe2\x80\x98\x1b[01m\x1b[Kstatus_interfaces::msg::SystemStatus_<std::allocator<void> >::_stamp_type\x1b[m\x1b[K\xe2\x80\x99 {aka \xe2\x80\x98\x1b[01m\x1b[Kbuiltin_interfaces::msg::Time_<std::allocator<void> >\x1b[m\x1b[K\xe2\x80\x99}) to type \xe2\x80\x98\x1b[01m\x1b[Kunsigned char\x1b[m\x1b[K\xe2\x80\x99\n'}
[6.087228] (status_display) StderrLine: {'line': b'   19 |                  << "\xe6\x95\xb0\xe6\x8d\xae\xe6\x97\xb6\xe9\x97\xb4: " << \x1b[01;36m\x1b[Kmsg->stamp\x1b[m\x1b[K << " s\\n"\n'}
[6.087313] (status_display) StderrLine: {'line': b'      |                                     \x1b[01;36m\x1b[K~~~~~^~~~~\x1b[m\x1b[K\n'}
[6.087396] (status_display) StderrLine: {'line': b'In file included from \x1b[01m\x1b[K/usr/include/c++/11/iostream:39\x1b[m\x1b[K,\n'}
[6.087486] (status_display) StderrLine: {'line': b'                 from \x1b[01m\x1b[K/opt/ros/humble/include/rclcpp/rclcpp/executor.hpp:22\x1b[m\x1b[K,\n'}
[6.087569] (status_display) StderrLine: {'line': b'                 from \x1b[01m\x1b[K/opt/ros/humble/include/rclcpp/rclcpp/executors/multi_threaded_executor.hpp:25\x1b[m\x1b[K,\n'}
[6.087679] (status_display) StderrLine: {'line': b'                 from \x1b[01m\x1b[K/opt/ros/humble/include/rclcpp/rclcpp/executors.hpp:21\x1b[m\x1b[K,\n'}
[6.087810] (status_display) StderrLine: {'line': b'                 from \x1b[01m\x1b[K/opt/ros/humble/include/rclcpp/rclcpp/rclcpp.hpp:155\x1b[m\x1b[K,\n'}
[6.087899] (status_display) StderrLine: {'line': b'                 from \x1b[01m\x1b[K/home/shenhang/ros_study/chapter3/topic_practice_workspace/src/status_display/src/sys_status_display.cpp:4\x1b[m\x1b[K:\n'}
[6.087984] (status_display) StderrLine: {'line': b'\x1b[01m\x1b[K/usr/include/c++/11/ostream:594:5:\x1b[m\x1b[K \x1b[01;36m\x1b[Knote: \x1b[m\x1b[Kcandidate: \xe2\x80\x98\x1b[01m\x1b[Ktemplate<class _CharT, class _Traits> std::basic_ostream<_CharT, _Traits>& std::operator<<(std::basic_ostream<_CharT, _Traits>&, const _CharT*)\x1b[m\x1b[K\xe2\x80\x99\n'}
[6.088076] (status_display) StderrLine: {'line': b'  594 |     \x1b[01;36m\x1b[Koperator\x1b[m\x1b[K<<(basic_ostream<_CharT, _Traits>& __out, const _CharT* __s)\n'}
[6.088163] (status_display) StderrLine: {'line': b'      |     \x1b[01;36m\x1b[K^~~~~~~~\x1b[m\x1b[K\n'}
[6.088247] (status_display) StderrLine: {'line': b'\x1b[01m\x1b[K/usr/include/c++/11/ostream:594:5:\x1b[m\x1b[K \x1b[01;36m\x1b[Knote: \x1b[m\x1b[K  template argument deduction/substitution failed:\n'}
[6.088332] (status_display) StderrLine: {'line': b'\x1b[01m\x1b[K/home/shenhang/ros_study/chapter3/topic_practice_workspace/src/status_display/src/sys_status_display.cpp:19:42:\x1b[m\x1b[K \x1b[01;36m\x1b[Knote: \x1b[m\x1b[K  mismatched types \xe2\x80\x98\x1b[01m\x1b[Kconst _CharT*\x1b[m\x1b[K\xe2\x80\x99 and \xe2\x80\x98\x1b[01m\x1b[Kbuiltin_interfaces::msg::Time_<std::allocator<void> >\x1b[m\x1b[K\xe2\x80\x99\n'}
[6.088423] (status_display) StderrLine: {'line': b'   19 |                  << "\xe6\x95\xb0\xe6\x8d\xae\xe6\x97\xb6\xe9\x97\xb4: " << msg->\x1b[01;36m\x1b[Kstamp\x1b[m\x1b[K << " s\\n"\n'}
[6.088514] (status_display) StderrLine: {'line': b'      |                                          \x1b[01;36m\x1b[K^~~~~\x1b[m\x1b[K\n'}
[6.088621] (status_display) StderrLine: {'line': b'In file included from \x1b[01m\x1b[K/usr/include/c++/11/ostream:829\x1b[m\x1b[K,\n'}
[6.088737] (status_display) StderrLine: {'line': b'                 from \x1b[01m\x1b[K/usr/include/c++/11/iostream:39\x1b[m\x1b[K,\n'}
[6.088839] (status_display) StderrLine: {'line': b'                 from \x1b[01m\x1b[K/opt/ros/humble/include/rclcpp/rclcpp/executor.hpp:22\x1b[m\x1b[K,\n'}
[6.088931] (status_display) StderrLine: {'line': b'                 from \x1b[01m\x1b[K/opt/ros/humble/include/rclcpp/rclcpp/executors/multi_threaded_executor.hpp:25\x1b[m\x1b[K,\n'}
[6.089017] (status_display) StderrLine: {'line': b'                 from \x1b[01m\x1b[K/opt/ros/humble/include/rclcpp/rclcpp/executors.hpp:21\x1b[m\x1b[K,\n'}
[6.089101] (status_display) StderrLine: {'line': b'                 from \x1b[01m\x1b[K/opt/ros/humble/include/rclcpp/rclcpp/rclcpp.hpp:155\x1b[m\x1b[K,\n'}
[6.089184] (status_display) StderrLine: {'line': b'                 from \x1b[01m\x1b[K/home/shenhang/ros_study/chapter3/topic_practice_workspace/src/status_display/src/sys_status_display.cpp:4\x1b[m\x1b[K:\n'}
[6.089268] (status_display) StderrLine: {'line': b'\x1b[01m\x1b[K/usr/include/c++/11/bits/ostream.tcc:321:5:\x1b[m\x1b[K \x1b[01;36m\x1b[Knote: \x1b[m\x1b[Kcandidate: \xe2\x80\x98\x1b[01m\x1b[Ktemplate<class _CharT, class _Traits> std::basic_ostream<_CharT, _Traits>& std::operator<<(std::basic_ostream<_CharT, _Traits>&, const char*)\x1b[m\x1b[K\xe2\x80\x99\n'}
[6.089354] (status_display) StderrLine: {'line': b'  321 |     \x1b[01;36m\x1b[Koperator\x1b[m\x1b[K<<(basic_ostream<_CharT, _Traits>& __out, const char* __s)\n'}
[6.089445] (status_display) StderrLine: {'line': b'      |     \x1b[01;36m\x1b[K^~~~~~~~\x1b[m\x1b[K\n'}
[6.089528] (status_display) StderrLine: {'line': b'\x1b[01m\x1b[K/usr/include/c++/11/bits/ostream.tcc:321:5:\x1b[m\x1b[K \x1b[01;36m\x1b[Knote: \x1b[m\x1b[K  template argument deduction/substitution failed:\n'}
[6.089639] (status_display) StderrLine: {'line': b'\x1b[01m\x1b[K/home/shenhang/ros_study/chapter3/topic_practice_workspace/src/status_display/src/sys_status_display.cpp:19:42:\x1b[m\x1b[K \x1b[01;36m\x1b[Knote: \x1b[m\x1b[K  cannot convert \xe2\x80\x98\x1b[01m\x1b[K((const std::__shared_ptr_access<status_interfaces::msg::SystemStatus_<std::allocator<void> >, __gnu_cxx::_S_atomic, false, false>*)(& msg))->std::__shared_ptr_access<status_interfaces::msg::SystemStatus_<std::allocator<void> >, __gnu_cxx::_S_atomic, false, false>::operator->()->status_interfaces::msg::SystemStatus_<std::allocator<void> >::stamp\x1b[m\x1b[K\xe2\x80\x99 (type \xe2\x80\x98\x1b[01m\x1b[Kstatus_interfaces::msg::SystemStatus_<std::allocator<void> >::_stamp_type\x1b[m\x1b[K\xe2\x80\x99 {aka \xe2\x80\x98\x1b[01m\x1b[Kbuiltin_interfaces::msg::Time_<std::allocator<void> >\x1b[m\x1b[K\xe2\x80\x99}) to type \xe2\x80\x98\x1b[01m\x1b[Kconst char*\x1b[m\x1b[K\xe2\x80\x99\n'}
[6.089769] (status_display) StderrLine: {'line': b'   19 |                  << "\xe6\x95\xb0\xe6\x8d\xae\xe6\x97\xb6\xe9\x97\xb4: " << \x1b[01;36m\x1b[Kmsg->stamp\x1b[m\x1b[K << " s\\n"\n'}
[6.089862] (status_display) StderrLine: {'line': b'      |                                     \x1b[01;36m\x1b[K~~~~~^~~~~\x1b[m\x1b[K\n'}
[6.089947] (status_display) StderrLine: {'line': b'In file included from \x1b[01m\x1b[K/usr/include/c++/11/iostream:39\x1b[m\x1b[K,\n'}
[6.090031] (status_display) StderrLine: {'line': b'                 from \x1b[01m\x1b[K/opt/ros/humble/include/rclcpp/rclcpp/executor.hpp:22\x1b[m\x1b[K,\n'}
[6.090114] (status_display) StderrLine: {'line': b'                 from \x1b[01m\x1b[K/opt/ros/humble/include/rclcpp/rclcpp/executors/multi_threaded_executor.hpp:25\x1b[m\x1b[K,\n'}
[6.090197] (status_display) StderrLine: {'line': b'                 from \x1b[01m\x1b[K/opt/ros/humble/include/rclcpp/rclcpp/executors.hpp:21\x1b[m\x1b[K,\n'}
[6.090281] (status_display) StderrLine: {'line': b'                 from \x1b[01m\x1b[K/opt/ros/humble/include/rclcpp/rclcpp/rclcpp.hpp:155\x1b[m\x1b[K,\n'}
[6.090364] (status_display) StderrLine: {'line': b'                 from \x1b[01m\x1b[K/home/shenhang/ros_study/chapter3/topic_practice_workspace/src/status_display/src/sys_status_display.cpp:4\x1b[m\x1b[K:\n'}
[6.090448] (status_display) StderrLine: {'line': b'\x1b[01m\x1b[K/usr/include/c++/11/ostream:611:5:\x1b[m\x1b[K \x1b[01;36m\x1b[Knote: \x1b[m\x1b[Kcandidate: \xe2\x80\x98\x1b[01m\x1b[Ktemplate<class _Traits> std::basic_ostream<char, _Traits>& std::operator<<(std::basic_ostream<char, _Traits>&, const char*)\x1b[m\x1b[K\xe2\x80\x99\n'}
[6.090559] (status_display) StderrLine: {'line': b'  611 |     \x1b[01;36m\x1b[Koperator\x1b[m\x1b[K<<(basic_ostream<char, _Traits>& __out, const char* __s)\n'}
[6.093736] (status_display) StderrLine: {'line': b'      |     \x1b[01;36m\x1b[K^~~~~~~~\x1b[m\x1b[K\n'}
[6.093892] (status_display) StderrLine: {'line': b'\x1b[01m\x1b[K/usr/include/c++/11/ostream:611:5:\x1b[m\x1b[K \x1b[01;36m\x1b[Knote: \x1b[m\x1b[K  template argument deduction/substitution failed:\n'}
[6.093998] (status_display) StderrLine: {'line': b'\x1b[01m\x1b[K/home/shenhang/ros_study/chapter3/topic_practice_workspace/src/status_display/src/sys_status_display.cpp:19:42:\x1b[m\x1b[K \x1b[01;36m\x1b[Knote: \x1b[m\x1b[K  cannot convert \xe2\x80\x98\x1b[01m\x1b[K((const std::__shared_ptr_access<status_interfaces::msg::SystemStatus_<std::allocator<void> >, __gnu_cxx::_S_atomic, false, false>*)(& msg))->std::__shared_ptr_access<status_interfaces::msg::SystemStatus_<std::allocator<void> >, __gnu_cxx::_S_atomic, false, false>::operator->()->status_interfaces::msg::SystemStatus_<std::allocator<void> >::stamp\x1b[m\x1b[K\xe2\x80\x99 (type \xe2\x80\x98\x1b[01m\x1b[Kstatus_interfaces::msg::SystemStatus_<std::allocator<void> >::_stamp_type\x1b[m\x1b[K\xe2\x80\x99 {aka \xe2\x80\x98\x1b[01m\x1b[Kbuiltin_interfaces::msg::Time_<std::allocator<void> >\x1b[m\x1b[K\xe2\x80\x99}) to type \xe2\x80\x98\x1b[01m\x1b[Kconst char*\x1b[m\x1b[K\xe2\x80\x99\n'}
[6.094102] (status_display) StderrLine: {'line': b'   19 |                  << "\xe6\x95\xb0\xe6\x8d\xae\xe6\x97\xb6\xe9\x97\xb4: " << \x1b[01;36m\x1b[Kmsg->stamp\x1b[m\x1b[K << " s\\n"\n'}
[6.094193] (status_display) StderrLine: {'line': b'      |                                     \x1b[01;36m\x1b[K~~~~~^~~~~\x1b[m\x1b[K\n'}
[6.094281] (status_display) StderrLine: {'line': b'In file included from \x1b[01m\x1b[K/usr/include/c++/11/iostream:39\x1b[m\x1b[K,\n'}
[6.094366] (status_display) StderrLine: {'line': b'                 from \x1b[01m\x1b[K/opt/ros/humble/include/rclcpp/rclcpp/executor.hpp:22\x1b[m\x1b[K,\n'}
[6.094482] (status_display) StderrLine: {'line': b'                 from \x1b[01m\x1b[K/opt/ros/humble/include/rclcpp/rclcpp/executors/multi_threaded_executor.hpp:25\x1b[m\x1b[K,\n'}
[6.094574] (status_display) StderrLine: {'line': b'                 from \x1b[01m\x1b[K/opt/ros/humble/include/rclcpp/rclcpp/executors.hpp:21\x1b[m\x1b[K,\n'}
[6.094658] (status_display) StderrLine: {'line': b'                 from \x1b[01m\x1b[K/opt/ros/humble/include/rclcpp/rclcpp/rclcpp.hpp:155\x1b[m\x1b[K,\n'}
[6.094786] (status_display) StderrLine: {'line': b'                 from \x1b[01m\x1b[K/home/shenhang/ros_study/chapter3/topic_practice_workspace/src/status_display/src/sys_status_display.cpp:4\x1b[m\x1b[K:\n'}
[6.094876] (status_display) StderrLine: {'line': b'\x1b[01m\x1b[K/usr/include/c++/11/ostream:624:5:\x1b[m\x1b[K \x1b[01;36m\x1b[Knote: \x1b[m\x1b[Kcandidate: \xe2\x80\x98\x1b[01m\x1b[Ktemplate<class _Traits> std::basic_ostream<char, _Traits>& std::operator<<(std::basic_ostream<char, _Traits>&, const signed char*)\x1b[m\x1b[K\xe2\x80\x99\n'}
[6.094962] (status_display) StderrLine: {'line': b'  624 |     \x1b[01;36m\x1b[Koperator\x1b[m\x1b[K<<(basic_ostream<char, _Traits>& __out, const signed char* __s)\n'}
[6.095046] (status_display) StderrLine: {'line': b'      |     \x1b[01;36m\x1b[K^~~~~~~~\x1b[m\x1b[K\n'}
[6.095129] (status_display) StderrLine: {'line': b'\x1b[01m\x1b[K/usr/include/c++/11/ostream:624:5:\x1b[m\x1b[K \x1b[01;36m\x1b[Knote: \x1b[m\x1b[K  template argument deduction/substitution failed:\n'}
[6.095212] (status_display) StderrLine: {'line': b'\x1b[01m\x1b[K/home/shenhang/ros_study/chapter3/topic_practice_workspace/src/status_display/src/sys_status_display.cpp:19:42:\x1b[m\x1b[K \x1b[01;36m\x1b[Knote: \x1b[m\x1b[K  cannot convert \xe2\x80\x98\x1b[01m\x1b[K((const std::__shared_ptr_access<status_interfaces::msg::SystemStatus_<std::allocator<void> >, __gnu_cxx::_S_atomic, false, false>*)(& msg))->std::__shared_ptr_access<status_interfaces::msg::SystemStatus_<std::allocator<void> >, __gnu_cxx::_S_atomic, false, false>::operator->()->status_interfaces::msg::SystemStatus_<std::allocator<void> >::stamp\x1b[m\x1b[K\xe2\x80\x99 (type \xe2\x80\x98\x1b[01m\x1b[Kstatus_interfaces::msg::SystemStatus_<std::allocator<void> >::_stamp_type\x1b[m\x1b[K\xe2\x80\x99 {aka \xe2\x80\x98\x1b[01m\x1b[Kbuiltin_interfaces::msg::Time_<std::allocator<void> >\x1b[m\x1b[K\xe2\x80\x99}) to type \xe2\x80\x98\x1b[01m\x1b[Kconst signed char*\x1b[m\x1b[K\xe2\x80\x99\n'}
[6.095301] (status_display) StderrLine: {'line': b'   19 |                  << "\xe6\x95\xb0\xe6\x8d\xae\xe6\x97\xb6\xe9\x97\xb4: " << \x1b[01;36m\x1b[Kmsg->stamp\x1b[m\x1b[K << " s\\n"\n'}
[6.095385] (status_display) StderrLine: {'line': b'      |                                     \x1b[01;36m\x1b[K~~~~~^~~~~\x1b[m\x1b[K\n'}
[6.095492] (status_display) StderrLine: {'line': b'In file included from \x1b[01m\x1b[K/usr/include/c++/11/iostream:39\x1b[m\x1b[K,\n'}
[6.095578] (status_display) StderrLine: {'line': b'                 from \x1b[01m\x1b[K/opt/ros/humble/include/rclcpp/rclcpp/executor.hpp:22\x1b[m\x1b[K,\n'}
[6.095661] (status_display) StderrLine: {'line': b'                 from \x1b[01m\x1b[K/opt/ros/humble/include/rclcpp/rclcpp/executors/multi_threaded_executor.hpp:25\x1b[m\x1b[K,\n'}
[6.095796] (status_display) StderrLine: {'line': b'                 from \x1b[01m\x1b[K/opt/ros/humble/include/rclcpp/rclcpp/executors.hpp:21\x1b[m\x1b[K,\n'}
[6.095885] (status_display) StderrLine: {'line': b'                 from \x1b[01m\x1b[K/opt/ros/humble/include/rclcpp/rclcpp/rclcpp.hpp:155\x1b[m\x1b[K,\n'}
[6.095969] (status_display) StderrLine: {'line': b'                 from \x1b[01m\x1b[K/home/shenhang/ros_study/chapter3/topic_practice_workspace/src/status_display/src/sys_status_display.cpp:4\x1b[m\x1b[K:\n'}
[6.096053] (status_display) StderrLine: {'line': b'\x1b[01m\x1b[K/usr/include/c++/11/ostream:629:5:\x1b[m\x1b[K \x1b[01;36m\x1b[Knote: \x1b[m\x1b[Kcandidate: \xe2\x80\x98\x1b[01m\x1b[Ktemplate<class _Traits> std::basic_ostream<char, _Traits>& std::operator<<(std::basic_ostream<char, _Traits>&, const unsigned char*)\x1b[m\x1b[K\xe2\x80\x99\n'}
[6.096143] (status_display) StderrLine: {'line': b'  629 |     \x1b[01;36m\x1b[Koperator\x1b[m\x1b[K<<(basic_ostream<char, _Traits>& __out, const unsigned char* __s)\n'}
[6.096227] (status_display) StderrLine: {'line': b'      |     \x1b[01;36m\x1b[K^~~~~~~~\x1b[m\x1b[K\n'}
[6.096310] (status_display) StderrLine: {'line': b'\x1b[01m\x1b[K/usr/include/c++/11/ostream:629:5:\x1b[m\x1b[K \x1b[01;36m\x1b[Knote: \x1b[m\x1b[K  template argument deduction/substitution failed:\n'}
[6.096412] (status_display) StderrLine: {'line': b'\x1b[01m\x1b[K/home/shenhang/ros_study/chapter3/topic_practice_workspace/src/status_display/src/sys_status_display.cpp:19:42:\x1b[m\x1b[K \x1b[01;36m\x1b[Knote: \x1b[m\x1b[K  cannot convert \xe2\x80\x98\x1b[01m\x1b[K((const std::__shared_ptr_access<status_interfaces::msg::SystemStatus_<std::allocator<void> >, __gnu_cxx::_S_atomic, false, false>*)(& msg))->std::__shared_ptr_access<status_interfaces::msg::SystemStatus_<std::allocator<void> >, __gnu_cxx::_S_atomic, false, false>::operator->()->status_interfaces::msg::SystemStatus_<std::allocator<void> >::stamp\x1b[m\x1b[K\xe2\x80\x99 (type \xe2\x80\x98\x1b[01m\x1b[Kstatus_interfaces::msg::SystemStatus_<std::allocator<void> >::_stamp_type\x1b[m\x1b[K\xe2\x80\x99 {aka \xe2\x80\x98\x1b[01m\x1b[Kbuiltin_interfaces::msg::Time_<std::allocator<void> >\x1b[m\x1b[K\xe2\x80\x99}) to type \xe2\x80\x98\x1b[01m\x1b[Kconst unsigned char*\x1b[m\x1b[K\xe2\x80\x99\n'}
[6.096521] (status_display) StderrLine: {'line': b'   19 |                  << "\xe6\x95\xb0\xe6\x8d\xae\xe6\x97\xb6\xe9\x97\xb4: " << \x1b[01;36m\x1b[Kmsg->stamp\x1b[m\x1b[K << " s\\n"\n'}
[6.096609] (status_display) StderrLine: {'line': b'      |                                     \x1b[01;36m\x1b[K~~~~~^~~~~\x1b[m\x1b[K\n'}
[6.096730] (status_display) StderrLine: {'line': b'In file included from \x1b[01m\x1b[K/usr/include/c++/11/iostream:39\x1b[m\x1b[K,\n'}
[6.096825] (status_display) StderrLine: {'line': b'                 from \x1b[01m\x1b[K/opt/ros/humble/include/rclcpp/rclcpp/executor.hpp:22\x1b[m\x1b[K,\n'}
[6.096910] (status_display) StderrLine: {'line': b'                 from \x1b[01m\x1b[K/opt/ros/humble/include/rclcpp/rclcpp/executors/multi_threaded_executor.hpp:25\x1b[m\x1b[K,\n'}
[6.096993] (status_display) StderrLine: {'line': b'                 from \x1b[01m\x1b[K/opt/ros/humble/include/rclcpp/rclcpp/executors.hpp:21\x1b[m\x1b[K,\n'}
[6.097077] (status_display) StderrLine: {'line': b'                 from \x1b[01m\x1b[K/opt/ros/humble/include/rclcpp/rclcpp/rclcpp.hpp:155\x1b[m\x1b[K,\n'}
[6.097161] (status_display) StderrLine: {'line': b'                 from \x1b[01m\x1b[K/home/shenhang/ros_study/chapter3/topic_practice_workspace/src/status_display/src/sys_status_display.cpp:4\x1b[m\x1b[K:\n'}
[6.097247] (status_display) StderrLine: {'line': b'\x1b[01m\x1b[K/usr/include/c++/11/ostream:750:5:\x1b[m\x1b[K \x1b[01;36m\x1b[Knote: \x1b[m\x1b[Kcandidate: \xe2\x80\x98\x1b[01m\x1b[Ktemplate<class _Ostream, class _Tp> _Ostream&& std::operator<<(_Ostream&&, const _Tp&)\x1b[m\x1b[K\xe2\x80\x99\n'}
[6.097338] (status_display) StderrLine: {'line': b'  750 |     \x1b[01;36m\x1b[Koperator\x1b[m\x1b[K<<(_Ostream&& __os, const _Tp& __x)\n'}
[6.097447] (status_display) StderrLine: {'line': b'      |     \x1b[01;36m\x1b[K^~~~~~~~\x1b[m\x1b[K\n'}
[6.097532] (status_display) StderrLine: {'line': b'\x1b[01m\x1b[K/usr/include/c++/11/ostream:750:5:\x1b[m\x1b[K \x1b[01;36m\x1b[Knote: \x1b[m\x1b[K  template argument deduction/substitution failed:\n'}
[6.097617] (status_display) StderrLine: {'line': b'/usr/include/c++/11/ostream: In substitution of \xe2\x80\x98\x1b[01m\x1b[Ktemplate<class _Ostream, class _Tp> _Ostream&& std::operator<<(_Ostream&&, const _Tp&) [with _Ostream = std::basic_ostream<char>&; _Tp = builtin_interfaces::msg::Time_<std::allocator<void> >]\x1b[m\x1b[K\xe2\x80\x99:\n'}
[6.097740] (status_display) StderrLine: {'line': b'\x1b[01m\x1b[K/home/shenhang/ros_study/chapter3/topic_practice_workspace/src/status_display/src/sys_status_display.cpp:19:46:\x1b[m\x1b[K   required from here\n'}
[6.097835] (status_display) StderrLine: {'line': b'\x1b[01m\x1b[K/usr/include/c++/11/ostream:750:5:\x1b[m\x1b[K \x1b[01;31m\x1b[Kerror: \x1b[m\x1b[Kno type named \xe2\x80\x98\x1b[01m\x1b[Ktype\x1b[m\x1b[K\xe2\x80\x99 in \xe2\x80\x98\x1b[01m\x1b[Kstruct std::enable_if<false, void>\x1b[m\x1b[K\xe2\x80\x99\n'}
[6.097921] (status_display) StderrLine: {'line': b'In file included from \x1b[01m\x1b[K/opt/ros/humble/include/rosidl_runtime_cpp/rosidl_runtime_cpp/traits.hpp:19\x1b[m\x1b[K,\n'}
[6.098011] (status_display) StderrLine: {'line': b'                 from \x1b[01m\x1b[K/opt/ros/humble/include/builtin_interfaces/builtin_interfaces/msg/detail/duration__traits.hpp:15\x1b[m\x1b[K,\n'}
[6.098096] (status_display) StderrLine: {'line': b'                 from \x1b[01m\x1b[K/opt/ros/humble/include/builtin_interfaces/builtin_interfaces/msg/duration.hpp:9\x1b[m\x1b[K,\n'}
[6.098180] (status_display) StderrLine: {'line': b'                 from \x1b[01m\x1b[K/opt/ros/humble/include/rclcpp/rclcpp/duration.hpp:20\x1b[m\x1b[K,\n'}
[6.098298] (status_display) StderrLine: {'line': b'                 from \x1b[01m\x1b[K/opt/ros/humble/include/rclcpp/rclcpp/qos.hpp:20\x1b[m\x1b[K,\n'}
[6.098447] (status_display) StderrLine: {'line': b'                 from \x1b[01m\x1b[K/opt/ros/humble/include/rclcpp/rclcpp/node_interfaces/node_graph_interface.hpp:32\x1b[m\x1b[K,\n'}
[6.098564] (status_display) StderrLine: {'line': b'                 from \x1b[01m\x1b[K/opt/ros/humble/include/rclcpp/rclcpp/client.hpp:42\x1b[m\x1b[K,\n'}
[6.098713] (status_display) StderrLine: {'line': b'                 from \x1b[01m\x1b[K/opt/ros/humble/include/rclcpp/rclcpp/callback_group.hpp:24\x1b[m\x1b[K,\n'}
[6.098856] (status_display) StderrLine: {'line': b'                 from \x1b[01m\x1b[K/opt/ros/humble/include/rclcpp/rclcpp/any_executable.hpp:20\x1b[m\x1b[K,\n'}
[6.098980] (status_display) StderrLine: {'line': b'                 from \x1b[01m\x1b[K/opt/ros/humble/include/rclcpp/rclcpp/memory_strategy.hpp:25\x1b[m\x1b[K,\n'}
[6.099112] (status_display) StderrLine: {'line': b'                 from \x1b[01m\x1b[K/opt/ros/humble/include/rclcpp/rclcpp/memory_strategies.hpp:18\x1b[m\x1b[K,\n'}
[6.099238] (status_display) StderrLine: {'line': b'                 from \x1b[01m\x1b[K/opt/ros/humble/include/rclcpp/rclcpp/executor_options.hpp:20\x1b[m\x1b[K,\n'}
[6.099397] (status_display) StderrLine: {'line': b'                 from \x1b[01m\x1b[K/opt/ros/humble/include/rclcpp/rclcpp/executor.hpp:37\x1b[m\x1b[K,\n'}
[6.099532] (status_display) StderrLine: {'line': b'                 from \x1b[01m\x1b[K/opt/ros/humble/include/rclcpp/rclcpp/executors/multi_threaded_executor.hpp:25\x1b[m\x1b[K,\n'}
[6.099662] (status_display) StderrLine: {'line': b'                 from \x1b[01m\x1b[K/opt/ros/humble/include/rclcpp/rclcpp/executors.hpp:21\x1b[m\x1b[K,\n'}
[6.099819] (status_display) StderrLine: {'line': b'                 from \x1b[01m\x1b[K/opt/ros/humble/include/rclcpp/rclcpp/rclcpp.hpp:155\x1b[m\x1b[K,\n'}
[6.099909] (status_display) StderrLine: {'line': b'                 from \x1b[01m\x1b[K/home/shenhang/ros_study/chapter3/topic_practice_workspace/src/status_display/src/sys_status_display.cpp:4\x1b[m\x1b[K:\n'}
[6.100028] (status_display) StderrLine: {'line': b'\x1b[01m\x1b[K/usr/include/c++/11/iomanip:79:5:\x1b[m\x1b[K \x1b[01;36m\x1b[Knote: \x1b[m\x1b[Kcandidate: \xe2\x80\x98\x1b[01m\x1b[Ktemplate<class _CharT, class _Traits> std::basic_ostream<_CharT, _Traits>& std::operator<<(std::basic_ostream<_CharT, _Traits>&, std::_Resetiosflags)\x1b[m\x1b[K\xe2\x80\x99\n'}
[6.100123] (status_display) StderrLine: {'line': b'   79 |     \x1b[01;36m\x1b[Koperator\x1b[m\x1b[K<<(basic_ostream<_CharT, _Traits>& __os, _Resetiosflags __f)\n'}
[6.100215] (status_display) StderrLine: {'line': b'      |     \x1b[01;36m\x1b[K^~~~~~~~\x1b[m\x1b[K\n'}
[6.100335] (status_display) StderrLine: {'line': b'\x1b[01m\x1b[K/usr/include/c++/11/iomanip:79:5:\x1b[m\x1b[K \x1b[01;36m\x1b[Knote: \x1b[m\x1b[K  template argument deduction/substitution failed:\n'}
[6.100441] (status_display) StderrLine: {'line': b'\x1b[01m\x1b[K/home/shenhang/ros_study/chapter3/topic_practice_workspace/src/status_display/src/sys_status_display.cpp:19:42:\x1b[m\x1b[K \x1b[01;36m\x1b[Knote: \x1b[m\x1b[K  cannot convert \xe2\x80\x98\x1b[01m\x1b[K((const std::__shared_ptr_access<status_interfaces::msg::SystemStatus_<std::allocator<void> >, __gnu_cxx::_S_atomic, false, false>*)(& msg))->std::__shared_ptr_access<status_interfaces::msg::SystemStatus_<std::allocator<void> >, __gnu_cxx::_S_atomic, false, false>::operator->()->status_interfaces::msg::SystemStatus_<std::allocator<void> >::stamp\x1b[m\x1b[K\xe2\x80\x99 (type \xe2\x80\x98\x1b[01m\x1b[Kstatus_interfaces::msg::SystemStatus_<std::allocator<void> >::_stamp_type\x1b[m\x1b[K\xe2\x80\x99 {aka \xe2\x80\x98\x1b[01m\x1b[Kbuiltin_interfaces::msg::Time_<std::allocator<void> >\x1b[m\x1b[K\xe2\x80\x99}) to type \xe2\x80\x98\x1b[01m\x1b[Kstd::_Resetiosflags\x1b[m\x1b[K\xe2\x80\x99\n'}
[6.100545] (status_display) StderrLine: {'line': b'   19 |                  << "\xe6\x95\xb0\xe6\x8d\xae\xe6\x97\xb6\xe9\x97\xb4: " << \x1b[01;36m\x1b[Kmsg->stamp\x1b[m\x1b[K << " s\\n"\n'}
[6.100636] (status_display) StderrLine: {'line': b'      |                                     \x1b[01;36m\x1b[K~~~~~^~~~~\x1b[m\x1b[K\n'}
[6.100768] (status_display) StderrLine: {'line': b'In file included from \x1b[01m\x1b[K/opt/ros/humble/include/rosidl_runtime_cpp/rosidl_runtime_cpp/traits.hpp:19\x1b[m\x1b[K,\n'}
[6.100876] (status_display) StderrLine: {'line': b'                 from \x1b[01m\x1b[K/opt/ros/humble/include/builtin_interfaces/builtin_interfaces/msg/detail/duration__traits.hpp:15\x1b[m\x1b[K,\n'}
[6.100969] (status_display) StderrLine: {'line': b'                 from \x1b[01m\x1b[K/opt/ros/humble/include/builtin_interfaces/builtin_interfaces/msg/duration.hpp:9\x1b[m\x1b[K,\n'}
[6.101067] (status_display) StderrLine: {'line': b'                 from \x1b[01m\x1b[K/opt/ros/humble/include/rclcpp/rclcpp/duration.hpp:20\x1b[m\x1b[K,\n'}
[6.101151] (status_display) StderrLine: {'line': b'                 from \x1b[01m\x1b[K/opt/ros/humble/include/rclcpp/rclcpp/qos.hpp:20\x1b[m\x1b[K,\n'}
[6.101234] (status_display) StderrLine: {'line': b'                 from \x1b[01m\x1b[K/opt/ros/humble/include/rclcpp/rclcpp/node_interfaces/node_graph_interface.hpp:32\x1b[m\x1b[K,\n'}
[6.101359] (status_display) StderrLine: {'line': b'                 from \x1b[01m\x1b[K/opt/ros/humble/include/rclcpp/rclcpp/client.hpp:42\x1b[m\x1b[K,\n'}
[6.101446] (status_display) StderrLine: {'line': b'                 from \x1b[01m\x1b[K/opt/ros/humble/include/rclcpp/rclcpp/callback_group.hpp:24\x1b[m\x1b[K,\n'}
[6.101531] (status_display) StderrLine: {'line': b'                 from \x1b[01m\x1b[K/opt/ros/humble/include/rclcpp/rclcpp/any_executable.hpp:20\x1b[m\x1b[K,\n'}
[6.101614] (status_display) StderrLine: {'line': b'                 from \x1b[01m\x1b[K/opt/ros/humble/include/rclcpp/rclcpp/memory_strategy.hpp:25\x1b[m\x1b[K,\n'}
[6.101737] (status_display) StderrLine: {'line': b'                 from \x1b[01m\x1b[K/opt/ros/humble/include/rclcpp/rclcpp/memory_strategies.hpp:18\x1b[m\x1b[K,\n'}
[6.101836] (status_display) StderrLine: {'line': b'                 from \x1b[01m\x1b[K/opt/ros/humble/include/rclcpp/rclcpp/executor_options.hpp:20\x1b[m\x1b[K,\n'}
[6.101935] (status_display) StderrLine: {'line': b'                 from \x1b[01m\x1b[K/opt/ros/humble/include/rclcpp/rclcpp/executor.hpp:37\x1b[m\x1b[K,\n'}
[6.102021] (status_display) StderrLine: {'line': b'                 from \x1b[01m\x1b[K/opt/ros/humble/include/rclcpp/rclcpp/executors/multi_threaded_executor.hpp:25\x1b[m\x1b[K,\n'}
[6.102106] (status_display) StderrLine: {'line': b'                 from \x1b[01m\x1b[K/opt/ros/humble/include/rclcpp/rclcpp/executors.hpp:21\x1b[m\x1b[K,\n'}
[6.102191] (status_display) StderrLine: {'line': b'                 from \x1b[01m\x1b[K/opt/ros/humble/include/rclcpp/rclcpp/rclcpp.hpp:155\x1b[m\x1b[K,\n'}
[6.102316] (status_display) StderrLine: {'line': b'                 from \x1b[01m\x1b[K/home/shenhang/ros_study/chapter3/topic_practice_workspace/src/status_display/src/sys_status_display.cpp:4\x1b[m\x1b[K:\n'}
[6.102409] (status_display) StderrLine: {'line': b'\x1b[01m\x1b[K/usr/include/c++/11/iomanip:109:5:\x1b[m\x1b[K \x1b[01;36m\x1b[Knote: \x1b[m\x1b[Kcandidate: \xe2\x80\x98\x1b[01m\x1b[Ktemplate<class _CharT, class _Traits> std::basic_ostream<_CharT, _Traits>& std::operator<<(std::basic_ostream<_CharT, _Traits>&, std::_Setiosflags)\x1b[m\x1b[K\xe2\x80\x99\n'}
[6.102498] (status_display) StderrLine: {'line': b'  109 |     \x1b[01;36m\x1b[Koperator\x1b[m\x1b[K<<(basic_ostream<_CharT, _Traits>& __os, _Setiosflags __f)\n'}
[6.102583] (status_display) StderrLine: {'line': b'      |     \x1b[01;36m\x1b[K^~~~~~~~\x1b[m\x1b[K\n'}
[6.102672] (status_display) StderrLine: {'line': b'\x1b[01m\x1b[K/usr/include/c++/11/iomanip:109:5:\x1b[m\x1b[K \x1b[01;36m\x1b[Knote: \x1b[m\x1b[K  template argument deduction/substitution failed:\n'}
[6.105840] (status_display) StderrLine: {'line': b'\x1b[01m\x1b[K/home/shenhang/ros_study/chapter3/topic_practice_workspace/src/status_display/src/sys_status_display.cpp:19:42:\x1b[m\x1b[K \x1b[01;36m\x1b[Knote: \x1b[m\x1b[K  cannot convert \xe2\x80\x98\x1b[01m\x1b[K((const std::__shared_ptr_access<status_interfaces::msg::SystemStatus_<std::allocator<void> >, __gnu_cxx::_S_atomic, false, false>*)(& msg))->std::__shared_ptr_access<status_interfaces::msg::SystemStatus_<std::allocator<void> >, __gnu_cxx::_S_atomic, false, false>::operator->()->status_interfaces::msg::SystemStatus_<std::allocator<void> >::stamp\x1b[m\x1b[K\xe2\x80\x99 (type \xe2\x80\x98\x1b[01m\x1b[Kstatus_interfaces::msg::SystemStatus_<std::allocator<void> >::_stamp_type\x1b[m\x1b[K\xe2\x80\x99 {aka \xe2\x80\x98\x1b[01m\x1b[Kbuiltin_interfaces::msg::Time_<std::allocator<void> >\x1b[m\x1b[K\xe2\x80\x99}) to type \xe2\x80\x98\x1b[01m\x1b[Kstd::_Setiosflags\x1b[m\x1b[K\xe2\x80\x99\n'}
[6.105953] (status_display) StderrLine: {'line': b'   19 |                  << "\xe6\x95\xb0\xe6\x8d\xae\xe6\x97\xb6\xe9\x97\xb4: " << \x1b[01;36m\x1b[Kmsg->stamp\x1b[m\x1b[K << " s\\n"\n'}
[6.106049] (status_display) StderrLine: {'line': b'      |                                     \x1b[01;36m\x1b[K~~~~~^~~~~\x1b[m\x1b[K\n'}
[6.106135] (status_display) StderrLine: {'line': b'In file included from \x1b[01m\x1b[K/opt/ros/humble/include/rosidl_runtime_cpp/rosidl_runtime_cpp/traits.hpp:19\x1b[m\x1b[K,\n'}
[6.106263] (status_display) StderrLine: {'line': b'                 from \x1b[01m\x1b[K/opt/ros/humble/include/builtin_interfaces/builtin_interfaces/msg/detail/duration__traits.hpp:15\x1b[m\x1b[K,\n'}
[6.106348] (status_display) StderrLine: {'line': b'                 from \x1b[01m\x1b[K/opt/ros/humble/include/builtin_interfaces/builtin_interfaces/msg/duration.hpp:9\x1b[m\x1b[K,\n'}
[6.106432] (status_display) StderrLine: {'line': b'                 from \x1b[01m\x1b[K/opt/ros/humble/include/rclcpp/rclcpp/duration.hpp:20\x1b[m\x1b[K,\n'}
[6.106515] (status_display) StderrLine: {'line': b'                 from \x1b[01m\x1b[K/opt/ros/humble/include/rclcpp/rclcpp/qos.hpp:20\x1b[m\x1b[K,\n'}
[6.106600] (status_display) StderrLine: {'line': b'                 from \x1b[01m\x1b[K/opt/ros/humble/include/rclcpp/rclcpp/node_interfaces/node_graph_interface.hpp:32\x1b[m\x1b[K,\n'}
[6.106755] (status_display) StderrLine: {'line': b'                 from \x1b[01m\x1b[K/opt/ros/humble/include/rclcpp/rclcpp/client.hpp:42\x1b[m\x1b[K,\n'}
[6.106905] (status_display) StderrLine: {'line': b'                 from \x1b[01m\x1b[K/opt/ros/humble/include/rclcpp/rclcpp/callback_group.hpp:24\x1b[m\x1b[K,\n'}
[6.106994] (status_display) StderrLine: {'line': b'                 from \x1b[01m\x1b[K/opt/ros/humble/include/rclcpp/rclcpp/any_executable.hpp:20\x1b[m\x1b[K,\n'}
[6.107081] (status_display) StderrLine: {'line': b'                 from \x1b[01m\x1b[K/opt/ros/humble/include/rclcpp/rclcpp/memory_strategy.hpp:25\x1b[m\x1b[K,\n'}
[6.107191] (status_display) StderrLine: {'line': b'                 from \x1b[01m\x1b[K/opt/ros/humble/include/rclcpp/rclcpp/memory_strategies.hpp:18\x1b[m\x1b[K,\n'}
[6.107279] (status_display) StderrLine: {'line': b'                 from \x1b[01m\x1b[K/opt/ros/humble/include/rclcpp/rclcpp/executor_options.hpp:20\x1b[m\x1b[K,\n'}
[6.107369] (status_display) StderrLine: {'line': b'                 from \x1b[01m\x1b[K/opt/ros/humble/include/rclcpp/rclcpp/executor.hpp:37\x1b[m\x1b[K,\n'}
[6.107452] (status_display) StderrLine: {'line': b'                 from \x1b[01m\x1b[K/opt/ros/humble/include/rclcpp/rclcpp/executors/multi_threaded_executor.hpp:25\x1b[m\x1b[K,\n'}
[6.107537] (status_display) StderrLine: {'line': b'                 from \x1b[01m\x1b[K/opt/ros/humble/include/rclcpp/rclcpp/executors.hpp:21\x1b[m\x1b[K,\n'}
[6.107620] (status_display) StderrLine: {'line': b'                 from \x1b[01m\x1b[K/opt/ros/humble/include/rclcpp/rclcpp/rclcpp.hpp:155\x1b[m\x1b[K,\n'}
[6.107733] (status_display) StderrLine: {'line': b'                 from \x1b[01m\x1b[K/home/shenhang/ros_study/chapter3/topic_practice_workspace/src/status_display/src/sys_status_display.cpp:4\x1b[m\x1b[K:\n'}
[6.107836] (status_display) StderrLine: {'line': b'\x1b[01m\x1b[K/usr/include/c++/11/iomanip:143:5:\x1b[m\x1b[K \x1b[01;36m\x1b[Knote: \x1b[m\x1b[Kcandidate: \xe2\x80\x98\x1b[01m\x1b[Ktemplate<class _CharT, class _Traits> std::basic_ostream<_CharT, _Traits>& std::operator<<(std::basic_ostream<_CharT, _Traits>&, std::_Setbase)\x1b[m\x1b[K\xe2\x80\x99\n'}
[6.107923] (status_display) StderrLine: {'line': b'  143 |     \x1b[01;36m\x1b[Koperator\x1b[m\x1b[K<<(basic_ostream<_CharT, _Traits>& __os, _Setbase __f)\n'}
[6.108007] (status_display) StderrLine: {'line': b'      |     \x1b[01;36m\x1b[K^~~~~~~~\x1b[m\x1b[K\n'}
[6.108090] (status_display) StderrLine: {'line': b'\x1b[01m\x1b[K/usr/include/c++/11/iomanip:143:5:\x1b[m\x1b[K \x1b[01;36m\x1b[Knote: \x1b[m\x1b[K  template argument deduction/substitution failed:\n'}
[6.108212] (status_display) StderrLine: {'line': b'\x1b[01m\x1b[K/home/shenhang/ros_study/chapter3/topic_practice_workspace/src/status_display/src/sys_status_display.cpp:19:42:\x1b[m\x1b[K \x1b[01;36m\x1b[Knote: \x1b[m\x1b[K  cannot convert \xe2\x80\x98\x1b[01m\x1b[K((const std::__shared_ptr_access<status_interfaces::msg::SystemStatus_<std::allocator<void> >, __gnu_cxx::_S_atomic, false, false>*)(& msg))->std::__shared_ptr_access<status_interfaces::msg::SystemStatus_<std::allocator<void> >, __gnu_cxx::_S_atomic, false, false>::operator->()->status_interfaces::msg::SystemStatus_<std::allocator<void> >::stamp\x1b[m\x1b[K\xe2\x80\x99 (type \xe2\x80\x98\x1b[01m\x1b[Kstatus_interfaces::msg::SystemStatus_<std::allocator<void> >::_stamp_type\x1b[m\x1b[K\xe2\x80\x99 {aka \xe2\x80\x98\x1b[01m\x1b[Kbuiltin_interfaces::msg::Time_<std::allocator<void> >\x1b[m\x1b[K\xe2\x80\x99}) to type \xe2\x80\x98\x1b[01m\x1b[Kstd::_Setbase\x1b[m\x1b[K\xe2\x80\x99\n'}
[6.108302] (status_display) StderrLine: {'line': b'   19 |                  << "\xe6\x95\xb0\xe6\x8d\xae\xe6\x97\xb6\xe9\x97\xb4: " << \x1b[01;36m\x1b[Kmsg->stamp\x1b[m\x1b[K << " s\\n"\n'}
[6.108388] (status_display) StderrLine: {'line': b'      |                                     \x1b[01;36m\x1b[K~~~~~^~~~~\x1b[m\x1b[K\n'}
[6.108482] (status_display) StderrLine: {'line': b'In file included from \x1b[01m\x1b[K/opt/ros/humble/include/rosidl_runtime_cpp/rosidl_runtime_cpp/traits.hpp:19\x1b[m\x1b[K,\n'}
[6.108568] (status_display) StderrLine: {'line': b'                 from \x1b[01m\x1b[K/opt/ros/humble/include/builtin_interfaces/builtin_interfaces/msg/detail/duration__traits.hpp:15\x1b[m\x1b[K,\n'}
[6.108652] (status_display) StderrLine: {'line': b'                 from \x1b[01m\x1b[K/opt/ros/humble/include/builtin_interfaces/builtin_interfaces/msg/duration.hpp:9\x1b[m\x1b[K,\n'}
[6.108779] (status_display) StderrLine: {'line': b'                 from \x1b[01m\x1b[K/opt/ros/humble/include/rclcpp/rclcpp/duration.hpp:20\x1b[m\x1b[K,\n'}
[6.108872] (status_display) StderrLine: {'line': b'                 from \x1b[01m\x1b[K/opt/ros/humble/include/rclcpp/rclcpp/qos.hpp:20\x1b[m\x1b[K,\n'}
[6.108956] (status_display) StderrLine: {'line': b'                 from \x1b[01m\x1b[K/opt/ros/humble/include/rclcpp/rclcpp/node_interfaces/node_graph_interface.hpp:32\x1b[m\x1b[K,\n'}
[6.109039] (status_display) StderrLine: {'line': b'                 from \x1b[01m\x1b[K/opt/ros/humble/include/rclcpp/rclcpp/client.hpp:42\x1b[m\x1b[K,\n'}
[6.109147] (status_display) StderrLine: {'line': b'                 from \x1b[01m\x1b[K/opt/ros/humble/include/rclcpp/rclcpp/callback_group.hpp:24\x1b[m\x1b[K,\n'}
[6.109240] (status_display) StderrLine: {'line': b'                 from \x1b[01m\x1b[K/opt/ros/humble/include/rclcpp/rclcpp/any_executable.hpp:20\x1b[m\x1b[K,\n'}
[6.109323] (status_display) StderrLine: {'line': b'                 from \x1b[01m\x1b[K/opt/ros/humble/include/rclcpp/rclcpp/memory_strategy.hpp:25\x1b[m\x1b[K,\n'}
[6.109410] (status_display) StderrLine: {'line': b'                 from \x1b[01m\x1b[K/opt/ros/humble/include/rclcpp/rclcpp/memory_strategies.hpp:18\x1b[m\x1b[K,\n'}
[6.109493] (status_display) StderrLine: {'line': b'                 from \x1b[01m\x1b[K/opt/ros/humble/include/rclcpp/rclcpp/executor_options.hpp:20\x1b[m\x1b[K,\n'}
[6.109576] (status_display) StderrLine: {'line': b'                 from \x1b[01m\x1b[K/opt/ros/humble/include/rclcpp/rclcpp/executor.hpp:37\x1b[m\x1b[K,\n'}
[6.109659] (status_display) StderrLine: {'line': b'                 from \x1b[01m\x1b[K/opt/ros/humble/include/rclcpp/rclcpp/executors/multi_threaded_executor.hpp:25\x1b[m\x1b[K,\n'}
[6.109786] (status_display) StderrLine: {'line': b'                 from \x1b[01m\x1b[K/opt/ros/humble/include/rclcpp/rclcpp/executors.hpp:21\x1b[m\x1b[K,\n'}
[6.109879] (status_display) StderrLine: {'line': b'                 from \x1b[01m\x1b[K/opt/ros/humble/include/rclcpp/rclcpp/rclcpp.hpp:155\x1b[m\x1b[K,\n'}
[6.109962] (status_display) StderrLine: {'line': b'                 from \x1b[01m\x1b[K/home/shenhang/ros_study/chapter3/topic_practice_workspace/src/status_display/src/sys_status_display.cpp:4\x1b[m\x1b[K:\n'}
[6.110070] (status_display) StderrLine: {'line': b'\x1b[01m\x1b[K/usr/include/c++/11/iomanip:178:5:\x1b[m\x1b[K \x1b[01;36m\x1b[Knote: \x1b[m\x1b[Kcandidate: \xe2\x80\x98\x1b[01m\x1b[Ktemplate<class _CharT, class _Traits> std::basic_ostream<_CharT, _Traits>& std::operator<<(std::basic_ostream<_CharT, _Traits>&, std::_Setfill<_CharT>)\x1b[m\x1b[K\xe2\x80\x99\n'}
[6.110175] (status_display) StderrLine: {'line': b'  178 |     \x1b[01;36m\x1b[Koperator\x1b[m\x1b[K<<(basic_ostream<_CharT, _Traits>& __os, _Setfill<_CharT> __f)\n'}
[6.110261] (status_display) StderrLine: {'line': b'      |     \x1b[01;36m\x1b[K^~~~~~~~\x1b[m\x1b[K\n'}
[6.110344] (status_display) StderrLine: {'line': b'\x1b[01m\x1b[K/usr/include/c++/11/iomanip:178:5:\x1b[m\x1b[K \x1b[01;36m\x1b[Knote: \x1b[m\x1b[K  template argument deduction/substitution failed:\n'}
[6.110428] (status_display) StderrLine: {'line': b'\x1b[01m\x1b[K/home/shenhang/ros_study/chapter3/topic_practice_workspace/src/status_display/src/sys_status_display.cpp:19:42:\x1b[m\x1b[K \x1b[01;36m\x1b[Knote: \x1b[m\x1b[K  \xe2\x80\x98\x1b[01m\x1b[Kbuiltin_interfaces::msg::Time_<std::allocator<void> >\x1b[m\x1b[K\xe2\x80\x99 is not derived from \xe2\x80\x98\x1b[01m\x1b[Kstd::_Setfill<_CharT>\x1b[m\x1b[K\xe2\x80\x99\n'}
[6.110521] (status_display) StderrLine: {'line': b'   19 |                  << "\xe6\x95\xb0\xe6\x8d\xae\xe6\x97\xb6\xe9\x97\xb4: " << msg->\x1b[01;36m\x1b[Kstamp\x1b[m\x1b[K << " s\\n"\n'}
[6.110605] (status_display) StderrLine: {'line': b'      |                                          \x1b[01;36m\x1b[K^~~~~\x1b[m\x1b[K\n'}
[6.110856] (status_display) StderrLine: {'line': b'In file included from \x1b[01m\x1b[K/opt/ros/humble/include/rosidl_runtime_cpp/rosidl_runtime_cpp/traits.hpp:19\x1b[m\x1b[K,\n'}
[6.110949] (status_display) StderrLine: {'line': b'                 from \x1b[01m\x1b[K/opt/ros/humble/include/builtin_interfaces/builtin_interfaces/msg/detail/duration__traits.hpp:15\x1b[m\x1b[K,\n'}
[6.111056] (status_display) StderrLine: {'line': b'                 from \x1b[01m\x1b[K/opt/ros/humble/include/builtin_interfaces/builtin_interfaces/msg/duration.hpp:9\x1b[m\x1b[K,\n'}
[6.111151] (status_display) StderrLine: {'line': b'                 from \x1b[01m\x1b[K/opt/ros/humble/include/rclcpp/rclcpp/duration.hpp:20\x1b[m\x1b[K,\n'}
[6.111234] (status_display) StderrLine: {'line': b'                 from \x1b[01m\x1b[K/opt/ros/humble/include/rclcpp/rclcpp/qos.hpp:20\x1b[m\x1b[K,\n'}
[6.111317] (status_display) StderrLine: {'line': b'                 from \x1b[01m\x1b[K/opt/ros/humble/include/rclcpp/rclcpp/node_interfaces/node_graph_interface.hpp:32\x1b[m\x1b[K,\n'}
[6.111400] (status_display) StderrLine: {'line': b'                 from \x1b[01m\x1b[K/opt/ros/humble/include/rclcpp/rclcpp/client.hpp:42\x1b[m\x1b[K,\n'}
[6.111483] (status_display) StderrLine: {'line': b'                 from \x1b[01m\x1b[K/opt/ros/humble/include/rclcpp/rclcpp/callback_group.hpp:24\x1b[m\x1b[K,\n'}
[6.111566] (status_display) StderrLine: {'line': b'                 from \x1b[01m\x1b[K/opt/ros/humble/include/rclcpp/rclcpp/any_executable.hpp:20\x1b[m\x1b[K,\n'}
[6.111652] (status_display) StderrLine: {'line': b'                 from \x1b[01m\x1b[K/opt/ros/humble/include/rclcpp/rclcpp/memory_strategy.hpp:25\x1b[m\x1b[K,\n'}
[6.111741] (status_display) StderrLine: {'line': b'                 from \x1b[01m\x1b[K/opt/ros/humble/include/rclcpp/rclcpp/memory_strategies.hpp:18\x1b[m\x1b[K,\n'}
[6.111830] (status_display) StderrLine: {'line': b'                 from \x1b[01m\x1b[K/opt/ros/humble/include/rclcpp/rclcpp/executor_options.hpp:20\x1b[m\x1b[K,\n'}
[6.111917] (status_display) StderrLine: {'line': b'                 from \x1b[01m\x1b[K/opt/ros/humble/include/rclcpp/rclcpp/executor.hpp:37\x1b[m\x1b[K,\n'}
[6.112211] (status_display) StderrLine: {'line': b'                 from \x1b[01m\x1b[K/opt/ros/humble/include/rclcpp/rclcpp/executors/multi_threaded_executor.hpp:25\x1b[m\x1b[K,\n'}
[6.112320] (status_display) StderrLine: {'line': b'                 from \x1b[01m\x1b[K/opt/ros/humble/include/rclcpp/rclcpp/executors.hpp:21\x1b[m\x1b[K,\n'}
[6.112405] (status_display) StderrLine: {'line': b'                 from \x1b[01m\x1b[K/opt/ros/humble/include/rclcpp/rclcpp/rclcpp.hpp:155\x1b[m\x1b[K,\n'}
[6.112489] (status_display) StderrLine: {'line': b'                 from \x1b[01m\x1b[K/home/shenhang/ros_study/chapter3/topic_practice_workspace/src/status_display/src/sys_status_display.cpp:4\x1b[m\x1b[K:\n'}
[6.112577] (status_display) StderrLine: {'line': b'\x1b[01m\x1b[K/usr/include/c++/11/iomanip:208:5:\x1b[m\x1b[K \x1b[01;36m\x1b[Knote: \x1b[m\x1b[Kcandidate: \xe2\x80\x98\x1b[01m\x1b[Ktemplate<class _CharT, class _Traits> std::basic_ostream<_CharT, _Traits>& std::operator<<(std::basic_ostream<_CharT, _Traits>&, std::_Setprecision)\x1b[m\x1b[K\xe2\x80\x99\n'}
[6.112747] (status_display) StderrLine: {'line': b'  208 |     \x1b[01;36m\x1b[Koperator\x1b[m\x1b[K<<(basic_ostream<_CharT, _Traits>& __os, _Setprecision __f)\n'}
[6.112882] (status_display) StderrLine: {'line': b'      |     \x1b[01;36m\x1b[K^~~~~~~~\x1b[m\x1b[K\n'}
[6.112999] (status_display) StderrLine: {'line': b'\x1b[01m\x1b[K/usr/include/c++/11/iomanip:208:5:\x1b[m\x1b[K \x1b[01;36m\x1b[Knote: \x1b[m\x1b[K  template argument deduction/substitution failed:\n'}
[6.113107] (status_display) StderrLine: {'line': b'\x1b[01m\x1b[K/home/shenhang/ros_study/chapter3/topic_practice_workspace/src/status_display/src/sys_status_display.cpp:19:42:\x1b[m\x1b[K \x1b[01;36m\x1b[Knote: \x1b[m\x1b[K  cannot convert \xe2\x80\x98\x1b[01m\x1b[K((const std::__shared_ptr_access<status_interfaces::msg::SystemStatus_<std::allocator<void> >, __gnu_cxx::_S_atomic, false, false>*)(& msg))->std::__shared_ptr_access<status_interfaces::msg::SystemStatus_<std::allocator<void> >, __gnu_cxx::_S_atomic, false, false>::operator->()->status_interfaces::msg::SystemStatus_<std::allocator<void> >::stamp\x1b[m\x1b[K\xe2\x80\x99 (type \xe2\x80\x98\x1b[01m\x1b[Kstatus_interfaces::msg::SystemStatus_<std::allocator<void> >::_stamp_type\x1b[m\x1b[K\xe2\x80\x99 {aka \xe2\x80\x98\x1b[01m\x1b[Kbuiltin_interfaces::msg::Time_<std::allocator<void> >\x1b[m\x1b[K\xe2\x80\x99}) to type \xe2\x80\x98\x1b[01m\x1b[Kstd::_Setprecision\x1b[m\x1b[K\xe2\x80\x99\n'}
[6.113213] (status_display) StderrLine: {'line': b'   19 |                  << "\xe6\x95\xb0\xe6\x8d\xae\xe6\x97\xb6\xe9\x97\xb4: " << \x1b[01;36m\x1b[Kmsg->stamp\x1b[m\x1b[K << " s\\n"\n'}
[6.113306] (status_display) StderrLine: {'line': b'      |                                     \x1b[01;36m\x1b[K~~~~~^~~~~\x1b[m\x1b[K\n'}
[6.113396] (status_display) StderrLine: {'line': b'In file included from \x1b[01m\x1b[K/opt/ros/humble/include/rosidl_runtime_cpp/rosidl_runtime_cpp/traits.hpp:19\x1b[m\x1b[K,\n'}
[6.113491] (status_display) StderrLine: {'line': b'                 from \x1b[01m\x1b[K/opt/ros/humble/include/builtin_interfaces/builtin_interfaces/msg/detail/duration__traits.hpp:15\x1b[m\x1b[K,\n'}
[6.113581] (status_display) StderrLine: {'line': b'                 from \x1b[01m\x1b[K/opt/ros/humble/include/builtin_interfaces/builtin_interfaces/msg/duration.hpp:9\x1b[m\x1b[K,\n'}
[6.113670] (status_display) StderrLine: {'line': b'                 from \x1b[01m\x1b[K/opt/ros/humble/include/rclcpp/rclcpp/duration.hpp:20\x1b[m\x1b[K,\n'}
[6.113759] (status_display) StderrLine: {'line': b'                 from \x1b[01m\x1b[K/opt/ros/humble/include/rclcpp/rclcpp/qos.hpp:20\x1b[m\x1b[K,\n'}
[6.113847] (status_display) StderrLine: {'line': b'                 from \x1b[01m\x1b[K/opt/ros/humble/include/rclcpp/rclcpp/node_interfaces/node_graph_interface.hpp:32\x1b[m\x1b[K,\n'}
[6.113936] (status_display) StderrLine: {'line': b'                 from \x1b[01m\x1b[K/opt/ros/humble/include/rclcpp/rclcpp/client.hpp:42\x1b[m\x1b[K,\n'}
[6.114028] (status_display) StderrLine: {'line': b'                 from \x1b[01m\x1b[K/opt/ros/humble/include/rclcpp/rclcpp/callback_group.hpp:24\x1b[m\x1b[K,\n'}
[6.114118] (status_display) StderrLine: {'line': b'                 from \x1b[01m\x1b[K/opt/ros/humble/include/rclcpp/rclcpp/any_executable.hpp:20\x1b[m\x1b[K,\n'}
[6.114203] (status_display) StderrLine: {'line': b'                 from \x1b[01m\x1b[K/opt/ros/humble/include/rclcpp/rclcpp/memory_strategy.hpp:25\x1b[m\x1b[K,\n'}
[6.114291] (status_display) StderrLine: {'line': b'                 from \x1b[01m\x1b[K/opt/ros/humble/include/rclcpp/rclcpp/memory_strategies.hpp:18\x1b[m\x1b[K,\n'}
[6.114380] (status_display) StderrLine: {'line': b'                 from \x1b[01m\x1b[K/opt/ros/humble/include/rclcpp/rclcpp/executor_options.hpp:20\x1b[m\x1b[K,\n'}
[6.114468] (status_display) StderrLine: {'line': b'                 from \x1b[01m\x1b[K/opt/ros/humble/include/rclcpp/rclcpp/executor.hpp:37\x1b[m\x1b[K,\n'}
[6.114560] (status_display) StderrLine: {'line': b'                 from \x1b[01m\x1b[K/opt/ros/humble/include/rclcpp/rclcpp/executors/multi_threaded_executor.hpp:25\x1b[m\x1b[K,\n'}
[6.114783] (status_display) StderrLine: {'line': b'                 from \x1b[01m\x1b[K/opt/ros/humble/include/rclcpp/rclcpp/executors.hpp:21\x1b[m\x1b[K,\n'}
[6.114946] (status_display) StderrLine: {'line': b'                 from \x1b[01m\x1b[K/opt/ros/humble/include/rclcpp/rclcpp/rclcpp.hpp:155\x1b[m\x1b[K,\n'}
[6.115058] (status_display) StderrLine: {'line': b'                 from \x1b[01m\x1b[K/home/shenhang/ros_study/chapter3/topic_practice_workspace/src/status_display/src/sys_status_display.cpp:4\x1b[m\x1b[K:\n'}
[6.115164] (status_display) StderrLine: {'line': b'\x1b[01m\x1b[K/usr/include/c++/11/iomanip:238:5:\x1b[m\x1b[K \x1b[01;36m\x1b[Knote: \x1b[m\x1b[Kcandidate: \xe2\x80\x98\x1b[01m\x1b[Ktemplate<class _CharT, class _Traits> std::basic_ostream<_CharT, _Traits>& std::operator<<(std::basic_ostream<_CharT, _Traits>&, std::_Setw)\x1b[m\x1b[K\xe2\x80\x99\n'}
[6.115263] (status_display) StderrLine: {'line': b'  238 |     \x1b[01;36m\x1b[Koperator\x1b[m\x1b[K<<(basic_ostream<_CharT, _Traits>& __os, _Setw __f)\n'}
[6.115353] (status_display) StderrLine: {'line': b'      |     \x1b[01;36m\x1b[K^~~~~~~~\x1b[m\x1b[K\n'}
[6.115443] (status_display) StderrLine: {'line': b'\x1b[01m\x1b[K/usr/include/c++/11/iomanip:238:5:\x1b[m\x1b[K \x1b[01;36m\x1b[Knote: \x1b[m\x1b[K  template argument deduction/substitution failed:\n'}
[6.115538] (status_display) StderrLine: {'line': b'\x1b[01m\x1b[K/home/shenhang/ros_study/chapter3/topic_practice_workspace/src/status_display/src/sys_status_display.cpp:19:42:\x1b[m\x1b[K \x1b[01;36m\x1b[Knote: \x1b[m\x1b[K  cannot convert \xe2\x80\x98\x1b[01m\x1b[K((const std::__shared_ptr_access<status_interfaces::msg::SystemStatus_<std::allocator<void> >, __gnu_cxx::_S_atomic, false, false>*)(& msg))->std::__shared_ptr_access<status_interfaces::msg::SystemStatus_<std::allocator<void> >, __gnu_cxx::_S_atomic, false, false>::operator->()->status_interfaces::msg::SystemStatus_<std::allocator<void> >::stamp\x1b[m\x1b[K\xe2\x80\x99 (type \xe2\x80\x98\x1b[01m\x1b[Kstatus_interfaces::msg::SystemStatus_<std::allocator<void> >::_stamp_type\x1b[m\x1b[K\xe2\x80\x99 {aka \xe2\x80\x98\x1b[01m\x1b[Kbuiltin_interfaces::msg::Time_<std::allocator<void> >\x1b[m\x1b[K\xe2\x80\x99}) to type \xe2\x80\x98\x1b[01m\x1b[Kstd::_Setw\x1b[m\x1b[K\xe2\x80\x99\n'}
[6.116107] (status_display) StderrLine: {'line': b'   19 |                  << "\xe6\x95\xb0\xe6\x8d\xae\xe6\x97\xb6\xe9\x97\xb4: " << \x1b[01;36m\x1b[Kmsg->stamp\x1b[m\x1b[K << " s\\n"\n'}
[6.116213] (status_display) StderrLine: {'line': b'      |                                     \x1b[01;36m\x1b[K~~~~~^~~~~\x1b[m\x1b[K\n'}
[6.116299] (status_display) StderrLine: {'line': b'In file included from \x1b[01m\x1b[K/opt/ros/humble/include/rosidl_runtime_cpp/rosidl_runtime_cpp/traits.hpp:19\x1b[m\x1b[K,\n'}
[6.116393] (status_display) StderrLine: {'line': b'                 from \x1b[01m\x1b[K/opt/ros/humble/include/builtin_interfaces/builtin_interfaces/msg/detail/duration__traits.hpp:15\x1b[m\x1b[K,\n'}
[6.116478] (status_display) StderrLine: {'line': b'                 from \x1b[01m\x1b[K/opt/ros/humble/include/builtin_interfaces/builtin_interfaces/msg/duration.hpp:9\x1b[m\x1b[K,\n'}
[6.116563] (status_display) StderrLine: {'line': b'                 from \x1b[01m\x1b[K/opt/ros/humble/include/rclcpp/rclcpp/duration.hpp:20\x1b[m\x1b[K,\n'}
[6.116695] (status_display) StderrLine: {'line': b'                 from \x1b[01m\x1b[K/opt/ros/humble/include/rclcpp/rclcpp/qos.hpp:20\x1b[m\x1b[K,\n'}
[6.116826] (status_display) StderrLine: {'line': b'                 from \x1b[01m\x1b[K/opt/ros/humble/include/rclcpp/rclcpp/node_interfaces/node_graph_interface.hpp:32\x1b[m\x1b[K,\n'}
[6.116970] (status_display) StderrLine: {'line': b'                 from \x1b[01m\x1b[K/opt/ros/humble/include/rclcpp/rclcpp/client.hpp:42\x1b[m\x1b[K,\n'}
[6.117098] (status_display) StderrLine: {'line': b'                 from \x1b[01m\x1b[K/opt/ros/humble/include/rclcpp/rclcpp/callback_group.hpp:24\x1b[m\x1b[K,\n'}
[6.117225] (status_display) StderrLine: {'line': b'                 from \x1b[01m\x1b[K/opt/ros/humble/include/rclcpp/rclcpp/any_executable.hpp:20\x1b[m\x1b[K,\n'}
[6.117344] (status_display) StderrLine: {'line': b'                 from \x1b[01m\x1b[K/opt/ros/humble/include/rclcpp/rclcpp/memory_strategy.hpp:25\x1b[m\x1b[K,\n'}
[6.117431] (status_display) StderrLine: {'line': b'                 from \x1b[01m\x1b[K/opt/ros/humble/include/rclcpp/rclcpp/memory_strategies.hpp:18\x1b[m\x1b[K,\n'}
[6.117525] (status_display) StderrLine: {'line': b'                 from \x1b[01m\x1b[K/opt/ros/humble/include/rclcpp/rclcpp/executor_options.hpp:20\x1b[m\x1b[K,\n'}
[6.117612] (status_display) StderrLine: {'line': b'                 from \x1b[01m\x1b[K/opt/ros/humble/include/rclcpp/rclcpp/executor.hpp:37\x1b[m\x1b[K,\n'}
[6.117701] (status_display) StderrLine: {'line': b'                 from \x1b[01m\x1b[K/opt/ros/humble/include/rclcpp/rclcpp/executors/multi_threaded_executor.hpp:25\x1b[m\x1b[K,\n'}
[6.117798] (status_display) StderrLine: {'line': b'                 from \x1b[01m\x1b[K/opt/ros/humble/include/rclcpp/rclcpp/executors.hpp:21\x1b[m\x1b[K,\n'}
[6.118006] (status_display) StderrLine: {'line': b'                 from \x1b[01m\x1b[K/opt/ros/humble/include/rclcpp/rclcpp/rclcpp.hpp:155\x1b[m\x1b[K,\n'}
[6.118118] (status_display) StderrLine: {'line': b'                 from \x1b[01m\x1b[K/home/shenhang/ros_study/chapter3/topic_practice_workspace/src/status_display/src/sys_status_display.cpp:4\x1b[m\x1b[K:\n'}
[6.118207] (status_display) StderrLine: {'line': b'\x1b[01m\x1b[K/usr/include/c++/11/iomanip:311:5:\x1b[m\x1b[K \x1b[01;36m\x1b[Knote: \x1b[m\x1b[Kcandidate: \xe2\x80\x98\x1b[01m\x1b[Ktemplate<class _CharT, class _Traits, class _MoneyT> std::basic_ostream<_CharT, _Traits>& std::operator<<(std::basic_ostream<_CharT, _Traits>&, std::_Put_money<_MoneyT>)\x1b[m\x1b[K\xe2\x80\x99\n'}
[6.118300] (status_display) StderrLine: {'line': b'  311 |     \x1b[01;36m\x1b[Koperator\x1b[m\x1b[K<<(basic_ostream<_CharT, _Traits>& __os, _Put_money<_MoneyT> __f)\n'}
[6.118389] (status_display) StderrLine: {'line': b'      |     \x1b[01;36m\x1b[K^~~~~~~~\x1b[m\x1b[K\n'}
[6.118474] (status_display) StderrLine: {'line': b'\x1b[01m\x1b[K/usr/include/c++/11/iomanip:311:5:\x1b[m\x1b[K \x1b[01;36m\x1b[Knote: \x1b[m\x1b[K  template argument deduction/substitution failed:\n'}
[6.118560] (status_display) StderrLine: {'line': b'\x1b[01m\x1b[K/home/shenhang/ros_study/chapter3/topic_practice_workspace/src/status_display/src/sys_status_display.cpp:19:42:\x1b[m\x1b[K \x1b[01;36m\x1b[Knote: \x1b[m\x1b[K  \xe2\x80\x98\x1b[01m\x1b[Kbuiltin_interfaces::msg::Time_<std::allocator<void> >\x1b[m\x1b[K\xe2\x80\x99 is not derived from \xe2\x80\x98\x1b[01m\x1b[Kstd::_Put_money<_MoneyT>\x1b[m\x1b[K\xe2\x80\x99\n'}
[6.118654] (status_display) StderrLine: {'line': b'   19 |                  << "\xe6\x95\xb0\xe6\x8d\xae\xe6\x97\xb6\xe9\x97\xb4: " << msg->\x1b[01;36m\x1b[Kstamp\x1b[m\x1b[K << " s\\n"\n'}
[6.118798] (status_display) StderrLine: {'line': b'      |                                          \x1b[01;36m\x1b[K^~~~~\x1b[m\x1b[K\n'}
[6.118913] (status_display) StderrLine: {'line': b'In file included from \x1b[01m\x1b[K/opt/ros/humble/include/rosidl_runtime_cpp/rosidl_runtime_cpp/traits.hpp:19\x1b[m\x1b[K,\n'}
[6.119006] (status_display) StderrLine: {'line': b'                 from \x1b[01m\x1b[K/opt/ros/humble/include/builtin_interfaces/builtin_interfaces/msg/detail/duration__traits.hpp:15\x1b[m\x1b[K,\n'}
[6.119090] (status_display) StderrLine: {'line': b'                 from \x1b[01m\x1b[K/opt/ros/humble/include/builtin_interfaces/builtin_interfaces/msg/duration.hpp:9\x1b[m\x1b[K,\n'}
[6.119174] (status_display) StderrLine: {'line': b'                 from \x1b[01m\x1b[K/opt/ros/humble/include/rclcpp/rclcpp/duration.hpp:20\x1b[m\x1b[K,\n'}
[6.119257] (status_display) StderrLine: {'line': b'                 from \x1b[01m\x1b[K/opt/ros/humble/include/rclcpp/rclcpp/qos.hpp:20\x1b[m\x1b[K,\n'}
[6.119341] (status_display) StderrLine: {'line': b'                 from \x1b[01m\x1b[K/opt/ros/humble/include/rclcpp/rclcpp/node_interfaces/node_graph_interface.hpp:32\x1b[m\x1b[K,\n'}
[6.119424] (status_display) StderrLine: {'line': b'                 from \x1b[01m\x1b[K/opt/ros/humble/include/rclcpp/rclcpp/client.hpp:42\x1b[m\x1b[K,\n'}
[6.119507] (status_display) StderrLine: {'line': b'                 from \x1b[01m\x1b[K/opt/ros/humble/include/rclcpp/rclcpp/callback_group.hpp:24\x1b[m\x1b[K,\n'}
[6.119618] (status_display) StderrLine: {'line': b'                 from \x1b[01m\x1b[K/opt/ros/humble/include/rclcpp/rclcpp/any_executable.hpp:20\x1b[m\x1b[K,\n'}
[6.119751] (status_display) StderrLine: {'line': b'                 from \x1b[01m\x1b[K/opt/ros/humble/include/rclcpp/rclcpp/memory_strategy.hpp:25\x1b[m\x1b[K,\n'}
[6.119871] (status_display) StderrLine: {'line': b'                 from \x1b[01m\x1b[K/opt/ros/humble/include/rclcpp/rclcpp/memory_strategies.hpp:18\x1b[m\x1b[K,\n'}
[6.119958] (status_display) StderrLine: {'line': b'                 from \x1b[01m\x1b[K/opt/ros/humble/include/rclcpp/rclcpp/executor_options.hpp:20\x1b[m\x1b[K,\n'}
[6.120050] (status_display) StderrLine: {'line': b'                 from \x1b[01m\x1b[K/opt/ros/humble/include/rclcpp/rclcpp/executor.hpp:37\x1b[m\x1b[K,\n'}
[6.120134] (status_display) StderrLine: {'line': b'                 from \x1b[01m\x1b[K/opt/ros/humble/include/rclcpp/rclcpp/executors/multi_threaded_executor.hpp:25\x1b[m\x1b[K,\n'}
[6.120222] (status_display) StderrLine: {'line': b'                 from \x1b[01m\x1b[K/opt/ros/humble/include/rclcpp/rclcpp/executors.hpp:21\x1b[m\x1b[K,\n'}
[6.120391] (status_display) StderrLine: {'line': b'                 from \x1b[01m\x1b[K/opt/ros/humble/include/rclcpp/rclcpp/rclcpp.hpp:155\x1b[m\x1b[K,\n'}
[6.120476] (status_display) StderrLine: {'line': b'                 from \x1b[01m\x1b[K/home/shenhang/ros_study/chapter3/topic_practice_workspace/src/status_display/src/sys_status_display.cpp:4\x1b[m\x1b[K:\n'}
[6.123811] (status_display) StderrLine: {'line': b'\x1b[01m\x1b[K/usr/include/c++/11/iomanip:363:5:\x1b[m\x1b[K \x1b[01;36m\x1b[Knote: \x1b[m\x1b[Kcandidate: \xe2\x80\x98\x1b[01m\x1b[Ktemplate<class _CharT, class _Traits> std::basic_ostream<_CharT, _Traits>& std::operator<<(std::basic_ostream<_CharT, _Traits>&, std::_Put_time<_CharT>)\x1b[m\x1b[K\xe2\x80\x99\n'}
[6.124045] (status_display) StderrLine: {'line': b'  363 |     \x1b[01;36m\x1b[Koperator\x1b[m\x1b[K<<(basic_ostream<_CharT, _Traits>& __os, _Put_time<_CharT> __f)\n'}
[6.124169] (status_display) StderrLine: {'line': b'      |     \x1b[01;36m\x1b[K^~~~~~~~\x1b[m\x1b[K\n'}
[6.124282] (status_display) StderrLine: {'line': b'\x1b[01m\x1b[K/usr/include/c++/11/iomanip:363:5:\x1b[m\x1b[K \x1b[01;36m\x1b[Knote: \x1b[m\x1b[K  template argument deduction/substitution failed:\n'}
[6.124396] (status_display) StderrLine: {'line': b'\x1b[01m\x1b[K/home/shenhang/ros_study/chapter3/topic_practice_workspace/src/status_display/src/sys_status_display.cpp:19:42:\x1b[m\x1b[K \x1b[01;36m\x1b[Knote: \x1b[m\x1b[K  \xe2\x80\x98\x1b[01m\x1b[Kbuiltin_interfaces::msg::Time_<std::allocator<void> >\x1b[m\x1b[K\xe2\x80\x99 is not derived from \xe2\x80\x98\x1b[01m\x1b[Kstd::_Put_time<_CharT>\x1b[m\x1b[K\xe2\x80\x99\n'}
[6.124524] (status_display) StderrLine: {'line': b'   19 |                  << "\xe6\x95\xb0\xe6\x8d\xae\xe6\x97\xb6\xe9\x97\xb4: " << msg->\x1b[01;36m\x1b[Kstamp\x1b[m\x1b[K << " s\\n"\n'}
[6.124636] (status_display) StderrLine: {'line': b'      |                                          \x1b[01;36m\x1b[K^~~~~\x1b[m\x1b[K\n'}
[6.124822] (status_display) StderrLine: {'line': b'In file included from \x1b[01m\x1b[K/usr/include/x86_64-linux-gnu/qt5/QtCore/qstring.h:49\x1b[m\x1b[K,\n'}
[6.124944] (status_display) StderrLine: {'line': b'                 from \x1b[01m\x1b[K/usr/include/x86_64-linux-gnu/qt5/QtCore/qcoreapplication.h:44\x1b[m\x1b[K,\n'}
[6.125060] (status_display) StderrLine: {'line': b'                 from \x1b[01m\x1b[K/usr/include/x86_64-linux-gnu/qt5/QtWidgets/qapplication.h:44\x1b[m\x1b[K,\n'}
[6.125179] (status_display) StderrLine: {'line': b'                 from \x1b[01m\x1b[K/usr/include/x86_64-linux-gnu/qt5/QtWidgets/QApplication:1\x1b[m\x1b[K,\n'}
[6.125294] (status_display) StderrLine: {'line': b'                 from \x1b[01m\x1b[K/home/shenhang/ros_study/chapter3/topic_practice_workspace/src/status_display/src/sys_status_display.cpp:1\x1b[m\x1b[K:\n'}
[6.125408] (status_display) StderrLine: {'line': b'\x1b[01m\x1b[K/usr/include/x86_64-linux-gnu/qt5/QtCore/qchar.h:662:28:\x1b[m\x1b[K \x1b[01;36m\x1b[Knote: \x1b[m\x1b[Kcandidate: \xe2\x80\x98\x1b[01m\x1b[KQDataStream& operator<<(QDataStream&, QChar)\x1b[m\x1b[K\xe2\x80\x99\n'}
[6.125535] (status_display) StderrLine: {'line': b'  662 | Q_CORE_EXPORT QDataStream &\x1b[01;36m\x1b[Koperator\x1b[m\x1b[K<<(QDataStream &, QChar);\n'}
[6.125649] (status_display) StderrLine: {'line': b'      |                            \x1b[01;36m\x1b[K^~~~~~~~\x1b[m\x1b[K\n'}
[6.125831] (status_display) StderrLine: {'line': b'\x1b[01m\x1b[K/usr/include/x86_64-linux-gnu/qt5/QtCore/qchar.h:662:39:\x1b[m\x1b[K \x1b[01;36m\x1b[Knote: \x1b[m\x1b[K  no known conversion for argument 1 from \xe2\x80\x98\x1b[01m\x1b[Kstd::basic_ostream<char>\x1b[m\x1b[K\xe2\x80\x99 to \xe2\x80\x98\x1b[01m\x1b[KQDataStream&\x1b[m\x1b[K\xe2\x80\x99\n'}
[6.125958] (status_display) StderrLine: {'line': b'  662 | Q_CORE_EXPORT QDataStream &operator<<(\x1b[01;36m\x1b[KQDataStream &\x1b[m\x1b[K, QChar);\n'}
[6.126069] (status_display) StderrLine: {'line': b'      |                                       \x1b[01;36m\x1b[K^~~~~~~~~~~~~\x1b[m\x1b[K\n'}
[6.126178] (status_display) StderrLine: {'line': b'In file included from \x1b[01m\x1b[K/usr/include/x86_64-linux-gnu/qt5/QtCore/qstring.h:50\x1b[m\x1b[K,\n'}
[6.126289] (status_display) StderrLine: {'line': b'                 from \x1b[01m\x1b[K/usr/include/x86_64-linux-gnu/qt5/QtCore/qcoreapplication.h:44\x1b[m\x1b[K,\n'}
[6.126399] (status_display) StderrLine: {'line': b'                 from \x1b[01m\x1b[K/usr/include/x86_64-linux-gnu/qt5/QtWidgets/qapplication.h:44\x1b[m\x1b[K,\n'}
[6.126508] (status_display) StderrLine: {'line': b'                 from \x1b[01m\x1b[K/usr/include/x86_64-linux-gnu/qt5/QtWidgets/QApplication:1\x1b[m\x1b[K,\n'}
[6.126618] (status_display) StderrLine: {'line': b'                 from \x1b[01m\x1b[K/home/shenhang/ros_study/chapter3/topic_practice_workspace/src/status_display/src/sys_status_display.cpp:1\x1b[m\x1b[K:\n'}
[6.126819] (status_display) StderrLine: {'line': b'\x1b[01m\x1b[K/usr/include/x86_64-linux-gnu/qt5/QtCore/qbytearray.h:759:28:\x1b[m\x1b[K \x1b[01;36m\x1b[Knote: \x1b[m\x1b[Kcandidate: \xe2\x80\x98\x1b[01m\x1b[KQDataStream& operator<<(QDataStream&, const QByteArray&)\x1b[m\x1b[K\xe2\x80\x99\n'}
[6.126945] (status_display) StderrLine: {'line': b'  759 | Q_CORE_EXPORT QDataStream &\x1b[01;36m\x1b[Koperator\x1b[m\x1b[K<<(QDataStream &, const QByteArray &);\n'}
[6.127059] (status_display) StderrLine: {'line': b'      |                            \x1b[01;36m\x1b[K^~~~~~~~\x1b[m\x1b[K\n'}
[6.127174] (status_display) StderrLine: {'line': b'\x1b[01m\x1b[K/usr/include/x86_64-linux-gnu/qt5/QtCore/qbytearray.h:759:39:\x1b[m\x1b[K \x1b[01;36m\x1b[Knote: \x1b[m\x1b[K  no known conversion for argument 1 from \xe2\x80\x98\x1b[01m\x1b[Kstd::basic_ostream<char>\x1b[m\x1b[K\xe2\x80\x99 to \xe2\x80\x98\x1b[01m\x1b[KQDataStream&\x1b[m\x1b[K\xe2\x80\x99\n'}
[6.127288] (status_display) StderrLine: {'line': b'  759 | Q_CORE_EXPORT QDataStream &operator<<(\x1b[01;36m\x1b[KQDataStream &\x1b[m\x1b[K, const QByteArray &);\n'}
[6.127401] (status_display) StderrLine: {'line': b'      |                                       \x1b[01;36m\x1b[K^~~~~~~~~~~~~\x1b[m\x1b[K\n'}
[6.127515] (status_display) StderrLine: {'line': b'In file included from \x1b[01m\x1b[K/usr/include/x86_64-linux-gnu/qt5/QtCore/qcoreapplication.h:44\x1b[m\x1b[K,\n'}
[6.127668] (status_display) StderrLine: {'line': b'                 from \x1b[01m\x1b[K/usr/include/x86_64-linux-gnu/qt5/QtWidgets/qapplication.h:44\x1b[m\x1b[K,\n'}
[6.127835] (status_display) StderrLine: {'line': b'                 from \x1b[01m\x1b[K/usr/include/x86_64-linux-gnu/qt5/QtWidgets/QApplication:1\x1b[m\x1b[K,\n'}
[6.127961] (status_display) StderrLine: {'line': b'                 from \x1b[01m\x1b[K/home/shenhang/ros_study/chapter3/topic_practice_workspace/src/status_display/src/sys_status_display.cpp:1\x1b[m\x1b[K:\n'}
[6.128076] (status_display) StderrLine: {'line': b'\x1b[01m\x1b[K/usr/include/x86_64-linux-gnu/qt5/QtCore/qstring.h:1594:28:\x1b[m\x1b[K \x1b[01;36m\x1b[Knote: \x1b[m\x1b[Kcandidate: \xe2\x80\x98\x1b[01m\x1b[KQDataStream& operator<<(QDataStream&, const QString&)\x1b[m\x1b[K\xe2\x80\x99\n'}
[6.128200] (status_display) StderrLine: {'line': b' 1594 | Q_CORE_EXPORT QDataStream &\x1b[01;36m\x1b[Koperator\x1b[m\x1b[K<<(QDataStream &, const QString &);\n'}
[6.128312] (status_display) StderrLine: {'line': b'      |                            \x1b[01;36m\x1b[K^~~~~~~~\x1b[m\x1b[K\n'}
[6.128424] (status_display) StderrLine: {'line': b'\x1b[01m\x1b[K/usr/include/x86_64-linux-gnu/qt5/QtCore/qstring.h:1594:39:\x1b[m\x1b[K \x1b[01;36m\x1b[Knote: \x1b[m\x1b[K  no known conversion for argument 1 from \xe2\x80\x98\x1b[01m\x1b[Kstd::basic_ostream<char>\x1b[m\x1b[K\xe2\x80\x99 to \xe2\x80\x98\x1b[01m\x1b[KQDataStream&\x1b[m\x1b[K\xe2\x80\x99\n'}
[6.128541] (status_display) StderrLine: {'line': b' 1594 | Q_CORE_EXPORT QDataStream &operator<<(\x1b[01;36m\x1b[KQDataStream &\x1b[m\x1b[K, const QString &);\n'}
[6.128719] (status_display) StderrLine: {'line': b'      |                                       \x1b[01;36m\x1b[K^~~~~~~~~~~~~\x1b[m\x1b[K\n'}
[6.128868] (status_display) StderrLine: {'line': b'In file included from \x1b[01m\x1b[K/usr/include/x86_64-linux-gnu/qt5/QtCore/qstringlist.h:48\x1b[m\x1b[K,\n'}
[6.128993] (status_display) StderrLine: {'line': b'                 from \x1b[01m\x1b[K/usr/include/x86_64-linux-gnu/qt5/QtCore/qlist.h:1196\x1b[m\x1b[K,\n'}
[6.129106] (status_display) StderrLine: {'line': b'                 from \x1b[01m\x1b[K/usr/include/x86_64-linux-gnu/qt5/QtCore/qobject.h:49\x1b[m\x1b[K,\n'}
[6.129219] (status_display) StderrLine: {'line': b'                 from \x1b[01m\x1b[K/usr/include/x86_64-linux-gnu/qt5/QtCore/qcoreapplication.h:46\x1b[m\x1b[K,\n'}
[6.129330] (status_display) StderrLine: {'line': b'                 from \x1b[01m\x1b[K/usr/include/x86_64-linux-gnu/qt5/QtWidgets/qapplication.h:44\x1b[m\x1b[K,\n'}
[6.129443] (status_display) StderrLine: {'line': b'                 from \x1b[01m\x1b[K/usr/include/x86_64-linux-gnu/qt5/QtWidgets/QApplication:1\x1b[m\x1b[K,\n'}
[6.129556] (status_display) StderrLine: {'line': b'                 from \x1b[01m\x1b[K/home/shenhang/ros_study/chapter3/topic_practice_workspace/src/status_display/src/sys_status_display.cpp:1\x1b[m\x1b[K:\n'}
[6.129736] (status_display) StderrLine: {'line': b'\x1b[01m\x1b[K/usr/include/x86_64-linux-gnu/qt5/QtCore/qregexp.h:122:28:\x1b[m\x1b[K \x1b[01;36m\x1b[Knote: \x1b[m\x1b[Kcandidate: \xe2\x80\x98\x1b[01m\x1b[KQDataStream& operator<<(QDataStream&, const QRegExp&)\x1b[m\x1b[K\xe2\x80\x99\n'}
[6.129876] (status_display) StderrLine: {'line': b'  122 | Q_CORE_EXPORT QDataStream &\x1b[01;36m\x1b[Koperator\x1b[m\x1b[K<<(QDataStream &out, const QRegExp &regExp);\n'}
[6.129994] (status_display) StderrLine: {'line': b'      |                            \x1b[01;36m\x1b[K^~~~~~~~\x1b[m\x1b[K\n'}
[6.130105] (status_display) StderrLine: {'line': b'\x1b[01m\x1b[K/usr/include/x86_64-linux-gnu/qt5/QtCore/qregexp.h:122:52:\x1b[m\x1b[K \x1b[01;36m\x1b[Knote: \x1b[m\x1b[K  no known conversion for argument 1 from \xe2\x80\x98\x1b[01m\x1b[Kstd::basic_ostream<char>\x1b[m\x1b[K\xe2\x80\x99 to \xe2\x80\x98\x1b[01m\x1b[KQDataStream&\x1b[m\x1b[K\xe2\x80\x99\n'}
[6.130219] (status_display) StderrLine: {'line': b'  122 | Q_CORE_EXPORT QDataStream &operator<<(\x1b[01;36m\x1b[KQDataStream &out\x1b[m\x1b[K, const QRegExp &regExp);\n'}
[6.130330] (status_display) StderrLine: {'line': b'      |                                       \x1b[01;36m\x1b[K~~~~~~~~~~~~~^~~\x1b[m\x1b[K\n'}
[6.130442] (status_display) StderrLine: {'line': b'\x1b[01m\x1b[K/usr/include/x86_64-linux-gnu/qt5/QtCore/qregexp.h:127:22:\x1b[m\x1b[K \x1b[01;36m\x1b[Knote: \x1b[m\x1b[Kcandidate: \xe2\x80\x98\x1b[01m\x1b[KQDebug operator<<(QDebug, const QRegExp&)\x1b[m\x1b[K\xe2\x80\x99\n'}
[6.130583] (status_display) StderrLine: {'line': b'  127 | Q_CORE_EXPORT QDebug \x1b[01;36m\x1b[Koperator\x1b[m\x1b[K<<(QDebug, const QRegExp &);\n'}
[6.130756] (status_display) StderrLine: {'line': b'      |                      \x1b[01;36m\x1b[K^~~~~~~~\x1b[m\x1b[K\n'}
[6.130899] (status_display) StderrLine: {'line': b'\x1b[01m\x1b[K/usr/include/x86_64-linux-gnu/qt5/QtCore/qregexp.h:127:33:\x1b[m\x1b[K \x1b[01;36m\x1b[Knote: \x1b[m\x1b[K  no known conversion for argument 1 from \xe2\x80\x98\x1b[01m\x1b[Kstd::basic_ostream<char>\x1b[m\x1b[K\xe2\x80\x99 to \xe2\x80\x98\x1b[01m\x1b[KQDebug\x1b[m\x1b[K\xe2\x80\x99\n'}
[6.131014] (status_display) StderrLine: {'line': b'  127 | Q_CORE_EXPORT QDebug operator<<(\x1b[01;36m\x1b[KQDebug\x1b[m\x1b[K, const QRegExp &);\n'}
[6.131134] (status_display) StderrLine: {'line': b'      |                                 \x1b[01;36m\x1b[K^~~~~~\x1b[m\x1b[K\n'}
[6.131256] (status_display) StderrLine: {'line': b'In file included from \x1b[01m\x1b[K/usr/include/x86_64-linux-gnu/qt5/QtCore/qcoreapplication.h:46\x1b[m\x1b[K,\n'}
[6.131371] (status_display) StderrLine: {'line': b'                 from \x1b[01m\x1b[K/usr/include/x86_64-linux-gnu/qt5/QtWidgets/qapplication.h:44\x1b[m\x1b[K,\n'}
[6.131481] (status_display) StderrLine: {'line': b'                 from \x1b[01m\x1b[K/usr/include/x86_64-linux-gnu/qt5/QtWidgets/QApplication:1\x1b[m\x1b[K,\n'}
[6.131631] (status_display) StderrLine: {'line': b'                 from \x1b[01m\x1b[K/home/shenhang/ros_study/chapter3/topic_practice_workspace/src/status_display/src/sys_status_display.cpp:1\x1b[m\x1b[K:\n'}
[6.131811] (status_display) StderrLine: {'line': b'\x1b[01m\x1b[K/usr/include/x86_64-linux-gnu/qt5/QtCore/qobject.h:554:22:\x1b[m\x1b[K \x1b[01;36m\x1b[Knote: \x1b[m\x1b[Kcandidate: \xe2\x80\x98\x1b[01m\x1b[KQDebug operator<<(QDebug, const QObject*)\x1b[m\x1b[K\xe2\x80\x99\n'}
[6.131932] (status_display) StderrLine: {'line': b'  554 | Q_CORE_EXPORT QDebug \x1b[01;36m\x1b[Koperator\x1b[m\x1b[K<<(QDebug, const QObject *);\n'}
[6.132047] (status_display) StderrLine: {'line': b'      |                      \x1b[01;36m\x1b[K^~~~~~~~\x1b[m\x1b[K\n'}
[6.132176] (status_display) StderrLine: {'line': b'\x1b[01m\x1b[K/usr/include/x86_64-linux-gnu/qt5/QtCore/qobject.h:554:33:\x1b[m\x1b[K \x1b[01;36m\x1b[Knote: \x1b[m\x1b[K  no known conversion for argument 1 from \xe2\x80\x98\x1b[01m\x1b[Kstd::basic_ostream<char>\x1b[m\x1b[K\xe2\x80\x99 to \xe2\x80\x98\x1b[01m\x1b[KQDebug\x1b[m\x1b[K\xe2\x80\x99\n'}
[6.132311] (status_display) StderrLine: {'line': b'  554 | Q_CORE_EXPORT QDebug operator<<(\x1b[01;36m\x1b[KQDebug\x1b[m\x1b[K, const QObject *);\n'}
[6.132426] (status_display) StderrLine: {'line': b'      |                                 \x1b[01;36m\x1b[K^~~~~~\x1b[m\x1b[K\n'}
[6.132603] (status_display) StderrLine: {'line': b'In file included from \x1b[01m\x1b[K/usr/include/x86_64-linux-gnu/qt5/QtWidgets/qapplication.h:46\x1b[m\x1b[K,\n'}
[6.132757] (status_display) StderrLine: {'line': b'                 from \x1b[01m\x1b[K/usr/include/x86_64-linux-gnu/qt5/QtWidgets/QApplication:1\x1b[m\x1b[K,\n'}
[6.132858] (status_display) StderrLine: {'line': b'                 from \x1b[01m\x1b[K/home/shenhang/ros_study/chapter3/topic_practice_workspace/src/status_display/src/sys_status_display.cpp:1\x1b[m\x1b[K:\n'}
[6.132961] (status_display) StderrLine: {'line': b'\x1b[01m\x1b[K/usr/include/x86_64-linux-gnu/qt5/QtCore/qpoint.h:114:28:\x1b[m\x1b[K \x1b[01;36m\x1b[Knote: \x1b[m\x1b[Kcandidate: \xe2\x80\x98\x1b[01m\x1b[KQDataStream& operator<<(QDataStream&, const QPoint&)\x1b[m\x1b[K\xe2\x80\x99\n'}
[6.133059] (status_display) StderrLine: {'line': b'  114 | Q_CORE_EXPORT QDataStream &\x1b[01;36m\x1b[Koperator\x1b[m\x1b[K<<(QDataStream &, const QPoint &);\n'}
[6.133148] (status_display) StderrLine: {'line': b'      |                            \x1b[01;36m\x1b[K^~~~~~~~\x1b[m\x1b[K\n'}
[6.133238] (status_display) StderrLine: {'line': b'\x1b[01m\x1b[K/usr/include/x86_64-linux-gnu/qt5/QtCore/qpoint.h:114:39:\x1b[m\x1b[K \x1b[01;36m\x1b[Knote: \x1b[m\x1b[K  no known conversion for argument 1 from \xe2\x80\x98\x1b[01m\x1b[Kstd::basic_ostream<char>\x1b[m\x1b[K\xe2\x80\x99 to \xe2\x80\x98\x1b[01m\x1b[KQDataStream&\x1b[m\x1b[K\xe2\x80\x99\n'}
[6.133348] (status_display) StderrLine: {'line': b'  114 | Q_CORE_EXPORT QDataStream &operator<<(\x1b[01;36m\x1b[KQDataStream &\x1b[m\x1b[K, const QPoint &);\n'}
[6.133440] (status_display) StderrLine: {'line': b'      |                                       \x1b[01;36m\x1b[K^~~~~~~~~~~~~\x1b[m\x1b[K\n'}
[6.133564] (status_display) StderrLine: {'line': b'\x1b[01m\x1b[K/usr/include/x86_64-linux-gnu/qt5/QtCore/qpoint.h:214:22:\x1b[m\x1b[K \x1b[01;36m\x1b[Knote: \x1b[m\x1b[Kcandidate: \xe2\x80\x98\x1b[01m\x1b[KQDebug operator<<(QDebug, const QPoint&)\x1b[m\x1b[K\xe2\x80\x99\n'}
[6.133656] (status_display) StderrLine: {'line': b'  214 | Q_CORE_EXPORT QDebug \x1b[01;36m\x1b[Koperator\x1b[m\x1b[K<<(QDebug, const QPoint &);\n'}
[6.133788] (status_display) StderrLine: {'line': b'      |                      \x1b[01;36m\x1b[K^~~~~~~~\x1b[m\x1b[K\n'}
[6.133881] (status_display) StderrLine: {'line': b'\x1b[01m\x1b[K/usr/include/x86_64-linux-gnu/qt5/QtCore/qpoint.h:214:33:\x1b[m\x1b[K \x1b[01;36m\x1b[Knote: \x1b[m\x1b[K  no known conversion for argument 1 from \xe2\x80\x98\x1b[01m\x1b[Kstd::basic_ostream<char>\x1b[m\x1b[K\xe2\x80\x99 to \xe2\x80\x98\x1b[01m\x1b[KQDebug\x1b[m\x1b[K\xe2\x80\x99\n'}
[6.133988] (status_display) StderrLine: {'line': b'  214 | Q_CORE_EXPORT QDebug operator<<(\x1b[01;36m\x1b[KQDebug\x1b[m\x1b[K, const QPoint &);\n'}
[6.134093] (status_display) StderrLine: {'line': b'      |                                 \x1b[01;36m\x1b[K^~~~~~\x1b[m\x1b[K\n'}
[6.134199] (status_display) StderrLine: {'line': b'\x1b[01m\x1b[K/usr/include/x86_64-linux-gnu/qt5/QtCore/qpoint.h:281:28:\x1b[m\x1b[K \x1b[01;36m\x1b[Knote: \x1b[m\x1b[Kcandidate: \xe2\x80\x98\x1b[01m\x1b[KQDataStream& operator<<(QDataStream&, const QPointF&)\x1b[m\x1b[K\xe2\x80\x99\n'}
[6.134306] (status_display) StderrLine: {'line': b'  281 | Q_CORE_EXPORT QDataStream &\x1b[01;36m\x1b[Koperator\x1b[m\x1b[K<<(QDataStream &, const QPointF &);\n'}
[6.134411] (status_display) StderrLine: {'line': b'      |                            \x1b[01;36m\x1b[K^~~~~~~~\x1b[m\x1b[K\n'}
[6.134552] (status_display) StderrLine: {'line': b'\x1b[01m\x1b[K/usr/include/x86_64-linux-gnu/qt5/QtCore/qpoint.h:281:39:\x1b[m\x1b[K \x1b[01;36m\x1b[Knote: \x1b[m\x1b[K  no known conversion for argument 1 from \xe2\x80\x98\x1b[01m\x1b[Kstd::basic_ostream<char>\x1b[m\x1b[K\xe2\x80\x99 to \xe2\x80\x98\x1b[01m\x1b[KQDataStream&\x1b[m\x1b[K\xe2\x80\x99\n'}
[6.134844] (status_display) StderrLine: {'line': b'  281 | Q_CORE_EXPORT QDataStream &operator<<(\x1b[01;36m\x1b[KQDataStream &\x1b[m\x1b[K, const QPointF &);\n'}
[6.135027] (status_display) StderrLine: {'line': b'      |                                       \x1b[01;36m\x1b[K^~~~~~~~~~~~~\x1b[m\x1b[K\n'}
[6.135146] (status_display) StderrLine: {'line': b'\x1b[01m\x1b[K/usr/include/x86_64-linux-gnu/qt5/QtCore/qpoint.h:418:22:\x1b[m\x1b[K \x1b[01;36m\x1b[Knote: \x1b[m\x1b[Kcandidate: \xe2\x80\x98\x1b[01m\x1b[KQDebug operator<<(QDebug, const QPointF&)\x1b[m\x1b[K\xe2\x80\x99\n'}
[6.135230] (status_display) StderrLine: {'line': b'  418 | Q_CORE_EXPORT QDebug \x1b[01;36m\x1b[Koperator\x1b[m\x1b[K<<(QDebug d, const QPointF &p);\n'}
[6.135484] (status_display) StderrLine: {'line': b'      |                      \x1b[01;36m\x1b[K^~~~~~~~\x1b[m\x1b[K\n'}
[6.135581] (status_display) StderrLine: {'line': b'\x1b[01m\x1b[K/usr/include/x86_64-linux-gnu/qt5/QtCore/qpoint.h:418:40:\x1b[m\x1b[K \x1b[01;36m\x1b[Knote: \x1b[m\x1b[K  no known conversion for argument 1 from \xe2\x80\x98\x1b[01m\x1b[Kstd::basic_ostream<char>\x1b[m\x1b[K\xe2\x80\x99 to \xe2\x80\x98\x1b[01m\x1b[KQDebug\x1b[m\x1b[K\xe2\x80\x99\n'}
[6.135668] (status_display) StderrLine: {'line': b'  418 | Q_CORE_EXPORT QDebug operator<<(\x1b[01;36m\x1b[KQDebug d\x1b[m\x1b[K, const QPointF &p);\n'}
[6.135795] (status_display) StderrLine: {'line': b'      |                                 \x1b[01;36m\x1b[K~~~~~~~^\x1b[m\x1b[K\n'}
[6.135884] (status_display) StderrLine: {'line': b'In file included from \x1b[01m\x1b[K/usr/include/x86_64-linux-gnu/qt5/QtCore/qsize.h:44\x1b[m\x1b[K,\n'}
[6.135971] (status_display) StderrLine: {'line': b'                 from \x1b[01m\x1b[K/usr/include/x86_64-linux-gnu/qt5/QtWidgets/qapplication.h:47\x1b[m\x1b[K,\n'}
[6.136064] (status_display) StderrLine: {'line': b'                 from \x1b[01m\x1b[K/usr/include/x86_64-linux-gnu/qt5/QtWidgets/QApplication:1\x1b[m\x1b[K,\n'}
[6.136146] (status_display) StderrLine: {'line': b'                 from \x1b[01m\x1b[K/home/shenhang/ros_study/chapter3/topic_practice_workspace/src/status_display/src/sys_status_display.cpp:1\x1b[m\x1b[K:\n'}
[6.136229] (status_display) StderrLine: {'line': b'\x1b[01m\x1b[K/usr/include/x86_64-linux-gnu/qt5/QtCore/qmargins.h:94:28:\x1b[m\x1b[K \x1b[01;36m\x1b[Knote: \x1b[m\x1b[Kcandidate: \xe2\x80\x98\x1b[01m\x1b[KQDataStream& operator<<(QDataStream&, const QMargins&)\x1b[m\x1b[K\xe2\x80\x99\n'}
[6.136313] (status_display) StderrLine: {'line': b'   94 | Q_CORE_EXPORT QDataStream &\x1b[01;36m\x1b[Koperator\x1b[m\x1b[K<<(QDataStream &, const QMargins &);\n'}
[6.136416] (status_display) StderrLine: {'line': b'      |                            \x1b[01;36m\x1b[K^~~~~~~~\x1b[m\x1b[K\n'}
[6.136511] (status_display) StderrLine: {'line': b'\x1b[01m\x1b[K/usr/include/x86_64-linux-gnu/qt5/QtCore/qmargins.h:94:39:\x1b[m\x1b[K \x1b[01;36m\x1b[Knote: \x1b[m\x1b[K  no known conversion for argument 1 from \xe2\x80\x98\x1b[01m\x1b[Kstd::basic_ostream<char>\x1b[m\x1b[K\xe2\x80\x99 to \xe2\x80\x98\x1b[01m\x1b[KQDataStream&\x1b[m\x1b[K\xe2\x80\x99\n'}
[6.136601] (status_display) StderrLine: {'line': b'   94 | Q_CORE_EXPORT QDataStream &operator<<(\x1b[01;36m\x1b[KQDataStream &\x1b[m\x1b[K, const QMargins &);\n'}
[6.136690] (status_display) StderrLine: {'line': b'      |                                       \x1b[01;36m\x1b[K^~~~~~~~~~~~~\x1b[m\x1b[K\n'}
[6.136816] (status_display) StderrLine: {'line': b'\x1b[01m\x1b[K/usr/include/x86_64-linux-gnu/qt5/QtCore/qmargins.h:278:22:\x1b[m\x1b[K \x1b[01;36m\x1b[Knote: \x1b[m\x1b[Kcandidate: \xe2\x80\x98\x1b[01m\x1b[KQDebug operator<<(QDebug, const QMargins&)\x1b[m\x1b[K\xe2\x80\x99\n'}
[6.136905] (status_display) StderrLine: {'line': b'  278 | Q_CORE_EXPORT QDebug \x1b[01;36m\x1b[Koperator\x1b[m\x1b[K<<(QDebug, const QMargins &);\n'}
[6.136988] (status_display) StderrLine: {'line': b'      |                      \x1b[01;36m\x1b[K^~~~~~~~\x1b[m\x1b[K\n'}
[6.137070] (status_display) StderrLine: {'line': b'\x1b[01m\x1b[K/usr/include/x86_64-linux-gnu/qt5/QtCore/qmargins.h:278:33:\x1b[m\x1b[K \x1b[01;36m\x1b[Knote: \x1b[m\x1b[K  no known conversion for argument 1 from \xe2\x80\x98\x1b[01m\x1b[Kstd::basic_ostream<char>\x1b[m\x1b[K\xe2\x80\x99 to \xe2\x80\x98\x1b[01m\x1b[KQDebug\x1b[m\x1b[K\xe2\x80\x99\n'}
[6.137153] (status_display) StderrLine: {'line': b'  278 | Q_CORE_EXPORT QDebug operator<<(\x1b[01;36m\x1b[KQDebug\x1b[m\x1b[K, const QMargins &);\n'}
[6.137234] (status_display) StderrLine: {'line': b'      |                                 \x1b[01;36m\x1b[K^~~~~~\x1b[m\x1b[K\n'}
[6.137316] (status_display) StderrLine: {'line': b'\x1b[01m\x1b[K/usr/include/x86_64-linux-gnu/qt5/QtCore/qmargins.h:327:28:\x1b[m\x1b[K \x1b[01;36m\x1b[Knote: \x1b[m\x1b[Kcandidate: \xe2\x80\x98\x1b[01m\x1b[KQDataStream& operator<<(QDataStream&, const QMarginsF&)\x1b[m\x1b[K\xe2\x80\x99\n'}
[6.137427] (status_display) StderrLine: {'line': b'  327 | Q_CORE_EXPORT QDataStream &\x1b[01;36m\x1b[Koperator\x1b[m\x1b[K<<(QDataStream &, const QMarginsF &);\n'}
[6.137514] (status_display) StderrLine: {'line': b'      |                            \x1b[01;36m\x1b[K^~~~~~~~\x1b[m\x1b[K\n'}
[6.137596] (status_display) StderrLine: {'line': b'\x1b[01m\x1b[K/usr/include/x86_64-linux-gnu/qt5/QtCore/qmargins.h:327:39:\x1b[m\x1b[K \x1b[01;36m\x1b[Knote: \x1b[m\x1b[K  no known conversion for argument 1 from \xe2\x80\x98\x1b[01m\x1b[Kstd::basic_ostream<char>\x1b[m\x1b[K\xe2\x80\x99 to \xe2\x80\x98\x1b[01m\x1b[KQDataStream&\x1b[m\x1b[K\xe2\x80\x99\n'}
[6.137681] (status_display) StderrLine: {'line': b'  327 | Q_CORE_EXPORT QDataStream &operator<<(\x1b[01;36m\x1b[KQDataStream &\x1b[m\x1b[K, const QMarginsF &);\n'}
[6.137805] (status_display) StderrLine: {'line': b'      |                                       \x1b[01;36m\x1b[K^~~~~~~~~~~~~\x1b[m\x1b[K\n'}
[6.137899] (status_display) StderrLine: {'line': b'\x1b[01m\x1b[K/usr/include/x86_64-linux-gnu/qt5/QtCore/qmargins.h:487:22:\x1b[m\x1b[K \x1b[01;36m\x1b[Knote: \x1b[m\x1b[Kcandidate: \xe2\x80\x98\x1b[01m\x1b[KQDebug operator<<(QDebug, const QMarginsF&)\x1b[m\x1b[K\xe2\x80\x99\n'}
[6.137982] (status_display) StderrLine: {'line': b'  487 | Q_CORE_EXPORT QDebug \x1b[01;36m\x1b[Koperator\x1b[m\x1b[K<<(QDebug, const QMarginsF &);\n'}
[6.138065] (status_display) StderrLine: {'line': b'      |                      \x1b[01;36m\x1b[K^~~~~~~~\x1b[m\x1b[K\n'}
[6.138147] (status_display) StderrLine: {'line': b'\x1b[01m\x1b[K/usr/include/x86_64-linux-gnu/qt5/QtCore/qmargins.h:487:33:\x1b[m\x1b[K \x1b[01;36m\x1b[Knote: \x1b[m\x1b[K  no known conversion for argument 1 from \xe2\x80\x98\x1b[01m\x1b[Kstd::basic_ostream<char>\x1b[m\x1b[K\xe2\x80\x99 to \xe2\x80\x98\x1b[01m\x1b[KQDebug\x1b[m\x1b[K\xe2\x80\x99\n'}
[6.138229] (status_display) StderrLine: {'line': b'  487 | Q_CORE_EXPORT QDebug operator<<(\x1b[01;36m\x1b[KQDebug\x1b[m\x1b[K, const QMarginsF &);\n'}
[6.138312] (status_display) StderrLine: {'line': b'      |                                 \x1b[01;36m\x1b[K^~~~~~\x1b[m\x1b[K\n'}
[6.138437] (status_display) StderrLine: {'line': b'In file included from \x1b[01m\x1b[K/usr/include/x86_64-linux-gnu/qt5/QtWidgets/qapplication.h:47\x1b[m\x1b[K,\n'}
[6.138626] (status_display) StderrLine: {'line': b'                 from \x1b[01m\x1b[K/usr/include/x86_64-linux-gnu/qt5/QtWidgets/QApplication:1\x1b[m\x1b[K,\n'}
[6.138801] (status_display) StderrLine: {'line': b'                 from \x1b[01m\x1b[K/home/shenhang/ros_study/chapter3/topic_practice_workspace/src/status_display/src/sys_status_display.cpp:1\x1b[m\x1b[K:\n'}
[6.138894] (status_display) StderrLine: {'line': b'\x1b[01m\x1b[K/usr/include/x86_64-linux-gnu/qt5/QtCore/qsize.h:114:28:\x1b[m\x1b[K \x1b[01;36m\x1b[Knote: \x1b[m\x1b[Kcandidate: \xe2\x80\x98\x1b[01m\x1b[KQDataStream& operator<<(QDataStream&, const QSize&)\x1b[m\x1b[K\xe2\x80\x99\n'}
[6.138978] (status_display) StderrLine: {'line': b'  114 | Q_CORE_EXPORT QDataStream &\x1b[01;36m\x1b[Koperator\x1b[m\x1b[K<<(QDataStream &, const QSize &);\n'}
[6.139065] (status_display) StderrLine: {'line': b'      |                            \x1b[01;36m\x1b[K^~~~~~~~\x1b[m\x1b[K\n'}
[6.139148] (status_display) StderrLine: {'line': b'\x1b[01m\x1b[K/usr/include/x86_64-linux-gnu/qt5/QtCore/qsize.h:114:39:\x1b[m\x1b[K \x1b[01;36m\x1b[Knote: \x1b[m\x1b[K  no known conversion for argument 1 from \xe2\x80\x98\x1b[01m\x1b[Kstd::basic_ostream<char>\x1b[m\x1b[K\xe2\x80\x99 to \xe2\x80\x98\x1b[01m\x1b[KQDataStream&\x1b[m\x1b[K\xe2\x80\x99\n'}
[6.139239] (status_display) StderrLine: {'line': b'  114 | Q_CORE_EXPORT QDataStream &operator<<(\x1b[01;36m\x1b[KQDataStream &\x1b[m\x1b[K, const QSize &);\n'}
[6.139322] (status_display) StderrLine: {'line': b'      |                                       \x1b[01;36m\x1b[K^~~~~~~~~~~~~\x1b[m\x1b[K\n'}
[6.139454] (status_display) StderrLine: {'line': b'\x1b[01m\x1b[K/usr/include/x86_64-linux-gnu/qt5/QtCore/qsize.h:217:22:\x1b[m\x1b[K \x1b[01;36m\x1b[Knote: \x1b[m\x1b[Kcandidate: \xe2\x80\x98\x1b[01m\x1b[KQDebug operator<<(QDebug, const QSize&)\x1b[m\x1b[K\xe2\x80\x99\n'}
[6.139539] (status_display) StderrLine: {'line': b'  217 | Q_CORE_EXPORT QDebug \x1b[01;36m\x1b[Koperator\x1b[m\x1b[K<<(QDebug, const QSize &);\n'}
[6.139621] (status_display) StderrLine: {'line': b'      |                      \x1b[01;36m\x1b[K^~~~~~~~\x1b[m\x1b[K\n'}
[6.139749] (status_display) StderrLine: {'line': b'\x1b[01m\x1b[K/usr/include/x86_64-linux-gnu/qt5/QtCore/qsize.h:217:33:\x1b[m\x1b[K \x1b[01;36m\x1b[Knote: \x1b[m\x1b[K  no known conversion for argument 1 from \xe2\x80\x98\x1b[01m\x1b[Kstd::basic_ostream<char>\x1b[m\x1b[K\xe2\x80\x99 to \xe2\x80\x98\x1b[01m\x1b[KQDebug\x1b[m\x1b[K\xe2\x80\x99\n'}
[6.139856] (status_display) StderrLine: {'line': b'  217 | Q_CORE_EXPORT QDebug operator<<(\x1b[01;36m\x1b[KQDebug\x1b[m\x1b[K, const QSize &);\n'}
[6.139944] (status_display) StderrLine: {'line': b'      |                                 \x1b[01;36m\x1b[K^~~~~~\x1b[m\x1b[K\n'}
[6.140029] (status_display) StderrLine: {'line': b'\x1b[01m\x1b[K/usr/include/x86_64-linux-gnu/qt5/QtCore/qsize.h:287:28:\x1b[m\x1b[K \x1b[01;36m\x1b[Knote: \x1b[m\x1b[Kcandidate: \xe2\x80\x98\x1b[01m\x1b[KQDataStream& operator<<(QDataStream&, const QSizeF&)\x1b[m\x1b[K\xe2\x80\x99\n'}
[6.140116] (status_display) StderrLine: {'line': b'  287 | Q_CORE_EXPORT QDataStream &\x1b[01;36m\x1b[Koperator\x1b[m\x1b[K<<(QDataStream &, const QSizeF &);\n'}
[6.140198] (status_display) StderrLine: {'line': b'      |                            \x1b[01;36m\x1b[K^~~~~~~~\x1b[m\x1b[K\n'}
[6.140281] (status_display) StderrLine: {'line': b'\x1b[01m\x1b[K/usr/include/x86_64-linux-gnu/qt5/QtCore/qsize.h:287:39:\x1b[m\x1b[K \x1b[01;36m\x1b[Knote: \x1b[m\x1b[K  no known conversion for argument 1 from \xe2\x80\x98\x1b[01m\x1b[Kstd::basic_ostream<char>\x1b[m\x1b[K\xe2\x80\x99 to \xe2\x80\x98\x1b[01m\x1b[KQDataStream&\x1b[m\x1b[K\xe2\x80\x99\n'}
[6.140392] (status_display) StderrLine: {'line': b'  287 | Q_CORE_EXPORT QDataStream &operator<<(\x1b[01;36m\x1b[KQDataStream &\x1b[m\x1b[K, const QSizeF &);\n'}
[6.140476] (status_display) StderrLine: {'line': b'      |                                       \x1b[01;36m\x1b[K^~~~~~~~~~~~~\x1b[m\x1b[K\n'}
[6.140561] (status_display) StderrLine: {'line': b'\x1b[01m\x1b[K/usr/include/x86_64-linux-gnu/qt5/QtCore/qsize.h:397:22:\x1b[m\x1b[K \x1b[01;36m\x1b[Knote: \x1b[m\x1b[Kcandidate: \xe2\x80\x98\x1b[01m\x1b[KQDebug operator<<(QDebug, const QSizeF&)\x1b[m\x1b[K\xe2\x80\x99\n'}
[6.140644] (status_display) StderrLine: {'line': b'  397 | Q_CORE_EXPORT QDebug \x1b[01;36m\x1b[Koperator\x1b[m\x1b[K<<(QDebug, const QSizeF &);\n'}
[6.140767] (status_display) StderrLine: {'line': b'      |                      \x1b[01;36m\x1b[K^~~~~~~~\x1b[m\x1b[K\n'}
[6.140858] (status_display) StderrLine: {'line': b'\x1b[01m\x1b[K/usr/include/x86_64-linux-gnu/qt5/QtCore/qsize.h:397:33:\x1b[m\x1b[K \x1b[01;36m\x1b[Knote: \x1b[m\x1b[K  no known conversion for argument 1 from \xe2\x80\x98\x1b[01m\x1b[Kstd::basic_ostream<char>\x1b[m\x1b[K\xe2\x80\x99 to \xe2\x80\x98\x1b[01m\x1b[KQDebug\x1b[m\x1b[K\xe2\x80\x99\n'}
[6.140941] (status_display) StderrLine: {'line': b'  397 | Q_CORE_EXPORT QDebug operator<<(\x1b[01;36m\x1b[KQDebug\x1b[m\x1b[K, const QSizeF &);\n'}
[6.141024] (status_display) StderrLine: {'line': b'      |                                 \x1b[01;36m\x1b[K^~~~~~\x1b[m\x1b[K\n'}
[6.141104] (status_display) StderrLine: {'line': b'In file included from \x1b[01m\x1b[K/usr/include/x86_64-linux-gnu/qt5/QtWidgets/qapplication.h:48\x1b[m\x1b[K,\n'}
[6.141186] (status_display) StderrLine: {'line': b'                 from \x1b[01m\x1b[K/usr/include/x86_64-linux-gnu/qt5/QtWidgets/QApplication:1\x1b[m\x1b[K,\n'}
[6.141266] (status_display) StderrLine: {'line': b'                 from \x1b[01m\x1b[K/home/shenhang/ros_study/chapter3/topic_practice_workspace/src/status_display/src/sys_status_display.cpp:1\x1b[m\x1b[K:\n'}
[6.141377] (status_display) StderrLine: {'line': b'\x1b[01m\x1b[K/usr/include/x86_64-linux-gnu/qt5/QtGui/qcursor.h:136:27:\x1b[m\x1b[K \x1b[01;36m\x1b[Knote: \x1b[m\x1b[Kcandidate: \xe2\x80\x98\x1b[01m\x1b[KQDataStream& operator<<(QDataStream&, const QCursor&)\x1b[m\x1b[K\xe2\x80\x99\n'}
[6.141462] (status_display) StderrLine: {'line': b'  136 | Q_GUI_EXPORT QDataStream &\x1b[01;36m\x1b[Koperator\x1b[m\x1b[K<<(QDataStream &outS, const QCursor &cursor);\n'}
[6.141544] (status_display) StderrLine: {'line': b'      |                           \x1b[01;36m\x1b[K^~~~~~~~\x1b[m\x1b[K\n'}
[6.141635] (status_display) StderrLine: {'line': b'\x1b[01m\x1b[K/usr/include/x86_64-linux-gnu/qt5/QtGui/qcursor.h:136:51:\x1b[m\x1b[K \x1b[01;36m\x1b[Knote: \x1b[m\x1b[K  no known conversion for argument 1 from \xe2\x80\x98\x1b[01m\x1b[Kstd::basic_ostream<char>\x1b[m\x1b[K\xe2\x80\x99 to \xe2\x80\x98\x1b[01m\x1b[KQDataStream&\x1b[m\x1b[K\xe2\x80\x99\n'}
[6.141925] (status_display) StderrLine: {'line': b'  136 | Q_GUI_EXPORT QDataStream &operator<<(\x1b[01;36m\x1b[KQDataStream &outS\x1b[m\x1b[K, const QCursor &cursor);\n'}
[6.142033] (status_display) StderrLine: {'line': b'      |                                      \x1b[01;36m\x1b[K~~~~~~~~~~~~~^~~~\x1b[m\x1b[K\n'}
[6.142120] (status_display) StderrLine: {'line': b'\x1b[01m\x1b[K/usr/include/x86_64-linux-gnu/qt5/QtGui/qcursor.h:141:21:\x1b[m\x1b[K \x1b[01;36m\x1b[Knote: \x1b[m\x1b[Kcandidate: \xe2\x80\x98\x1b[01m\x1b[KQDebug operator<<(QDebug, const QCursor&)\x1b[m\x1b[K\xe2\x80\x99\n'}
[6.142208] (status_display) StderrLine: {'line': b'  141 | Q_GUI_EXPORT QDebug \x1b[01;36m\x1b[Koperator\x1b[m\x1b[K<<(QDebug, const QCursor &);\n'}
[6.142320] (status_display) StderrLine: {'line': b'      |                     \x1b[01;36m\x1b[K^~~~~~~~\x1b[m\x1b[K\n'}
[6.142411] (status_display) StderrLine: {'line': b'\x1b[01m\x1b[K/usr/include/x86_64-linux-gnu/qt5/QtGui/qcursor.h:141:32:\x1b[m\x1b[K \x1b[01;36m\x1b[Knote: \x1b[m\x1b[K  no known conversion for argument 1 from \xe2\x80\x98\x1b[01m\x1b[Kstd::basic_ostream<char>\x1b[m\x1b[K\xe2\x80\x99 to \xe2\x80\x98\x1b[01m\x1b[KQDebug\x1b[m\x1b[K\xe2\x80\x99\n'}
[6.142534] (status_display) StderrLine: {'line': b'  141 | Q_GUI_EXPORT QDebug operator<<(\x1b[01;36m\x1b[KQDebug\x1b[m\x1b[K, const QCursor &);\n'}
[6.142671] (status_display) StderrLine: {'line': b'      |                                \x1b[01;36m\x1b[K^~~~~~\x1b[m\x1b[K\n'}
[6.142821] (status_display) StderrLine: {'line': b'In file included from \x1b[01m\x1b[K/usr/include/x86_64-linux-gnu/qt5/QtCore/qlocale.h:43\x1b[m\x1b[K,\n'}
[6.142917] (status_display) StderrLine: {'line': b'                 from \x1b[01m\x1b[K/usr/include/x86_64-linux-gnu/qt5/QtGui/qguiapplication.h:47\x1b[m\x1b[K,\n'}
[6.143001] (status_display) StderrLine: {'line': b'                 from \x1b[01m\x1b[K/usr/include/x86_64-linux-gnu/qt5/QtWidgets/qapplication.h:52\x1b[m\x1b[K,\n'}
[6.143084] (status_display) StderrLine: {'line': b'                 from \x1b[01m\x1b[K/usr/include/x86_64-linux-gnu/qt5/QtWidgets/QApplication:1\x1b[m\x1b[K,\n'}
[6.143165] (status_display) StderrLine: {'line': b'                 from \x1b[01m\x1b[K/home/shenhang/ros_study/chapter3/topic_practice_workspace/src/status_display/src/sys_status_display.cpp:1\x1b[m\x1b[K:\n'}
[6.143310] (status_display) StderrLine: {'line': b'\x1b[01m\x1b[K/usr/include/x86_64-linux-gnu/qt5/QtCore/qvariant.h:584:28:\x1b[m\x1b[K \x1b[01;36m\x1b[Knote: \x1b[m\x1b[Kcandidate: \xe2\x80\x98\x1b[01m\x1b[KQDataStream& operator<<(QDataStream&, const QVariant&)\x1b[m\x1b[K\xe2\x80\x99\n'}
[6.143419] (status_display) StderrLine: {'line': b'  584 | Q_CORE_EXPORT QDataStream& \x1b[01;36m\x1b[Koperator\x1b[m\x1b[K<< (QDataStream& s, const QVariant& p);\n'}
[6.143507] (status_display) StderrLine: {'line': b'      |                            \x1b[01;36m\x1b[K^~~~~~~~\x1b[m\x1b[K\n'}
[6.143588] (status_display) StderrLine: {'line': b'\x1b[01m\x1b[K/usr/include/x86_64-linux-gnu/qt5/QtCore/qvariant.h:584:53:\x1b[m\x1b[K \x1b[01;36m\x1b[Knote: \x1b[m\x1b[K  no known conversion for argument 1 from \xe2\x80\x98\x1b[01m\x1b[Kstd::basic_ostream<char>\x1b[m\x1b[K\xe2\x80\x99 to \xe2\x80\x98\x1b[01m\x1b[KQDataStream&\x1b[m\x1b[K\xe2\x80\x99\n'}
[6.143726] (status_display) StderrLine: {'line': b'  584 | Q_CORE_EXPORT QDataStream& operator<< (\x1b[01;36m\x1b[KQDataStream& s\x1b[m\x1b[K, const QVariant& p);\n'}
[6.143831] (status_display) StderrLine: {'line': b'      |                                        \x1b[01;36m\x1b[K~~~~~~~~~~~~~^\x1b[m\x1b[K\n'}
[6.143917] (status_display) StderrLine: {'line': b'\x1b[01m\x1b[K/usr/include/x86_64-linux-gnu/qt5/QtCore/qvariant.h:586:28:\x1b[m\x1b[K \x1b[01;36m\x1b[Knote: \x1b[m\x1b[Kcandidate: \xe2\x80\x98\x1b[01m\x1b[KQDataStream& operator<<(QDataStream&, QVariant::Type)\x1b[m\x1b[K\xe2\x80\x99\n'}
[6.144001] (status_display) StderrLine: {'line': b'  586 | Q_CORE_EXPORT QDataStream& \x1b[01;36m\x1b[Koperator\x1b[m\x1b[K<< (QDataStream& s, const QVariant::Type p);\n'}
[6.144084] (status_display) StderrLine: {'line': b'      |                            \x1b[01;36m\x1b[K^~~~~~~~\x1b[m\x1b[K\n'}
[6.144165] (status_display) StderrLine: {'line': b'\x1b[01m\x1b[K/usr/include/x86_64-linux-gnu/qt5/QtCore/qvariant.h:586:53:\x1b[m\x1b[K \x1b[01;36m\x1b[Knote: \x1b[m\x1b[K  no known conversion for argument 1 from \xe2\x80\x98\x1b[01m\x1b[Kstd::basic_ostream<char>\x1b[m\x1b[K\xe2\x80\x99 to \xe2\x80\x98\x1b[01m\x1b[KQDataStream&\x1b[m\x1b[K\xe2\x80\x99\n'}
[6.144299] (status_display) StderrLine: {'line': b'  586 | Q_CORE_EXPORT QDataStream& operator<< (\x1b[01;36m\x1b[KQDataStream& s\x1b[m\x1b[K, const QVariant::Type p);\n'}
[6.144384] (status_display) StderrLine: {'line': b'      |                                        \x1b[01;36m\x1b[K~~~~~~~~~~~~~^\x1b[m\x1b[K\n'}
[6.144465] (status_display) StderrLine: {'line': b'In file included from \x1b[01m\x1b[K/usr/include/x86_64-linux-gnu/qt5/QtCore/qlocale.h:43\x1b[m\x1b[K,\n'}
[6.144546] (status_display) StderrLine: {'line': b'                 from \x1b[01m\x1b[K/usr/include/x86_64-linux-gnu/qt5/QtGui/qguiapplication.h:47\x1b[m\x1b[K,\n'}
[6.144649] (status_display) StderrLine: {'line': b'                 from \x1b[01m\x1b[K/usr/include/x86_64-linux-gnu/qt5/QtWidgets/qapplication.h:52\x1b[m\x1b[K,\n'}
[6.144824] (status_display) StderrLine: {'line': b'                 from \x1b[01m\x1b[K/usr/include/x86_64-linux-gnu/qt5/QtWidgets/QApplication:1\x1b[m\x1b[K,\n'}
[6.144945] (status_display) StderrLine: {'line': b'                 from \x1b[01m\x1b[K/home/shenhang/ros_study/chapter3/topic_practice_workspace/src/status_display/src/sys_status_display.cpp:1\x1b[m\x1b[K:\n'}
[6.145064] (status_display) StderrLine: {'line': b'\x1b[01m\x1b[K/usr/include/x86_64-linux-gnu/qt5/QtCore/qvariant.h:902:22:\x1b[m\x1b[K \x1b[01;36m\x1b[Knote: \x1b[m\x1b[Kcandidate: \xe2\x80\x98\x1b[01m\x1b[KQDebug operator<<(QDebug, const QVariant&)\x1b[m\x1b[K\xe2\x80\x99\n'}
[6.145202] (status_display) StderrLine: {'line': b'  902 | Q_CORE_EXPORT QDebug \x1b[01;36m\x1b[Koperator\x1b[m\x1b[K<<(QDebug, const QVariant &);\n'}
[6.145337] (status_display) StderrLine: {'line': b'      |                      \x1b[01;36m\x1b[K^~~~~~~~\x1b[m\x1b[K\n'}
[6.145444] (status_display) StderrLine: {'line': b'In file included from \x1b[01m\x1b[K/usr/include/x86_64-linux-gnu/qt5/QtCore/qlocale.h:43\x1b[m\x1b[K,\n'}
[6.145527] (status_display) StderrLine: {'line': b'                 from \x1b[01m\x1b[K/usr/include/x86_64-linux-gnu/qt5/QtGui/qguiapplication.h:47\x1b[m\x1b[K,\n'}
[6.145609] (status_display) StderrLine: {'line': b'                 from \x1b[01m\x1b[K/usr/include/x86_64-linux-gnu/qt5/QtWidgets/qapplication.h:52\x1b[m\x1b[K,\n'}
[6.145742] (status_display) StderrLine: {'line': b'                 from \x1b[01m\x1b[K/usr/include/x86_64-linux-gnu/qt5/QtWidgets/QApplication:1\x1b[m\x1b[K,\n'}
[6.145837] (status_display) StderrLine: {'line': b'                 from \x1b[01m\x1b[K/home/shenhang/ros_study/chapter3/topic_practice_workspace/src/status_display/src/sys_status_display.cpp:1\x1b[m\x1b[K:\n'}
[6.145920] (status_display) StderrLine: {'line': b'\x1b[01m\x1b[K/usr/include/x86_64-linux-gnu/qt5/QtCore/qvariant.h:480:44:\x1b[m\x1b[K \x1b[01;36m\x1b[Knote: \x1b[m\x1b[K  no known conversion for argument 1 from \xe2\x80\x98\x1b[01m\x1b[Kstd::basic_ostream<char>\x1b[m\x1b[K\xe2\x80\x99 to \xe2\x80\x98\x1b[01m\x1b[KQDebug\x1b[m\x1b[K\xe2\x80\x99\n'}
[6.146005] (status_display) StderrLine: {'line': b'  480 |     friend Q_CORE_EXPORT QDebug operator<<(\x1b[01;36m\x1b[KQDebug\x1b[m\x1b[K, const QVariant &);\n'}
[6.146087] (status_display) StderrLine: {'line': b'      |                                            \x1b[01;36m\x1b[K^~~~~~\x1b[m\x1b[K\n'}
[6.146191] (status_display) StderrLine: {'line': b'In file included from \x1b[01m\x1b[K/usr/include/x86_64-linux-gnu/qt5/QtCore/qlocale.h:43\x1b[m\x1b[K,\n'}
[6.146290] (status_display) StderrLine: {'line': b'                 from \x1b[01m\x1b[K/usr/include/x86_64-linux-gnu/qt5/QtGui/qguiapplication.h:47\x1b[m\x1b[K,\n'}
[6.146372] (status_display) StderrLine: {'line': b'                 from \x1b[01m\x1b[K/usr/include/x86_64-linux-gnu/qt5/QtWidgets/qapplication.h:52\x1b[m\x1b[K,\n'}
[6.146454] (status_display) StderrLine: {'line': b'                 from \x1b[01m\x1b[K/usr/include/x86_64-linux-gnu/qt5/QtWidgets/QApplication:1\x1b[m\x1b[K,\n'}
[6.146550] (status_display) StderrLine: {'line': b'                 from \x1b[01m\x1b[K/home/shenhang/ros_study/chapter3/topic_practice_workspace/src/status_display/src/sys_status_display.cpp:1\x1b[m\x1b[K:\n'}
[6.146632] (status_display) StderrLine: {'line': b'\x1b[01m\x1b[K/usr/include/x86_64-linux-gnu/qt5/QtCore/qvariant.h:903:22:\x1b[m\x1b[K \x1b[01;36m\x1b[Knote: \x1b[m\x1b[Kcandidate: \xe2\x80\x98\x1b[01m\x1b[KQDebug operator<<(QDebug, QVariant::Type)\x1b[m\x1b[K\xe2\x80\x99\n'}
[6.146775] (status_display) StderrLine: {'line': b'  903 | Q_CORE_EXPORT QDebug \x1b[01;36m\x1b[Koperator\x1b[m\x1b[K<<(QDebug, const QVariant::Type);\n'}
[6.146896] (status_display) StderrLine: {'line': b'      |                      \x1b[01;36m\x1b[K^~~~~~~~\x1b[m\x1b[K\n'}
[6.146979] (status_display) StderrLine: {'line': b'\x1b[01m\x1b[K/usr/include/x86_64-linux-gnu/qt5/QtCore/qvariant.h:903:33:\x1b[m\x1b[K \x1b[01;36m\x1b[Knote: \x1b[m\x1b[K  no known conversion for argument 1 from \xe2\x80\x98\x1b[01m\x1b[Kstd::basic_ostream<char>\x1b[m\x1b[K\xe2\x80\x99 to \xe2\x80\x98\x1b[01m\x1b[KQDebug\x1b[m\x1b[K\xe2\x80\x99\n'}
[6.147062] (status_display) StderrLine: {'line': b'  903 | Q_CORE_EXPORT QDebug operator<<(\x1b[01;36m\x1b[KQDebug\x1b[m\x1b[K, const QVariant::Type);\n'}
[6.147173] (status_display) StderrLine: {'line': b'      |                                 \x1b[01;36m\x1b[K^~~~~~\x1b[m\x1b[K\n'}
[6.147262] (status_display) StderrLine: {'line': b'In file included from \x1b[01m\x1b[K/usr/include/x86_64-linux-gnu/qt5/QtGui/qguiapplication.h:47\x1b[m\x1b[K,\n'}
[6.147343] (status_display) StderrLine: {'line': b'                 from \x1b[01m\x1b[K/usr/include/x86_64-linux-gnu/qt5/QtWidgets/qapplication.h:52\x1b[m\x1b[K,\n'}
[6.147431] (status_display) StderrLine: {'line': b'                 from \x1b[01m\x1b[K/usr/include/x86_64-linux-gnu/qt5/QtWidgets/QApplication:1\x1b[m\x1b[K,\n'}
[6.147511] (status_display) StderrLine: {'line': b'                 from \x1b[01m\x1b[K/home/shenhang/ros_study/chapter3/topic_practice_workspace/src/status_display/src/sys_status_display.cpp:1\x1b[m\x1b[K:\n'}
[6.147592] (status_display) StderrLine: {'line': b'\x1b[01m\x1b[K/usr/include/x86_64-linux-gnu/qt5/QtCore/qlocale.h:1222:28:\x1b[m\x1b[K \x1b[01;36m\x1b[Knote: \x1b[m\x1b[Kcandidate: \xe2\x80\x98\x1b[01m\x1b[KQDataStream& operator<<(QDataStream&, const QLocale&)\x1b[m\x1b[K\xe2\x80\x99\n'}
[6.147679] (status_display) StderrLine: {'line': b' 1222 | Q_CORE_EXPORT QDataStream &\x1b[01;36m\x1b[Koperator\x1b[m\x1b[K<<(QDataStream &, const QLocale &);\n'}
[6.147809] (status_display) StderrLine: {'line': b'      |                            \x1b[01;36m\x1b[K^~~~~~~~\x1b[m\x1b[K\n'}
[6.147897] (status_display) StderrLine: {'line': b'\x1b[01m\x1b[K/usr/include/x86_64-linux-gnu/qt5/QtCore/qlocale.h:1222:39:\x1b[m\x1b[K \x1b[01;36m\x1b[Knote: \x1b[m\x1b[K  no known conversion for argument 1 from \xe2\x80\x98\x1b[01m\x1b[Kstd::basic_ostream<char>\x1b[m\x1b[K\xe2\x80\x99 to \xe2\x80\x98\x1b[01m\x1b[KQDataStream&\x1b[m\x1b[K\xe2\x80\x99\n'}
[6.147982] (status_display) StderrLine: {'line': b' 1222 | Q_CORE_EXPORT QDataStream &operator<<(\x1b[01;36m\x1b[KQDataStream &\x1b[m\x1b[K, const QLocale &);\n'}
[6.148063] (status_display) StderrLine: {'line': b'      |                                       \x1b[01;36m\x1b[K^~~~~~~~~~~~~\x1b[m\x1b[K\n'}
[6.148182] (status_display) StderrLine: {'line': b'\x1b[01m\x1b[K/usr/include/x86_64-linux-gnu/qt5/QtCore/qlocale.h:1227:22:\x1b[m\x1b[K \x1b[01;36m\x1b[Knote: \x1b[m\x1b[Kcandidate: \xe2\x80\x98\x1b[01m\x1b[KQDebug operator<<(QDebug, const QLocale&)\x1b[m\x1b[K\xe2\x80\x99\n'}
[6.148272] (status_display) StderrLine: {'line': b' 1227 | Q_CORE_EXPORT QDebug \x1b[01;36m\x1b[Koperator\x1b[m\x1b[K<<(QDebug, const QLocale &);\n'}
[6.148356] (status_display) StderrLine: {'line': b'      |                      \x1b[01;36m\x1b[K^~~~~~~~\x1b[m\x1b[K\n'}
[6.148436] (status_display) StderrLine: {'line': b'\x1b[01m\x1b[K/usr/include/x86_64-linux-gnu/qt5/QtCore/qlocale.h:1227:33:\x1b[m\x1b[K \x1b[01;36m\x1b[Knote: \x1b[m\x1b[K  no known conversion for argument 1 from \xe2\x80\x98\x1b[01m\x1b[Kstd::basic_ostream<char>\x1b[m\x1b[K\xe2\x80\x99 to \xe2\x80\x98\x1b[01m\x1b[KQDebug\x1b[m\x1b[K\xe2\x80\x99\n'}
[6.148532] (status_display) StderrLine: {'line': b' 1227 | Q_CORE_EXPORT QDebug operator<<(\x1b[01;36m\x1b[KQDebug\x1b[m\x1b[K, const QLocale &);\n'}
[6.148613] (status_display) StderrLine: {'line': b'      |                                 \x1b[01;36m\x1b[K^~~~~~\x1b[m\x1b[K\n'}
[6.148700] (status_display) StderrLine: {'line': b'In file included from \x1b[01m\x1b[K/usr/include/x86_64-linux-gnu/qt5/QtGui/qpaintdevice.h:45\x1b[m\x1b[K,\n'}
[6.148830] (status_display) StderrLine: {'line': b'                 from \x1b[01m\x1b[K/usr/include/x86_64-linux-gnu/qt5/QtWidgets/qwidget.h:47\x1b[m\x1b[K,\n'}
[6.148915] (status_display) StderrLine: {'line': b'                 from \x1b[01m\x1b[K/usr/include/x86_64-linux-gnu/qt5/QtWidgets/qframe.h:44\x1b[m\x1b[K,\n'}
[6.148996] (status_display) StderrLine: {'line': b'                 from \x1b[01m\x1b[K/usr/include/x86_64-linux-gnu/qt5/QtWidgets/qlabel.h:44\x1b[m\x1b[K,\n'}
[6.149077] (status_display) StderrLine: {'line': b'                 from \x1b[01m\x1b[K/usr/include/x86_64-linux-gnu/qt5/QtWidgets/QLabel:1\x1b[m\x1b[K,\n'}
[6.149186] (status_display) StderrLine: {'line': b'                 from \x1b[01m\x1b[K/home/shenhang/ros_study/chapter3/topic_practice_workspace/src/status_display/src/sys_status_display.cpp:2\x1b[m\x1b[K:\n'}
[6.149271] (status_display) StderrLine: {'line': b'\x1b[01m\x1b[K/usr/include/x86_64-linux-gnu/qt5/QtCore/qrect.h:176:28:\x1b[m\x1b[K \x1b[01;36m\x1b[Knote: \x1b[m\x1b[Kcandidate: \xe2\x80\x98\x1b[01m\x1b[KQDataStream& operator<<(QDataStream&, const QRect&)\x1b[m\x1b[K\xe2\x80\x99\n'}
[6.149355] (status_display) StderrLine: {'line': b'  176 | Q_CORE_EXPORT QDataStream &\x1b[01;36m\x1b[Koperator\x1b[m\x1b[K<<(QDataStream &, const QRect &);\n'}
[6.149436] (status_display) StderrLine: {'line': b'      |                            \x1b[01;36m\x1b[K^~~~~~~~\x1b[m\x1b[K\n'}
[6.149516] (status_display) StderrLine: {'line': b'\x1b[01m\x1b[K/usr/include/x86_64-linux-gnu/qt5/QtCore/qrect.h:176:39:\x1b[m\x1b[K \x1b[01;36m\x1b[Knote: \x1b[m\x1b[K  no known conversion for argument 1 from \xe2\x80\x98\x1b[01m\x1b[Kstd::basic_ostream<char>\x1b[m\x1b[K\xe2\x80\x99 to \xe2\x80\x98\x1b[01m\x1b[KQDataStream&\x1b[m\x1b[K\xe2\x80\x99\n'}
[6.149599] (status_display) StderrLine: {'line': b'  176 | Q_CORE_EXPORT QDataStream &operator<<(\x1b[01;36m\x1b[KQDataStream &\x1b[m\x1b[K, const QRect &);\n'}
[6.149710] (status_display) StderrLine: {'line': b'      |                                       \x1b[01;36m\x1b[K^~~~~~~~~~~~~\x1b[m\x1b[K\n'}
[6.149812] (status_display) StderrLine: {'line': b'\x1b[01m\x1b[K/usr/include/x86_64-linux-gnu/qt5/QtCore/qrect.h:507:22:\x1b[m\x1b[K \x1b[01;36m\x1b[Knote: \x1b[m\x1b[Kcandidate: \xe2\x80\x98\x1b[01m\x1b[KQDebug operator<<(QDebug, const QRect&)\x1b[m\x1b[K\xe2\x80\x99\n'}
[6.149907] (status_display) StderrLine: {'line': b'  507 | Q_CORE_EXPORT QDebug \x1b[01;36m\x1b[Koperator\x1b[m\x1b[K<<(QDebug, const QRect &);\n'}
[6.149997] (status_display) StderrLine: {'line': b'      |                      \x1b[01;36m\x1b[K^~~~~~~~\x1b[m\x1b[K\n'}
[6.150148] (status_display) StderrLine: {'line': b'\x1b[01m\x1b[K/usr/include/x86_64-linux-gnu/qt5/QtCore/qrect.h:507:33:\x1b[m\x1b[K \x1b[01;36m\x1b[Knote: \x1b[m\x1b[K  no known conversion for argument 1 from \xe2\x80\x98\x1b[01m\x1b[Kstd::basic_ostream<char>\x1b[m\x1b[K\xe2\x80\x99 to \xe2\x80\x98\x1b[01m\x1b[KQDebug\x1b[m\x1b[K\xe2\x80\x99\n'}
[6.150234] (status_display) StderrLine: {'line': b'  507 | Q_CORE_EXPORT QDebug operator<<(\x1b[01;36m\x1b[KQDebug\x1b[m\x1b[K, const QRect &);\n'}
[6.150316] (status_display) StderrLine: {'line': b'      |                                 \x1b[01;36m\x1b[K^~~~~~\x1b[m\x1b[K\n'}
[6.150396] (status_display) StderrLine: {'line': b'\x1b[01m\x1b[K/usr/include/x86_64-linux-gnu/qt5/QtCore/qrect.h:636:28:\x1b[m\x1b[K \x1b[01;36m\x1b[Knote: \x1b[m\x1b[Kcandidate: \xe2\x80\x98\x1b[01m\x1b[KQDataStream& operator<<(QDataStream&, const QRectF&)\x1b[m\x1b[K\xe2\x80\x99\n'}
[6.150490] (status_display) StderrLine: {'line': b'  636 | Q_CORE_EXPORT QDataStream &\x1b[01;36m\x1b[Koperator\x1b[m\x1b[K<<(QDataStream &, const QRectF &);\n'}
[6.150575] (status_display) StderrLine: {'line': b'      |                            \x1b[01;36m\x1b[K^~~~~~~~\x1b[m\x1b[K\n'}
[6.150656] (status_display) StderrLine: {'line': b'\x1b[01m\x1b[K/usr/include/x86_64-linux-gnu/qt5/QtCore/qrect.h:636:39:\x1b[m\x1b[K \x1b[01;36m\x1b[Knote: \x1b[m\x1b[K  no known conversion for argument 1 from \xe2\x80\x98\x1b[01m\x1b[Kstd::basic_ostream<char>\x1b[m\x1b[K\xe2\x80\x99 to \xe2\x80\x98\x1b[01m\x1b[KQDataStream&\x1b[m\x1b[K\xe2\x80\x99\n'}
[6.150792] (status_display) StderrLine: {'line': b'  636 | Q_CORE_EXPORT QDataStream &operator<<(\x1b[01;36m\x1b[KQDataStream &\x1b[m\x1b[K, const QRectF &);\n'}
[6.150879] (status_display) StderrLine: {'line': b'      |                                       \x1b[01;36m\x1b[K^~~~~~~~~~~~~\x1b[m\x1b[K\n'}
[6.150960] (status_display) StderrLine: {'line': b'\x1b[01m\x1b[K/usr/include/x86_64-linux-gnu/qt5/QtCore/qrect.h:920:22:\x1b[m\x1b[K \x1b[01;36m\x1b[Knote: \x1b[m\x1b[Kcandidate: \xe2\x80\x98\x1b[01m\x1b[KQDebug operator<<(QDebug, const QRectF&)\x1b[m\x1b[K\xe2\x80\x99\n'}
[6.151058] (status_display) StderrLine: {'line': b'  920 | Q_CORE_EXPORT QDebug \x1b[01;36m\x1b[Koperator\x1b[m\x1b[K<<(QDebug, const QRectF &);\n'}
[6.151150] (status_display) StderrLine: {'line': b'      |                      \x1b[01;36m\x1b[K^~~~~~~~\x1b[m\x1b[K\n'}
[6.151231] (status_display) StderrLine: {'line': b'\x1b[01m\x1b[K/usr/include/x86_64-linux-gnu/qt5/QtCore/qrect.h:920:33:\x1b[m\x1b[K \x1b[01;36m\x1b[Knote: \x1b[m\x1b[K  no known conversion for argument 1 from \xe2\x80\x98\x1b[01m\x1b[Kstd::basic_ostream<char>\x1b[m\x1b[K\xe2\x80\x99 to \xe2\x80\x98\x1b[01m\x1b[KQDebug\x1b[m\x1b[K\xe2\x80\x99\n'}
[6.151314] (status_display) StderrLine: {'line': b'  920 | Q_CORE_EXPORT QDebug operator<<(\x1b[01;36m\x1b[KQDebug\x1b[m\x1b[K, const QRectF &);\n'}
[6.151400] (status_display) StderrLine: {'line': b'      |                                 \x1b[01;36m\x1b[K^~~~~~\x1b[m\x1b[K\n'}
[6.151480] (status_display) StderrLine: {'line': b'In file included from \x1b[01m\x1b[K/usr/include/x86_64-linux-gnu/qt5/QtGui/qpalette.h:45\x1b[m\x1b[K,\n'}
[6.151561] (status_display) StderrLine: {'line': b'                 from \x1b[01m\x1b[K/usr/include/x86_64-linux-gnu/qt5/QtWidgets/qwidget.h:48\x1b[m\x1b[K,\n'}
[6.151642] (status_display) StderrLine: {'line': b'                 from \x1b[01m\x1b[K/usr/include/x86_64-linux-gnu/qt5/QtWidgets/qframe.h:44\x1b[m\x1b[K,\n'}
[6.151761] (status_display) StderrLine: {'line': b'                 from \x1b[01m\x1b[K/usr/include/x86_64-linux-gnu/qt5/QtWidgets/qlabel.h:44\x1b[m\x1b[K,\n'}
[6.151851] (status_display) StderrLine: {'line': b'                 from \x1b[01m\x1b[K/usr/include/x86_64-linux-gnu/qt5/QtWidgets/QLabel:1\x1b[m\x1b[K,\n'}
[6.151932] (status_display) StderrLine: {'line': b'                 from \x1b[01m\x1b[K/home/shenhang/ros_study/chapter3/topic_practice_workspace/src/status_display/src/sys_status_display.cpp:2\x1b[m\x1b[K:\n'}
[6.152029] (status_display) StderrLine: {'line': b'\x1b[01m\x1b[K/usr/include/x86_64-linux-gnu/qt5/QtGui/qcolor.h:57:21:\x1b[m\x1b[K \x1b[01;36m\x1b[Knote: \x1b[m\x1b[Kcandidate: \xe2\x80\x98\x1b[01m\x1b[KQDebug operator<<(QDebug, const QColor&)\x1b[m\x1b[K\xe2\x80\x99\n'}
[6.152129] (status_display) StderrLine: {'line': b'   57 | Q_GUI_EXPORT QDebug \x1b[01;36m\x1b[Koperator\x1b[m\x1b[K<<(QDebug, const QColor &);\n'}
[6.152210] (status_display) StderrLine: {'line': b'      |                     \x1b[01;36m\x1b[K^~~~~~~~\x1b[m\x1b[K\n'}
[6.152290] (status_display) StderrLine: {'line': b'\x1b[01m\x1b[K/usr/include/x86_64-linux-gnu/qt5/QtGui/qcolor.h:57:32:\x1b[m\x1b[K \x1b[01;36m\x1b[Knote: \x1b[m\x1b[K  no known conversion for argument 1 from \xe2\x80\x98\x1b[01m\x1b[Kstd::basic_ostream<char>\x1b[m\x1b[K\xe2\x80\x99 to \xe2\x80\x98\x1b[01m\x1b[KQDebug\x1b[m\x1b[K\xe2\x80\x99\n'}
[6.152379] (status_display) StderrLine: {'line': b'   57 | Q_GUI_EXPORT QDebug operator<<(\x1b[01;36m\x1b[KQDebug\x1b[m\x1b[K, const QColor &);\n'}
[6.152459] (status_display) StderrLine: {'line': b'      |                                \x1b[01;36m\x1b[K^~~~~~\x1b[m\x1b[K\n'}
[6.152540] (status_display) StderrLine: {'line': b'\x1b[01m\x1b[K/usr/include/x86_64-linux-gnu/qt5/QtGui/qcolor.h:309:38:\x1b[m\x1b[K \x1b[01;36m\x1b[Knote: \x1b[m\x1b[Kcandidate: \xe2\x80\x98\x1b[01m\x1b[KQDataStream& operator<<(QDataStream&, const QColor&)\x1b[m\x1b[K\xe2\x80\x99\n'}
[6.152622] (status_display) StderrLine: {'line': b'  309 |     friend Q_GUI_EXPORT QDataStream &\x1b[01;36m\x1b[Koperator\x1b[m\x1b[K<<(QDataStream &, const QColor &);\n'}
[6.152735] (status_display) StderrLine: {'line': b'      |                                      \x1b[01;36m\x1b[K^~~~~~~~\x1b[m\x1b[K\n'}
[6.152840] (status_display) StderrLine: {'line': b'\x1b[01m\x1b[K/usr/include/x86_64-linux-gnu/qt5/QtGui/qcolor.h:60:38:\x1b[m\x1b[K \x1b[01;36m\x1b[Knote: \x1b[m\x1b[K  no known conversion for argument 1 from \xe2\x80\x98\x1b[01m\x1b[Kstd::basic_ostream<char>\x1b[m\x1b[K\xe2\x80\x99 to \xe2\x80\x98\x1b[01m\x1b[KQDataStream&\x1b[m\x1b[K\xe2\x80\x99\n'}
[6.152928] (status_display) StderrLine: {'line': b'   60 | Q_GUI_EXPORT QDataStream &operator<<(\x1b[01;36m\x1b[KQDataStream &\x1b[m\x1b[K, const QColor &);\n'}
[6.153031] (status_display) StderrLine: {'line': b'      |                                      \x1b[01;36m\x1b[K^~~~~~~~~~~~~\x1b[m\x1b[K\n'}
[6.153117] (status_display) StderrLine: {'line': b'In file included from \x1b[01m\x1b[K/usr/include/x86_64-linux-gnu/qt5/QtGui/qmatrix.h:44\x1b[m\x1b[K,\n'}
[6.153197] (status_display) StderrLine: {'line': b'                 from \x1b[01m\x1b[K/usr/include/x86_64-linux-gnu/qt5/QtGui/qbrush.h:49\x1b[m\x1b[K,\n'}
[6.153278] (status_display) StderrLine: {'line': b'                 from \x1b[01m\x1b[K/usr/include/x86_64-linux-gnu/qt5/QtGui/qpalette.h:46\x1b[m\x1b[K,\n'}
[6.153358] (status_display) StderrLine: {'line': b'                 from \x1b[01m\x1b[K/usr/include/x86_64-linux-gnu/qt5/QtWidgets/qwidget.h:48\x1b[m\x1b[K,\n'}
[6.153438] (status_display) StderrLine: {'line': b'                 from \x1b[01m\x1b[K/usr/include/x86_64-linux-gnu/qt5/QtWidgets/qframe.h:44\x1b[m\x1b[K,\n'}
[6.153519] (status_display) StderrLine: {'line': b'                 from \x1b[01m\x1b[K/usr/include/x86_64-linux-gnu/qt5/QtWidgets/qlabel.h:44\x1b[m\x1b[K,\n'}
[6.153599] (status_display) StderrLine: {'line': b'                 from \x1b[01m\x1b[K/usr/include/x86_64-linux-gnu/qt5/QtWidgets/QLabel:1\x1b[m\x1b[K,\n'}
[6.153728] (status_display) StderrLine: {'line': b'                 from \x1b[01m\x1b[K/home/shenhang/ros_study/chapter3/topic_practice_workspace/src/status_display/src/sys_status_display.cpp:2\x1b[m\x1b[K:\n'}
[6.153833] (status_display) StderrLine: {'line': b'\x1b[01m\x1b[K/usr/include/x86_64-linux-gnu/qt5/QtGui/qpolygon.h:105:21:\x1b[m\x1b[K \x1b[01;36m\x1b[Knote: \x1b[m\x1b[Kcandidate: \xe2\x80\x98\x1b[01m\x1b[KQDebug operator<<(QDebug, const QPolygon&)\x1b[m\x1b[K\xe2\x80\x99\n'}
[6.153923] (status_display) StderrLine: {'line': b'  105 | Q_GUI_EXPORT QDebug \x1b[01;36m\x1b[Koperator\x1b[m\x1b[K<<(QDebug, const QPolygon &);\n'}
[6.154037] (status_display) StderrLine: {'line': b'      |                     \x1b[01;36m\x1b[K^~~~~~~~\x1b[m\x1b[K\n'}
[6.154121] (status_display) StderrLine: {'line': b'\x1b[01m\x1b[K/usr/include/x86_64-linux-gnu/qt5/QtGui/qpolygon.h:105:32:\x1b[m\x1b[K \x1b[01;36m\x1b[Knote: \x1b[m\x1b[K  no known conversion for argument 1 from \xe2\x80\x98\x1b[01m\x1b[Kstd::basic_ostream<char>\x1b[m\x1b[K\xe2\x80\x99 to \xe2\x80\x98\x1b[01m\x1b[KQDebug\x1b[m\x1b[K\xe2\x80\x99\n'}
[6.154220] (status_display) StderrLine: {'line': b'  105 | Q_GUI_EXPORT QDebug operator<<(\x1b[01;36m\x1b[KQDebug\x1b[m\x1b[K, const QPolygon &);\n'}
[6.154304] (status_display) StderrLine: {'line': b'      |                                \x1b[01;36m\x1b[K^~~~~~\x1b[m\x1b[K\n'}
[6.154389] (status_display) StderrLine: {'line': b'\x1b[01m\x1b[K/usr/include/x86_64-linux-gnu/qt5/QtGui/qpolygon.h:112:27:\x1b[m\x1b[K \x1b[01;36m\x1b[Knote: \x1b[m\x1b[Kcandidate: \xe2\x80\x98\x1b[01m\x1b[KQDataStream& operator<<(QDataStream&, const QPolygon&)\x1b[m\x1b[K\xe2\x80\x99\n'}
[6.154471] (status_display) StderrLine: {'line': b'  112 | Q_GUI_EXPORT QDataStream &\x1b[01;36m\x1b[Koperator\x1b[m\x1b[K<<(QDataStream &stream, const QPolygon &polygon);\n'}
[6.154553] (status_display) StderrLine: {'line': b'      |                           \x1b[01;36m\x1b[K^~~~~~~~\x1b[m\x1b[K\n'}
[6.154645] (status_display) StderrLine: {'line': b'\x1b[01m\x1b[K/usr/include/x86_64-linux-gnu/qt5/QtGui/qpolygon.h:112:51:\x1b[m\x1b[K \x1b[01;36m\x1b[Knote: \x1b[m\x1b[K  no known conversion for argument 1 from \xe2\x80\x98\x1b[01m\x1b[Kstd::basic_ostream<char>\x1b[m\x1b[K\xe2\x80\x99 to \xe2\x80\x98\x1b[01m\x1b[KQDataStream&\x1b[m\x1b[K\xe2\x80\x99\n'}
[6.154809] (status_display) StderrLine: {'line': b'  112 | Q_GUI_EXPORT QDataStream &operator<<(\x1b[01;36m\x1b[KQDataStream &stream\x1b[m\x1b[K, const QPolygon &polygon);\n'}
[6.154974] (status_display) StderrLine: {'line': b'      |                                      \x1b[01;36m\x1b[K~~~~~~~~~~~~~^~~~~~\x1b[m\x1b[K\n'}
[6.155101] (status_display) StderrLine: {'line': b'\x1b[01m\x1b[K/usr/include/x86_64-linux-gnu/qt5/QtGui/qpolygon.h:180:21:\x1b[m\x1b[K \x1b[01;36m\x1b[Knote: \x1b[m\x1b[Kcandidate: \xe2\x80\x98\x1b[01m\x1b[KQDebug operator<<(QDebug, const QPolygonF&)\x1b[m\x1b[K\xe2\x80\x99\n'}
[6.155192] (status_display) StderrLine: {'line': b'  180 | Q_GUI_EXPORT QDebug \x1b[01;36m\x1b[Koperator\x1b[m\x1b[K<<(QDebug, const QPolygonF &);\n'}
[6.155274] (status_display) StderrLine: {'line': b'      |                     \x1b[01;36m\x1b[K^~~~~~~~\x1b[m\x1b[K\n'}
[6.155354] (status_display) StderrLine: {'line': b'\x1b[01m\x1b[K/usr/include/x86_64-linux-gnu/qt5/QtGui/qpolygon.h:180:32:\x1b[m\x1b[K \x1b[01;36m\x1b[Knote: \x1b[m\x1b[K  no known conversion for argument 1 from \xe2\x80\x98\x1b[01m\x1b[Kstd::basic_ostream<char>\x1b[m\x1b[K\xe2\x80\x99 to \xe2\x80\x98\x1b[01m\x1b[KQDebug\x1b[m\x1b[K\xe2\x80\x99\n'}
[6.155437] (status_display) StderrLine: {'line': b'  180 | Q_GUI_EXPORT QDebug operator<<(\x1b[01;36m\x1b[KQDebug\x1b[m\x1b[K, const QPolygonF &);\n'}
[6.155517] (status_display) StderrLine: {'line': b'      |                                \x1b[01;36m\x1b[K^~~~~~\x1b[m\x1b[K\n'}
[6.155597] (status_display) StderrLine: {'line': b'\x1b[01m\x1b[K/usr/include/x86_64-linux-gnu/qt5/QtGui/qpolygon.h:187:27:\x1b[m\x1b[K \x1b[01;36m\x1b[Knote: \x1b[m\x1b[Kcandidate: \xe2\x80\x98\x1b[01m\x1b[KQDataStream& operator<<(QDataStream&, const QPolygonF&)\x1b[m\x1b[K\xe2\x80\x99\n'}
[6.155724] (status_display) StderrLine: {'line': b'  187 | Q_GUI_EXPORT QDataStream &\x1b[01;36m\x1b[Koperator\x1b[m\x1b[K<<(QDataStream &stream, const QPolygonF &array);\n'}
[6.155824] (status_display) StderrLine: {'line': b'      |                           \x1b[01;36m\x1b[K^~~~~~~~\x1b[m\x1b[K\n'}
[6.155910] (status_display) StderrLine: {'line': b'\x1b[01m\x1b[K/usr/include/x86_64-linux-gnu/qt5/QtGui/qpolygon.h:187:51:\x1b[m\x1b[K \x1b[01;36m\x1b[Knote: \x1b[m\x1b[K  no known conversion for argument 1 from \xe2\x80\x98\x1b[01m\x1b[Kstd::basic_ostream<char>\x1b[m\x1b[K\xe2\x80\x99 to \xe2\x80\x98\x1b[01m\x1b[KQDataStream&\x1b[m\x1b[K\xe2\x80\x99\n'}
[6.156033] (status_display) StderrLine: {'line': b'  187 | Q_GUI_EXPORT QDataStream &operator<<(\x1b[01;36m\x1b[KQDataStream &stream\x1b[m\x1b[K, const QPolygonF &array);\n'}
[6.156115] (status_display) StderrLine: {'line': b'      |                                      \x1b[01;36m\x1b[K~~~~~~~~~~~~~^~~~~~\x1b[m\x1b[K\n'}
[6.156203] (status_display) StderrLine: {'line': b'In file included from \x1b[01m\x1b[K/usr/include/x86_64-linux-gnu/qt5/QtCore/qdatastream.h:44\x1b[m\x1b[K,\n'}
[6.156285] (status_display) StderrLine: {'line': b'                 from \x1b[01m\x1b[K/usr/include/x86_64-linux-gnu/qt5/QtGui/qregion.h:49\x1b[m\x1b[K,\n'}
[6.156370] (status_display) StderrLine: {'line': b'                 from \x1b[01m\x1b[K/usr/include/x86_64-linux-gnu/qt5/QtGui/qmatrix.h:45\x1b[m\x1b[K,\n'}
[6.156451] (status_display) StderrLine: {'line': b'                 from \x1b[01m\x1b[K/usr/include/x86_64-linux-gnu/qt5/QtGui/qbrush.h:49\x1b[m\x1b[K,\n'}
[6.156531] (status_display) StderrLine: {'line': b'                 from \x1b[01m\x1b[K/usr/include/x86_64-linux-gnu/qt5/QtGui/qpalette.h:46\x1b[m\x1b[K,\n'}
[6.156611] (status_display) StderrLine: {'line': b'                 from \x1b[01m\x1b[K/usr/include/x86_64-linux-gnu/qt5/QtWidgets/qwidget.h:48\x1b[m\x1b[K,\n'}
[6.156731] (status_display) StderrLine: {'line': b'                 from \x1b[01m\x1b[K/usr/include/x86_64-linux-gnu/qt5/QtWidgets/qframe.h:44\x1b[m\x1b[K,\n'}
[6.156822] (status_display) StderrLine: {'line': b'                 from \x1b[01m\x1b[K/usr/include/x86_64-linux-gnu/qt5/QtWidgets/qlabel.h:44\x1b[m\x1b[K,\n'}
[6.156927] (status_display) StderrLine: {'line': b'                 from \x1b[01m\x1b[K/usr/include/x86_64-linux-gnu/qt5/QtWidgets/QLabel:1\x1b[m\x1b[K,\n'}
[6.157022] (status_display) StderrLine: {'line': b'                 from \x1b[01m\x1b[K/home/shenhang/ros_study/chapter3/topic_practice_workspace/src/status_display/src/sys_status_display.cpp:2\x1b[m\x1b[K:\n'}
[6.157104] (status_display) StderrLine: {'line': b'\x1b[01m\x1b[K/usr/include/x86_64-linux-gnu/qt5/QtCore/qiodevice.h:189:22:\x1b[m\x1b[K \x1b[01;36m\x1b[Knote: \x1b[m\x1b[Kcandidate: \xe2\x80\x98\x1b[01m\x1b[KQDebug operator<<(QDebug, QIODevice::OpenMode)\x1b[m\x1b[K\xe2\x80\x99\n'}
[6.157185] (status_display) StderrLine: {'line': b'  189 | Q_CORE_EXPORT QDebug \x1b[01;36m\x1b[Koperator\x1b[m\x1b[K<<(QDebug debug, QIODevice::OpenMode modes);\n'}
[6.157266] (status_display) StderrLine: {'line': b'      |                      \x1b[01;36m\x1b[K^~~~~~~~\x1b[m\x1b[K\n'}
[6.157349] (status_display) StderrLine: {'line': b'\x1b[01m\x1b[K/usr/include/x86_64-linux-gnu/qt5/QtCore/qiodevice.h:189:40:\x1b[m\x1b[K \x1b[01;36m\x1b[Knote: \x1b[m\x1b[K  no known conversion for argument 1 from \xe2\x80\x98\x1b[01m\x1b[Kstd::basic_ostream<char>\x1b[m\x1b[K\xe2\x80\x99 to \xe2\x80\x98\x1b[01m\x1b[KQDebug\x1b[m\x1b[K\xe2\x80\x99\n'}
[6.157440] (status_display) StderrLine: {'line': b'  189 | Q_CORE_EXPORT QDebug operator<<(\x1b[01;36m\x1b[KQDebug debug\x1b[m\x1b[K, QIODevice::OpenMode modes);\n'}
[6.157525] (status_display) StderrLine: {'line': b'      |                                 \x1b[01;36m\x1b[K~~~~~~~^~~~~\x1b[m\x1b[K\n'}
[6.157606] (status_display) StderrLine: {'line': b'In file included from \x1b[01m\x1b[K/usr/include/x86_64-linux-gnu/qt5/QtGui/qmatrix.h:45\x1b[m\x1b[K,\n'}
[6.157851] (status_display) StderrLine: {'line': b'                 from \x1b[01m\x1b[K/usr/include/x86_64-linux-gnu/qt5/QtGui/qbrush.h:49\x1b[m\x1b[K,\n'}
[6.157997] (status_display) StderrLine: {'line': b'                 from \x1b[01m\x1b[K/usr/include/x86_64-linux-gnu/qt5/QtGui/qpalette.h:46\x1b[m\x1b[K,\n'}
[6.158131] (status_display) StderrLine: {'line': b'                 from \x1b[01m\x1b[K/usr/include/x86_64-linux-gnu/qt5/QtWidgets/qwidget.h:48\x1b[m\x1b[K,\n'}
[6.158258] (status_display) StderrLine: {'line': b'                 from \x1b[01m\x1b[K/usr/include/x86_64-linux-gnu/qt5/QtWidgets/qframe.h:44\x1b[m\x1b[K,\n'}
[6.158383] (status_display) StderrLine: {'line': b'                 from \x1b[01m\x1b[K/usr/include/x86_64-linux-gnu/qt5/QtWidgets/qlabel.h:44\x1b[m\x1b[K,\n'}
[6.158526] (status_display) StderrLine: {'line': b'                 from \x1b[01m\x1b[K/usr/include/x86_64-linux-gnu/qt5/QtWidgets/QLabel:1\x1b[m\x1b[K,\n'}
[6.158623] (status_display) StderrLine: {'line': b'                 from \x1b[01m\x1b[K/home/shenhang/ros_study/chapter3/topic_practice_workspace/src/status_display/src/sys_status_display.cpp:2\x1b[m\x1b[K:\n'}
[6.158805] (status_display) StderrLine: {'line': b'\x1b[01m\x1b[K/usr/include/x86_64-linux-gnu/qt5/QtGui/qregion.h:189:27:\x1b[m\x1b[K \x1b[01;36m\x1b[Knote: \x1b[m\x1b[Kcandidate: \xe2\x80\x98\x1b[01m\x1b[KQDataStream& operator<<(QDataStream&, const QRegion&)\x1b[m\x1b[K\xe2\x80\x99\n'}
[6.158936] (status_display) StderrLine: {'line': b'  189 | Q_GUI_EXPORT QDataStream &\x1b[01;36m\x1b[Koperator\x1b[m\x1b[K<<(QDataStream &, const QRegion &);\n'}
[6.159019] (status_display) StderrLine: {'line': b'      |                           \x1b[01;36m\x1b[K^~~~~~~~\x1b[m\x1b[K\n'}
[6.159100] (status_display) StderrLine: {'line': b'\x1b[01m\x1b[K/usr/include/x86_64-linux-gnu/qt5/QtGui/qregion.h:160:49:\x1b[m\x1b[K \x1b[01;36m\x1b[Knote: \x1b[m\x1b[K  no known conversion for argument 1 from \xe2\x80\x98\x1b[01m\x1b[Kstd::basic_ostream<char>\x1b[m\x1b[K\xe2\x80\x99 to \xe2\x80\x98\x1b[01m\x1b[KQDataStream&\x1b[m\x1b[K\xe2\x80\x99\n'}
[6.159183] (status_display) StderrLine: {'line': b'  160 |     friend Q_GUI_EXPORT QDataStream &operator<<(\x1b[01;36m\x1b[KQDataStream &\x1b[m\x1b[K, const QRegion &);\n'}
[6.159268] (status_display) StderrLine: {'line': b'      |                                                 \x1b[01;36m\x1b[K^~~~~~~~~~~~~\x1b[m\x1b[K\n'}
[6.159349] (status_display) StderrLine: {'line': b'\x1b[01m\x1b[K/usr/include/x86_64-linux-gnu/qt5/QtGui/qregion.h:194:21:\x1b[m\x1b[K \x1b[01;36m\x1b[Knote: \x1b[m\x1b[Kcandidate: \xe2\x80\x98\x1b[01m\x1b[KQDebug operator<<(QDebug, const QRegion&)\x1b[m\x1b[K\xe2\x80\x99\n'}
[6.159431] (status_display) StderrLine: {'line': b'  194 | Q_GUI_EXPORT QDebug \x1b[01;36m\x1b[Koperator\x1b[m\x1b[K<<(QDebug, const QRegion &);\n'}
[6.159511] (status_display) StderrLine: {'line': b'      |                     \x1b[01;36m\x1b[K^~~~~~~~\x1b[m\x1b[K\n'}
[6.159591] (status_display) StderrLine: {'line': b'\x1b[01m\x1b[K/usr/include/x86_64-linux-gnu/qt5/QtGui/qregion.h:194:32:\x1b[m\x1b[K \x1b[01;36m\x1b[Knote: \x1b[m\x1b[K  no known conversion for argument 1 from \xe2\x80\x98\x1b[01m\x1b[Kstd::basic_ostream<char>\x1b[m\x1b[K\xe2\x80\x99 to \xe2\x80\x98\x1b[01m\x1b[KQDebug\x1b[m\x1b[K\xe2\x80\x99\n'}
[6.159680] (status_display) StderrLine: {'line': b'  194 | Q_GUI_EXPORT QDebug operator<<(\x1b[01;36m\x1b[KQDebug\x1b[m\x1b[K, const QRegion &);\n'}
[6.159810] (status_display) StderrLine: {'line': b'      |                                \x1b[01;36m\x1b[K^~~~~~\x1b[m\x1b[K\n'}
[6.159922] (status_display) StderrLine: {'line': b'In file included from \x1b[01m\x1b[K/usr/include/x86_64-linux-gnu/qt5/QtGui/qmatrix.h:47\x1b[m\x1b[K,\n'}
[6.160004] (status_display) StderrLine: {'line': b'                 from \x1b[01m\x1b[K/usr/include/x86_64-linux-gnu/qt5/QtGui/qbrush.h:49\x1b[m\x1b[K,\n'}
[6.160084] (status_display) StderrLine: {'line': b'                 from \x1b[01m\x1b[K/usr/include/x86_64-linux-gnu/qt5/QtGui/qpalette.h:46\x1b[m\x1b[K,\n'}
[6.160172] (status_display) StderrLine: {'line': b'                 from \x1b[01m\x1b[K/usr/include/x86_64-linux-gnu/qt5/QtWidgets/qwidget.h:48\x1b[m\x1b[K,\n'}
[6.160253] (status_display) StderrLine: {'line': b'                 from \x1b[01m\x1b[K/usr/include/x86_64-linux-gnu/qt5/QtWidgets/qframe.h:44\x1b[m\x1b[K,\n'}
[6.160333] (status_display) StderrLine: {'line': b'                 from \x1b[01m\x1b[K/usr/include/x86_64-linux-gnu/qt5/QtWidgets/qlabel.h:44\x1b[m\x1b[K,\n'}
[6.160412] (status_display) StderrLine: {'line': b'                 from \x1b[01m\x1b[K/usr/include/x86_64-linux-gnu/qt5/QtWidgets/QLabel:1\x1b[m\x1b[K,\n'}
[6.160493] (status_display) StderrLine: {'line': b'                 from \x1b[01m\x1b[K/home/shenhang/ros_study/chapter3/topic_practice_workspace/src/status_display/src/sys_status_display.cpp:2\x1b[m\x1b[K:\n'}
[6.160574] (status_display) StderrLine: {'line': b'\x1b[01m\x1b[K/usr/include/x86_64-linux-gnu/qt5/QtCore/qline.h:203:22:\x1b[m\x1b[K \x1b[01;36m\x1b[Knote: \x1b[m\x1b[Kcandidate: \xe2\x80\x98\x1b[01m\x1b[KQDebug operator<<(QDebug, const QLine&)\x1b[m\x1b[K\xe2\x80\x99\n'}
[6.160659] (status_display) StderrLine: {'line': b'  203 | Q_CORE_EXPORT QDebug \x1b[01;36m\x1b[Koperator\x1b[m\x1b[K<<(QDebug d, const QLine &p);\n'}
[6.160823] (status_display) StderrLine: {'line': b'      |                      \x1b[01;36m\x1b[K^~~~~~~~\x1b[m\x1b[K\n'}
[6.160923] (status_display) StderrLine: {'line': b'\x1b[01m\x1b[K/usr/include/x86_64-linux-gnu/qt5/QtCore/qline.h:203:40:\x1b[m\x1b[K \x1b[01;36m\x1b[Knote: \x1b[m\x1b[K  no known conversion for argument 1 from \xe2\x80\x98\x1b[01m\x1b[Kstd::basic_ostream<char>\x1b[m\x1b[K\xe2\x80\x99 to \xe2\x80\x98\x1b[01m\x1b[KQDebug\x1b[m\x1b[K\xe2\x80\x99\n'}
[6.161012] (status_display) StderrLine: {'line': b'  203 | Q_CORE_EXPORT QDebug operator<<(\x1b[01;36m\x1b[KQDebug d\x1b[m\x1b[K, const QLine &p);\n'}
[6.161093] (status_display) StderrLine: {'line': b'      |                                 \x1b[01;36m\x1b[K~~~~~~~^\x1b[m\x1b[K\n'}
[6.161174] (status_display) StderrLine: {'line': b'\x1b[01m\x1b[K/usr/include/x86_64-linux-gnu/qt5/QtCore/qline.h:207:28:\x1b[m\x1b[K \x1b[01;36m\x1b[Knote: \x1b[m\x1b[Kcandidate: \xe2\x80\x98\x1b[01m\x1b[KQDataStream& operator<<(QDataStream&, const QLine&)\x1b[m\x1b[K\xe2\x80\x99\n'}
[6.161260] (status_display) StderrLine: {'line': b'  207 | Q_CORE_EXPORT QDataStream &\x1b[01;36m\x1b[Koperator\x1b[m\x1b[K<<(QDataStream &, const QLine &);\n'}
[6.161341] (status_display) StderrLine: {'line': b'      |                            \x1b[01;36m\x1b[K^~~~~~~~\x1b[m\x1b[K\n'}
[6.161421] (status_display) StderrLine: {'line': b'\x1b[01m\x1b[K/usr/include/x86_64-linux-gnu/qt5/QtCore/qline.h:207:39:\x1b[m\x1b[K \x1b[01;36m\x1b[Knote: \x1b[m\x1b[K  no known conversion for argument 1 from \xe2\x80\x98\x1b[01m\x1b[Kstd::basic_ostream<char>\x1b[m\x1b[K\xe2\x80\x99 to \xe2\x80\x98\x1b[01m\x1b[KQDataStream&\x1b[m\x1b[K\xe2\x80\x99\n'}
[6.161507] (status_display) StderrLine: {'line': b'  207 | Q_CORE_EXPORT QDataStream &operator<<(\x1b[01;36m\x1b[KQDataStream &\x1b[m\x1b[K, const QLine &);\n'}
[6.161588] (status_display) StderrLine: {'line': b'      |                                       \x1b[01;36m\x1b[K^~~~~~~~~~~~~\x1b[m\x1b[K\n'}
[6.161690] (status_display) StderrLine: {'line': b'\x1b[01m\x1b[K/usr/include/x86_64-linux-gnu/qt5/QtCore/qline.h:430:22:\x1b[m\x1b[K \x1b[01;36m\x1b[Knote: \x1b[m\x1b[Kcandidate: \xe2\x80\x98\x1b[01m\x1b[KQDebug operator<<(QDebug, const QLineF&)\x1b[m\x1b[K\xe2\x80\x99\n'}
[6.161814] (status_display) StderrLine: {'line': b'  430 | Q_CORE_EXPORT QDebug \x1b[01;36m\x1b[Koperator\x1b[m\x1b[K<<(QDebug d, const QLineF &p);\n'}
[6.161901] (status_display) StderrLine: {'line': b'      |                      \x1b[01;36m\x1b[K^~~~~~~~\x1b[m\x1b[K\n'}
[6.161981] (status_display) StderrLine: {'line': b'\x1b[01m\x1b[K/usr/include/x86_64-linux-gnu/qt5/QtCore/qline.h:430:40:\x1b[m\x1b[K \x1b[01;36m\x1b[Knote: \x1b[m\x1b[K  no known conversion for argument 1 from \xe2\x80\x98\x1b[01m\x1b[Kstd::basic_ostream<char>\x1b[m\x1b[K\xe2\x80\x99 to \xe2\x80\x98\x1b[01m\x1b[KQDebug\x1b[m\x1b[K\xe2\x80\x99\n'}
[6.162063] (status_display) StderrLine: {'line': b'  430 | Q_CORE_EXPORT QDebug operator<<(\x1b[01;36m\x1b[KQDebug d\x1b[m\x1b[K, const QLineF &p);\n'}
[6.162147] (status_display) StderrLine: {'line': b'      |                                 \x1b[01;36m\x1b[K~~~~~~~^\x1b[m\x1b[K\n'}
[6.162227] (status_display) StderrLine: {'line': b'\x1b[01m\x1b[K/usr/include/x86_64-linux-gnu/qt5/QtCore/qline.h:434:28:\x1b[m\x1b[K \x1b[01;36m\x1b[Knote: \x1b[m\x1b[Kcandidate: \xe2\x80\x98\x1b[01m\x1b[KQDataStream& operator<<(QDataStream&, const QLineF&)\x1b[m\x1b[K\xe2\x80\x99\n'}
[6.162309] (status_display) StderrLine: {'line': b'  434 | Q_CORE_EXPORT QDataStream &\x1b[01;36m\x1b[Koperator\x1b[m\x1b[K<<(QDataStream &, const QLineF &);\n'}
[6.162389] (status_display) StderrLine: {'line': b'      |                            \x1b[01;36m\x1b[K^~~~~~~~\x1b[m\x1b[K\n'}
[6.162469] (status_display) StderrLine: {'line': b'\x1b[01m\x1b[K/usr/include/x86_64-linux-gnu/qt5/QtCore/qline.h:434:39:\x1b[m\x1b[K \x1b[01;36m\x1b[Knote: \x1b[m\x1b[K  no known conversion for argument 1 from \xe2\x80\x98\x1b[01m\x1b[Kstd::basic_ostream<char>\x1b[m\x1b[K\xe2\x80\x99 to \xe2\x80\x98\x1b[01m\x1b[KQDataStream&\x1b[m\x1b[K\xe2\x80\x99\n'}
[6.162556] (status_display) StderrLine: {'line': b'  434 | Q_CORE_EXPORT QDataStream &operator<<(\x1b[01;36m\x1b[KQDataStream &\x1b[m\x1b[K, const QLineF &);\n'}
[6.162644] (status_display) StderrLine: {'line': b'      |                                       \x1b[01;36m\x1b[K^~~~~~~~~~~~~\x1b[m\x1b[K\n'}
[6.162816] (status_display) StderrLine: {'line': b'In file included from \x1b[01m\x1b[K/usr/include/x86_64-linux-gnu/qt5/QtGui/qbrush.h:49\x1b[m\x1b[K,\n'}
[6.162935] (status_display) StderrLine: {'line': b'                 from \x1b[01m\x1b[K/usr/include/x86_64-linux-gnu/qt5/QtGui/qpalette.h:46\x1b[m\x1b[K,\n'}
[6.163019] (status_display) StderrLine: {'line': b'                 from \x1b[01m\x1b[K/usr/include/x86_64-linux-gnu/qt5/QtWidgets/qwidget.h:48\x1b[m\x1b[K,\n'}
[6.163099] (status_display) StderrLine: {'line': b'                 from \x1b[01m\x1b[K/usr/include/x86_64-linux-gnu/qt5/QtWidgets/qframe.h:44\x1b[m\x1b[K,\n'}
[6.163180] (status_display) StderrLine: {'line': b'                 from \x1b[01m\x1b[K/usr/include/x86_64-linux-gnu/qt5/QtWidgets/qlabel.h:44\x1b[m\x1b[K,\n'}
[6.163260] (status_display) StderrLine: {'line': b'                 from \x1b[01m\x1b[K/usr/include/x86_64-linux-gnu/qt5/QtWidgets/QLabel:1\x1b[m\x1b[K,\n'}
[6.163341] (status_display) StderrLine: {'line': b'                 from \x1b[01m\x1b[K/home/shenhang/ros_study/chapter3/topic_practice_workspace/src/status_display/src/sys_status_display.cpp:2\x1b[m\x1b[K:\n'}
[6.163422] (status_display) StderrLine: {'line': b'\x1b[01m\x1b[K/usr/include/x86_64-linux-gnu/qt5/QtGui/qmatrix.h:184:27:\x1b[m\x1b[K \x1b[01;36m\x1b[Knote: \x1b[m\x1b[Kcandidate: \xe2\x80\x98\x1b[01m\x1b[KQDataStream& operator<<(QDataStream&, const QMatrix&)\x1b[m\x1b[K\xe2\x80\x99\n'}
[6.163504] (status_display) StderrLine: {'line': b'  184 | Q_GUI_EXPORT QDataStream &\x1b[01;36m\x1b[Koperator\x1b[m\x1b[K<<(QDataStream &, const QMatrix &);\n'}
[6.163584] (-) TimerEvent: {}
[6.163764] (status_display) StderrLine: {'line': b'      |                           \x1b[01;36m\x1b[K^~~~~~~~\x1b[m\x1b[K\n'}
[6.163868] (status_display) StderrLine: {'line': b'\x1b[01m\x1b[K/usr/include/x86_64-linux-gnu/qt5/QtGui/qmatrix.h:184:38:\x1b[m\x1b[K \x1b[01;36m\x1b[Knote: \x1b[m\x1b[K  no known conversion for argument 1 from \xe2\x80\x98\x1b[01m\x1b[Kstd::basic_ostream<char>\x1b[m\x1b[K\xe2\x80\x99 to \xe2\x80\x98\x1b[01m\x1b[KQDataStream&\x1b[m\x1b[K\xe2\x80\x99\n'}
[6.163952] (status_display) StderrLine: {'line': b'  184 | Q_GUI_EXPORT QDataStream &operator<<(\x1b[01;36m\x1b[KQDataStream &\x1b[m\x1b[K, const QMatrix &);\n'}
[6.164032] (status_display) StderrLine: {'line': b'      |                                      \x1b[01;36m\x1b[K^~~~~~~~~~~~~\x1b[m\x1b[K\n'}
[6.164113] (status_display) StderrLine: {'line': b'\x1b[01m\x1b[K/usr/include/x86_64-linux-gnu/qt5/QtGui/qmatrix.h:189:21:\x1b[m\x1b[K \x1b[01;36m\x1b[Knote: \x1b[m\x1b[Kcandidate: \xe2\x80\x98\x1b[01m\x1b[KQDebug operator<<(QDebug, const QMatrix&)\x1b[m\x1b[K\xe2\x80\x99\n'}
[6.164194] (status_display) StderrLine: {'line': b'  189 | Q_GUI_EXPORT QDebug \x1b[01;36m\x1b[Koperator\x1b[m\x1b[K<<(QDebug, const QMatrix &);\n'}
[6.164275] (status_display) StderrLine: {'line': b'      |                     \x1b[01;36m\x1b[K^~~~~~~~\x1b[m\x1b[K\n'}
[6.164361] (status_display) StderrLine: {'line': b'\x1b[01m\x1b[K/usr/include/x86_64-linux-gnu/qt5/QtGui/qmatrix.h:189:32:\x1b[m\x1b[K \x1b[01;36m\x1b[Knote: \x1b[m\x1b[K  no known conversion for argument 1 from \xe2\x80\x98\x1b[01m\x1b[Kstd::basic_ostream<char>\x1b[m\x1b[K\xe2\x80\x99 to \xe2\x80\x98\x1b[01m\x1b[KQDebug\x1b[m\x1b[K\xe2\x80\x99\n'}
[6.164444] (status_display) StderrLine: {'line': b'  189 | Q_GUI_EXPORT QDebug operator<<(\x1b[01;36m\x1b[KQDebug\x1b[m\x1b[K, const QMatrix &);\n'}
[6.164524] (status_display) StderrLine: {'line': b'      |                                \x1b[01;36m\x1b[K^~~~~~\x1b[m\x1b[K\n'}
[6.164604] (status_display) StderrLine: {'line': b'In file included from \x1b[01m\x1b[K/usr/include/x86_64-linux-gnu/qt5/QtGui/qbrush.h:50\x1b[m\x1b[K,\n'}
[6.164780] (status_display) StderrLine: {'line': b'                 from \x1b[01m\x1b[K/usr/include/x86_64-linux-gnu/qt5/QtGui/qpalette.h:46\x1b[m\x1b[K,\n'}
[6.164918] (status_display) StderrLine: {'line': b'                 from \x1b[01m\x1b[K/usr/include/x86_64-linux-gnu/qt5/QtWidgets/qwidget.h:48\x1b[m\x1b[K,\n'}
[6.165040] (status_display) StderrLine: {'line': b'                 from \x1b[01m\x1b[K/usr/include/x86_64-linux-gnu/qt5/QtWidgets/qframe.h:44\x1b[m\x1b[K,\n'}
[6.165155] (status_display) StderrLine: {'line': b'                 from \x1b[01m\x1b[K/usr/include/x86_64-linux-gnu/qt5/QtWidgets/qlabel.h:44\x1b[m\x1b[K,\n'}
[6.165268] (status_display) StderrLine: {'line': b'                 from \x1b[01m\x1b[K/usr/include/x86_64-linux-gnu/qt5/QtWidgets/QLabel:1\x1b[m\x1b[K,\n'}
[6.165387] (status_display) StderrLine: {'line': b'                 from \x1b[01m\x1b[K/home/shenhang/ros_study/chapter3/topic_practice_workspace/src/status_display/src/sys_status_display.cpp:2\x1b[m\x1b[K:\n'}
[6.165505] (status_display) StderrLine: {'line': b'\x1b[01m\x1b[K/usr/include/x86_64-linux-gnu/qt5/QtGui/qtransform.h:386:27:\x1b[m\x1b[K \x1b[01;36m\x1b[Knote: \x1b[m\x1b[Kcandidate: \xe2\x80\x98\x1b[01m\x1b[KQDataStream& operator<<(QDataStream&, const QTransform&)\x1b[m\x1b[K\xe2\x80\x99\n'}
[6.165634] (status_display) StderrLine: {'line': b'  386 | Q_GUI_EXPORT QDataStream &\x1b[01;36m\x1b[Koperator\x1b[m\x1b[K<<(QDataStream &, const QTransform &);\n'}
[6.165828] (status_display) StderrLine: {'line': b'      |                           \x1b[01;36m\x1b[K^~~~~~~~\x1b[m\x1b[K\n'}
[6.165938] (status_display) StderrLine: {'line': b'\x1b[01m\x1b[K/usr/include/x86_64-linux-gnu/qt5/QtGui/qtransform.h:386:38:\x1b[m\x1b[K \x1b[01;36m\x1b[Knote: \x1b[m\x1b[K  no known conversion for argument 1 from \xe2\x80\x98\x1b[01m\x1b[Kstd::basic_ostream<char>\x1b[m\x1b[K\xe2\x80\x99 to \xe2\x80\x98\x1b[01m\x1b[KQDataStream&\x1b[m\x1b[K\xe2\x80\x99\n'}
[6.166023] (status_display) StderrLine: {'line': b'  386 | Q_GUI_EXPORT QDataStream &operator<<(\x1b[01;36m\x1b[KQDataStream &\x1b[m\x1b[K, const QTransform &);\n'}
[6.166104] (status_display) StderrLine: {'line': b'      |                                      \x1b[01;36m\x1b[K^~~~~~~~~~~~~\x1b[m\x1b[K\n'}
[6.166185] (status_display) StderrLine: {'line': b'\x1b[01m\x1b[K/usr/include/x86_64-linux-gnu/qt5/QtGui/qtransform.h:391:21:\x1b[m\x1b[K \x1b[01;36m\x1b[Knote: \x1b[m\x1b[Kcandidate: \xe2\x80\x98\x1b[01m\x1b[KQDebug operator<<(QDebug, const QTransform&)\x1b[m\x1b[K\xe2\x80\x99\n'}
[6.166267] (status_display) StderrLine: {'line': b'  391 | Q_GUI_EXPORT QDebug \x1b[01;36m\x1b[Koperator\x1b[m\x1b[K<<(QDebug, const QTransform &);\n'}
[6.166348] (status_display) StderrLine: {'line': b'      |                     \x1b[01;36m\x1b[K^~~~~~~~\x1b[m\x1b[K\n'}
[6.166428] (status_display) StderrLine: {'line': b'\x1b[01m\x1b[K/usr/include/x86_64-linux-gnu/qt5/QtGui/qtransform.h:391:32:\x1b[m\x1b[K \x1b[01;36m\x1b[Knote: \x1b[m\x1b[K  no known conversion for argument 1 from \xe2\x80\x98\x1b[01m\x1b[Kstd::basic_ostream<char>\x1b[m\x1b[K\xe2\x80\x99 to \xe2\x80\x98\x1b[01m\x1b[KQDebug\x1b[m\x1b[K\xe2\x80\x99\n'}
[6.166516] (status_display) StderrLine: {'line': b'  391 | Q_GUI_EXPORT QDebug operator<<(\x1b[01;36m\x1b[KQDebug\x1b[m\x1b[K, const QTransform &);\n'}
[6.166597] (status_display) StderrLine: {'line': b'      |                                \x1b[01;36m\x1b[K^~~~~~\x1b[m\x1b[K\n'}
[6.166789] (status_display) StderrLine: {'line': b'In file included from \x1b[01m\x1b[K/usr/include/x86_64-linux-gnu/qt5/QtGui/qbrush.h:51\x1b[m\x1b[K,\n'}
[6.166880] (status_display) StderrLine: {'line': b'                 from \x1b[01m\x1b[K/usr/include/x86_64-linux-gnu/qt5/QtGui/qpalette.h:46\x1b[m\x1b[K,\n'}
[6.166962] (status_display) StderrLine: {'line': b'                 from \x1b[01m\x1b[K/usr/include/x86_64-linux-gnu/qt5/QtWidgets/qwidget.h:48\x1b[m\x1b[K,\n'}
[6.167046] (status_display) StderrLine: {'line': b'                 from \x1b[01m\x1b[K/usr/include/x86_64-linux-gnu/qt5/QtWidgets/qframe.h:44\x1b[m\x1b[K,\n'}
[6.167127] (status_display) StderrLine: {'line': b'                 from \x1b[01m\x1b[K/usr/include/x86_64-linux-gnu/qt5/QtWidgets/qlabel.h:44\x1b[m\x1b[K,\n'}
[6.167214] (status_display) StderrLine: {'line': b'                 from \x1b[01m\x1b[K/usr/include/x86_64-linux-gnu/qt5/QtWidgets/QLabel:1\x1b[m\x1b[K,\n'}
[6.167295] (status_display) StderrLine: {'line': b'                 from \x1b[01m\x1b[K/home/shenhang/ros_study/chapter3/topic_practice_workspace/src/status_display/src/sys_status_display.cpp:2\x1b[m\x1b[K:\n'}
[6.167376] (status_display) StderrLine: {'line': b'\x1b[01m\x1b[K/usr/include/x86_64-linux-gnu/qt5/QtGui/qimage.h:502:27:\x1b[m\x1b[K \x1b[01;36m\x1b[Knote: \x1b[m\x1b[Kcandidate: \xe2\x80\x98\x1b[01m\x1b[KQDataStream& operator<<(QDataStream&, const QImage&)\x1b[m\x1b[K\xe2\x80\x99\n'}
[6.167458] (status_display) StderrLine: {'line': b'  502 | Q_GUI_EXPORT QDataStream &\x1b[01;36m\x1b[Koperator\x1b[m\x1b[K<<(QDataStream &, const QImage &);\n'}
[6.167538] (status_display) StderrLine: {'line': b'      |                           \x1b[01;36m\x1b[K^~~~~~~~\x1b[m\x1b[K\n'}
[6.167619] (status_display) StderrLine: {'line': b'\x1b[01m\x1b[K/usr/include/x86_64-linux-gnu/qt5/QtGui/qimage.h:502:38:\x1b[m\x1b[K \x1b[01;36m\x1b[Knote: \x1b[m\x1b[K  no known conversion for argument 1 from \xe2\x80\x98\x1b[01m\x1b[Kstd::basic_ostream<char>\x1b[m\x1b[K\xe2\x80\x99 to \xe2\x80\x98\x1b[01m\x1b[KQDataStream&\x1b[m\x1b[K\xe2\x80\x99\n'}
[6.167762] (status_display) StderrLine: {'line': b'  502 | Q_GUI_EXPORT QDataStream &operator<<(\x1b[01;36m\x1b[KQDataStream &\x1b[m\x1b[K, const QImage &);\n'}
[6.167851] (status_display) StderrLine: {'line': b'      |                                      \x1b[01;36m\x1b[K^~~~~~~~~~~~~\x1b[m\x1b[K\n'}
[6.167932] (status_display) StderrLine: {'line': b'\x1b[01m\x1b[K/usr/include/x86_64-linux-gnu/qt5/QtGui/qimage.h:507:21:\x1b[m\x1b[K \x1b[01;36m\x1b[Knote: \x1b[m\x1b[Kcandidate: \xe2\x80\x98\x1b[01m\x1b[KQDebug operator<<(QDebug, const QImage&)\x1b[m\x1b[K\xe2\x80\x99\n'}
[6.168014] (status_display) StderrLine: {'line': b'  507 | Q_GUI_EXPORT QDebug \x1b[01;36m\x1b[Koperator\x1b[m\x1b[K<<(QDebug, const QImage &);\n'}
[6.168094] (status_display) StderrLine: {'line': b'      |                     \x1b[01;36m\x1b[K^~~~~~~~\x1b[m\x1b[K\n'}
[6.168174] (status_display) StderrLine: {'line': b'\x1b[01m\x1b[K/usr/include/x86_64-linux-gnu/qt5/QtGui/qimage.h:507:32:\x1b[m\x1b[K \x1b[01;36m\x1b[Knote: \x1b[m\x1b[K  no known conversion for argument 1 from \xe2\x80\x98\x1b[01m\x1b[Kstd::basic_ostream<char>\x1b[m\x1b[K\xe2\x80\x99 to \xe2\x80\x98\x1b[01m\x1b[KQDebug\x1b[m\x1b[K\xe2\x80\x99\n'}
[6.168256] (status_display) StderrLine: {'line': b'  507 | Q_GUI_EXPORT QDebug operator<<(\x1b[01;36m\x1b[KQDebug\x1b[m\x1b[K, const QImage &);\n'}
[6.168336] (status_display) StderrLine: {'line': b'      |                                \x1b[01;36m\x1b[K^~~~~~\x1b[m\x1b[K\n'}
[6.168426] (status_display) StderrLine: {'line': b'In file included from \x1b[01m\x1b[K/usr/include/x86_64-linux-gnu/qt5/QtGui/qbrush.h:52\x1b[m\x1b[K,\n'}
[6.168506] (status_display) StderrLine: {'line': b'                 from \x1b[01m\x1b[K/usr/include/x86_64-linux-gnu/qt5/QtGui/qpalette.h:46\x1b[m\x1b[K,\n'}
[6.168591] (status_display) StderrLine: {'line': b'                 from \x1b[01m\x1b[K/usr/include/x86_64-linux-gnu/qt5/QtWidgets/qwidget.h:48\x1b[m\x1b[K,\n'}
[6.168732] (status_display) StderrLine: {'line': b'                 from \x1b[01m\x1b[K/usr/include/x86_64-linux-gnu/qt5/QtWidgets/qframe.h:44\x1b[m\x1b[K,\n'}
[6.168832] (status_display) StderrLine: {'line': b'                 from \x1b[01m\x1b[K/usr/include/x86_64-linux-gnu/qt5/QtWidgets/qlabel.h:44\x1b[m\x1b[K,\n'}
[6.168914] (status_display) StderrLine: {'line': b'                 from \x1b[01m\x1b[K/usr/include/x86_64-linux-gnu/qt5/QtWidgets/QLabel:1\x1b[m\x1b[K,\n'}
[6.169013] (status_display) StderrLine: {'line': b'                 from \x1b[01m\x1b[K/home/shenhang/ros_study/chapter3/topic_practice_workspace/src/status_display/src/sys_status_display.cpp:2\x1b[m\x1b[K:\n'}
[6.169098] (status_display) StderrLine: {'line': b'\x1b[01m\x1b[K/usr/include/x86_64-linux-gnu/qt5/QtGui/qpixmap.h:254:27:\x1b[m\x1b[K \x1b[01;36m\x1b[Knote: \x1b[m\x1b[Kcandidate: \xe2\x80\x98\x1b[01m\x1b[KQDataStream& operator<<(QDataStream&, const QPixmap&)\x1b[m\x1b[K\xe2\x80\x99\n'}
[6.169191] (status_display) StderrLine: {'line': b'  254 | Q_GUI_EXPORT QDataStream &\x1b[01;36m\x1b[Koperator\x1b[m\x1b[K<<(QDataStream &, const QPixmap &);\n'}
[6.169276] (status_display) StderrLine: {'line': b'      |                           \x1b[01;36m\x1b[K^~~~~~~~\x1b[m\x1b[K\n'}
[6.169361] (status_display) StderrLine: {'line': b'\x1b[01m\x1b[K/usr/include/x86_64-linux-gnu/qt5/QtGui/qpixmap.h:254:38:\x1b[m\x1b[K \x1b[01;36m\x1b[Knote: \x1b[m\x1b[K  no known conversion for argument 1 from \xe2\x80\x98\x1b[01m\x1b[Kstd::basic_ostream<char>\x1b[m\x1b[K\xe2\x80\x99 to \xe2\x80\x98\x1b[01m\x1b[KQDataStream&\x1b[m\x1b[K\xe2\x80\x99\n'}
[6.169446] (status_display) StderrLine: {'line': b'  254 | Q_GUI_EXPORT QDataStream &operator<<(\x1b[01;36m\x1b[KQDataStream &\x1b[m\x1b[K, const QPixmap &);\n'}
[6.169531] (status_display) StderrLine: {'line': b'      |                                      \x1b[01;36m\x1b[K^~~~~~~~~~~~~\x1b[m\x1b[K\n'}
[6.169671] (status_display) StderrLine: {'line': b'\x1b[01m\x1b[K/usr/include/x86_64-linux-gnu/qt5/QtGui/qpixmap.h:259:21:\x1b[m\x1b[K \x1b[01;36m\x1b[Knote: \x1b[m\x1b[Kcandidate: \xe2\x80\x98\x1b[01m\x1b[KQDebug operator<<(QDebug, const QPixmap&)\x1b[m\x1b[K\xe2\x80\x99\n'}
[6.169768] (status_display) StderrLine: {'line': b'  259 | Q_GUI_EXPORT QDebug \x1b[01;36m\x1b[Koperator\x1b[m\x1b[K<<(QDebug, const QPixmap &);\n'}
[6.169918] (status_display) StderrLine: {'line': b'      |                     \x1b[01;36m\x1b[K^~~~~~~~\x1b[m\x1b[K\n'}
[6.170024] (status_display) StderrLine: {'line': b'\x1b[01m\x1b[K/usr/include/x86_64-linux-gnu/qt5/QtGui/qpixmap.h:259:32:\x1b[m\x1b[K \x1b[01;36m\x1b[Knote: \x1b[m\x1b[K  no known conversion for argument 1 from \xe2\x80\x98\x1b[01m\x1b[Kstd::basic_ostream<char>\x1b[m\x1b[K\xe2\x80\x99 to \xe2\x80\x98\x1b[01m\x1b[KQDebug\x1b[m\x1b[K\xe2\x80\x99\n'}
[6.170107] (status_display) StderrLine: {'line': b'  259 | Q_GUI_EXPORT QDebug operator<<(\x1b[01;36m\x1b[KQDebug\x1b[m\x1b[K, const QPixmap &);\n'}
[6.170188] (status_display) StderrLine: {'line': b'      |                                \x1b[01;36m\x1b[K^~~~~~\x1b[m\x1b[K\n'}
[6.170269] (status_display) StderrLine: {'line': b'In file included from \x1b[01m\x1b[K/usr/include/x86_64-linux-gnu/qt5/QtGui/qpalette.h:46\x1b[m\x1b[K,\n'}
[6.170350] (status_display) StderrLine: {'line': b'                 from \x1b[01m\x1b[K/usr/include/x86_64-linux-gnu/qt5/QtWidgets/qwidget.h:48\x1b[m\x1b[K,\n'}
[6.170431] (status_display) StderrLine: {'line': b'                 from \x1b[01m\x1b[K/usr/include/x86_64-linux-gnu/qt5/QtWidgets/qframe.h:44\x1b[m\x1b[K,\n'}
[6.170512] (status_display) StderrLine: {'line': b'                 from \x1b[01m\x1b[K/usr/include/x86_64-linux-gnu/qt5/QtWidgets/qlabel.h:44\x1b[m\x1b[K,\n'}
[6.170642] (status_display) StderrLine: {'line': b'                 from \x1b[01m\x1b[K/usr/include/x86_64-linux-gnu/qt5/QtWidgets/QLabel:1\x1b[m\x1b[K,\n'}
[6.170799] (status_display) StderrLine: {'line': b'                 from \x1b[01m\x1b[K/home/shenhang/ros_study/chapter3/topic_practice_workspace/src/status_display/src/sys_status_display.cpp:2\x1b[m\x1b[K:\n'}
[6.170932] (status_display) StderrLine: {'line': b'\x1b[01m\x1b[K/usr/include/x86_64-linux-gnu/qt5/QtGui/qbrush.h:144:27:\x1b[m\x1b[K \x1b[01;36m\x1b[Knote: \x1b[m\x1b[Kcandidate: \xe2\x80\x98\x1b[01m\x1b[KQDataStream& operator<<(QDataStream&, const QBrush&)\x1b[m\x1b[K\xe2\x80\x99\n'}
[6.171075] (status_display) StderrLine: {'line': b'  144 | Q_GUI_EXPORT QDataStream &\x1b[01;36m\x1b[Koperator\x1b[m\x1b[K<<(QDataStream &, const QBrush &);\n'}
[6.171189] (status_display) StderrLine: {'line': b'      |                           \x1b[01;36m\x1b[K^~~~~~~~\x1b[m\x1b[K\n'}
[6.171302] (status_display) StderrLine: {'line': b'\x1b[01m\x1b[K/usr/include/x86_64-linux-gnu/qt5/QtGui/qbrush.h:144:38:\x1b[m\x1b[K \x1b[01;36m\x1b[Knote: \x1b[m\x1b[K  no known conversion for argument 1 from \xe2\x80\x98\x1b[01m\x1b[Kstd::basic_ostream<char>\x1b[m\x1b[K\xe2\x80\x99 to \xe2\x80\x98\x1b[01m\x1b[KQDataStream&\x1b[m\x1b[K\xe2\x80\x99\n'}
[6.171440] (status_display) StderrLine: {'line': b'  144 | Q_GUI_EXPORT QDataStream &operator<<(\x1b[01;36m\x1b[KQDataStream &\x1b[m\x1b[K, const QBrush &);\n'}
[6.171525] (status_display) StderrLine: {'line': b'      |                                      \x1b[01;36m\x1b[K^~~~~~~~~~~~~\x1b[m\x1b[K\n'}
[6.171642] (status_display) StderrLine: {'line': b'\x1b[01m\x1b[K/usr/include/x86_64-linux-gnu/qt5/QtGui/qbrush.h:149:21:\x1b[m\x1b[K \x1b[01;36m\x1b[Knote: \x1b[m\x1b[Kcandidate: \xe2\x80\x98\x1b[01m\x1b[KQDebug operator<<(QDebug, const QBrush&)\x1b[m\x1b[K\xe2\x80\x99\n'}
[6.171788] (status_display) StderrLine: {'line': b'  149 | Q_GUI_EXPORT QDebug \x1b[01;36m\x1b[Koperator\x1b[m\x1b[K<<(QDebug, const QBrush &);\n'}
[6.171874] (status_display) StderrLine: {'line': b'      |                     \x1b[01;36m\x1b[K^~~~~~~~\x1b[m\x1b[K\n'}
[6.171955] (status_display) StderrLine: {'line': b'\x1b[01m\x1b[K/usr/include/x86_64-linux-gnu/qt5/QtGui/qbrush.h:149:32:\x1b[m\x1b[K \x1b[01;36m\x1b[Knote: \x1b[m\x1b[K  no known conversion for argument 1 from \xe2\x80\x98\x1b[01m\x1b[Kstd::basic_ostream<char>\x1b[m\x1b[K\xe2\x80\x99 to \xe2\x80\x98\x1b[01m\x1b[KQDebug\x1b[m\x1b[K\xe2\x80\x99\n'}
[6.172039] (status_display) StderrLine: {'line': b'  149 | Q_GUI_EXPORT QDebug operator<<(\x1b[01;36m\x1b[KQDebug\x1b[m\x1b[K, const QBrush &);\n'}
[6.172120] (status_display) StderrLine: {'line': b'      |                                \x1b[01;36m\x1b[K^~~~~~\x1b[m\x1b[K\n'}
[6.172212] (status_display) StderrLine: {'line': b'In file included from \x1b[01m\x1b[K/usr/include/x86_64-linux-gnu/qt5/QtWidgets/qwidget.h:48\x1b[m\x1b[K,\n'}
[6.172294] (status_display) StderrLine: {'line': b'                 from \x1b[01m\x1b[K/usr/include/x86_64-linux-gnu/qt5/QtWidgets/qframe.h:44\x1b[m\x1b[K,\n'}
[6.172376] (status_display) StderrLine: {'line': b'                 from \x1b[01m\x1b[K/usr/include/x86_64-linux-gnu/qt5/QtWidgets/qlabel.h:44\x1b[m\x1b[K,\n'}
[6.172462] (status_display) StderrLine: {'line': b'                 from \x1b[01m\x1b[K/usr/include/x86_64-linux-gnu/qt5/QtWidgets/QLabel:1\x1b[m\x1b[K,\n'}
[6.172574] (status_display) StderrLine: {'line': b'                 from \x1b[01m\x1b[K/home/shenhang/ros_study/chapter3/topic_practice_workspace/src/status_display/src/sys_status_display.cpp:2\x1b[m\x1b[K:\n'}
[6.172664] (status_display) StderrLine: {'line': b'\x1b[01m\x1b[K/usr/include/x86_64-linux-gnu/qt5/QtGui/qpalette.h:212:27:\x1b[m\x1b[K \x1b[01;36m\x1b[Knote: \x1b[m\x1b[Kcandidate: \xe2\x80\x98\x1b[01m\x1b[KQDataStream& operator<<(QDataStream&, const QPalette&)\x1b[m\x1b[K\xe2\x80\x99\n'}
[6.172800] (status_display) StderrLine: {'line': b'  212 | Q_GUI_EXPORT QDataStream &\x1b[01;36m\x1b[Koperator\x1b[m\x1b[K<<(QDataStream &ds, const QPalette &p);\n'}
[6.172889] (status_display) StderrLine: {'line': b'      |                           \x1b[01;36m\x1b[K^~~~~~~~\x1b[m\x1b[K\n'}
[6.172971] (status_display) StderrLine: {'line': b'\x1b[01m\x1b[K/usr/include/x86_64-linux-gnu/qt5/QtGui/qpalette.h:195:62:\x1b[m\x1b[K \x1b[01;36m\x1b[Knote: \x1b[m\x1b[K  no known conversion for argument 1 from \xe2\x80\x98\x1b[01m\x1b[Kstd::basic_ostream<char>\x1b[m\x1b[K\xe2\x80\x99 to \xe2\x80\x98\x1b[01m\x1b[KQDataStream&\x1b[m\x1b[K\xe2\x80\x99\n'}
[6.173056] (status_display) StderrLine: {'line': b'  195 |     friend Q_GUI_EXPORT QDataStream &operator<<(\x1b[01;36m\x1b[KQDataStream &s\x1b[m\x1b[K, const QPalette &p);\n'}
[6.173146] (status_display) StderrLine: {'line': b'      |                                                 \x1b[01;36m\x1b[K~~~~~~~~~~~~~^\x1b[m\x1b[K\n'}
[6.173236] (status_display) StderrLine: {'line': b'\x1b[01m\x1b[K/usr/include/x86_64-linux-gnu/qt5/QtGui/qpalette.h:217:21:\x1b[m\x1b[K \x1b[01;36m\x1b[Knote: \x1b[m\x1b[Kcandidate: \xe2\x80\x98\x1b[01m\x1b[KQDebug operator<<(QDebug, const QPalette&)\x1b[m\x1b[K\xe2\x80\x99\n'}
[6.173320] (status_display) StderrLine: {'line': b'  217 | Q_GUI_EXPORT QDebug \x1b[01;36m\x1b[Koperator\x1b[m\x1b[K<<(QDebug, const QPalette &);\n'}
[6.173407] (status_display) StderrLine: {'line': b'      |                     \x1b[01;36m\x1b[K^~~~~~~~\x1b[m\x1b[K\n'}
[6.173523] (status_display) StderrLine: {'line': b'\x1b[01m\x1b[K/usr/include/x86_64-linux-gnu/qt5/QtGui/qpalette.h:217:32:\x1b[m\x1b[K \x1b[01;36m\x1b[Knote: \x1b[m\x1b[K  no known conversion for argument 1 from \xe2\x80\x98\x1b[01m\x1b[Kstd::basic_ostream<char>\x1b[m\x1b[K\xe2\x80\x99 to \xe2\x80\x98\x1b[01m\x1b[KQDebug\x1b[m\x1b[K\xe2\x80\x99\n'}
[6.173618] (status_display) StderrLine: {'line': b'  217 | Q_GUI_EXPORT QDebug operator<<(\x1b[01;36m\x1b[KQDebug\x1b[m\x1b[K, const QPalette &);\n'}
[6.173704] (status_display) StderrLine: {'line': b'      |                                \x1b[01;36m\x1b[K^~~~~~\x1b[m\x1b[K\n'}
[6.173832] (status_display) StderrLine: {'line': b'In file included from \x1b[01m\x1b[K/usr/include/x86_64-linux-gnu/qt5/QtWidgets/qwidget.h:49\x1b[m\x1b[K,\n'}
[6.173915] (status_display) StderrLine: {'line': b'                 from \x1b[01m\x1b[K/usr/include/x86_64-linux-gnu/qt5/QtWidgets/qframe.h:44\x1b[m\x1b[K,\n'}
[6.173996] (status_display) StderrLine: {'line': b'                 from \x1b[01m\x1b[K/usr/include/x86_64-linux-gnu/qt5/QtWidgets/qlabel.h:44\x1b[m\x1b[K,\n'}
[6.174078] (status_display) StderrLine: {'line': b'                 from \x1b[01m\x1b[K/usr/include/x86_64-linux-gnu/qt5/QtWidgets/QLabel:1\x1b[m\x1b[K,\n'}
[6.174158] (status_display) StderrLine: {'line': b'                 from \x1b[01m\x1b[K/home/shenhang/ros_study/chapter3/topic_practice_workspace/src/status_display/src/sys_status_display.cpp:2\x1b[m\x1b[K:\n'}
[6.174240] (status_display) StderrLine: {'line': b'\x1b[01m\x1b[K/usr/include/x86_64-linux-gnu/qt5/QtGui/qfont.h:374:27:\x1b[m\x1b[K \x1b[01;36m\x1b[Knote: \x1b[m\x1b[Kcandidate: \xe2\x80\x98\x1b[01m\x1b[KQDataStream& operator<<(QDataStream&, const QFont&)\x1b[m\x1b[K\xe2\x80\x99\n'}
[6.174323] (status_display) StderrLine: {'line': b'  374 | Q_GUI_EXPORT QDataStream &\x1b[01;36m\x1b[Koperator\x1b[m\x1b[K<<(QDataStream &, const QFont &);\n'}
[6.174403] (status_display) StderrLine: {'line': b'      |                           \x1b[01;36m\x1b[K^~~~~~~~\x1b[m\x1b[K\n'}
[6.174534] (status_display) StderrLine: {'line': b'\x1b[01m\x1b[K/usr/include/x86_64-linux-gnu/qt5/QtGui/qfont.h:336:49:\x1b[m\x1b[K \x1b[01;36m\x1b[Knote: \x1b[m\x1b[K  no known conversion for argument 1 from \xe2\x80\x98\x1b[01m\x1b[Kstd::basic_ostream<char>\x1b[m\x1b[K\xe2\x80\x99 to \xe2\x80\x98\x1b[01m\x1b[KQDataStream&\x1b[m\x1b[K\xe2\x80\x99\n'}
[6.174626] (status_display) StderrLine: {'line': b'  336 |     friend Q_GUI_EXPORT QDataStream &operator<<(\x1b[01;36m\x1b[KQDataStream &\x1b[m\x1b[K, const QFont &);\n'}
[6.174745] (status_display) StderrLine: {'line': b'      |                                                 \x1b[01;36m\x1b[K^~~~~~~~~~~~~\x1b[m\x1b[K\n'}
[6.174846] (status_display) StderrLine: {'line': b'\x1b[01m\x1b[K/usr/include/x86_64-linux-gnu/qt5/QtGui/qfont.h:379:21:\x1b[m\x1b[K \x1b[01;36m\x1b[Knote: \x1b[m\x1b[Kcandidate: \xe2\x80\x98\x1b[01m\x1b[KQDebug operator<<(QDebug, const QFont&)\x1b[m\x1b[K\xe2\x80\x99\n'}
[6.174930] (status_display) StderrLine: {'line': b'  379 | Q_GUI_EXPORT QDebug \x1b[01;36m\x1b[Koperator\x1b[m\x1b[K<<(QDebug, const QFont &);\n'}
[6.175011] (status_display) StderrLine: {'line': b'      |                     \x1b[01;36m\x1b[K^~~~~~~~\x1b[m\x1b[K\n'}
[6.175093] (status_display) StderrLine: {'line': b'\x1b[01m\x1b[K/usr/include/x86_64-linux-gnu/qt5/QtGui/qfont.h:341:43:\x1b[m\x1b[K \x1b[01;36m\x1b[Knote: \x1b[m\x1b[K  no known conversion for argument 1 from \xe2\x80\x98\x1b[01m\x1b[Kstd::basic_ostream<char>\x1b[m\x1b[K\xe2\x80\x99 to \xe2\x80\x98\x1b[01m\x1b[KQDebug\x1b[m\x1b[K\xe2\x80\x99\n'}
[6.175179] (status_display) StderrLine: {'line': b'  341 |     friend Q_GUI_EXPORT QDebug operator<<(\x1b[01;36m\x1b[KQDebug\x1b[m\x1b[K, const QFont &);\n'}
[6.175260] (status_display) StderrLine: {'line': b'      |                                           \x1b[01;36m\x1b[K^~~~~~\x1b[m\x1b[K\n'}
[6.175349] (status_display) StderrLine: {'line': b'In file included from \x1b[01m\x1b[K/usr/include/x86_64-linux-gnu/qt5/QtWidgets/qwidget.h:52\x1b[m\x1b[K,\n'}
[6.175431] (status_display) StderrLine: {'line': b'                 from \x1b[01m\x1b[K/usr/include/x86_64-linux-gnu/qt5/QtWidgets/qframe.h:44\x1b[m\x1b[K,\n'}
[6.175540] (status_display) StderrLine: {'line': b'                 from \x1b[01m\x1b[K/usr/include/x86_64-linux-gnu/qt5/QtWidgets/qlabel.h:44\x1b[m\x1b[K,\n'}
[6.175628] (status_display) StderrLine: {'line': b'                 from \x1b[01m\x1b[K/usr/include/x86_64-linux-gnu/qt5/QtWidgets/QLabel:1\x1b[m\x1b[K,\n'}
[6.175754] (status_display) StderrLine: {'line': b'                 from \x1b[01m\x1b[K/home/shenhang/ros_study/chapter3/topic_practice_workspace/src/status_display/src/sys_status_display.cpp:2\x1b[m\x1b[K:\n'}
[6.175874] (status_display) StderrLine: {'line': b'\x1b[01m\x1b[K/usr/include/x86_64-linux-gnu/qt5/QtWidgets/qsizepolicy.h:237:31:\x1b[m\x1b[K \x1b[01;36m\x1b[Knote: \x1b[m\x1b[Kcandidate: \xe2\x80\x98\x1b[01m\x1b[KQDataStream& operator<<(QDataStream&, const QSizePolicy&)\x1b[m\x1b[K\xe2\x80\x99\n'}
[6.175960] (status_display) StderrLine: {'line': b'  237 | Q_WIDGETS_EXPORT QDataStream &\x1b[01;36m\x1b[Koperator\x1b[m\x1b[K<<(QDataStream &, const QSizePolicy &);\n'}
[6.176042] (status_display) StderrLine: {'line': b'      |                               \x1b[01;36m\x1b[K^~~~~~~~\x1b[m\x1b[K\n'}
[6.176123] (status_display) StderrLine: {'line': b'\x1b[01m\x1b[K/usr/include/x86_64-linux-gnu/qt5/QtWidgets/qsizepolicy.h:173:53:\x1b[m\x1b[K \x1b[01;36m\x1b[Knote: \x1b[m\x1b[K  no known conversion for argument 1 from \xe2\x80\x98\x1b[01m\x1b[Kstd::basic_ostream<char>\x1b[m\x1b[K\xe2\x80\x99 to \xe2\x80\x98\x1b[01m\x1b[KQDataStream&\x1b[m\x1b[K\xe2\x80\x99\n'}
[6.176215] (status_display) StderrLine: {'line': b'  173 |     friend Q_WIDGETS_EXPORT QDataStream &operator<<(\x1b[01;36m\x1b[KQDataStream &\x1b[m\x1b[K, const QSizePolicy &);\n'}
[6.176297] (status_display) StderrLine: {'line': b'      |                                                     \x1b[01;36m\x1b[K^~~~~~~~~~~~~\x1b[m\x1b[K\n'}
[6.176377] (status_display) StderrLine: {'line': b'\x1b[01m\x1b[K/usr/include/x86_64-linux-gnu/qt5/QtWidgets/qsizepolicy.h:242:25:\x1b[m\x1b[K \x1b[01;36m\x1b[Knote: \x1b[m\x1b[Kcandidate: \xe2\x80\x98\x1b[01m\x1b[KQDebug operator<<(QDebug, const QSizePolicy&)\x1b[m\x1b[K\xe2\x80\x99\n'}
[6.176502] (status_display) StderrLine: {'line': b'  242 | Q_WIDGETS_EXPORT QDebug \x1b[01;36m\x1b[Koperator\x1b[m\x1b[K<<(QDebug dbg, const QSizePolicy &);\n'}
[6.176586] (status_display) StderrLine: {'line': b'      |                         \x1b[01;36m\x1b[K^~~~~~~~\x1b[m\x1b[K\n'}
[6.176669] (status_display) StderrLine: {'line': b'\x1b[01m\x1b[K/usr/include/x86_64-linux-gnu/qt5/QtWidgets/qsizepolicy.h:242:43:\x1b[m\x1b[K \x1b[01;36m\x1b[Knote: \x1b[m\x1b[K  no known conversion for argument 1 from \xe2\x80\x98\x1b[01m\x1b[Kstd::basic_ostream<char>\x1b[m\x1b[K\xe2\x80\x99 to \xe2\x80\x98\x1b[01m\x1b[KQDebug\x1b[m\x1b[K\xe2\x80\x99\n'}
[6.176796] (status_display) StderrLine: {'line': b'  242 | Q_WIDGETS_EXPORT QDebug operator<<(\x1b[01;36m\x1b[KQDebug dbg\x1b[m\x1b[K, const QSizePolicy &);\n'}
[6.176880] (status_display) StderrLine: {'line': b'      |                                    \x1b[01;36m\x1b[K~~~~~~~^~~\x1b[m\x1b[K\n'}
[6.176961] (status_display) StderrLine: {'line': b'In file included from \x1b[01m\x1b[K/usr/include/x86_64-linux-gnu/qt5/QtWidgets/qwidget.h:56\x1b[m\x1b[K,\n'}
[6.177041] (status_display) StderrLine: {'line': b'                 from \x1b[01m\x1b[K/usr/include/x86_64-linux-gnu/qt5/QtWidgets/qframe.h:44\x1b[m\x1b[K,\n'}
[6.177122] (status_display) StderrLine: {'line': b'                 from \x1b[01m\x1b[K/usr/include/x86_64-linux-gnu/qt5/QtWidgets/qlabel.h:44\x1b[m\x1b[K,\n'}
[6.177228] (status_display) StderrLine: {'line': b'                 from \x1b[01m\x1b[K/usr/include/x86_64-linux-gnu/qt5/QtWidgets/QLabel:1\x1b[m\x1b[K,\n'}
[6.177311] (status_display) StderrLine: {'line': b'                 from \x1b[01m\x1b[K/home/shenhang/ros_study/chapter3/topic_practice_workspace/src/status_display/src/sys_status_display.cpp:2\x1b[m\x1b[K:\n'}
[6.177415] (status_display) StderrLine: {'line': b'\x1b[01m\x1b[K/usr/include/x86_64-linux-gnu/qt5/QtGui/qkeysequence.h:213:38:\x1b[m\x1b[K \x1b[01;36m\x1b[Knote: \x1b[m\x1b[Kcandidate: \xe2\x80\x98\x1b[01m\x1b[KQDataStream& operator<<(QDataStream&, const QKeySequence&)\x1b[m\x1b[K\xe2\x80\x99\n'}
[6.177508] (status_display) StderrLine: {'line': b'  213 |     friend Q_GUI_EXPORT QDataStream &\x1b[01;36m\x1b[Koperator\x1b[m\x1b[K<<(QDataStream &in, const QKeySequence &ks);\n'}
[6.177589] (status_display) StderrLine: {'line': b'      |                                      \x1b[01;36m\x1b[K^~~~~~~~\x1b[m\x1b[K\n'}
[6.177698] (status_display) StderrLine: {'line': b'\x1b[01m\x1b[K/usr/include/x86_64-linux-gnu/qt5/QtGui/qkeysequence.h:58:51:\x1b[m\x1b[K \x1b[01;36m\x1b[Knote: \x1b[m\x1b[K  no known conversion for argument 1 from \xe2\x80\x98\x1b[01m\x1b[Kstd::basic_ostream<char>\x1b[m\x1b[K\xe2\x80\x99 to \xe2\x80\x98\x1b[01m\x1b[KQDataStream&\x1b[m\x1b[K\xe2\x80\x99\n'}
[6.177831] (status_display) StderrLine: {'line': b'   58 | Q_GUI_EXPORT QDataStream &operator<<(\x1b[01;36m\x1b[KQDataStream &in\x1b[m\x1b[K, const QKeySequence &ks);\n'}
[6.177916] (status_display) StderrLine: {'line': b'      |                                      \x1b[01;36m\x1b[K~~~~~~~~~~~~~^~\x1b[m\x1b[K\n'}
[6.177996] (status_display) StderrLine: {'line': b'\x1b[01m\x1b[K/usr/include/x86_64-linux-gnu/qt5/QtGui/qkeysequence.h:227:21:\x1b[m\x1b[K \x1b[01;36m\x1b[Knote: \x1b[m\x1b[Kcandidate: \xe2\x80\x98\x1b[01m\x1b[KQDebug operator<<(QDebug, const QKeySequence&)\x1b[m\x1b[K\xe2\x80\x99\n'}
[6.178078] (status_display) StderrLine: {'line': b'  227 | Q_GUI_EXPORT QDebug \x1b[01;36m\x1b[Koperator\x1b[m\x1b[K<<(QDebug, const QKeySequence &);\n'}
[6.178159] (status_display) StderrLine: {'line': b'      |                     \x1b[01;36m\x1b[K^~~~~~~~\x1b[m\x1b[K\n'}
[6.178240] (status_display) StderrLine: {'line': b'\x1b[01m\x1b[K/usr/include/x86_64-linux-gnu/qt5/QtGui/qkeysequence.h:227:32:\x1b[m\x1b[K \x1b[01;36m\x1b[Knote: \x1b[m\x1b[K  no known conversion for argument 1 from \xe2\x80\x98\x1b[01m\x1b[Kstd::basic_ostream<char>\x1b[m\x1b[K\xe2\x80\x99 to \xe2\x80\x98\x1b[01m\x1b[KQDebug\x1b[m\x1b[K\xe2\x80\x99\n'}
[6.178322] (status_display) StderrLine: {'line': b'  227 | Q_GUI_EXPORT QDebug operator<<(\x1b[01;36m\x1b[KQDebug\x1b[m\x1b[K, const QKeySequence &);\n'}
[6.178438] (status_display) StderrLine: {'line': b'      |                                \x1b[01;36m\x1b[K^~~~~~\x1b[m\x1b[K\n'}
[6.178555] (status_display) StderrLine: {'line': b'In file included from \x1b[01m\x1b[K/usr/include/x86_64-linux-gnu/qt5/QtWidgets/qframe.h:44\x1b[m\x1b[K,\n'}
[6.178640] (status_display) StderrLine: {'line': b'                 from \x1b[01m\x1b[K/usr/include/x86_64-linux-gnu/qt5/QtWidgets/qlabel.h:44\x1b[m\x1b[K,\n'}
[6.178842] (status_display) StderrLine: {'line': b'                 from \x1b[01m\x1b[K/usr/include/x86_64-linux-gnu/qt5/QtWidgets/QLabel:1\x1b[m\x1b[K,\n'}
[6.178964] (status_display) StderrLine: {'line': b'                 from \x1b[01m\x1b[K/home/shenhang/ros_study/chapter3/topic_practice_workspace/src/status_display/src/sys_status_display.cpp:2\x1b[m\x1b[K:\n'}
[6.179139] (status_display) StderrLine: {'line': b'\x1b[01m\x1b[K/usr/include/x86_64-linux-gnu/qt5/QtWidgets/qwidget.h:891:25:\x1b[m\x1b[K \x1b[01;36m\x1b[Knote: \x1b[m\x1b[Kcandidate: \xe2\x80\x98\x1b[01m\x1b[KQDebug operator<<(QDebug, const QWidget*)\x1b[m\x1b[K\xe2\x80\x99\n'}
[6.179281] (status_display) StderrLine: {'line': b'  891 | Q_WIDGETS_EXPORT QDebug \x1b[01;36m\x1b[Koperator\x1b[m\x1b[K<<(QDebug, const QWidget *);\n'}
[6.179407] (status_display) StderrLine: {'line': b'      |                         \x1b[01;36m\x1b[K^~~~~~~~\x1b[m\x1b[K\n'}
[6.179501] (status_display) StderrLine: {'line': b'\x1b[01m\x1b[K/usr/include/x86_64-linux-gnu/qt5/QtWidgets/qwidget.h:891:36:\x1b[m\x1b[K \x1b[01;36m\x1b[Knote: \x1b[m\x1b[K  no known conversion for argument 1 from \xe2\x80\x98\x1b[01m\x1b[Kstd::basic_ostream<char>\x1b[m\x1b[K\xe2\x80\x99 to \xe2\x80\x98\x1b[01m\x1b[KQDebug\x1b[m\x1b[K\xe2\x80\x99\n'}
[6.179598] (status_display) StderrLine: {'line': b'  891 | Q_WIDGETS_EXPORT QDebug operator<<(\x1b[01;36m\x1b[KQDebug\x1b[m\x1b[K, const QWidget *);\n'}
[6.179729] (status_display) StderrLine: {'line': b'      |                                    \x1b[01;36m\x1b[K^~~~~~\x1b[m\x1b[K\n'}
[6.263759] (-) TimerEvent: {}
[6.392274] (-) TimerEvent: {}
[6.499012] (-) TimerEvent: {}
[6.599772] (-) TimerEvent: {}
[6.700359] (-) TimerEvent: {}
[6.800951] (-) TimerEvent: {}
[6.901353] (-) TimerEvent: {}
[7.004779] (-) TimerEvent: {}
[7.105112] (-) TimerEvent: {}
[7.205493] (-) TimerEvent: {}
[7.306233] (-) TimerEvent: {}
[7.406674] (-) TimerEvent: {}
[7.507086] (-) TimerEvent: {}
[7.607675] (-) TimerEvent: {}
[7.709821] (-) TimerEvent: {}
[7.810738] (-) TimerEvent: {}
[7.911522] (-) TimerEvent: {}
[8.011954] (-) TimerEvent: {}
[8.112399] (-) TimerEvent: {}
[8.214129] (-) TimerEvent: {}
[8.315589] (-) TimerEvent: {}
[8.416604] (-) TimerEvent: {}
[8.517353] (-) TimerEvent: {}
[8.618824] (-) TimerEvent: {}
[8.720374] (-) TimerEvent: {}
[8.821057] (-) TimerEvent: {}
[8.921769] (-) TimerEvent: {}
[9.022642] (-) TimerEvent: {}
[9.123513] (-) TimerEvent: {}
[9.225012] (-) TimerEvent: {}
[9.325807] (-) TimerEvent: {}
[9.426475] (-) TimerEvent: {}
[9.528127] (-) TimerEvent: {}
[9.628759] (-) TimerEvent: {}
[9.729722] (-) TimerEvent: {}
[9.830960] (-) TimerEvent: {}
[9.873217] (status_display) StderrLine: {'line': b'gmake[2]: *** [CMakeFiles/sys_status_display_exe.dir/build.make:76\xef\xbc\x9aCMakeFiles/sys_status_display_exe.dir/src/sys_status_display.cpp.o] \xe9\x94\x99\xe8\xaf\xaf 1\n'}
[9.873533] (status_display) StderrLine: {'line': b'gmake[1]: *** [CMakeFiles/Makefile2:165\xef\xbc\x9aCMakeFiles/sys_status_display_exe.dir/all] \xe9\x94\x99\xe8\xaf\xaf 2\n'}
[9.873891] (status_display) StderrLine: {'line': b'gmake: *** [Makefile:146\xef\xbc\x9aall] \xe9\x94\x99\xe8\xaf\xaf 2\n'}
[9.878154] (status_display) CommandEnded: {'returncode': 2}
[9.888360] (status_display) JobEnded: {'identifier': 'status_display', 'rc': 2}
[10.019437] (-) TimerEvent: {}
[10.019561] (-) EventReactorShutdown: {}
