[0.025s] Invoking command in '/home/shenhang/ros_study/chapter3/topic_practice_workspace/build/status_display': CMAKE_PREFIX_PATH=/home/shenhang/ros_study/chapter3/topic_practice_workspace/install/status_interfaces:/home/shenhang/ros_study/chapter3/topic_practice_workspace/install/status_display:/home/shenhang/ros_study/chapter3/topic_practice_workspace/install/status_publisher:/opt/ros/humble /usr/bin/cmake --build /home/shenhang/ros_study/chapter3/topic_practice_workspace/build/status_display -- -j6 -l6
[0.110s] [35m[1mConsolidate compiler generated dependencies of target sys_status_display_exe[0m
[0.143s] [ 25%] [32mBuilding CXX object CMakeFiles/sys_status_display_exe.dir/src/sys_status_display.cpp.o[0m
[0.153s] [ 75%] Built target hello_qt_exe
[4.672s] [01m[K/home/shenhang/ros_study/chapter3/topic_practice_workspace/src/status_display/src/sys_status_display.cpp:[m[K In member function ‘[01m[KQString SysStatusDisplay::get_qstr_from_msg(status_interfaces::msg::SystemStatus_<std::allocator<void> >::SharedPtr)[m[K’:
[4.673s] [01m[K/home/shenhang/ros_study/chapter3/topic_practice_workspace/src/status_display/src/sys_status_display.cpp:19:34:[m[K [01;31m[Kerror: [m[Kno match for ‘[01m[Koperator<<[m[K’ (operand types are ‘[01m[Kstd::basic_ostream<char>[m[K’ and ‘[01m[Kstatus_interfaces::msg::SystemStatus_<std::allocator<void> >::_stamp_type[m[K’ {aka ‘[01m[Kbuiltin_interfaces::msg::Time_<std::allocator<void> >[m[K’})
[4.673s]    18 |         [32m[Kshow_str << "==================系统状态显示======================\n"[m[K
[4.673s]       |         [32m[K~~~~~~~~~~~~~~~~~~~~~~~~~~~~~~~~~~~~~~~~~~~~~~~~~~~~~~~~~~~~~~~~~~~~[m[K
[4.673s]    19 | [32m[K                 << "数据时间: "[m[K [01;31m[K<<[m[K [34m[Kmsg->stamp[m[K << " s\n"
[4.674s]       |                  [32m[K~~~~~~~~~~~~~~~[m[K [01;31m[K^~[m[K [34m[K~~~~~~~~~~[m[K
[4.674s]       |                  [32m[K|[m[K                       [34m[K|[m[K
[4.674s]       |                  [32m[K|[m[K                       [34m[Kstatus_interfaces::msg::SystemStatus_<std::allocator<void> >::_stamp_type {aka builtin_interfaces::msg::Time_<std::allocator<void> >}[m[K
[4.674s]       |                  [32m[Kstd::basic_ostream<char>[m[K
[4.674s] In file included from [01m[K/usr/include/c++/11/iostream:39[m[K,
[4.674s]                  from [01m[K/opt/ros/humble/include/rclcpp/rclcpp/executor.hpp:22[m[K,
[4.675s]                  from [01m[K/opt/ros/humble/include/rclcpp/rclcpp/executors/multi_threaded_executor.hpp:25[m[K,
[4.675s]                  from [01m[K/opt/ros/humble/include/rclcpp/rclcpp/executors.hpp:21[m[K,
[4.675s]                  from [01m[K/opt/ros/humble/include/rclcpp/rclcpp/rclcpp.hpp:155[m[K,
[4.675s]                  from [01m[K/home/shenhang/ros_study/chapter3/topic_practice_workspace/src/status_display/src/sys_status_display.cpp:4[m[K:
[4.676s] [01m[K/usr/include/c++/11/ostream:108:7:[m[K [01;36m[Knote: [m[Kcandidate: ‘[01m[Kstd::basic_ostream<_CharT, _Traits>::__ostream_type& std::basic_ostream<_CharT, _Traits>::operator<<(std::basic_ostream<_CharT, _Traits>::__ostream_type& (*)(std::basic_ostream<_CharT, _Traits>::__ostream_type&)) [with _CharT = char; _Traits = std::char_traits<char>; std::basic_ostream<_CharT, _Traits>::__ostream_type = std::basic_ostream<char>][m[K’
[4.677s]   108 |       [01;36m[Koperator[m[K<<(__ostream_type& (*__pf)(__ostream_type&))
[4.677s]       |       [01;36m[K^~~~~~~~[m[K
[4.677s] [01m[K/usr/include/c++/11/ostream:108:36:[m[K [01;36m[Knote: [m[K  no known conversion for argument 1 from ‘[01m[Kstatus_interfaces::msg::SystemStatus_<std::allocator<void> >::_stamp_type[m[K’ {aka ‘[01m[Kbuiltin_interfaces::msg::Time_<std::allocator<void> >[m[K’} to ‘[01m[Kstd::basic_ostream<char>::__ostream_type& (*)(std::basic_ostream<char>::__ostream_type&)[m[K’ {aka ‘[01m[Kstd::basic_ostream<char>& (*)(std::basic_ostream<char>&)[m[K’}
[4.677s]   108 |       operator<<([01;36m[K__ostream_type& (*__pf)(__ostream_type&)[m[K)
[4.677s]       |                  [01;36m[K~~~~~~~~~~~~~~~~~~^~~~~~~~~~~~~~~~~~~~~~[m[K
[4.677s] [01m[K/usr/include/c++/11/ostream:117:7:[m[K [01;36m[Knote: [m[Kcandidate: ‘[01m[Kstd::basic_ostream<_CharT, _Traits>::__ostream_type& std::basic_ostream<_CharT, _Traits>::operator<<(std::basic_ostream<_CharT, _Traits>::__ios_type& (*)(std::basic_ostream<_CharT, _Traits>::__ios_type&)) [with _CharT = char; _Traits = std::char_traits<char>; std::basic_ostream<_CharT, _Traits>::__ostream_type = std::basic_ostream<char>; std::basic_ostream<_CharT, _Traits>::__ios_type = std::basic_ios<char>][m[K’
[4.677s]   117 |       [01;36m[Koperator[m[K<<(__ios_type& (*__pf)(__ios_type&))
[4.678s]       |       [01;36m[K^~~~~~~~[m[K
[4.678s] [01m[K/usr/include/c++/11/ostream:117:32:[m[K [01;36m[Knote: [m[K  no known conversion for argument 1 from ‘[01m[Kstatus_interfaces::msg::SystemStatus_<std::allocator<void> >::_stamp_type[m[K’ {aka ‘[01m[Kbuiltin_interfaces::msg::Time_<std::allocator<void> >[m[K’} to ‘[01m[Kstd::basic_ostream<char>::__ios_type& (*)(std::basic_ostream<char>::__ios_type&)[m[K’ {aka ‘[01m[Kstd::basic_ios<char>& (*)(std::basic_ios<char>&)[m[K’}
[4.678s]   117 |       operator<<([01;36m[K__ios_type& (*__pf)(__ios_type&)[m[K)
[4.678s]       |                  [01;36m[K~~~~~~~~~~~~~~^~~~~~~~~~~~~~~~~~[m[K
[4.679s] [01m[K/usr/include/c++/11/ostream:127:7:[m[K [01;36m[Knote: [m[Kcandidate: ‘[01m[Kstd::basic_ostream<_CharT, _Traits>::__ostream_type& std::basic_ostream<_CharT, _Traits>::operator<<(std::ios_base& (*)(std::ios_base&)) [with _CharT = char; _Traits = std::char_traits<char>; std::basic_ostream<_CharT, _Traits>::__ostream_type = std::basic_ostream<char>][m[K’
[4.679s]   127 |       [01;36m[Koperator[m[K<<(ios_base& (*__pf) (ios_base&))
[4.680s]       |       [01;36m[K^~~~~~~~[m[K
[4.680s] [01m[K/usr/include/c++/11/ostream:127:30:[m[K [01;36m[Knote: [m[K  no known conversion for argument 1 from ‘[01m[Kstatus_interfaces::msg::SystemStatus_<std::allocator<void> >::_stamp_type[m[K’ {aka ‘[01m[Kbuiltin_interfaces::msg::Time_<std::allocator<void> >[m[K’} to ‘[01m[Kstd::ios_base& (*)(std::ios_base&)[m[K’
[4.680s]   127 |       operator<<([01;36m[Kios_base& (*__pf) (ios_base&)[m[K)
[4.680s]       |                  [01;36m[K~~~~~~~~~~~~^~~~~~~~~~~~~~~~~[m[K
[4.680s] [01m[K/usr/include/c++/11/ostream:166:7:[m[K [01;36m[Knote: [m[Kcandidate: ‘[01m[Kstd::basic_ostream<_CharT, _Traits>::__ostream_type& std::basic_ostream<_CharT, _Traits>::operator<<(long int) [with _CharT = char; _Traits = std::char_traits<char>; std::basic_ostream<_CharT, _Traits>::__ostream_type = std::basic_ostream<char>][m[K’
[4.681s]   166 |       [01;36m[Koperator[m[K<<(long __n)
[4.681s]       |       [01;36m[K^~~~~~~~[m[K
[4.681s] [01m[K/usr/include/c++/11/ostream:166:23:[m[K [01;36m[Knote: [m[K  no known conversion for argument 1 from ‘[01m[Kstatus_interfaces::msg::SystemStatus_<std::allocator<void> >::_stamp_type[m[K’ {aka ‘[01m[Kbuiltin_interfaces::msg::Time_<std::allocator<void> >[m[K’} to ‘[01m[Klong int[m[K’
[4.681s]   166 |       operator<<([01;36m[Klong __n[m[K)
[4.681s]       |                  [01;36m[K~~~~~^~~[m[K
[4.681s] [01m[K/usr/include/c++/11/ostream:170:7:[m[K [01;36m[Knote: [m[Kcandidate: ‘[01m[Kstd::basic_ostream<_CharT, _Traits>::__ostream_type& std::basic_ostream<_CharT, _Traits>::operator<<(long unsigned int) [with _CharT = char; _Traits = std::char_traits<char>; std::basic_ostream<_CharT, _Traits>::__ostream_type = std::basic_ostream<char>][m[K’
[4.681s]   170 |       [01;36m[Koperator[m[K<<(unsigned long __n)
[4.681s]       |       [01;36m[K^~~~~~~~[m[K
[4.682s] [01m[K/usr/include/c++/11/ostream:170:32:[m[K [01;36m[Knote: [m[K  no known conversion for argument 1 from ‘[01m[Kstatus_interfaces::msg::SystemStatus_<std::allocator<void> >::_stamp_type[m[K’ {aka ‘[01m[Kbuiltin_interfaces::msg::Time_<std::allocator<void> >[m[K’} to ‘[01m[Klong unsigned int[m[K’
[4.682s]   170 |       operator<<([01;36m[Kunsigned long __n[m[K)
[4.683s]       |                  [01;36m[K~~~~~~~~~~~~~~^~~[m[K
[4.683s] [01m[K/usr/include/c++/11/ostream:174:7:[m[K [01;36m[Knote: [m[Kcandidate: ‘[01m[Kstd::basic_ostream<_CharT, _Traits>::__ostream_type& std::basic_ostream<_CharT, _Traits>::operator<<(bool) [with _CharT = char; _Traits = std::char_traits<char>; std::basic_ostream<_CharT, _Traits>::__ostream_type = std::basic_ostream<char>][m[K’
[4.683s]   174 |       [01;36m[Koperator[m[K<<(bool __n)
[4.683s]       |       [01;36m[K^~~~~~~~[m[K
[4.683s] [01m[K/usr/include/c++/11/ostream:174:23:[m[K [01;36m[Knote: [m[K  no known conversion for argument 1 from ‘[01m[Kstatus_interfaces::msg::SystemStatus_<std::allocator<void> >::_stamp_type[m[K’ {aka ‘[01m[Kbuiltin_interfaces::msg::Time_<std::allocator<void> >[m[K’} to ‘[01m[Kbool[m[K’
[4.683s]   174 |       operator<<([01;36m[Kbool __n[m[K)
[4.683s]       |                  [01;36m[K~~~~~^~~[m[K
[4.684s] In file included from [01m[K/usr/include/c++/11/ostream:829[m[K,
[4.684s]                  from [01m[K/usr/include/c++/11/iostream:39[m[K,
[4.684s]                  from [01m[K/opt/ros/humble/include/rclcpp/rclcpp/executor.hpp:22[m[K,
[4.684s]                  from [01m[K/opt/ros/humble/include/rclcpp/rclcpp/executors/multi_threaded_executor.hpp:25[m[K,
[4.684s]                  from [01m[K/opt/ros/humble/include/rclcpp/rclcpp/executors.hpp:21[m[K,
[4.684s]                  from [01m[K/opt/ros/humble/include/rclcpp/rclcpp/rclcpp.hpp:155[m[K,
[4.684s]                  from [01m[K/home/shenhang/ros_study/chapter3/topic_practice_workspace/src/status_display/src/sys_status_display.cpp:4[m[K:
[4.684s] [01m[K/usr/include/c++/11/bits/ostream.tcc:91:5:[m[K [01;36m[Knote: [m[Kcandidate: ‘[01m[Kstd::basic_ostream<_CharT, _Traits>& std::basic_ostream<_CharT, _Traits>::operator<<(short int) [with _CharT = char; _Traits = std::char_traits<char>][m[K’
[4.685s]    91 |     [01;36m[Kbasic_ostream<_CharT, _Traits>[m[K::
[4.685s]       |     [01;36m[K^~~~~~~~~~~~~~~~~~~~~~~~~~~~~~[m[K
[4.686s] [01m[K/usr/include/c++/11/bits/ostream.tcc:92:22:[m[K [01;36m[Knote: [m[K  no known conversion for argument 1 from ‘[01m[Kstatus_interfaces::msg::SystemStatus_<std::allocator<void> >::_stamp_type[m[K’ {aka ‘[01m[Kbuiltin_interfaces::msg::Time_<std::allocator<void> >[m[K’} to ‘[01m[Kshort int[m[K’
[4.686s]    92 |     operator<<([01;36m[Kshort __n[m[K)
[4.686s]       |                [01;36m[K~~~~~~^~~[m[K
[4.686s] In file included from [01m[K/usr/include/c++/11/iostream:39[m[K,
[4.686s]                  from [01m[K/opt/ros/humble/include/rclcpp/rclcpp/executor.hpp:22[m[K,
[4.687s]                  from [01m[K/opt/ros/humble/include/rclcpp/rclcpp/executors/multi_threaded_executor.hpp:25[m[K,
[4.687s]                  from [01m[K/opt/ros/humble/include/rclcpp/rclcpp/executors.hpp:21[m[K,
[4.687s]                  from [01m[K/opt/ros/humble/include/rclcpp/rclcpp/rclcpp.hpp:155[m[K,
[4.687s]                  from [01m[K/home/shenhang/ros_study/chapter3/topic_practice_workspace/src/status_display/src/sys_status_display.cpp:4[m[K:
[4.687s] [01m[K/usr/include/c++/11/ostream:181:7:[m[K [01;36m[Knote: [m[Kcandidate: ‘[01m[Kstd::basic_ostream<_CharT, _Traits>::__ostream_type& std::basic_ostream<_CharT, _Traits>::operator<<(short unsigned int) [with _CharT = char; _Traits = std::char_traits<char>; std::basic_ostream<_CharT, _Traits>::__ostream_type = std::basic_ostream<char>][m[K’
[4.687s]   181 |       [01;36m[Koperator[m[K<<(unsigned short __n)
[4.688s]       |       [01;36m[K^~~~~~~~[m[K
[4.688s] [01m[K/usr/include/c++/11/ostream:181:33:[m[K [01;36m[Knote: [m[K  no known conversion for argument 1 from ‘[01m[Kstatus_interfaces::msg::SystemStatus_<std::allocator<void> >::_stamp_type[m[K’ {aka ‘[01m[Kbuiltin_interfaces::msg::Time_<std::allocator<void> >[m[K’} to ‘[01m[Kshort unsigned int[m[K’
[4.688s]   181 |       operator<<([01;36m[Kunsigned short __n[m[K)
[4.688s]       |                  [01;36m[K~~~~~~~~~~~~~~~^~~[m[K
[4.688s] In file included from [01m[K/usr/include/c++/11/ostream:829[m[K,
[4.688s]                  from [01m[K/usr/include/c++/11/iostream:39[m[K,
[4.688s]                  from [01m[K/opt/ros/humble/include/rclcpp/rclcpp/executor.hpp:22[m[K,
[4.688s]                  from [01m[K/opt/ros/humble/include/rclcpp/rclcpp/executors/multi_threaded_executor.hpp:25[m[K,
[4.688s]                  from [01m[K/opt/ros/humble/include/rclcpp/rclcpp/executors.hpp:21[m[K,
[4.689s]                  from [01m[K/opt/ros/humble/include/rclcpp/rclcpp/rclcpp.hpp:155[m[K,
[4.689s]                  from [01m[K/home/shenhang/ros_study/chapter3/topic_practice_workspace/src/status_display/src/sys_status_display.cpp:4[m[K:
[4.689s] [01m[K/usr/include/c++/11/bits/ostream.tcc:105:5:[m[K [01;36m[Knote: [m[Kcandidate: ‘[01m[Kstd::basic_ostream<_CharT, _Traits>& std::basic_ostream<_CharT, _Traits>::operator<<(int) [with _CharT = char; _Traits = std::char_traits<char>][m[K’
[4.689s]   105 |     [01;36m[Kbasic_ostream<_CharT, _Traits>[m[K::
[4.689s]       |     [01;36m[K^~~~~~~~~~~~~~~~~~~~~~~~~~~~~~[m[K
[4.689s] [01m[K/usr/include/c++/11/bits/ostream.tcc:106:20:[m[K [01;36m[Knote: [m[K  no known conversion for argument 1 from ‘[01m[Kstatus_interfaces::msg::SystemStatus_<std::allocator<void> >::_stamp_type[m[K’ {aka ‘[01m[Kbuiltin_interfaces::msg::Time_<std::allocator<void> >[m[K’} to ‘[01m[Kint[m[K’
[4.689s]   106 |     operator<<([01;36m[Kint __n[m[K)
[4.690s]       |                [01;36m[K~~~~^~~[m[K
[4.690s] In file included from [01m[K/usr/include/c++/11/iostream:39[m[K,
[4.690s]                  from [01m[K/opt/ros/humble/include/rclcpp/rclcpp/executor.hpp:22[m[K,
[4.690s]                  from [01m[K/opt/ros/humble/include/rclcpp/rclcpp/executors/multi_threaded_executor.hpp:25[m[K,
[4.690s]                  from [01m[K/opt/ros/humble/include/rclcpp/rclcpp/executors.hpp:21[m[K,
[4.690s]                  from [01m[K/opt/ros/humble/include/rclcpp/rclcpp/rclcpp.hpp:155[m[K,
[4.690s]                  from [01m[K/home/shenhang/ros_study/chapter3/topic_practice_workspace/src/status_display/src/sys_status_display.cpp:4[m[K:
[4.690s] [01m[K/usr/include/c++/11/ostream:192:7:[m[K [01;36m[Knote: [m[Kcandidate: ‘[01m[Kstd::basic_ostream<_CharT, _Traits>::__ostream_type& std::basic_ostream<_CharT, _Traits>::operator<<(unsigned int) [with _CharT = char; _Traits = std::char_traits<char>; std::basic_ostream<_CharT, _Traits>::__ostream_type = std::basic_ostream<char>][m[K’
[4.690s]   192 |       [01;36m[Koperator[m[K<<(unsigned int __n)
[4.690s]       |       [01;36m[K^~~~~~~~[m[K
[4.691s] [01m[K/usr/include/c++/11/ostream:192:31:[m[K [01;36m[Knote: [m[K  no known conversion for argument 1 from ‘[01m[Kstatus_interfaces::msg::SystemStatus_<std::allocator<void> >::_stamp_type[m[K’ {aka ‘[01m[Kbuiltin_interfaces::msg::Time_<std::allocator<void> >[m[K’} to ‘[01m[Kunsigned int[m[K’
[4.691s]   192 |       operator<<([01;36m[Kunsigned int __n[m[K)
[4.691s]       |                  [01;36m[K~~~~~~~~~~~~~^~~[m[K
[4.691s] [01m[K/usr/include/c++/11/ostream:201:7:[m[K [01;36m[Knote: [m[Kcandidate: ‘[01m[Kstd::basic_ostream<_CharT, _Traits>::__ostream_type& std::basic_ostream<_CharT, _Traits>::operator<<(long long int) [with _CharT = char; _Traits = std::char_traits<char>; std::basic_ostream<_CharT, _Traits>::__ostream_type = std::basic_ostream<char>][m[K’
[4.691s]   201 |       [01;36m[Koperator[m[K<<(long long __n)
[4.691s]       |       [01;36m[K^~~~~~~~[m[K
[4.692s] [01m[K/usr/include/c++/11/ostream:201:28:[m[K [01;36m[Knote: [m[K  no known conversion for argument 1 from ‘[01m[Kstatus_interfaces::msg::SystemStatus_<std::allocator<void> >::_stamp_type[m[K’ {aka ‘[01m[Kbuiltin_interfaces::msg::Time_<std::allocator<void> >[m[K’} to ‘[01m[Klong long int[m[K’
[4.692s]   201 |       operator<<([01;36m[Klong long __n[m[K)
[4.692s]       |                  [01;36m[K~~~~~~~~~~^~~[m[K
[4.692s] [01m[K/usr/include/c++/11/ostream:205:7:[m[K [01;36m[Knote: [m[Kcandidate: ‘[01m[Kstd::basic_ostream<_CharT, _Traits>::__ostream_type& std::basic_ostream<_CharT, _Traits>::operator<<(long long unsigned int) [with _CharT = char; _Traits = std::char_traits<char>; std::basic_ostream<_CharT, _Traits>::__ostream_type = std::basic_ostream<char>][m[K’
[4.693s]   205 |       [01;36m[Koperator[m[K<<(unsigned long long __n)
[4.693s]       |       [01;36m[K^~~~~~~~[m[K
[4.693s] [01m[K/usr/include/c++/11/ostream:205:37:[m[K [01;36m[Knote: [m[K  no known conversion for argument 1 from ‘[01m[Kstatus_interfaces::msg::SystemStatus_<std::allocator<void> >::_stamp_type[m[K’ {aka ‘[01m[Kbuiltin_interfaces::msg::Time_<std::allocator<void> >[m[K’} to ‘[01m[Klong long unsigned int[m[K’
[4.693s]   205 |       operator<<([01;36m[Kunsigned long long __n[m[K)
[4.693s]       |                  [01;36m[K~~~~~~~~~~~~~~~~~~~^~~[m[K
[4.693s] [01m[K/usr/include/c++/11/ostream:220:7:[m[K [01;36m[Knote: [m[Kcandidate: ‘[01m[Kstd::basic_ostream<_CharT, _Traits>::__ostream_type& std::basic_ostream<_CharT, _Traits>::operator<<(double) [with _CharT = char; _Traits = std::char_traits<char>; std::basic_ostream<_CharT, _Traits>::__ostream_type = std::basic_ostream<char>][m[K’
[4.694s]   220 |       [01;36m[Koperator[m[K<<(double __f)
[4.694s]       |       [01;36m[K^~~~~~~~[m[K
[4.694s] [01m[K/usr/include/c++/11/ostream:220:25:[m[K [01;36m[Knote: [m[K  no known conversion for argument 1 from ‘[01m[Kstatus_interfaces::msg::SystemStatus_<std::allocator<void> >::_stamp_type[m[K’ {aka ‘[01m[Kbuiltin_interfaces::msg::Time_<std::allocator<void> >[m[K’} to ‘[01m[Kdouble[m[K’
[4.694s]   220 |       operator<<([01;36m[Kdouble __f[m[K)
[4.694s]       |                  [01;36m[K~~~~~~~^~~[m[K
[4.694s] [01m[K/usr/include/c++/11/ostream:224:7:[m[K [01;36m[Knote: [m[Kcandidate: ‘[01m[Kstd::basic_ostream<_CharT, _Traits>::__ostream_type& std::basic_ostream<_CharT, _Traits>::operator<<(float) [with _CharT = char; _Traits = std::char_traits<char>; std::basic_ostream<_CharT, _Traits>::__ostream_type = std::basic_ostream<char>][m[K’
[4.694s]   224 |       [01;36m[Koperator[m[K<<(float __f)
[4.694s]       |       [01;36m[K^~~~~~~~[m[K
[4.694s] [01m[K/usr/include/c++/11/ostream:224:24:[m[K [01;36m[Knote: [m[K  no known conversion for argument 1 from ‘[01m[Kstatus_interfaces::msg::SystemStatus_<std::allocator<void> >::_stamp_type[m[K’ {aka ‘[01m[Kbuiltin_interfaces::msg::Time_<std::allocator<void> >[m[K’} to ‘[01m[Kfloat[m[K’
[4.695s]   224 |       operator<<([01;36m[Kfloat __f[m[K)
[4.695s]       |                  [01;36m[K~~~~~~^~~[m[K
[4.695s] [01m[K/usr/include/c++/11/ostream:232:7:[m[K [01;36m[Knote: [m[Kcandidate: ‘[01m[Kstd::basic_ostream<_CharT, _Traits>::__ostream_type& std::basic_ostream<_CharT, _Traits>::operator<<(long double) [with _CharT = char; _Traits = std::char_traits<char>; std::basic_ostream<_CharT, _Traits>::__ostream_type = std::basic_ostream<char>][m[K’
[4.695s]   232 |       [01;36m[Koperator[m[K<<(long double __f)
[4.696s]       |       [01;36m[K^~~~~~~~[m[K
[4.696s] [01m[K/usr/include/c++/11/ostream:232:30:[m[K [01;36m[Knote: [m[K  no known conversion for argument 1 from ‘[01m[Kstatus_interfaces::msg::SystemStatus_<std::allocator<void> >::_stamp_type[m[K’ {aka ‘[01m[Kbuiltin_interfaces::msg::Time_<std::allocator<void> >[m[K’} to ‘[01m[Klong double[m[K’
[4.696s]   232 |       operator<<([01;36m[Klong double __f[m[K)
[4.696s]       |                  [01;36m[K~~~~~~~~~~~~^~~[m[K
[4.697s] [01m[K/usr/include/c++/11/ostream:245:7:[m[K [01;36m[Knote: [m[Kcandidate: ‘[01m[Kstd::basic_ostream<_CharT, _Traits>::__ostream_type& std::basic_ostream<_CharT, _Traits>::operator<<(const void*) [with _CharT = char; _Traits = std::char_traits<char>; std::basic_ostream<_CharT, _Traits>::__ostream_type = std::basic_ostream<char>][m[K’
[4.697s]   245 |       [01;36m[Koperator[m[K<<(const void* __p)
[4.697s]       |       [01;36m[K^~~~~~~~[m[K
[4.697s] [01m[K/usr/include/c++/11/ostream:245:30:[m[K [01;36m[Knote: [m[K  no known conversion for argument 1 from ‘[01m[Kstatus_interfaces::msg::SystemStatus_<std::allocator<void> >::_stamp_type[m[K’ {aka ‘[01m[Kbuiltin_interfaces::msg::Time_<std::allocator<void> >[m[K’} to ‘[01m[Kconst void*[m[K’
[4.697s]   245 |       operator<<([01;36m[Kconst void* __p[m[K)
[4.697s]       |                  [01;36m[K~~~~~~~~~~~~^~~[m[K
[4.697s] [01m[K/usr/include/c++/11/ostream:250:7:[m[K [01;36m[Knote: [m[Kcandidate: ‘[01m[Kstd::basic_ostream<_CharT, _Traits>::__ostream_type& std::basic_ostream<_CharT, _Traits>::operator<<(std::nullptr_t) [with _CharT = char; _Traits = std::char_traits<char>; std::basic_ostream<_CharT, _Traits>::__ostream_type = std::basic_ostream<char>; std::nullptr_t = std::nullptr_t][m[K’
[4.697s]   250 |       [01;36m[Koperator[m[K<<(nullptr_t)
[4.698s]       |       [01;36m[K^~~~~~~~[m[K
[4.698s] [01m[K/usr/include/c++/11/ostream:250:18:[m[K [01;36m[Knote: [m[K  no known conversion for argument 1 from ‘[01m[Kstatus_interfaces::msg::SystemStatus_<std::allocator<void> >::_stamp_type[m[K’ {aka ‘[01m[Kbuiltin_interfaces::msg::Time_<std::allocator<void> >[m[K’} to ‘[01m[Kstd::nullptr_t[m[K’
[4.698s]   250 |       operator<<([01;36m[Knullptr_t[m[K)
[4.698s]       |                  [01;36m[K^~~~~~~~~[m[K
[4.698s] In file included from [01m[K/usr/include/c++/11/ostream:829[m[K,
[4.698s]                  from [01m[K/usr/include/c++/11/iostream:39[m[K,
[4.698s]                  from [01m[K/opt/ros/humble/include/rclcpp/rclcpp/executor.hpp:22[m[K,
[4.698s]                  from [01m[K/opt/ros/humble/include/rclcpp/rclcpp/executors/multi_threaded_executor.hpp:25[m[K,
[4.698s]                  from [01m[K/opt/ros/humble/include/rclcpp/rclcpp/executors.hpp:21[m[K,
[4.699s]                  from [01m[K/opt/ros/humble/include/rclcpp/rclcpp/rclcpp.hpp:155[m[K,
[4.699s]                  from [01m[K/home/shenhang/ros_study/chapter3/topic_practice_workspace/src/status_display/src/sys_status_display.cpp:4[m[K:
[4.699s] [01m[K/usr/include/c++/11/bits/ostream.tcc:119:5:[m[K [01;36m[Knote: [m[Kcandidate: ‘[01m[Kstd::basic_ostream<_CharT, _Traits>& std::basic_ostream<_CharT, _Traits>::operator<<(std::basic_ostream<_CharT, _Traits>::__streambuf_type*) [with _CharT = char; _Traits = std::char_traits<char>; std::basic_ostream<_CharT, _Traits>::__streambuf_type = std::basic_streambuf<char>][m[K’
[4.699s]   119 |     [01;36m[Kbasic_ostream<_CharT, _Traits>[m[K::
[4.699s]       |     [01;36m[K^~~~~~~~~~~~~~~~~~~~~~~~~~~~~~[m[K
[4.699s] [01m[K/usr/include/c++/11/bits/ostream.tcc:120:34:[m[K [01;36m[Knote: [m[K  no known conversion for argument 1 from ‘[01m[Kstatus_interfaces::msg::SystemStatus_<std::allocator<void> >::_stamp_type[m[K’ {aka ‘[01m[Kbuiltin_interfaces::msg::Time_<std::allocator<void> >[m[K’} to ‘[01m[Kstd::basic_ostream<char>::__streambuf_type*[m[K’ {aka ‘[01m[Kstd::basic_streambuf<char>*[m[K’}
[4.699s]   120 |     operator<<([01;36m[K__streambuf_type* __sbin[m[K)
[4.699s]       |                [01;36m[K~~~~~~~~~~~~~~~~~~^~~~~~[m[K
[4.699s] In file included from [01m[K/usr/include/x86_64-linux-gnu/qt5/QtGui/qregion.h:49[m[K,
[4.699s]                  from [01m[K/usr/include/x86_64-linux-gnu/qt5/QtGui/qmatrix.h:45[m[K,
[4.700s]                  from [01m[K/usr/include/x86_64-linux-gnu/qt5/QtGui/qbrush.h:49[m[K,
[4.700s]                  from [01m[K/usr/include/x86_64-linux-gnu/qt5/QtGui/qpalette.h:46[m[K,
[4.700s]                  from [01m[K/usr/include/x86_64-linux-gnu/qt5/QtWidgets/qwidget.h:48[m[K,
[4.700s]                  from [01m[K/usr/include/x86_64-linux-gnu/qt5/QtWidgets/qframe.h:44[m[K,
[4.700s]                  from [01m[K/usr/include/x86_64-linux-gnu/qt5/QtWidgets/qlabel.h:44[m[K,
[4.701s]                  from [01m[K/usr/include/x86_64-linux-gnu/qt5/QtWidgets/QLabel:1[m[K,
[4.701s]                  from [01m[K/home/shenhang/ros_study/chapter3/topic_practice_workspace/src/status_display/src/sys_status_display.cpp:2[m[K:
[4.701s] [01m[K/usr/include/x86_64-linux-gnu/qt5/QtCore/qdatastream.h:405:21:[m[K [01;36m[Knote: [m[Kcandidate: ‘[01m[Ktemplate<class E> QDataStream& operator<<(QDataStream&, QFlags<T>)[m[K’
[4.701s]   405 | inline QDataStream &[01;36m[Koperator[m[K<<(QDataStream &s, QFlags<Enum> e)
[4.701s]       |                     [01;36m[K^~~~~~~~[m[K
[4.701s] [01m[K/usr/include/x86_64-linux-gnu/qt5/QtCore/qdatastream.h:405:21:[m[K [01;36m[Knote: [m[K  template argument deduction/substitution failed:
[4.701s] [01m[K/home/shenhang/ros_study/chapter3/topic_practice_workspace/src/status_display/src/sys_status_display.cpp:19:42:[m[K [01;36m[Knote: [m[K  ‘[01m[Kbuiltin_interfaces::msg::Time_<std::allocator<void> >[m[K’ is not derived from ‘[01m[KQFlags<T>[m[K’
[4.702s]    19 |                  << "数据时间: " << msg->[01;36m[Kstamp[m[K << " s\n"
[4.702s]       |                                          [01;36m[K^~~~~[m[K
[4.702s] In file included from [01m[K/usr/include/x86_64-linux-gnu/qt5/QtGui/qregion.h:49[m[K,
[4.702s]                  from [01m[K/usr/include/x86_64-linux-gnu/qt5/QtGui/qmatrix.h:45[m[K,
[4.702s]                  from [01m[K/usr/include/x86_64-linux-gnu/qt5/QtGui/qbrush.h:49[m[K,
[4.702s]                  from [01m[K/usr/include/x86_64-linux-gnu/qt5/QtGui/qpalette.h:46[m[K,
[4.702s]                  from [01m[K/usr/include/x86_64-linux-gnu/qt5/QtWidgets/qwidget.h:48[m[K,
[4.702s]                  from [01m[K/usr/include/x86_64-linux-gnu/qt5/QtWidgets/qframe.h:44[m[K,
[4.702s]                  from [01m[K/usr/include/x86_64-linux-gnu/qt5/QtWidgets/qlabel.h:44[m[K,
[4.702s]                  from [01m[K/usr/include/x86_64-linux-gnu/qt5/QtWidgets/QLabel:1[m[K,
[4.702s]                  from [01m[K/home/shenhang/ros_study/chapter3/topic_practice_workspace/src/status_display/src/sys_status_display.cpp:2[m[K:
[4.703s] [01m[K/usr/include/x86_64-linux-gnu/qt5/QtCore/qdatastream.h:414:1:[m[K [01;36m[Knote: [m[Kcandidate: ‘[01m[Ktemplate<class T> typename std::enable_if<std::is_enum<_Tp>::value, QDataStream&>::type& operator<<(QDataStream&, const T&)[m[K’
[4.703s]   414 | [01;36m[Koperator[m[K<<(QDataStream &s, const T &t)
[4.703s]       | [01;36m[K^~~~~~~~[m[K
[4.703s] [01m[K/usr/include/x86_64-linux-gnu/qt5/QtCore/qdatastream.h:414:1:[m[K [01;36m[Knote: [m[K  template argument deduction/substitution failed:
[4.703s] [01m[K/home/shenhang/ros_study/chapter3/topic_practice_workspace/src/status_display/src/sys_status_display.cpp:19:18:[m[K [01;36m[Knote: [m[K  cannot convert ‘[01m[Kstd::operator<< <std::char_traits<char> >((* & std::operator<< <std::char_traits<char> >(show_str.std::__cxx11::basic_stringstream<char>::<anonymous>.std::basic_iostream<char>::<anonymous>, ((const char*)"==================\37777777747\37777777663\37777777673\37777777747\37777777673\37777777637\37777777747\37777777612\37777777666\37777777746\37777777600\37777777601\37777777746\37777777630\37777777676\37777777747\37777777644\37777777672======================\012"))), ((const char*)"\37777777746\37777777625\37777777660\37777777746\37777777615\37777777656\37777777746\37777777627\37777777666\37777777751\37777777627\37777777664: "))[m[K’ (type ‘[01m[Kstd::basic_ostream<char>[m[K’) to type ‘[01m[KQDataStream&[m[K’
[4.703s]    18 |         [01;36m[Kshow_str << "==================系统状态显示======================\n"[m[K
[4.703s]       |         [01;36m[K~~~~~~~~~~~~~~~~~~~~~~~~~~~~~~~~~~~~~~~~~~~~~~~~~~~~~~~~~~~~~~~~~~~~[m[K
[4.703s]    19 | [01;36m[K                 << "数据时间: "[m[K << msg->stamp << " s\n"
[4.703s]       |                  [01;36m[K^~~~~~~~~~~~~~~[m[K
[4.703s] In file included from [01m[K/usr/include/x86_64-linux-gnu/qt5/QtGui/qregion.h:49[m[K,
[4.704s]                  from [01m[K/usr/include/x86_64-linux-gnu/qt5/QtGui/qmatrix.h:45[m[K,
[4.704s]                  from [01m[K/usr/include/x86_64-linux-gnu/qt5/QtGui/qbrush.h:49[m[K,
[4.704s]                  from [01m[K/usr/include/x86_64-linux-gnu/qt5/QtGui/qpalette.h:46[m[K,
[4.704s]                  from [01m[K/usr/include/x86_64-linux-gnu/qt5/QtWidgets/qwidget.h:48[m[K,
[4.704s]                  from [01m[K/usr/include/x86_64-linux-gnu/qt5/QtWidgets/qframe.h:44[m[K,
[4.704s]                  from [01m[K/usr/include/x86_64-linux-gnu/qt5/QtWidgets/qlabel.h:44[m[K,
[4.704s]                  from [01m[K/usr/include/x86_64-linux-gnu/qt5/QtWidgets/QLabel:1[m[K,
[4.704s]                  from [01m[K/home/shenhang/ros_study/chapter3/topic_practice_workspace/src/status_display/src/sys_status_display.cpp:2[m[K:
[4.704s] [01m[K/usr/include/x86_64-linux-gnu/qt5/QtCore/qdatastream.h:429:21:[m[K [01;36m[Knote: [m[Kcandidate: ‘[01m[Ktemplate<class T> QDataStream& operator<<(QDataStream&, const QList<T>&)[m[K’
[4.704s]   429 | inline QDataStream &[01;36m[Koperator[m[K<<(QDataStream &s, const QList<T> &l)
[4.704s]       |                     [01;36m[K^~~~~~~~[m[K
[4.705s] [01m[K/usr/include/x86_64-linux-gnu/qt5/QtCore/qdatastream.h:429:21:[m[K [01;36m[Knote: [m[K  template argument deduction/substitution failed:
[4.705s] [01m[K/home/shenhang/ros_study/chapter3/topic_practice_workspace/src/status_display/src/sys_status_display.cpp:19:42:[m[K [01;36m[Knote: [m[K  ‘[01m[Kstatus_interfaces::msg::SystemStatus_<std::allocator<void> >::_stamp_type[m[K’ {aka ‘[01m[Kbuiltin_interfaces::msg::Time_<std::allocator<void> >[m[K’} is not derived from ‘[01m[Kconst QList<T>[m[K’
[4.705s]    19 |                  << "数据时间: " << msg->[01;36m[Kstamp[m[K << " s\n"
[4.705s]       |                                          [01;36m[K^~~~~[m[K
[4.705s] In file included from [01m[K/usr/include/x86_64-linux-gnu/qt5/QtGui/qregion.h:49[m[K,
[4.705s]                  from [01m[K/usr/include/x86_64-linux-gnu/qt5/QtGui/qmatrix.h:45[m[K,
[4.705s]                  from [01m[K/usr/include/x86_64-linux-gnu/qt5/QtGui/qbrush.h:49[m[K,
[4.705s]                  from [01m[K/usr/include/x86_64-linux-gnu/qt5/QtGui/qpalette.h:46[m[K,
[4.705s]                  from [01m[K/usr/include/x86_64-linux-gnu/qt5/QtWidgets/qwidget.h:48[m[K,
[4.705s]                  from [01m[K/usr/include/x86_64-linux-gnu/qt5/QtWidgets/qframe.h:44[m[K,
[4.705s]                  from [01m[K/usr/include/x86_64-linux-gnu/qt5/QtWidgets/qlabel.h:44[m[K,
[4.706s]                  from [01m[K/usr/include/x86_64-linux-gnu/qt5/QtWidgets/QLabel:1[m[K,
[4.706s]                  from [01m[K/home/shenhang/ros_study/chapter3/topic_practice_workspace/src/status_display/src/sys_status_display.cpp:2[m[K:
[4.706s] [01m[K/usr/include/x86_64-linux-gnu/qt5/QtCore/qdatastream.h:441:21:[m[K [01;36m[Knote: [m[Kcandidate: ‘[01m[Ktemplate<class T> QDataStream& operator<<(QDataStream&, const QVector<T>&)[m[K’
[4.706s]   441 | inline QDataStream &[01;36m[Koperator[m[K<<(QDataStream &s, const QVector<T> &v)
[4.706s]       |                     [01;36m[K^~~~~~~~[m[K
[4.706s] [01m[K/usr/include/x86_64-linux-gnu/qt5/QtCore/qdatastream.h:441:21:[m[K [01;36m[Knote: [m[K  template argument deduction/substitution failed:
[4.706s] [01m[K/home/shenhang/ros_study/chapter3/topic_practice_workspace/src/status_display/src/sys_status_display.cpp:19:42:[m[K [01;36m[Knote: [m[K  ‘[01m[Kstatus_interfaces::msg::SystemStatus_<std::allocator<void> >::_stamp_type[m[K’ {aka ‘[01m[Kbuiltin_interfaces::msg::Time_<std::allocator<void> >[m[K’} is not derived from ‘[01m[Kconst QVector<T>[m[K’
[4.706s]    19 |                  << "数据时间: " << msg->[01;36m[Kstamp[m[K << " s\n"
[4.706s]       |                                          [01;36m[K^~~~~[m[K
[4.706s] In file included from [01m[K/usr/include/x86_64-linux-gnu/qt5/QtGui/qregion.h:49[m[K,
[4.707s]                  from [01m[K/usr/include/x86_64-linux-gnu/qt5/QtGui/qmatrix.h:45[m[K,
[4.707s]                  from [01m[K/usr/include/x86_64-linux-gnu/qt5/QtGui/qbrush.h:49[m[K,
[4.707s]                  from [01m[K/usr/include/x86_64-linux-gnu/qt5/QtGui/qpalette.h:46[m[K,
[4.707s]                  from [01m[K/usr/include/x86_64-linux-gnu/qt5/QtWidgets/qwidget.h:48[m[K,
[4.707s]                  from [01m[K/usr/include/x86_64-linux-gnu/qt5/QtWidgets/qframe.h:44[m[K,
[4.707s]                  from [01m[K/usr/include/x86_64-linux-gnu/qt5/QtWidgets/qlabel.h:44[m[K,
[4.707s]                  from [01m[K/usr/include/x86_64-linux-gnu/qt5/QtWidgets/QLabel:1[m[K,
[4.707s]                  from [01m[K/home/shenhang/ros_study/chapter3/topic_practice_workspace/src/status_display/src/sys_status_display.cpp:2[m[K:
[4.707s] [01m[K/usr/include/x86_64-linux-gnu/qt5/QtCore/qdatastream.h:453:21:[m[K [01;36m[Knote: [m[Kcandidate: ‘[01m[Ktemplate<class T> QDataStream& operator<<(QDataStream&, const QSet<T>&)[m[K’
[4.707s]   453 | inline QDataStream &[01;36m[Koperator[m[K<<(QDataStream &s, const QSet<T> &set)
[4.707s]       |                     [01;36m[K^~~~~~~~[m[K
[4.707s] [01m[K/usr/include/x86_64-linux-gnu/qt5/QtCore/qdatastream.h:453:21:[m[K [01;36m[Knote: [m[K  template argument deduction/substitution failed:
[4.708s] [01m[K/home/shenhang/ros_study/chapter3/topic_practice_workspace/src/status_display/src/sys_status_display.cpp:19:42:[m[K [01;36m[Knote: [m[K  ‘[01m[Kstatus_interfaces::msg::SystemStatus_<std::allocator<void> >::_stamp_type[m[K’ {aka ‘[01m[Kbuiltin_interfaces::msg::Time_<std::allocator<void> >[m[K’} is not derived from ‘[01m[Kconst QSet<T>[m[K’
[4.708s]    19 |                  << "数据时间: " << msg->[01;36m[Kstamp[m[K << " s\n"
[4.708s]       |                                          [01;36m[K^~~~~[m[K
[4.708s] In file included from [01m[K/usr/include/x86_64-linux-gnu/qt5/QtGui/qregion.h:49[m[K,
[4.709s]                  from [01m[K/usr/include/x86_64-linux-gnu/qt5/QtGui/qmatrix.h:45[m[K,
[4.709s]                  from [01m[K/usr/include/x86_64-linux-gnu/qt5/QtGui/qbrush.h:49[m[K,
[4.709s]                  from [01m[K/usr/include/x86_64-linux-gnu/qt5/QtGui/qpalette.h:46[m[K,
[4.709s]                  from [01m[K/usr/include/x86_64-linux-gnu/qt5/QtWidgets/qwidget.h:48[m[K,
[4.709s]                  from [01m[K/usr/include/x86_64-linux-gnu/qt5/QtWidgets/qframe.h:44[m[K,
[4.709s]                  from [01m[K/usr/include/x86_64-linux-gnu/qt5/QtWidgets/qlabel.h:44[m[K,
[4.709s]                  from [01m[K/usr/include/x86_64-linux-gnu/qt5/QtWidgets/QLabel:1[m[K,
[4.709s]                  from [01m[K/home/shenhang/ros_study/chapter3/topic_practice_workspace/src/status_display/src/sys_status_display.cpp:2[m[K:
[4.709s] [01m[K/usr/include/x86_64-linux-gnu/qt5/QtCore/qdatastream.h:465:21:[m[K [01;36m[Knote: [m[Kcandidate: ‘[01m[Ktemplate<class Key, class T> QDataStream& operator<<(QDataStream&, const QHash<K, V>&)[m[K’
[4.709s]   465 | inline QDataStream &[01;36m[Koperator[m[K<<(QDataStream &s, const QHash<Key, T> &hash)
[4.709s]       |                     [01;36m[K^~~~~~~~[m[K
[4.710s] [01m[K/usr/include/x86_64-linux-gnu/qt5/QtCore/qdatastream.h:465:21:[m[K [01;36m[Knote: [m[K  template argument deduction/substitution failed:
[4.710s] [01m[K/home/shenhang/ros_study/chapter3/topic_practice_workspace/src/status_display/src/sys_status_display.cpp:19:42:[m[K [01;36m[Knote: [m[K  ‘[01m[Kstatus_interfaces::msg::SystemStatus_<std::allocator<void> >::_stamp_type[m[K’ {aka ‘[01m[Kbuiltin_interfaces::msg::Time_<std::allocator<void> >[m[K’} is not derived from ‘[01m[Kconst QHash<K, V>[m[K’
[4.710s]    19 |                  << "数据时间: " << msg->[01;36m[Kstamp[m[K << " s\n"
[4.710s]       |                                          [01;36m[K^~~~~[m[K
[4.710s] In file included from [01m[K/usr/include/x86_64-linux-gnu/qt5/QtGui/qregion.h:49[m[K,
[4.710s]                  from [01m[K/usr/include/x86_64-linux-gnu/qt5/QtGui/qmatrix.h:45[m[K,
[4.710s]                  from [01m[K/usr/include/x86_64-linux-gnu/qt5/QtGui/qbrush.h:49[m[K,
[4.710s]                  from [01m[K/usr/include/x86_64-linux-gnu/qt5/QtGui/qpalette.h:46[m[K,
[4.710s]                  from [01m[K/usr/include/x86_64-linux-gnu/qt5/QtWidgets/qwidget.h:48[m[K,
[4.710s]                  from [01m[K/usr/include/x86_64-linux-gnu/qt5/QtWidgets/qframe.h:44[m[K,
[4.710s]                  from [01m[K/usr/include/x86_64-linux-gnu/qt5/QtWidgets/qlabel.h:44[m[K,
[4.711s]                  from [01m[K/usr/include/x86_64-linux-gnu/qt5/QtWidgets/QLabel:1[m[K,
[4.711s]                  from [01m[K/home/shenhang/ros_study/chapter3/topic_practice_workspace/src/status_display/src/sys_status_display.cpp:2[m[K:
[4.711s] [01m[K/usr/include/x86_64-linux-gnu/qt5/QtCore/qdatastream.h:477:21:[m[K [01;36m[Knote: [m[Kcandidate: ‘[01m[Ktemplate<class Key, class T> QDataStream& operator<<(QDataStream&, const QMap<K, V>&)[m[K’
[4.711s]   477 | inline QDataStream &[01;36m[Koperator[m[K<<(QDataStream &s, const QMap<Key, T> &map)
[4.711s]       |                     [01;36m[K^~~~~~~~[m[K
[4.711s] [01m[K/usr/include/x86_64-linux-gnu/qt5/QtCore/qdatastream.h:477:21:[m[K [01;36m[Knote: [m[K  template argument deduction/substitution failed:
[4.711s] [01m[K/home/shenhang/ros_study/chapter3/topic_practice_workspace/src/status_display/src/sys_status_display.cpp:19:42:[m[K [01;36m[Knote: [m[K  ‘[01m[Kstatus_interfaces::msg::SystemStatus_<std::allocator<void> >::_stamp_type[m[K’ {aka ‘[01m[Kbuiltin_interfaces::msg::Time_<std::allocator<void> >[m[K’} is not derived from ‘[01m[Kconst QMap<K, V>[m[K’
[4.711s]    19 |                  << "数据时间: " << msg->[01;36m[Kstamp[m[K << " s\n"
[4.711s]       |                                          [01;36m[K^~~~~[m[K
[4.711s] In file included from [01m[K/usr/include/x86_64-linux-gnu/qt5/QtGui/qregion.h:49[m[K,
[4.712s]                  from [01m[K/usr/include/x86_64-linux-gnu/qt5/QtGui/qmatrix.h:45[m[K,
[4.712s]                  from [01m[K/usr/include/x86_64-linux-gnu/qt5/QtGui/qbrush.h:49[m[K,
[4.712s]                  from [01m[K/usr/include/x86_64-linux-gnu/qt5/QtGui/qpalette.h:46[m[K,
[4.712s]                  from [01m[K/usr/include/x86_64-linux-gnu/qt5/QtWidgets/qwidget.h:48[m[K,
[4.712s]                  from [01m[K/usr/include/x86_64-linux-gnu/qt5/QtWidgets/qframe.h:44[m[K,
[4.712s]                  from [01m[K/usr/include/x86_64-linux-gnu/qt5/QtWidgets/qlabel.h:44[m[K,
[4.712s]                  from [01m[K/usr/include/x86_64-linux-gnu/qt5/QtWidgets/QLabel:1[m[K,
[4.712s]                  from [01m[K/home/shenhang/ros_study/chapter3/topic_practice_workspace/src/status_display/src/sys_status_display.cpp:2[m[K:
[4.712s] [01m[K/usr/include/x86_64-linux-gnu/qt5/QtCore/qdatastream.h:491:21:[m[K [01;36m[Knote: [m[Kcandidate: ‘[01m[Ktemplate<class T1, class T2> QDataStream& operator<<(QDataStream&, const QPair<T1, T2>&)[m[K’
[4.712s]   491 | inline QDataStream& [01;36m[Koperator[m[K<<(QDataStream& s, const QPair<T1, T2>& p)
[4.713s]       |                     [01;36m[K^~~~~~~~[m[K
[4.713s] [01m[K/usr/include/x86_64-linux-gnu/qt5/QtCore/qdatastream.h:491:21:[m[K [01;36m[Knote: [m[K  template argument deduction/substitution failed:
[4.713s] [01m[K/home/shenhang/ros_study/chapter3/topic_practice_workspace/src/status_display/src/sys_status_display.cpp:19:42:[m[K [01;36m[Knote: [m[K  ‘[01m[Kstatus_interfaces::msg::SystemStatus_<std::allocator<void> >::_stamp_type[m[K’ {aka ‘[01m[Kbuiltin_interfaces::msg::Time_<std::allocator<void> >[m[K’} is not derived from ‘[01m[Kconst QPair<T1, T2>[m[K’
[4.713s]    19 |                  << "数据时间: " << msg->[01;36m[Kstamp[m[K << " s\n"
[4.713s]       |                                          [01;36m[K^~~~~[m[K
[4.713s] In file included from [01m[K/usr/include/x86_64-linux-gnu/qt5/QtCore/qglobal.h:46[m[K,
[4.713s]                  from [01m[K/usr/include/x86_64-linux-gnu/qt5/QtGui/qtguiglobal.h:43[m[K,
[4.713s]                  from [01m[K/usr/include/x86_64-linux-gnu/qt5/QtWidgets/qtwidgetsglobal.h:43[m[K,
[4.713s]                  from [01m[K/usr/include/x86_64-linux-gnu/qt5/QtWidgets/qapplication.h:43[m[K,
[4.713s]                  from [01m[K/usr/include/x86_64-linux-gnu/qt5/QtWidgets/QApplication:1[m[K,
[4.714s]                  from [01m[K/home/shenhang/ros_study/chapter3/topic_practice_workspace/src/status_display/src/sys_status_display.cpp:1[m[K:
[4.714s] [01m[K/usr/include/c++/11/cstddef:126:5:[m[K [01;36m[Knote: [m[Kcandidate: ‘[01m[Ktemplate<class _IntegerType> constexpr std::__byte_op_t<_IntegerType> std::operator<<(std::byte, _IntegerType)[m[K’
[4.714s]   126 |     [01;36m[Koperator[m[K<<(byte __b, _IntegerType __shift) noexcept
[4.714s]       |     [01;36m[K^~~~~~~~[m[K
[4.714s] [01m[K/usr/include/c++/11/cstddef:126:5:[m[K [01;36m[Knote: [m[K  template argument deduction/substitution failed:
[4.714s] [01m[K/home/shenhang/ros_study/chapter3/topic_practice_workspace/src/status_display/src/sys_status_display.cpp:19:18:[m[K [01;36m[Knote: [m[K  cannot convert ‘[01m[Kstd::operator<< <std::char_traits<char> >((* & std::operator<< <std::char_traits<char> >(show_str.std::__cxx11::basic_stringstream<char>::<anonymous>.std::basic_iostream<char>::<anonymous>, ((const char*)"==================\37777777747\37777777663\37777777673\37777777747\37777777673\37777777637\37777777747\37777777612\37777777666\37777777746\37777777600\37777777601\37777777746\37777777630\37777777676\37777777747\37777777644\37777777672======================\012"))), ((const char*)"\37777777746\37777777625\37777777660\37777777746\37777777615\37777777656\37777777746\37777777627\37777777666\37777777751\37777777627\37777777664: "))[m[K’ (type ‘[01m[Kstd::basic_ostream<char>[m[K’) to type ‘[01m[Kstd::byte[m[K’
[4.714s]    18 |         [01;36m[Kshow_str << "==================系统状态显示======================\n"[m[K
[4.714s]       |         [01;36m[K~~~~~~~~~~~~~~~~~~~~~~~~~~~~~~~~~~~~~~~~~~~~~~~~~~~~~~~~~~~~~~~~~~~~[m[K
[4.714s]    19 | [01;36m[K                 << "数据时间: "[m[K << msg->stamp << " s\n"
[4.714s]       |                  [01;36m[K^~~~~~~~~~~~~~~[m[K
[4.715s] In file included from [01m[K/usr/include/c++/11/bits/basic_string.h:48[m[K,
[4.715s]                  from [01m[K/usr/include/c++/11/string:55[m[K,
[4.715s]                  from [01m[K/usr/include/x86_64-linux-gnu/qt5/QtCore/qbytearray.h:52[m[K,
[4.715s]                  from [01m[K/usr/include/x86_64-linux-gnu/qt5/QtCore/qstring.h:50[m[K,
[4.715s]                  from [01m[K/usr/include/x86_64-linux-gnu/qt5/QtCore/qcoreapplication.h:44[m[K,
[4.715s]                  from [01m[K/usr/include/x86_64-linux-gnu/qt5/QtWidgets/qapplication.h:44[m[K,
[4.715s]                  from [01m[K/usr/include/x86_64-linux-gnu/qt5/QtWidgets/QApplication:1[m[K,
[4.716s]                  from [01m[K/home/shenhang/ros_study/chapter3/topic_practice_workspace/src/status_display/src/sys_status_display.cpp:1[m[K:
[4.716s] [01m[K/usr/include/c++/11/string_view:667:5:[m[K [01;36m[Knote: [m[Kcandidate: ‘[01m[Ktemplate<class _CharT, class _Traits> std::basic_ostream<_CharT, _Traits>& std::operator<<(std::basic_ostream<_CharT, _Traits>&, std::basic_string_view<_CharT, _Traits>)[m[K’
[4.716s]   667 |     [01;36m[Koperator[m[K<<(basic_ostream<_CharT, _Traits>& __os,
[4.716s]       |     [01;36m[K^~~~~~~~[m[K
[4.716s] [01m[K/usr/include/c++/11/string_view:667:5:[m[K [01;36m[Knote: [m[K  template argument deduction/substitution failed:
[4.716s] [01m[K/home/shenhang/ros_study/chapter3/topic_practice_workspace/src/status_display/src/sys_status_display.cpp:19:42:[m[K [01;36m[Knote: [m[K  ‘[01m[Kbuiltin_interfaces::msg::Time_<std::allocator<void> >[m[K’ is not derived from ‘[01m[Kstd::basic_string_view<_CharT, _Traits>[m[K’
[4.716s]    19 |                  << "数据时间: " << msg->[01;36m[Kstamp[m[K << " s\n"
[4.717s]       |                                          [01;36m[K^~~~~[m[K
[4.717s] In file included from [01m[K/usr/include/c++/11/string:55[m[K,
[4.717s]                  from [01m[K/usr/include/x86_64-linux-gnu/qt5/QtCore/qbytearray.h:52[m[K,
[4.717s]                  from [01m[K/usr/include/x86_64-linux-gnu/qt5/QtCore/qstring.h:50[m[K,
[4.717s]                  from [01m[K/usr/include/x86_64-linux-gnu/qt5/QtCore/qcoreapplication.h:44[m[K,
[4.717s]                  from [01m[K/usr/include/x86_64-linux-gnu/qt5/QtWidgets/qapplication.h:44[m[K,
[4.717s]                  from [01m[K/usr/include/x86_64-linux-gnu/qt5/QtWidgets/QApplication:1[m[K,
[4.717s]                  from [01m[K/home/shenhang/ros_study/chapter3/topic_practice_workspace/src/status_display/src/sys_status_display.cpp:1[m[K:
[4.717s] [01m[K/usr/include/c++/11/bits/basic_string.h:6531:5:[m[K [01;36m[Knote: [m[Kcandidate: ‘[01m[Ktemplate<class _CharT, class _Traits, class _Alloc> std::basic_ostream<_CharT, _Traits>& std::operator<<(std::basic_ostream<_CharT, _Traits>&, const std::__cxx11::basic_string<_CharT, _Traits, _Allocator>&)[m[K’
[4.718s]  6531 |     [01;36m[Koperator[m[K<<(basic_ostream<_CharT, _Traits>& __os,
[4.718s]       |     [01;36m[K^~~~~~~~[m[K
[4.718s] [01m[K/usr/include/c++/11/bits/basic_string.h:6531:5:[m[K [01;36m[Knote: [m[K  template argument deduction/substitution failed:
[4.718s] [01m[K/home/shenhang/ros_study/chapter3/topic_practice_workspace/src/status_display/src/sys_status_display.cpp:19:42:[m[K [01;36m[Knote: [m[K  ‘[01m[Kstatus_interfaces::msg::SystemStatus_<std::allocator<void> >::_stamp_type[m[K’ {aka ‘[01m[Kbuiltin_interfaces::msg::Time_<std::allocator<void> >[m[K’} is not derived from ‘[01m[Kconst std::__cxx11::basic_string<_CharT, _Traits, _Allocator>[m[K’
[4.718s]    19 |                  << "数据时间: " << msg->[01;36m[Kstamp[m[K << " s\n"
[4.718s]       |                                          [01;36m[K^~~~~[m[K
[4.718s] In file included from [01m[K/usr/include/c++/11/bits/ios_base.h:46[m[K,
[4.718s]                  from [01m[K/usr/include/c++/11/streambuf:41[m[K,
[4.718s]                  from [01m[K/usr/include/c++/11/bits/streambuf_iterator.h:35[m[K,
[4.718s]                  from [01m[K/usr/include/c++/11/iterator:66[m[K,
[4.718s]                  from [01m[K/usr/include/x86_64-linux-gnu/qt5/QtCore/qbytearray.h:53[m[K,
[4.719s]                  from [01m[K/usr/include/x86_64-linux-gnu/qt5/QtCore/qstring.h:50[m[K,
[4.719s]                  from [01m[K/usr/include/x86_64-linux-gnu/qt5/QtCore/qcoreapplication.h:44[m[K,
[4.719s]                  from [01m[K/usr/include/x86_64-linux-gnu/qt5/QtWidgets/qapplication.h:44[m[K,
[4.719s]                  from [01m[K/usr/include/x86_64-linux-gnu/qt5/QtWidgets/QApplication:1[m[K,
[4.719s]                  from [01m[K/home/shenhang/ros_study/chapter3/topic_practice_workspace/src/status_display/src/sys_status_display.cpp:1[m[K:
[4.719s] [01m[K/usr/include/c++/11/system_error:279:5:[m[K [01;36m[Knote: [m[Kcandidate: ‘[01m[Ktemplate<class _CharT, class _Traits> std::basic_ostream<_CharT, _Traits>& std::operator<<(std::basic_ostream<_CharT, _Traits>&, const std::error_code&)[m[K’
[4.719s]   279 |     [01;36m[Koperator[m[K<<(basic_ostream<_CharT, _Traits>& __os, const error_code& __e)
[4.719s]       |     [01;36m[K^~~~~~~~[m[K
[4.719s] [01m[K/usr/include/c++/11/system_error:279:5:[m[K [01;36m[Knote: [m[K  template argument deduction/substitution failed:
[4.719s] [01m[K/home/shenhang/ros_study/chapter3/topic_practice_workspace/src/status_display/src/sys_status_display.cpp:19:42:[m[K [01;36m[Knote: [m[K  cannot convert ‘[01m[K((const std::__shared_ptr_access<status_interfaces::msg::SystemStatus_<std::allocator<void> >, __gnu_cxx::_S_atomic, false, false>*)(& msg))->std::__shared_ptr_access<status_interfaces::msg::SystemStatus_<std::allocator<void> >, __gnu_cxx::_S_atomic, false, false>::operator->()->status_interfaces::msg::SystemStatus_<std::allocator<void> >::stamp[m[K’ (type ‘[01m[Kstatus_interfaces::msg::SystemStatus_<std::allocator<void> >::_stamp_type[m[K’ {aka ‘[01m[Kbuiltin_interfaces::msg::Time_<std::allocator<void> >[m[K’}) to type ‘[01m[Kconst std::error_code&[m[K’
[4.719s]    19 |                  << "数据时间: " << [01;36m[Kmsg->stamp[m[K << " s\n"
[4.720s]       |                                     [01;36m[K~~~~~^~~~~[m[K
[4.720s] In file included from [01m[K/usr/include/c++/11/memory:77[m[K,
[4.720s]                  from [01m[K/usr/include/x86_64-linux-gnu/qt5/QtCore/qsharedpointer_impl.h:71[m[K,
[4.720s]                  from [01m[K/usr/include/x86_64-linux-gnu/qt5/QtCore/qsharedpointer.h:48[m[K,
[4.720s]                  from [01m[K/usr/include/x86_64-linux-gnu/qt5/QtGui/qpixmap.h:48[m[K,
[4.720s]                  from [01m[K/usr/include/x86_64-linux-gnu/qt5/QtGui/qbrush.h:52[m[K,
[4.720s]                  from [01m[K/usr/include/x86_64-linux-gnu/qt5/QtGui/qpalette.h:46[m[K,
[4.720s]                  from [01m[K/usr/include/x86_64-linux-gnu/qt5/QtWidgets/qwidget.h:48[m[K,
[4.720s]                  from [01m[K/usr/include/x86_64-linux-gnu/qt5/QtWidgets/qframe.h:44[m[K,
[4.720s]                  from [01m[K/usr/include/x86_64-linux-gnu/qt5/QtWidgets/qlabel.h:44[m[K,
[4.721s]                  from [01m[K/usr/include/x86_64-linux-gnu/qt5/QtWidgets/QLabel:1[m[K,
[4.721s]                  from [01m[K/home/shenhang/ros_study/chapter3/topic_practice_workspace/src/status_display/src/sys_status_display.cpp:2[m[K:
[4.721s] [01m[K/usr/include/c++/11/bits/shared_ptr.h:70:5:[m[K [01;36m[Knote: [m[Kcandidate: ‘[01m[Ktemplate<class _Ch, class _Tr, class _Tp, __gnu_cxx::_Lock_policy _Lp> std::basic_ostream<_CharT, _Traits>& std::operator<<(std::basic_ostream<_CharT, _Traits>&, const std::__shared_ptr<_Tp, _Lp>&)[m[K’
[4.721s]    70 |     [01;36m[Koperator[m[K<<(std::basic_ostream<_Ch, _Tr>& __os,
[4.721s]       |     [01;36m[K^~~~~~~~[m[K
[4.721s] [01m[K/usr/include/c++/11/bits/shared_ptr.h:70:5:[m[K [01;36m[Knote: [m[K  template argument deduction/substitution failed:
[4.721s] [01m[K/home/shenhang/ros_study/chapter3/topic_practice_workspace/src/status_display/src/sys_status_display.cpp:19:42:[m[K [01;36m[Knote: [m[K  ‘[01m[Kstatus_interfaces::msg::SystemStatus_<std::allocator<void> >::_stamp_type[m[K’ {aka ‘[01m[Kbuiltin_interfaces::msg::Time_<std::allocator<void> >[m[K’} is not derived from ‘[01m[Kconst std::__shared_ptr<_Tp, _Lp>[m[K’
[4.721s]    19 |                  << "数据时间: " << msg->[01;36m[Kstamp[m[K << " s\n"
[4.721s]       |                                          [01;36m[K^~~~~[m[K
[4.721s] In file included from [01m[K/opt/ros/humble/include/rclcpp/rclcpp/executors/multi_threaded_executor.hpp:22[m[K,
[4.721s]                  from [01m[K/opt/ros/humble/include/rclcpp/rclcpp/executors.hpp:21[m[K,
[4.722s]                  from [01m[K/opt/ros/humble/include/rclcpp/rclcpp/rclcpp.hpp:155[m[K,
[4.722s]                  from [01m[K/home/shenhang/ros_study/chapter3/topic_practice_workspace/src/status_display/src/sys_status_display.cpp:4[m[K:
[4.722s] [01m[K/usr/include/c++/11/thread:92:5:[m[K [01;36m[Knote: [m[Kcandidate: ‘[01m[Ktemplate<class _CharT, class _Traits> std::basic_ostream<_CharT, _Traits>& std::operator<<(std::basic_ostream<_CharT, _Traits>&, std::thread::id)[m[K’
[4.722s]    92 |     [01;36m[Koperator[m[K<<(basic_ostream<_CharT, _Traits>& __out, thread::id __id)
[4.722s]       |     [01;36m[K^~~~~~~~[m[K
[4.722s] [01m[K/usr/include/c++/11/thread:92:5:[m[K [01;36m[Knote: [m[K  template argument deduction/substitution failed:
[4.722s] [01m[K/home/shenhang/ros_study/chapter3/topic_practice_workspace/src/status_display/src/sys_status_display.cpp:19:42:[m[K [01;36m[Knote: [m[K  cannot convert ‘[01m[K((const std::__shared_ptr_access<status_interfaces::msg::SystemStatus_<std::allocator<void> >, __gnu_cxx::_S_atomic, false, false>*)(& msg))->std::__shared_ptr_access<status_interfaces::msg::SystemStatus_<std::allocator<void> >, __gnu_cxx::_S_atomic, false, false>::operator->()->status_interfaces::msg::SystemStatus_<std::allocator<void> >::stamp[m[K’ (type ‘[01m[Kstatus_interfaces::msg::SystemStatus_<std::allocator<void> >::_stamp_type[m[K’ {aka ‘[01m[Kbuiltin_interfaces::msg::Time_<std::allocator<void> >[m[K’}) to type ‘[01m[Kstd::thread::id[m[K’
[4.722s]    19 |                  << "数据时间: " << [01;36m[Kmsg->stamp[m[K << " s\n"
[4.722s]       |                                     [01;36m[K~~~~~^~~~~[m[K
[4.723s] In file included from [01m[K/usr/include/c++/11/iostream:39[m[K,
[4.723s]                  from [01m[K/opt/ros/humble/include/rclcpp/rclcpp/executor.hpp:22[m[K,
[4.723s]                  from [01m[K/opt/ros/humble/include/rclcpp/rclcpp/executors/multi_threaded_executor.hpp:25[m[K,
[4.723s]                  from [01m[K/opt/ros/humble/include/rclcpp/rclcpp/executors.hpp:21[m[K,
[4.723s]                  from [01m[K/opt/ros/humble/include/rclcpp/rclcpp/rclcpp.hpp:155[m[K,
[4.723s]                  from [01m[K/home/shenhang/ros_study/chapter3/topic_practice_workspace/src/status_display/src/sys_status_display.cpp:4[m[K:
[4.723s] [01m[K/usr/include/c++/11/ostream:513:5:[m[K [01;36m[Knote: [m[Kcandidate: ‘[01m[Ktemplate<class _CharT, class _Traits> std::basic_ostream<_CharT, _Traits>& std::operator<<(std::basic_ostream<_CharT, _Traits>&, _CharT)[m[K’
[4.723s]   513 |     [01;36m[Koperator[m[K<<(basic_ostream<_CharT, _Traits>& __out, _CharT __c)
[4.723s]       |     [01;36m[K^~~~~~~~[m[K
[4.723s] [01m[K/usr/include/c++/11/ostream:513:5:[m[K [01;36m[Knote: [m[K  template argument deduction/substitution failed:
[4.723s] [01m[K/home/shenhang/ros_study/chapter3/topic_practice_workspace/src/status_display/src/sys_status_display.cpp:19:42:[m[K [01;36m[Knote: [m[K  deduced conflicting types for parameter ‘[01m[K_CharT[m[K’ (‘[01m[Kchar[m[K’ and ‘[01m[Kbuiltin_interfaces::msg::Time_<std::allocator<void> >[m[K’)
[4.724s]    19 |                  << "数据时间: " << msg->[01;36m[Kstamp[m[K << " s\n"
[4.724s]       |                                          [01;36m[K^~~~~[m[K
[4.724s] In file included from [01m[K/usr/include/c++/11/iostream:39[m[K,
[4.724s]                  from [01m[K/opt/ros/humble/include/rclcpp/rclcpp/executor.hpp:22[m[K,
[4.724s]                  from [01m[K/opt/ros/humble/include/rclcpp/rclcpp/executors/multi_threaded_executor.hpp:25[m[K,
[4.724s]                  from [01m[K/opt/ros/humble/include/rclcpp/rclcpp/executors.hpp:21[m[K,
[4.724s]                  from [01m[K/opt/ros/humble/include/rclcpp/rclcpp/rclcpp.hpp:155[m[K,
[4.724s]                  from [01m[K/home/shenhang/ros_study/chapter3/topic_practice_workspace/src/status_display/src/sys_status_display.cpp:4[m[K:
[4.724s] [01m[K/usr/include/c++/11/ostream:518:5:[m[K [01;36m[Knote: [m[Kcandidate: ‘[01m[Ktemplate<class _CharT, class _Traits> std::basic_ostream<_CharT, _Traits>& std::operator<<(std::basic_ostream<_CharT, _Traits>&, char)[m[K’
[4.724s]   518 |     [01;36m[Koperator[m[K<<(basic_ostream<_CharT, _Traits>& __out, char __c)
[4.725s]       |     [01;36m[K^~~~~~~~[m[K
[4.725s] [01m[K/usr/include/c++/11/ostream:518:5:[m[K [01;36m[Knote: [m[K  template argument deduction/substitution failed:
[4.725s] [01m[K/home/shenhang/ros_study/chapter3/topic_practice_workspace/src/status_display/src/sys_status_display.cpp:19:42:[m[K [01;36m[Knote: [m[K  cannot convert ‘[01m[K((const std::__shared_ptr_access<status_interfaces::msg::SystemStatus_<std::allocator<void> >, __gnu_cxx::_S_atomic, false, false>*)(& msg))->std::__shared_ptr_access<status_interfaces::msg::SystemStatus_<std::allocator<void> >, __gnu_cxx::_S_atomic, false, false>::operator->()->status_interfaces::msg::SystemStatus_<std::allocator<void> >::stamp[m[K’ (type ‘[01m[Kstatus_interfaces::msg::SystemStatus_<std::allocator<void> >::_stamp_type[m[K’ {aka ‘[01m[Kbuiltin_interfaces::msg::Time_<std::allocator<void> >[m[K’}) to type ‘[01m[Kchar[m[K’
[4.725s]    19 |                  << "数据时间: " << [01;36m[Kmsg->stamp[m[K << " s\n"
[4.725s]       |                                     [01;36m[K~~~~~^~~~~[m[K
[4.725s] In file included from [01m[K/usr/include/c++/11/iostream:39[m[K,
[4.725s]                  from [01m[K/opt/ros/humble/include/rclcpp/rclcpp/executor.hpp:22[m[K,
[4.725s]                  from [01m[K/opt/ros/humble/include/rclcpp/rclcpp/executors/multi_threaded_executor.hpp:25[m[K,
[4.725s]                  from [01m[K/opt/ros/humble/include/rclcpp/rclcpp/executors.hpp:21[m[K,
[4.725s]                  from [01m[K/opt/ros/humble/include/rclcpp/rclcpp/rclcpp.hpp:155[m[K,
[4.725s]                  from [01m[K/home/shenhang/ros_study/chapter3/topic_practice_workspace/src/status_display/src/sys_status_display.cpp:4[m[K:
[4.726s] [01m[K/usr/include/c++/11/ostream:524:5:[m[K [01;36m[Knote: [m[Kcandidate: ‘[01m[Ktemplate<class _Traits> std::basic_ostream<char, _Traits>& std::operator<<(std::basic_ostream<char, _Traits>&, char)[m[K’
[4.726s]   524 |     [01;36m[Koperator[m[K<<(basic_ostream<char, _Traits>& __out, char __c)
[4.726s]       |     [01;36m[K^~~~~~~~[m[K
[4.726s] [01m[K/usr/include/c++/11/ostream:524:5:[m[K [01;36m[Knote: [m[K  template argument deduction/substitution failed:
[4.726s] [01m[K/home/shenhang/ros_study/chapter3/topic_practice_workspace/src/status_display/src/sys_status_display.cpp:19:42:[m[K [01;36m[Knote: [m[K  cannot convert ‘[01m[K((const std::__shared_ptr_access<status_interfaces::msg::SystemStatus_<std::allocator<void> >, __gnu_cxx::_S_atomic, false, false>*)(& msg))->std::__shared_ptr_access<status_interfaces::msg::SystemStatus_<std::allocator<void> >, __gnu_cxx::_S_atomic, false, false>::operator->()->status_interfaces::msg::SystemStatus_<std::allocator<void> >::stamp[m[K’ (type ‘[01m[Kstatus_interfaces::msg::SystemStatus_<std::allocator<void> >::_stamp_type[m[K’ {aka ‘[01m[Kbuiltin_interfaces::msg::Time_<std::allocator<void> >[m[K’}) to type ‘[01m[Kchar[m[K’
[4.726s]    19 |                  << "数据时间: " << [01;36m[Kmsg->stamp[m[K << " s\n"
[4.726s]       |                                     [01;36m[K~~~~~^~~~~[m[K
[4.726s] In file included from [01m[K/usr/include/c++/11/iostream:39[m[K,
[4.726s]                  from [01m[K/opt/ros/humble/include/rclcpp/rclcpp/executor.hpp:22[m[K,
[4.726s]                  from [01m[K/opt/ros/humble/include/rclcpp/rclcpp/executors/multi_threaded_executor.hpp:25[m[K,
[4.727s]                  from [01m[K/opt/ros/humble/include/rclcpp/rclcpp/executors.hpp:21[m[K,
[4.727s]                  from [01m[K/opt/ros/humble/include/rclcpp/rclcpp/rclcpp.hpp:155[m[K,
[4.727s]                  from [01m[K/home/shenhang/ros_study/chapter3/topic_practice_workspace/src/status_display/src/sys_status_display.cpp:4[m[K:
[4.727s] [01m[K/usr/include/c++/11/ostream:530:5:[m[K [01;36m[Knote: [m[Kcandidate: ‘[01m[Ktemplate<class _Traits> std::basic_ostream<char, _Traits>& std::operator<<(std::basic_ostream<char, _Traits>&, signed char)[m[K’
[4.727s]   530 |     [01;36m[Koperator[m[K<<(basic_ostream<char, _Traits>& __out, signed char __c)
[4.727s]       |     [01;36m[K^~~~~~~~[m[K
[4.727s] [01m[K/usr/include/c++/11/ostream:530:5:[m[K [01;36m[Knote: [m[K  template argument deduction/substitution failed:
[4.727s] [01m[K/home/shenhang/ros_study/chapter3/topic_practice_workspace/src/status_display/src/sys_status_display.cpp:19:42:[m[K [01;36m[Knote: [m[K  cannot convert ‘[01m[K((const std::__shared_ptr_access<status_interfaces::msg::SystemStatus_<std::allocator<void> >, __gnu_cxx::_S_atomic, false, false>*)(& msg))->std::__shared_ptr_access<status_interfaces::msg::SystemStatus_<std::allocator<void> >, __gnu_cxx::_S_atomic, false, false>::operator->()->status_interfaces::msg::SystemStatus_<std::allocator<void> >::stamp[m[K’ (type ‘[01m[Kstatus_interfaces::msg::SystemStatus_<std::allocator<void> >::_stamp_type[m[K’ {aka ‘[01m[Kbuiltin_interfaces::msg::Time_<std::allocator<void> >[m[K’}) to type ‘[01m[Ksigned char[m[K’
[4.727s]    19 |                  << "数据时间: " << [01;36m[Kmsg->stamp[m[K << " s\n"
[4.727s]       |                                     [01;36m[K~~~~~^~~~~[m[K
[4.727s] In file included from [01m[K/usr/include/c++/11/iostream:39[m[K,
[4.728s]                  from [01m[K/opt/ros/humble/include/rclcpp/rclcpp/executor.hpp:22[m[K,
[4.728s]                  from [01m[K/opt/ros/humble/include/rclcpp/rclcpp/executors/multi_threaded_executor.hpp:25[m[K,
[4.728s]                  from [01m[K/opt/ros/humble/include/rclcpp/rclcpp/executors.hpp:21[m[K,
[4.728s]                  from [01m[K/opt/ros/humble/include/rclcpp/rclcpp/rclcpp.hpp:155[m[K,
[4.728s]                  from [01m[K/home/shenhang/ros_study/chapter3/topic_practice_workspace/src/status_display/src/sys_status_display.cpp:4[m[K:
[4.728s] [01m[K/usr/include/c++/11/ostream:535:5:[m[K [01;36m[Knote: [m[Kcandidate: ‘[01m[Ktemplate<class _Traits> std::basic_ostream<char, _Traits>& std::operator<<(std::basic_ostream<char, _Traits>&, unsigned char)[m[K’
[4.728s]   535 |     [01;36m[Koperator[m[K<<(basic_ostream<char, _Traits>& __out, unsigned char __c)
[4.728s]       |     [01;36m[K^~~~~~~~[m[K
[4.728s] [01m[K/usr/include/c++/11/ostream:535:5:[m[K [01;36m[Knote: [m[K  template argument deduction/substitution failed:
[4.728s] [01m[K/home/shenhang/ros_study/chapter3/topic_practice_workspace/src/status_display/src/sys_status_display.cpp:19:42:[m[K [01;36m[Knote: [m[K  cannot convert ‘[01m[K((const std::__shared_ptr_access<status_interfaces::msg::SystemStatus_<std::allocator<void> >, __gnu_cxx::_S_atomic, false, false>*)(& msg))->std::__shared_ptr_access<status_interfaces::msg::SystemStatus_<std::allocator<void> >, __gnu_cxx::_S_atomic, false, false>::operator->()->status_interfaces::msg::SystemStatus_<std::allocator<void> >::stamp[m[K’ (type ‘[01m[Kstatus_interfaces::msg::SystemStatus_<std::allocator<void> >::_stamp_type[m[K’ {aka ‘[01m[Kbuiltin_interfaces::msg::Time_<std::allocator<void> >[m[K’}) to type ‘[01m[Kunsigned char[m[K’
[4.729s]    19 |                  << "数据时间: " << [01;36m[Kmsg->stamp[m[K << " s\n"
[4.729s]       |                                     [01;36m[K~~~~~^~~~~[m[K
[4.729s] In file included from [01m[K/usr/include/c++/11/iostream:39[m[K,
[4.729s]                  from [01m[K/opt/ros/humble/include/rclcpp/rclcpp/executor.hpp:22[m[K,
[4.729s]                  from [01m[K/opt/ros/humble/include/rclcpp/rclcpp/executors/multi_threaded_executor.hpp:25[m[K,
[4.729s]                  from [01m[K/opt/ros/humble/include/rclcpp/rclcpp/executors.hpp:21[m[K,
[4.729s]                  from [01m[K/opt/ros/humble/include/rclcpp/rclcpp/rclcpp.hpp:155[m[K,
[4.729s]                  from [01m[K/home/shenhang/ros_study/chapter3/topic_practice_workspace/src/status_display/src/sys_status_display.cpp:4[m[K:
[4.729s] [01m[K/usr/include/c++/11/ostream:594:5:[m[K [01;36m[Knote: [m[Kcandidate: ‘[01m[Ktemplate<class _CharT, class _Traits> std::basic_ostream<_CharT, _Traits>& std::operator<<(std::basic_ostream<_CharT, _Traits>&, const _CharT*)[m[K’
[4.729s]   594 |     [01;36m[Koperator[m[K<<(basic_ostream<_CharT, _Traits>& __out, const _CharT* __s)
[4.729s]       |     [01;36m[K^~~~~~~~[m[K
[4.730s] [01m[K/usr/include/c++/11/ostream:594:5:[m[K [01;36m[Knote: [m[K  template argument deduction/substitution failed:
[4.730s] [01m[K/home/shenhang/ros_study/chapter3/topic_practice_workspace/src/status_display/src/sys_status_display.cpp:19:42:[m[K [01;36m[Knote: [m[K  mismatched types ‘[01m[Kconst _CharT*[m[K’ and ‘[01m[Kbuiltin_interfaces::msg::Time_<std::allocator<void> >[m[K’
[4.730s]    19 |                  << "数据时间: " << msg->[01;36m[Kstamp[m[K << " s\n"
[4.730s]       |                                          [01;36m[K^~~~~[m[K
[4.730s] In file included from [01m[K/usr/include/c++/11/ostream:829[m[K,
[4.730s]                  from [01m[K/usr/include/c++/11/iostream:39[m[K,
[4.730s]                  from [01m[K/opt/ros/humble/include/rclcpp/rclcpp/executor.hpp:22[m[K,
[4.730s]                  from [01m[K/opt/ros/humble/include/rclcpp/rclcpp/executors/multi_threaded_executor.hpp:25[m[K,
[4.731s]                  from [01m[K/opt/ros/humble/include/rclcpp/rclcpp/executors.hpp:21[m[K,
[4.731s]                  from [01m[K/opt/ros/humble/include/rclcpp/rclcpp/rclcpp.hpp:155[m[K,
[4.731s]                  from [01m[K/home/shenhang/ros_study/chapter3/topic_practice_workspace/src/status_display/src/sys_status_display.cpp:4[m[K:
[4.731s] [01m[K/usr/include/c++/11/bits/ostream.tcc:321:5:[m[K [01;36m[Knote: [m[Kcandidate: ‘[01m[Ktemplate<class _CharT, class _Traits> std::basic_ostream<_CharT, _Traits>& std::operator<<(std::basic_ostream<_CharT, _Traits>&, const char*)[m[K’
[4.731s]   321 |     [01;36m[Koperator[m[K<<(basic_ostream<_CharT, _Traits>& __out, const char* __s)
[4.731s]       |     [01;36m[K^~~~~~~~[m[K
[4.732s] [01m[K/usr/include/c++/11/bits/ostream.tcc:321:5:[m[K [01;36m[Knote: [m[K  template argument deduction/substitution failed:
[4.732s] [01m[K/home/shenhang/ros_study/chapter3/topic_practice_workspace/src/status_display/src/sys_status_display.cpp:19:42:[m[K [01;36m[Knote: [m[K  cannot convert ‘[01m[K((const std::__shared_ptr_access<status_interfaces::msg::SystemStatus_<std::allocator<void> >, __gnu_cxx::_S_atomic, false, false>*)(& msg))->std::__shared_ptr_access<status_interfaces::msg::SystemStatus_<std::allocator<void> >, __gnu_cxx::_S_atomic, false, false>::operator->()->status_interfaces::msg::SystemStatus_<std::allocator<void> >::stamp[m[K’ (type ‘[01m[Kstatus_interfaces::msg::SystemStatus_<std::allocator<void> >::_stamp_type[m[K’ {aka ‘[01m[Kbuiltin_interfaces::msg::Time_<std::allocator<void> >[m[K’}) to type ‘[01m[Kconst char*[m[K’
[4.732s]    19 |                  << "数据时间: " << [01;36m[Kmsg->stamp[m[K << " s\n"
[4.732s]       |                                     [01;36m[K~~~~~^~~~~[m[K
[4.732s] In file included from [01m[K/usr/include/c++/11/iostream:39[m[K,
[4.732s]                  from [01m[K/opt/ros/humble/include/rclcpp/rclcpp/executor.hpp:22[m[K,
[4.732s]                  from [01m[K/opt/ros/humble/include/rclcpp/rclcpp/executors/multi_threaded_executor.hpp:25[m[K,
[4.732s]                  from [01m[K/opt/ros/humble/include/rclcpp/rclcpp/executors.hpp:21[m[K,
[4.733s]                  from [01m[K/opt/ros/humble/include/rclcpp/rclcpp/rclcpp.hpp:155[m[K,
[4.733s]                  from [01m[K/home/shenhang/ros_study/chapter3/topic_practice_workspace/src/status_display/src/sys_status_display.cpp:4[m[K:
[4.733s] [01m[K/usr/include/c++/11/ostream:611:5:[m[K [01;36m[Knote: [m[Kcandidate: ‘[01m[Ktemplate<class _Traits> std::basic_ostream<char, _Traits>& std::operator<<(std::basic_ostream<char, _Traits>&, const char*)[m[K’
[4.733s]   611 |     [01;36m[Koperator[m[K<<(basic_ostream<char, _Traits>& __out, const char* __s)
[4.733s]       |     [01;36m[K^~~~~~~~[m[K
[4.733s] [01m[K/usr/include/c++/11/ostream:611:5:[m[K [01;36m[Knote: [m[K  template argument deduction/substitution failed:
[4.733s] [01m[K/home/shenhang/ros_study/chapter3/topic_practice_workspace/src/status_display/src/sys_status_display.cpp:19:42:[m[K [01;36m[Knote: [m[K  cannot convert ‘[01m[K((const std::__shared_ptr_access<status_interfaces::msg::SystemStatus_<std::allocator<void> >, __gnu_cxx::_S_atomic, false, false>*)(& msg))->std::__shared_ptr_access<status_interfaces::msg::SystemStatus_<std::allocator<void> >, __gnu_cxx::_S_atomic, false, false>::operator->()->status_interfaces::msg::SystemStatus_<std::allocator<void> >::stamp[m[K’ (type ‘[01m[Kstatus_interfaces::msg::SystemStatus_<std::allocator<void> >::_stamp_type[m[K’ {aka ‘[01m[Kbuiltin_interfaces::msg::Time_<std::allocator<void> >[m[K’}) to type ‘[01m[Kconst char*[m[K’
[4.733s]    19 |                  << "数据时间: " << [01;36m[Kmsg->stamp[m[K << " s\n"
[4.733s]       |                                     [01;36m[K~~~~~^~~~~[m[K
[4.733s] In file included from [01m[K/usr/include/c++/11/iostream:39[m[K,
[4.734s]                  from [01m[K/opt/ros/humble/include/rclcpp/rclcpp/executor.hpp:22[m[K,
[4.734s]                  from [01m[K/opt/ros/humble/include/rclcpp/rclcpp/executors/multi_threaded_executor.hpp:25[m[K,
[4.734s]                  from [01m[K/opt/ros/humble/include/rclcpp/rclcpp/executors.hpp:21[m[K,
[4.734s]                  from [01m[K/opt/ros/humble/include/rclcpp/rclcpp/rclcpp.hpp:155[m[K,
[4.734s]                  from [01m[K/home/shenhang/ros_study/chapter3/topic_practice_workspace/src/status_display/src/sys_status_display.cpp:4[m[K:
[4.734s] [01m[K/usr/include/c++/11/ostream:624:5:[m[K [01;36m[Knote: [m[Kcandidate: ‘[01m[Ktemplate<class _Traits> std::basic_ostream<char, _Traits>& std::operator<<(std::basic_ostream<char, _Traits>&, const signed char*)[m[K’
[4.734s]   624 |     [01;36m[Koperator[m[K<<(basic_ostream<char, _Traits>& __out, const signed char* __s)
[4.734s]       |     [01;36m[K^~~~~~~~[m[K
[4.734s] [01m[K/usr/include/c++/11/ostream:624:5:[m[K [01;36m[Knote: [m[K  template argument deduction/substitution failed:
[4.734s] [01m[K/home/shenhang/ros_study/chapter3/topic_practice_workspace/src/status_display/src/sys_status_display.cpp:19:42:[m[K [01;36m[Knote: [m[K  cannot convert ‘[01m[K((const std::__shared_ptr_access<status_interfaces::msg::SystemStatus_<std::allocator<void> >, __gnu_cxx::_S_atomic, false, false>*)(& msg))->std::__shared_ptr_access<status_interfaces::msg::SystemStatus_<std::allocator<void> >, __gnu_cxx::_S_atomic, false, false>::operator->()->status_interfaces::msg::SystemStatus_<std::allocator<void> >::stamp[m[K’ (type ‘[01m[Kstatus_interfaces::msg::SystemStatus_<std::allocator<void> >::_stamp_type[m[K’ {aka ‘[01m[Kbuiltin_interfaces::msg::Time_<std::allocator<void> >[m[K’}) to type ‘[01m[Kconst signed char*[m[K’
[4.734s]    19 |                  << "数据时间: " << [01;36m[Kmsg->stamp[m[K << " s\n"
[4.735s]       |                                     [01;36m[K~~~~~^~~~~[m[K
[4.735s] In file included from [01m[K/usr/include/c++/11/iostream:39[m[K,
[4.735s]                  from [01m[K/opt/ros/humble/include/rclcpp/rclcpp/executor.hpp:22[m[K,
[4.735s]                  from [01m[K/opt/ros/humble/include/rclcpp/rclcpp/executors/multi_threaded_executor.hpp:25[m[K,
[4.735s]                  from [01m[K/opt/ros/humble/include/rclcpp/rclcpp/executors.hpp:21[m[K,
[4.735s]                  from [01m[K/opt/ros/humble/include/rclcpp/rclcpp/rclcpp.hpp:155[m[K,
[4.735s]                  from [01m[K/home/shenhang/ros_study/chapter3/topic_practice_workspace/src/status_display/src/sys_status_display.cpp:4[m[K:
[4.735s] [01m[K/usr/include/c++/11/ostream:629:5:[m[K [01;36m[Knote: [m[Kcandidate: ‘[01m[Ktemplate<class _Traits> std::basic_ostream<char, _Traits>& std::operator<<(std::basic_ostream<char, _Traits>&, const unsigned char*)[m[K’
[4.735s]   629 |     [01;36m[Koperator[m[K<<(basic_ostream<char, _Traits>& __out, const unsigned char* __s)
[4.735s]       |     [01;36m[K^~~~~~~~[m[K
[4.736s] [01m[K/usr/include/c++/11/ostream:629:5:[m[K [01;36m[Knote: [m[K  template argument deduction/substitution failed:
[4.736s] [01m[K/home/shenhang/ros_study/chapter3/topic_practice_workspace/src/status_display/src/sys_status_display.cpp:19:42:[m[K [01;36m[Knote: [m[K  cannot convert ‘[01m[K((const std::__shared_ptr_access<status_interfaces::msg::SystemStatus_<std::allocator<void> >, __gnu_cxx::_S_atomic, false, false>*)(& msg))->std::__shared_ptr_access<status_interfaces::msg::SystemStatus_<std::allocator<void> >, __gnu_cxx::_S_atomic, false, false>::operator->()->status_interfaces::msg::SystemStatus_<std::allocator<void> >::stamp[m[K’ (type ‘[01m[Kstatus_interfaces::msg::SystemStatus_<std::allocator<void> >::_stamp_type[m[K’ {aka ‘[01m[Kbuiltin_interfaces::msg::Time_<std::allocator<void> >[m[K’}) to type ‘[01m[Kconst unsigned char*[m[K’
[4.736s]    19 |                  << "数据时间: " << [01;36m[Kmsg->stamp[m[K << " s\n"
[4.736s]       |                                     [01;36m[K~~~~~^~~~~[m[K
[4.736s] In file included from [01m[K/usr/include/c++/11/iostream:39[m[K,
[4.736s]                  from [01m[K/opt/ros/humble/include/rclcpp/rclcpp/executor.hpp:22[m[K,
[4.736s]                  from [01m[K/opt/ros/humble/include/rclcpp/rclcpp/executors/multi_threaded_executor.hpp:25[m[K,
[4.736s]                  from [01m[K/opt/ros/humble/include/rclcpp/rclcpp/executors.hpp:21[m[K,
[4.736s]                  from [01m[K/opt/ros/humble/include/rclcpp/rclcpp/rclcpp.hpp:155[m[K,
[4.736s]                  from [01m[K/home/shenhang/ros_study/chapter3/topic_practice_workspace/src/status_display/src/sys_status_display.cpp:4[m[K:
[4.737s] [01m[K/usr/include/c++/11/ostream:750:5:[m[K [01;36m[Knote: [m[Kcandidate: ‘[01m[Ktemplate<class _Ostream, class _Tp> _Ostream&& std::operator<<(_Ostream&&, const _Tp&)[m[K’
[4.737s]   750 |     [01;36m[Koperator[m[K<<(_Ostream&& __os, const _Tp& __x)
[4.737s]       |     [01;36m[K^~~~~~~~[m[K
[4.737s] [01m[K/usr/include/c++/11/ostream:750:5:[m[K [01;36m[Knote: [m[K  template argument deduction/substitution failed:
[4.737s] /usr/include/c++/11/ostream: In substitution of ‘[01m[Ktemplate<class _Ostream, class _Tp> _Ostream&& std::operator<<(_Ostream&&, const _Tp&) [with _Ostream = std::basic_ostream<char>&; _Tp = builtin_interfaces::msg::Time_<std::allocator<void> >][m[K’:
[4.737s] [01m[K/home/shenhang/ros_study/chapter3/topic_practice_workspace/src/status_display/src/sys_status_display.cpp:19:46:[m[K   required from here
[4.737s] [01m[K/usr/include/c++/11/ostream:750:5:[m[K [01;31m[Kerror: [m[Kno type named ‘[01m[Ktype[m[K’ in ‘[01m[Kstruct std::enable_if<false, void>[m[K’
[4.737s] In file included from [01m[K/opt/ros/humble/include/rosidl_runtime_cpp/rosidl_runtime_cpp/traits.hpp:19[m[K,
[4.737s]                  from [01m[K/opt/ros/humble/include/builtin_interfaces/builtin_interfaces/msg/detail/duration__traits.hpp:15[m[K,
[4.737s]                  from [01m[K/opt/ros/humble/include/builtin_interfaces/builtin_interfaces/msg/duration.hpp:9[m[K,
[4.738s]                  from [01m[K/opt/ros/humble/include/rclcpp/rclcpp/duration.hpp:20[m[K,
[4.738s]                  from [01m[K/opt/ros/humble/include/rclcpp/rclcpp/qos.hpp:20[m[K,
[4.738s]                  from [01m[K/opt/ros/humble/include/rclcpp/rclcpp/node_interfaces/node_graph_interface.hpp:32[m[K,
[4.738s]                  from [01m[K/opt/ros/humble/include/rclcpp/rclcpp/client.hpp:42[m[K,
[4.738s]                  from [01m[K/opt/ros/humble/include/rclcpp/rclcpp/callback_group.hpp:24[m[K,
[4.738s]                  from [01m[K/opt/ros/humble/include/rclcpp/rclcpp/any_executable.hpp:20[m[K,
[4.738s]                  from [01m[K/opt/ros/humble/include/rclcpp/rclcpp/memory_strategy.hpp:25[m[K,
[4.738s]                  from [01m[K/opt/ros/humble/include/rclcpp/rclcpp/memory_strategies.hpp:18[m[K,
[4.738s]                  from [01m[K/opt/ros/humble/include/rclcpp/rclcpp/executor_options.hpp:20[m[K,
[4.738s]                  from [01m[K/opt/ros/humble/include/rclcpp/rclcpp/executor.hpp:37[m[K,
[4.738s]                  from [01m[K/opt/ros/humble/include/rclcpp/rclcpp/executors/multi_threaded_executor.hpp:25[m[K,
[4.739s]                  from [01m[K/opt/ros/humble/include/rclcpp/rclcpp/executors.hpp:21[m[K,
[4.739s]                  from [01m[K/opt/ros/humble/include/rclcpp/rclcpp/rclcpp.hpp:155[m[K,
[4.739s]                  from [01m[K/home/shenhang/ros_study/chapter3/topic_practice_workspace/src/status_display/src/sys_status_display.cpp:4[m[K:
[4.739s] [01m[K/usr/include/c++/11/iomanip:79:5:[m[K [01;36m[Knote: [m[Kcandidate: ‘[01m[Ktemplate<class _CharT, class _Traits> std::basic_ostream<_CharT, _Traits>& std::operator<<(std::basic_ostream<_CharT, _Traits>&, std::_Resetiosflags)[m[K’
[4.739s]    79 |     [01;36m[Koperator[m[K<<(basic_ostream<_CharT, _Traits>& __os, _Resetiosflags __f)
[4.739s]       |     [01;36m[K^~~~~~~~[m[K
[4.739s] [01m[K/usr/include/c++/11/iomanip:79:5:[m[K [01;36m[Knote: [m[K  template argument deduction/substitution failed:
[4.739s] [01m[K/home/shenhang/ros_study/chapter3/topic_practice_workspace/src/status_display/src/sys_status_display.cpp:19:42:[m[K [01;36m[Knote: [m[K  cannot convert ‘[01m[K((const std::__shared_ptr_access<status_interfaces::msg::SystemStatus_<std::allocator<void> >, __gnu_cxx::_S_atomic, false, false>*)(& msg))->std::__shared_ptr_access<status_interfaces::msg::SystemStatus_<std::allocator<void> >, __gnu_cxx::_S_atomic, false, false>::operator->()->status_interfaces::msg::SystemStatus_<std::allocator<void> >::stamp[m[K’ (type ‘[01m[Kstatus_interfaces::msg::SystemStatus_<std::allocator<void> >::_stamp_type[m[K’ {aka ‘[01m[Kbuiltin_interfaces::msg::Time_<std::allocator<void> >[m[K’}) to type ‘[01m[Kstd::_Resetiosflags[m[K’
[4.739s]    19 |                  << "数据时间: " << [01;36m[Kmsg->stamp[m[K << " s\n"
[4.739s]       |                                     [01;36m[K~~~~~^~~~~[m[K
[4.740s] In file included from [01m[K/opt/ros/humble/include/rosidl_runtime_cpp/rosidl_runtime_cpp/traits.hpp:19[m[K,
[4.740s]                  from [01m[K/opt/ros/humble/include/builtin_interfaces/builtin_interfaces/msg/detail/duration__traits.hpp:15[m[K,
[4.740s]                  from [01m[K/opt/ros/humble/include/builtin_interfaces/builtin_interfaces/msg/duration.hpp:9[m[K,
[4.740s]                  from [01m[K/opt/ros/humble/include/rclcpp/rclcpp/duration.hpp:20[m[K,
[4.740s]                  from [01m[K/opt/ros/humble/include/rclcpp/rclcpp/qos.hpp:20[m[K,
[4.740s]                  from [01m[K/opt/ros/humble/include/rclcpp/rclcpp/node_interfaces/node_graph_interface.hpp:32[m[K,
[4.740s]                  from [01m[K/opt/ros/humble/include/rclcpp/rclcpp/client.hpp:42[m[K,
[4.740s]                  from [01m[K/opt/ros/humble/include/rclcpp/rclcpp/callback_group.hpp:24[m[K,
[4.740s]                  from [01m[K/opt/ros/humble/include/rclcpp/rclcpp/any_executable.hpp:20[m[K,
[4.740s]                  from [01m[K/opt/ros/humble/include/rclcpp/rclcpp/memory_strategy.hpp:25[m[K,
[4.741s]                  from [01m[K/opt/ros/humble/include/rclcpp/rclcpp/memory_strategies.hpp:18[m[K,
[4.741s]                  from [01m[K/opt/ros/humble/include/rclcpp/rclcpp/executor_options.hpp:20[m[K,
[4.741s]                  from [01m[K/opt/ros/humble/include/rclcpp/rclcpp/executor.hpp:37[m[K,
[4.741s]                  from [01m[K/opt/ros/humble/include/rclcpp/rclcpp/executors/multi_threaded_executor.hpp:25[m[K,
[4.741s]                  from [01m[K/opt/ros/humble/include/rclcpp/rclcpp/executors.hpp:21[m[K,
[4.741s]                  from [01m[K/opt/ros/humble/include/rclcpp/rclcpp/rclcpp.hpp:155[m[K,
[4.741s]                  from [01m[K/home/shenhang/ros_study/chapter3/topic_practice_workspace/src/status_display/src/sys_status_display.cpp:4[m[K:
[4.741s] [01m[K/usr/include/c++/11/iomanip:109:5:[m[K [01;36m[Knote: [m[Kcandidate: ‘[01m[Ktemplate<class _CharT, class _Traits> std::basic_ostream<_CharT, _Traits>& std::operator<<(std::basic_ostream<_CharT, _Traits>&, std::_Setiosflags)[m[K’
[4.741s]   109 |     [01;36m[Koperator[m[K<<(basic_ostream<_CharT, _Traits>& __os, _Setiosflags __f)
[4.741s]       |     [01;36m[K^~~~~~~~[m[K
[4.741s] [01m[K/usr/include/c++/11/iomanip:109:5:[m[K [01;36m[Knote: [m[K  template argument deduction/substitution failed:
[4.742s] [01m[K/home/shenhang/ros_study/chapter3/topic_practice_workspace/src/status_display/src/sys_status_display.cpp:19:42:[m[K [01;36m[Knote: [m[K  cannot convert ‘[01m[K((const std::__shared_ptr_access<status_interfaces::msg::SystemStatus_<std::allocator<void> >, __gnu_cxx::_S_atomic, false, false>*)(& msg))->std::__shared_ptr_access<status_interfaces::msg::SystemStatus_<std::allocator<void> >, __gnu_cxx::_S_atomic, false, false>::operator->()->status_interfaces::msg::SystemStatus_<std::allocator<void> >::stamp[m[K’ (type ‘[01m[Kstatus_interfaces::msg::SystemStatus_<std::allocator<void> >::_stamp_type[m[K’ {aka ‘[01m[Kbuiltin_interfaces::msg::Time_<std::allocator<void> >[m[K’}) to type ‘[01m[Kstd::_Setiosflags[m[K’
[4.742s]    19 |                  << "数据时间: " << [01;36m[Kmsg->stamp[m[K << " s\n"
[4.742s]       |                                     [01;36m[K~~~~~^~~~~[m[K
[4.742s] In file included from [01m[K/opt/ros/humble/include/rosidl_runtime_cpp/rosidl_runtime_cpp/traits.hpp:19[m[K,
[4.742s]                  from [01m[K/opt/ros/humble/include/builtin_interfaces/builtin_interfaces/msg/detail/duration__traits.hpp:15[m[K,
[4.742s]                  from [01m[K/opt/ros/humble/include/builtin_interfaces/builtin_interfaces/msg/duration.hpp:9[m[K,
[4.742s]                  from [01m[K/opt/ros/humble/include/rclcpp/rclcpp/duration.hpp:20[m[K,
[4.742s]                  from [01m[K/opt/ros/humble/include/rclcpp/rclcpp/qos.hpp:20[m[K,
[4.742s]                  from [01m[K/opt/ros/humble/include/rclcpp/rclcpp/node_interfaces/node_graph_interface.hpp:32[m[K,
[4.742s]                  from [01m[K/opt/ros/humble/include/rclcpp/rclcpp/client.hpp:42[m[K,
[4.743s]                  from [01m[K/opt/ros/humble/include/rclcpp/rclcpp/callback_group.hpp:24[m[K,
[4.743s]                  from [01m[K/opt/ros/humble/include/rclcpp/rclcpp/any_executable.hpp:20[m[K,
[4.743s]                  from [01m[K/opt/ros/humble/include/rclcpp/rclcpp/memory_strategy.hpp:25[m[K,
[4.743s]                  from [01m[K/opt/ros/humble/include/rclcpp/rclcpp/memory_strategies.hpp:18[m[K,
[4.743s]                  from [01m[K/opt/ros/humble/include/rclcpp/rclcpp/executor_options.hpp:20[m[K,
[4.743s]                  from [01m[K/opt/ros/humble/include/rclcpp/rclcpp/executor.hpp:37[m[K,
[4.744s]                  from [01m[K/opt/ros/humble/include/rclcpp/rclcpp/executors/multi_threaded_executor.hpp:25[m[K,
[4.744s]                  from [01m[K/opt/ros/humble/include/rclcpp/rclcpp/executors.hpp:21[m[K,
[4.744s]                  from [01m[K/opt/ros/humble/include/rclcpp/rclcpp/rclcpp.hpp:155[m[K,
[4.745s]                  from [01m[K/home/shenhang/ros_study/chapter3/topic_practice_workspace/src/status_display/src/sys_status_display.cpp:4[m[K:
[4.745s] [01m[K/usr/include/c++/11/iomanip:143:5:[m[K [01;36m[Knote: [m[Kcandidate: ‘[01m[Ktemplate<class _CharT, class _Traits> std::basic_ostream<_CharT, _Traits>& std::operator<<(std::basic_ostream<_CharT, _Traits>&, std::_Setbase)[m[K’
[4.745s]   143 |     [01;36m[Koperator[m[K<<(basic_ostream<_CharT, _Traits>& __os, _Setbase __f)
[4.746s]       |     [01;36m[K^~~~~~~~[m[K
[4.746s] [01m[K/usr/include/c++/11/iomanip:143:5:[m[K [01;36m[Knote: [m[K  template argument deduction/substitution failed:
[4.746s] [01m[K/home/shenhang/ros_study/chapter3/topic_practice_workspace/src/status_display/src/sys_status_display.cpp:19:42:[m[K [01;36m[Knote: [m[K  cannot convert ‘[01m[K((const std::__shared_ptr_access<status_interfaces::msg::SystemStatus_<std::allocator<void> >, __gnu_cxx::_S_atomic, false, false>*)(& msg))->std::__shared_ptr_access<status_interfaces::msg::SystemStatus_<std::allocator<void> >, __gnu_cxx::_S_atomic, false, false>::operator->()->status_interfaces::msg::SystemStatus_<std::allocator<void> >::stamp[m[K’ (type ‘[01m[Kstatus_interfaces::msg::SystemStatus_<std::allocator<void> >::_stamp_type[m[K’ {aka ‘[01m[Kbuiltin_interfaces::msg::Time_<std::allocator<void> >[m[K’}) to type ‘[01m[Kstd::_Setbase[m[K’
[4.746s]    19 |                  << "数据时间: " << [01;36m[Kmsg->stamp[m[K << " s\n"
[4.746s]       |                                     [01;36m[K~~~~~^~~~~[m[K
[4.746s] In file included from [01m[K/opt/ros/humble/include/rosidl_runtime_cpp/rosidl_runtime_cpp/traits.hpp:19[m[K,
[4.746s]                  from [01m[K/opt/ros/humble/include/builtin_interfaces/builtin_interfaces/msg/detail/duration__traits.hpp:15[m[K,
[4.746s]                  from [01m[K/opt/ros/humble/include/builtin_interfaces/builtin_interfaces/msg/duration.hpp:9[m[K,
[4.746s]                  from [01m[K/opt/ros/humble/include/rclcpp/rclcpp/duration.hpp:20[m[K,
[4.746s]                  from [01m[K/opt/ros/humble/include/rclcpp/rclcpp/qos.hpp:20[m[K,
[4.747s]                  from [01m[K/opt/ros/humble/include/rclcpp/rclcpp/node_interfaces/node_graph_interface.hpp:32[m[K,
[4.747s]                  from [01m[K/opt/ros/humble/include/rclcpp/rclcpp/client.hpp:42[m[K,
[4.747s]                  from [01m[K/opt/ros/humble/include/rclcpp/rclcpp/callback_group.hpp:24[m[K,
[4.747s]                  from [01m[K/opt/ros/humble/include/rclcpp/rclcpp/any_executable.hpp:20[m[K,
[4.747s]                  from [01m[K/opt/ros/humble/include/rclcpp/rclcpp/memory_strategy.hpp:25[m[K,
[4.747s]                  from [01m[K/opt/ros/humble/include/rclcpp/rclcpp/memory_strategies.hpp:18[m[K,
[4.747s]                  from [01m[K/opt/ros/humble/include/rclcpp/rclcpp/executor_options.hpp:20[m[K,
[4.747s]                  from [01m[K/opt/ros/humble/include/rclcpp/rclcpp/executor.hpp:37[m[K,
[4.747s]                  from [01m[K/opt/ros/humble/include/rclcpp/rclcpp/executors/multi_threaded_executor.hpp:25[m[K,
[4.747s]                  from [01m[K/opt/ros/humble/include/rclcpp/rclcpp/executors.hpp:21[m[K,
[4.748s]                  from [01m[K/opt/ros/humble/include/rclcpp/rclcpp/rclcpp.hpp:155[m[K,
[4.748s]                  from [01m[K/home/shenhang/ros_study/chapter3/topic_practice_workspace/src/status_display/src/sys_status_display.cpp:4[m[K:
[4.748s] [01m[K/usr/include/c++/11/iomanip:178:5:[m[K [01;36m[Knote: [m[Kcandidate: ‘[01m[Ktemplate<class _CharT, class _Traits> std::basic_ostream<_CharT, _Traits>& std::operator<<(std::basic_ostream<_CharT, _Traits>&, std::_Setfill<_CharT>)[m[K’
[4.748s]   178 |     [01;36m[Koperator[m[K<<(basic_ostream<_CharT, _Traits>& __os, _Setfill<_CharT> __f)
[4.748s]       |     [01;36m[K^~~~~~~~[m[K
[4.748s] [01m[K/usr/include/c++/11/iomanip:178:5:[m[K [01;36m[Knote: [m[K  template argument deduction/substitution failed:
[4.748s] [01m[K/home/shenhang/ros_study/chapter3/topic_practice_workspace/src/status_display/src/sys_status_display.cpp:19:42:[m[K [01;36m[Knote: [m[K  ‘[01m[Kbuiltin_interfaces::msg::Time_<std::allocator<void> >[m[K’ is not derived from ‘[01m[Kstd::_Setfill<_CharT>[m[K’
[4.748s]    19 |                  << "数据时间: " << msg->[01;36m[Kstamp[m[K << " s\n"
[4.750s]       |                                          [01;36m[K^~~~~[m[K
[4.751s] In file included from [01m[K/opt/ros/humble/include/rosidl_runtime_cpp/rosidl_runtime_cpp/traits.hpp:19[m[K,
[4.751s]                  from [01m[K/opt/ros/humble/include/builtin_interfaces/builtin_interfaces/msg/detail/duration__traits.hpp:15[m[K,
[4.751s]                  from [01m[K/opt/ros/humble/include/builtin_interfaces/builtin_interfaces/msg/duration.hpp:9[m[K,
[4.751s]                  from [01m[K/opt/ros/humble/include/rclcpp/rclcpp/duration.hpp:20[m[K,
[4.751s]                  from [01m[K/opt/ros/humble/include/rclcpp/rclcpp/qos.hpp:20[m[K,
[4.751s]                  from [01m[K/opt/ros/humble/include/rclcpp/rclcpp/node_interfaces/node_graph_interface.hpp:32[m[K,
[4.751s]                  from [01m[K/opt/ros/humble/include/rclcpp/rclcpp/client.hpp:42[m[K,
[4.751s]                  from [01m[K/opt/ros/humble/include/rclcpp/rclcpp/callback_group.hpp:24[m[K,
[4.751s]                  from [01m[K/opt/ros/humble/include/rclcpp/rclcpp/any_executable.hpp:20[m[K,
[4.751s]                  from [01m[K/opt/ros/humble/include/rclcpp/rclcpp/memory_strategy.hpp:25[m[K,
[4.752s]                  from [01m[K/opt/ros/humble/include/rclcpp/rclcpp/memory_strategies.hpp:18[m[K,
[4.752s]                  from [01m[K/opt/ros/humble/include/rclcpp/rclcpp/executor_options.hpp:20[m[K,
[4.752s]                  from [01m[K/opt/ros/humble/include/rclcpp/rclcpp/executor.hpp:37[m[K,
[4.752s]                  from [01m[K/opt/ros/humble/include/rclcpp/rclcpp/executors/multi_threaded_executor.hpp:25[m[K,
[4.752s]                  from [01m[K/opt/ros/humble/include/rclcpp/rclcpp/executors.hpp:21[m[K,
[4.752s]                  from [01m[K/opt/ros/humble/include/rclcpp/rclcpp/rclcpp.hpp:155[m[K,
[4.752s]                  from [01m[K/home/shenhang/ros_study/chapter3/topic_practice_workspace/src/status_display/src/sys_status_display.cpp:4[m[K:
[4.753s] [01m[K/usr/include/c++/11/iomanip:208:5:[m[K [01;36m[Knote: [m[Kcandidate: ‘[01m[Ktemplate<class _CharT, class _Traits> std::basic_ostream<_CharT, _Traits>& std::operator<<(std::basic_ostream<_CharT, _Traits>&, std::_Setprecision)[m[K’
[4.753s]   208 |     [01;36m[Koperator[m[K<<(basic_ostream<_CharT, _Traits>& __os, _Setprecision __f)
[4.754s]       |     [01;36m[K^~~~~~~~[m[K
[4.754s] [01m[K/usr/include/c++/11/iomanip:208:5:[m[K [01;36m[Knote: [m[K  template argument deduction/substitution failed:
[4.754s] [01m[K/home/shenhang/ros_study/chapter3/topic_practice_workspace/src/status_display/src/sys_status_display.cpp:19:42:[m[K [01;36m[Knote: [m[K  cannot convert ‘[01m[K((const std::__shared_ptr_access<status_interfaces::msg::SystemStatus_<std::allocator<void> >, __gnu_cxx::_S_atomic, false, false>*)(& msg))->std::__shared_ptr_access<status_interfaces::msg::SystemStatus_<std::allocator<void> >, __gnu_cxx::_S_atomic, false, false>::operator->()->status_interfaces::msg::SystemStatus_<std::allocator<void> >::stamp[m[K’ (type ‘[01m[Kstatus_interfaces::msg::SystemStatus_<std::allocator<void> >::_stamp_type[m[K’ {aka ‘[01m[Kbuiltin_interfaces::msg::Time_<std::allocator<void> >[m[K’}) to type ‘[01m[Kstd::_Setprecision[m[K’
[4.754s]    19 |                  << "数据时间: " << [01;36m[Kmsg->stamp[m[K << " s\n"
[4.754s]       |                                     [01;36m[K~~~~~^~~~~[m[K
[4.754s] In file included from [01m[K/opt/ros/humble/include/rosidl_runtime_cpp/rosidl_runtime_cpp/traits.hpp:19[m[K,
[4.754s]                  from [01m[K/opt/ros/humble/include/builtin_interfaces/builtin_interfaces/msg/detail/duration__traits.hpp:15[m[K,
[4.754s]                  from [01m[K/opt/ros/humble/include/builtin_interfaces/builtin_interfaces/msg/duration.hpp:9[m[K,
[4.754s]                  from [01m[K/opt/ros/humble/include/rclcpp/rclcpp/duration.hpp:20[m[K,
[4.754s]                  from [01m[K/opt/ros/humble/include/rclcpp/rclcpp/qos.hpp:20[m[K,
[4.755s]                  from [01m[K/opt/ros/humble/include/rclcpp/rclcpp/node_interfaces/node_graph_interface.hpp:32[m[K,
[4.755s]                  from [01m[K/opt/ros/humble/include/rclcpp/rclcpp/client.hpp:42[m[K,
[4.755s]                  from [01m[K/opt/ros/humble/include/rclcpp/rclcpp/callback_group.hpp:24[m[K,
[4.755s]                  from [01m[K/opt/ros/humble/include/rclcpp/rclcpp/any_executable.hpp:20[m[K,
[4.755s]                  from [01m[K/opt/ros/humble/include/rclcpp/rclcpp/memory_strategy.hpp:25[m[K,
[4.755s]                  from [01m[K/opt/ros/humble/include/rclcpp/rclcpp/memory_strategies.hpp:18[m[K,
[4.755s]                  from [01m[K/opt/ros/humble/include/rclcpp/rclcpp/executor_options.hpp:20[m[K,
[4.755s]                  from [01m[K/opt/ros/humble/include/rclcpp/rclcpp/executor.hpp:37[m[K,
[4.755s]                  from [01m[K/opt/ros/humble/include/rclcpp/rclcpp/executors/multi_threaded_executor.hpp:25[m[K,
[4.755s]                  from [01m[K/opt/ros/humble/include/rclcpp/rclcpp/executors.hpp:21[m[K,
[4.755s]                  from [01m[K/opt/ros/humble/include/rclcpp/rclcpp/rclcpp.hpp:155[m[K,
[4.756s]                  from [01m[K/home/shenhang/ros_study/chapter3/topic_practice_workspace/src/status_display/src/sys_status_display.cpp:4[m[K:
[4.756s] [01m[K/usr/include/c++/11/iomanip:238:5:[m[K [01;36m[Knote: [m[Kcandidate: ‘[01m[Ktemplate<class _CharT, class _Traits> std::basic_ostream<_CharT, _Traits>& std::operator<<(std::basic_ostream<_CharT, _Traits>&, std::_Setw)[m[K’
[4.756s]   238 |     [01;36m[Koperator[m[K<<(basic_ostream<_CharT, _Traits>& __os, _Setw __f)
[4.756s]       |     [01;36m[K^~~~~~~~[m[K
[4.756s] [01m[K/usr/include/c++/11/iomanip:238:5:[m[K [01;36m[Knote: [m[K  template argument deduction/substitution failed:
[4.756s] [01m[K/home/shenhang/ros_study/chapter3/topic_practice_workspace/src/status_display/src/sys_status_display.cpp:19:42:[m[K [01;36m[Knote: [m[K  cannot convert ‘[01m[K((const std::__shared_ptr_access<status_interfaces::msg::SystemStatus_<std::allocator<void> >, __gnu_cxx::_S_atomic, false, false>*)(& msg))->std::__shared_ptr_access<status_interfaces::msg::SystemStatus_<std::allocator<void> >, __gnu_cxx::_S_atomic, false, false>::operator->()->status_interfaces::msg::SystemStatus_<std::allocator<void> >::stamp[m[K’ (type ‘[01m[Kstatus_interfaces::msg::SystemStatus_<std::allocator<void> >::_stamp_type[m[K’ {aka ‘[01m[Kbuiltin_interfaces::msg::Time_<std::allocator<void> >[m[K’}) to type ‘[01m[Kstd::_Setw[m[K’
[4.756s]    19 |                  << "数据时间: " << [01;36m[Kmsg->stamp[m[K << " s\n"
[4.758s]       |                                     [01;36m[K~~~~~^~~~~[m[K
[4.758s] In file included from [01m[K/opt/ros/humble/include/rosidl_runtime_cpp/rosidl_runtime_cpp/traits.hpp:19[m[K,
[4.758s]                  from [01m[K/opt/ros/humble/include/builtin_interfaces/builtin_interfaces/msg/detail/duration__traits.hpp:15[m[K,
[4.758s]                  from [01m[K/opt/ros/humble/include/builtin_interfaces/builtin_interfaces/msg/duration.hpp:9[m[K,
[4.758s]                  from [01m[K/opt/ros/humble/include/rclcpp/rclcpp/duration.hpp:20[m[K,
[4.758s]                  from [01m[K/opt/ros/humble/include/rclcpp/rclcpp/qos.hpp:20[m[K,
[4.758s]                  from [01m[K/opt/ros/humble/include/rclcpp/rclcpp/node_interfaces/node_graph_interface.hpp:32[m[K,
[4.758s]                  from [01m[K/opt/ros/humble/include/rclcpp/rclcpp/client.hpp:42[m[K,
[4.758s]                  from [01m[K/opt/ros/humble/include/rclcpp/rclcpp/callback_group.hpp:24[m[K,
[4.758s]                  from [01m[K/opt/ros/humble/include/rclcpp/rclcpp/any_executable.hpp:20[m[K,
[4.759s]                  from [01m[K/opt/ros/humble/include/rclcpp/rclcpp/memory_strategy.hpp:25[m[K,
[4.759s]                  from [01m[K/opt/ros/humble/include/rclcpp/rclcpp/memory_strategies.hpp:18[m[K,
[4.759s]                  from [01m[K/opt/ros/humble/include/rclcpp/rclcpp/executor_options.hpp:20[m[K,
[4.759s]                  from [01m[K/opt/ros/humble/include/rclcpp/rclcpp/executor.hpp:37[m[K,
[4.759s]                  from [01m[K/opt/ros/humble/include/rclcpp/rclcpp/executors/multi_threaded_executor.hpp:25[m[K,
[4.759s]                  from [01m[K/opt/ros/humble/include/rclcpp/rclcpp/executors.hpp:21[m[K,
[4.759s]                  from [01m[K/opt/ros/humble/include/rclcpp/rclcpp/rclcpp.hpp:155[m[K,
[4.759s]                  from [01m[K/home/shenhang/ros_study/chapter3/topic_practice_workspace/src/status_display/src/sys_status_display.cpp:4[m[K:
[4.759s] [01m[K/usr/include/c++/11/iomanip:311:5:[m[K [01;36m[Knote: [m[Kcandidate: ‘[01m[Ktemplate<class _CharT, class _Traits, class _MoneyT> std::basic_ostream<_CharT, _Traits>& std::operator<<(std::basic_ostream<_CharT, _Traits>&, std::_Put_money<_MoneyT>)[m[K’
[4.759s]   311 |     [01;36m[Koperator[m[K<<(basic_ostream<_CharT, _Traits>& __os, _Put_money<_MoneyT> __f)
[4.759s]       |     [01;36m[K^~~~~~~~[m[K
[4.760s] [01m[K/usr/include/c++/11/iomanip:311:5:[m[K [01;36m[Knote: [m[K  template argument deduction/substitution failed:
[4.760s] [01m[K/home/shenhang/ros_study/chapter3/topic_practice_workspace/src/status_display/src/sys_status_display.cpp:19:42:[m[K [01;36m[Knote: [m[K  ‘[01m[Kbuiltin_interfaces::msg::Time_<std::allocator<void> >[m[K’ is not derived from ‘[01m[Kstd::_Put_money<_MoneyT>[m[K’
[4.760s]    19 |                  << "数据时间: " << msg->[01;36m[Kstamp[m[K << " s\n"
[4.760s]       |                                          [01;36m[K^~~~~[m[K
[4.760s] In file included from [01m[K/opt/ros/humble/include/rosidl_runtime_cpp/rosidl_runtime_cpp/traits.hpp:19[m[K,
[4.760s]                  from [01m[K/opt/ros/humble/include/builtin_interfaces/builtin_interfaces/msg/detail/duration__traits.hpp:15[m[K,
[4.760s]                  from [01m[K/opt/ros/humble/include/builtin_interfaces/builtin_interfaces/msg/duration.hpp:9[m[K,
[4.761s]                  from [01m[K/opt/ros/humble/include/rclcpp/rclcpp/duration.hpp:20[m[K,
[4.762s]                  from [01m[K/opt/ros/humble/include/rclcpp/rclcpp/qos.hpp:20[m[K,
[4.762s]                  from [01m[K/opt/ros/humble/include/rclcpp/rclcpp/node_interfaces/node_graph_interface.hpp:32[m[K,
[4.762s]                  from [01m[K/opt/ros/humble/include/rclcpp/rclcpp/client.hpp:42[m[K,
[4.762s]                  from [01m[K/opt/ros/humble/include/rclcpp/rclcpp/callback_group.hpp:24[m[K,
[4.762s]                  from [01m[K/opt/ros/humble/include/rclcpp/rclcpp/any_executable.hpp:20[m[K,
[4.762s]                  from [01m[K/opt/ros/humble/include/rclcpp/rclcpp/memory_strategy.hpp:25[m[K,
[4.762s]                  from [01m[K/opt/ros/humble/include/rclcpp/rclcpp/memory_strategies.hpp:18[m[K,
[4.762s]                  from [01m[K/opt/ros/humble/include/rclcpp/rclcpp/executor_options.hpp:20[m[K,
[4.762s]                  from [01m[K/opt/ros/humble/include/rclcpp/rclcpp/executor.hpp:37[m[K,
[4.762s]                  from [01m[K/opt/ros/humble/include/rclcpp/rclcpp/executors/multi_threaded_executor.hpp:25[m[K,
[4.763s]                  from [01m[K/opt/ros/humble/include/rclcpp/rclcpp/executors.hpp:21[m[K,
[4.763s]                  from [01m[K/opt/ros/humble/include/rclcpp/rclcpp/rclcpp.hpp:155[m[K,
[4.763s]                  from [01m[K/home/shenhang/ros_study/chapter3/topic_practice_workspace/src/status_display/src/sys_status_display.cpp:4[m[K:
[4.763s] [01m[K/usr/include/c++/11/iomanip:363:5:[m[K [01;36m[Knote: [m[Kcandidate: ‘[01m[Ktemplate<class _CharT, class _Traits> std::basic_ostream<_CharT, _Traits>& std::operator<<(std::basic_ostream<_CharT, _Traits>&, std::_Put_time<_CharT>)[m[K’
[4.763s]   363 |     [01;36m[Koperator[m[K<<(basic_ostream<_CharT, _Traits>& __os, _Put_time<_CharT> __f)
[4.763s]       |     [01;36m[K^~~~~~~~[m[K
[4.763s] [01m[K/usr/include/c++/11/iomanip:363:5:[m[K [01;36m[Knote: [m[K  template argument deduction/substitution failed:
[4.764s] [01m[K/home/shenhang/ros_study/chapter3/topic_practice_workspace/src/status_display/src/sys_status_display.cpp:19:42:[m[K [01;36m[Knote: [m[K  ‘[01m[Kbuiltin_interfaces::msg::Time_<std::allocator<void> >[m[K’ is not derived from ‘[01m[Kstd::_Put_time<_CharT>[m[K’
[4.764s]    19 |                  << "数据时间: " << msg->[01;36m[Kstamp[m[K << " s\n"
[4.764s]       |                                          [01;36m[K^~~~~[m[K
[4.764s] In file included from [01m[K/usr/include/x86_64-linux-gnu/qt5/QtCore/qstring.h:49[m[K,
[4.764s]                  from [01m[K/usr/include/x86_64-linux-gnu/qt5/QtCore/qcoreapplication.h:44[m[K,
[4.765s]                  from [01m[K/usr/include/x86_64-linux-gnu/qt5/QtWidgets/qapplication.h:44[m[K,
[4.765s]                  from [01m[K/usr/include/x86_64-linux-gnu/qt5/QtWidgets/QApplication:1[m[K,
[4.765s]                  from [01m[K/home/shenhang/ros_study/chapter3/topic_practice_workspace/src/status_display/src/sys_status_display.cpp:1[m[K:
[4.765s] [01m[K/usr/include/x86_64-linux-gnu/qt5/QtCore/qchar.h:662:28:[m[K [01;36m[Knote: [m[Kcandidate: ‘[01m[KQDataStream& operator<<(QDataStream&, QChar)[m[K’
[4.765s]   662 | Q_CORE_EXPORT QDataStream &[01;36m[Koperator[m[K<<(QDataStream &, QChar);
[4.765s]       |                            [01;36m[K^~~~~~~~[m[K
[4.765s] [01m[K/usr/include/x86_64-linux-gnu/qt5/QtCore/qchar.h:662:39:[m[K [01;36m[Knote: [m[K  no known conversion for argument 1 from ‘[01m[Kstd::basic_ostream<char>[m[K’ to ‘[01m[KQDataStream&[m[K’
[4.765s]   662 | Q_CORE_EXPORT QDataStream &operator<<([01;36m[KQDataStream &[m[K, QChar);
[4.766s]       |                                       [01;36m[K^~~~~~~~~~~~~[m[K
[4.766s] In file included from [01m[K/usr/include/x86_64-linux-gnu/qt5/QtCore/qstring.h:50[m[K,
[4.766s]                  from [01m[K/usr/include/x86_64-linux-gnu/qt5/QtCore/qcoreapplication.h:44[m[K,
[4.766s]                  from [01m[K/usr/include/x86_64-linux-gnu/qt5/QtWidgets/qapplication.h:44[m[K,
[4.766s]                  from [01m[K/usr/include/x86_64-linux-gnu/qt5/QtWidgets/QApplication:1[m[K,
[4.766s]                  from [01m[K/home/shenhang/ros_study/chapter3/topic_practice_workspace/src/status_display/src/sys_status_display.cpp:1[m[K:
[4.766s] [01m[K/usr/include/x86_64-linux-gnu/qt5/QtCore/qbytearray.h:759:28:[m[K [01;36m[Knote: [m[Kcandidate: ‘[01m[KQDataStream& operator<<(QDataStream&, const QByteArray&)[m[K’
[4.766s]   759 | Q_CORE_EXPORT QDataStream &[01;36m[Koperator[m[K<<(QDataStream &, const QByteArray &);
[4.766s]       |                            [01;36m[K^~~~~~~~[m[K
[4.766s] [01m[K/usr/include/x86_64-linux-gnu/qt5/QtCore/qbytearray.h:759:39:[m[K [01;36m[Knote: [m[K  no known conversion for argument 1 from ‘[01m[Kstd::basic_ostream<char>[m[K’ to ‘[01m[KQDataStream&[m[K’
[4.766s]   759 | Q_CORE_EXPORT QDataStream &operator<<([01;36m[KQDataStream &[m[K, const QByteArray &);
[4.767s]       |                                       [01;36m[K^~~~~~~~~~~~~[m[K
[4.767s] In file included from [01m[K/usr/include/x86_64-linux-gnu/qt5/QtCore/qcoreapplication.h:44[m[K,
[4.767s]                  from [01m[K/usr/include/x86_64-linux-gnu/qt5/QtWidgets/qapplication.h:44[m[K,
[4.767s]                  from [01m[K/usr/include/x86_64-linux-gnu/qt5/QtWidgets/QApplication:1[m[K,
[4.767s]                  from [01m[K/home/shenhang/ros_study/chapter3/topic_practice_workspace/src/status_display/src/sys_status_display.cpp:1[m[K:
[4.767s] [01m[K/usr/include/x86_64-linux-gnu/qt5/QtCore/qstring.h:1594:28:[m[K [01;36m[Knote: [m[Kcandidate: ‘[01m[KQDataStream& operator<<(QDataStream&, const QString&)[m[K’
[4.767s]  1594 | Q_CORE_EXPORT QDataStream &[01;36m[Koperator[m[K<<(QDataStream &, const QString &);
[4.767s]       |                            [01;36m[K^~~~~~~~[m[K
[4.767s] [01m[K/usr/include/x86_64-linux-gnu/qt5/QtCore/qstring.h:1594:39:[m[K [01;36m[Knote: [m[K  no known conversion for argument 1 from ‘[01m[Kstd::basic_ostream<char>[m[K’ to ‘[01m[KQDataStream&[m[K’
[4.768s]  1594 | Q_CORE_EXPORT QDataStream &operator<<([01;36m[KQDataStream &[m[K, const QString &);
[4.768s]       |                                       [01;36m[K^~~~~~~~~~~~~[m[K
[4.768s] In file included from [01m[K/usr/include/x86_64-linux-gnu/qt5/QtCore/qstringlist.h:48[m[K,
[4.768s]                  from [01m[K/usr/include/x86_64-linux-gnu/qt5/QtCore/qlist.h:1196[m[K,
[4.768s]                  from [01m[K/usr/include/x86_64-linux-gnu/qt5/QtCore/qobject.h:49[m[K,
[4.768s]                  from [01m[K/usr/include/x86_64-linux-gnu/qt5/QtCore/qcoreapplication.h:46[m[K,
[4.768s]                  from [01m[K/usr/include/x86_64-linux-gnu/qt5/QtWidgets/qapplication.h:44[m[K,
[4.768s]                  from [01m[K/usr/include/x86_64-linux-gnu/qt5/QtWidgets/QApplication:1[m[K,
[4.768s]                  from [01m[K/home/shenhang/ros_study/chapter3/topic_practice_workspace/src/status_display/src/sys_status_display.cpp:1[m[K:
[4.768s] [01m[K/usr/include/x86_64-linux-gnu/qt5/QtCore/qregexp.h:122:28:[m[K [01;36m[Knote: [m[Kcandidate: ‘[01m[KQDataStream& operator<<(QDataStream&, const QRegExp&)[m[K’
[4.768s]   122 | Q_CORE_EXPORT QDataStream &[01;36m[Koperator[m[K<<(QDataStream &out, const QRegExp &regExp);
[4.769s]       |                            [01;36m[K^~~~~~~~[m[K
[4.769s] [01m[K/usr/include/x86_64-linux-gnu/qt5/QtCore/qregexp.h:122:52:[m[K [01;36m[Knote: [m[K  no known conversion for argument 1 from ‘[01m[Kstd::basic_ostream<char>[m[K’ to ‘[01m[KQDataStream&[m[K’
[4.769s]   122 | Q_CORE_EXPORT QDataStream &operator<<([01;36m[KQDataStream &out[m[K, const QRegExp &regExp);
[4.769s]       |                                       [01;36m[K~~~~~~~~~~~~~^~~[m[K
[4.769s] [01m[K/usr/include/x86_64-linux-gnu/qt5/QtCore/qregexp.h:127:22:[m[K [01;36m[Knote: [m[Kcandidate: ‘[01m[KQDebug operator<<(QDebug, const QRegExp&)[m[K’
[4.769s]   127 | Q_CORE_EXPORT QDebug [01;36m[Koperator[m[K<<(QDebug, const QRegExp &);
[4.769s]       |                      [01;36m[K^~~~~~~~[m[K
[4.769s] [01m[K/usr/include/x86_64-linux-gnu/qt5/QtCore/qregexp.h:127:33:[m[K [01;36m[Knote: [m[K  no known conversion for argument 1 from ‘[01m[Kstd::basic_ostream<char>[m[K’ to ‘[01m[KQDebug[m[K’
[4.769s]   127 | Q_CORE_EXPORT QDebug operator<<([01;36m[KQDebug[m[K, const QRegExp &);
[4.769s]       |                                 [01;36m[K^~~~~~[m[K
[4.770s] In file included from [01m[K/usr/include/x86_64-linux-gnu/qt5/QtCore/qcoreapplication.h:46[m[K,
[4.770s]                  from [01m[K/usr/include/x86_64-linux-gnu/qt5/QtWidgets/qapplication.h:44[m[K,
[4.770s]                  from [01m[K/usr/include/x86_64-linux-gnu/qt5/QtWidgets/QApplication:1[m[K,
[4.770s]                  from [01m[K/home/shenhang/ros_study/chapter3/topic_practice_workspace/src/status_display/src/sys_status_display.cpp:1[m[K:
[4.770s] [01m[K/usr/include/x86_64-linux-gnu/qt5/QtCore/qobject.h:554:22:[m[K [01;36m[Knote: [m[Kcandidate: ‘[01m[KQDebug operator<<(QDebug, const QObject*)[m[K’
[4.770s]   554 | Q_CORE_EXPORT QDebug [01;36m[Koperator[m[K<<(QDebug, const QObject *);
[4.770s]       |                      [01;36m[K^~~~~~~~[m[K
[4.770s] [01m[K/usr/include/x86_64-linux-gnu/qt5/QtCore/qobject.h:554:33:[m[K [01;36m[Knote: [m[K  no known conversion for argument 1 from ‘[01m[Kstd::basic_ostream<char>[m[K’ to ‘[01m[KQDebug[m[K’
[4.770s]   554 | Q_CORE_EXPORT QDebug operator<<([01;36m[KQDebug[m[K, const QObject *);
[4.770s]       |                                 [01;36m[K^~~~~~[m[K
[4.770s] In file included from [01m[K/usr/include/x86_64-linux-gnu/qt5/QtWidgets/qapplication.h:46[m[K,
[4.771s]                  from [01m[K/usr/include/x86_64-linux-gnu/qt5/QtWidgets/QApplication:1[m[K,
[4.771s]                  from [01m[K/home/shenhang/ros_study/chapter3/topic_practice_workspace/src/status_display/src/sys_status_display.cpp:1[m[K:
[4.771s] [01m[K/usr/include/x86_64-linux-gnu/qt5/QtCore/qpoint.h:114:28:[m[K [01;36m[Knote: [m[Kcandidate: ‘[01m[KQDataStream& operator<<(QDataStream&, const QPoint&)[m[K’
[4.771s]   114 | Q_CORE_EXPORT QDataStream &[01;36m[Koperator[m[K<<(QDataStream &, const QPoint &);
[4.771s]       |                            [01;36m[K^~~~~~~~[m[K
[4.771s] [01m[K/usr/include/x86_64-linux-gnu/qt5/QtCore/qpoint.h:114:39:[m[K [01;36m[Knote: [m[K  no known conversion for argument 1 from ‘[01m[Kstd::basic_ostream<char>[m[K’ to ‘[01m[KQDataStream&[m[K’
[4.771s]   114 | Q_CORE_EXPORT QDataStream &operator<<([01;36m[KQDataStream &[m[K, const QPoint &);
[4.771s]       |                                       [01;36m[K^~~~~~~~~~~~~[m[K
[4.771s] [01m[K/usr/include/x86_64-linux-gnu/qt5/QtCore/qpoint.h:214:22:[m[K [01;36m[Knote: [m[Kcandidate: ‘[01m[KQDebug operator<<(QDebug, const QPoint&)[m[K’
[4.771s]   214 | Q_CORE_EXPORT QDebug [01;36m[Koperator[m[K<<(QDebug, const QPoint &);
[4.772s]       |                      [01;36m[K^~~~~~~~[m[K
[4.772s] [01m[K/usr/include/x86_64-linux-gnu/qt5/QtCore/qpoint.h:214:33:[m[K [01;36m[Knote: [m[K  no known conversion for argument 1 from ‘[01m[Kstd::basic_ostream<char>[m[K’ to ‘[01m[KQDebug[m[K’
[4.772s]   214 | Q_CORE_EXPORT QDebug operator<<([01;36m[KQDebug[m[K, const QPoint &);
[4.772s]       |                                 [01;36m[K^~~~~~[m[K
[4.772s] [01m[K/usr/include/x86_64-linux-gnu/qt5/QtCore/qpoint.h:281:28:[m[K [01;36m[Knote: [m[Kcandidate: ‘[01m[KQDataStream& operator<<(QDataStream&, const QPointF&)[m[K’
[4.772s]   281 | Q_CORE_EXPORT QDataStream &[01;36m[Koperator[m[K<<(QDataStream &, const QPointF &);
[4.772s]       |                            [01;36m[K^~~~~~~~[m[K
[4.772s] [01m[K/usr/include/x86_64-linux-gnu/qt5/QtCore/qpoint.h:281:39:[m[K [01;36m[Knote: [m[K  no known conversion for argument 1 from ‘[01m[Kstd::basic_ostream<char>[m[K’ to ‘[01m[KQDataStream&[m[K’
[4.772s]   281 | Q_CORE_EXPORT QDataStream &operator<<([01;36m[KQDataStream &[m[K, const QPointF &);
[4.773s]       |                                       [01;36m[K^~~~~~~~~~~~~[m[K
[4.773s] [01m[K/usr/include/x86_64-linux-gnu/qt5/QtCore/qpoint.h:418:22:[m[K [01;36m[Knote: [m[Kcandidate: ‘[01m[KQDebug operator<<(QDebug, const QPointF&)[m[K’
[4.773s]   418 | Q_CORE_EXPORT QDebug [01;36m[Koperator[m[K<<(QDebug d, const QPointF &p);
[4.773s]       |                      [01;36m[K^~~~~~~~[m[K
[4.773s] [01m[K/usr/include/x86_64-linux-gnu/qt5/QtCore/qpoint.h:418:40:[m[K [01;36m[Knote: [m[K  no known conversion for argument 1 from ‘[01m[Kstd::basic_ostream<char>[m[K’ to ‘[01m[KQDebug[m[K’
[4.773s]   418 | Q_CORE_EXPORT QDebug operator<<([01;36m[KQDebug d[m[K, const QPointF &p);
[4.773s]       |                                 [01;36m[K~~~~~~~^[m[K
[4.773s] In file included from [01m[K/usr/include/x86_64-linux-gnu/qt5/QtCore/qsize.h:44[m[K,
[4.774s]                  from [01m[K/usr/include/x86_64-linux-gnu/qt5/QtWidgets/qapplication.h:47[m[K,
[4.774s]                  from [01m[K/usr/include/x86_64-linux-gnu/qt5/QtWidgets/QApplication:1[m[K,
[4.774s]                  from [01m[K/home/shenhang/ros_study/chapter3/topic_practice_workspace/src/status_display/src/sys_status_display.cpp:1[m[K:
[4.774s] [01m[K/usr/include/x86_64-linux-gnu/qt5/QtCore/qmargins.h:94:28:[m[K [01;36m[Knote: [m[Kcandidate: ‘[01m[KQDataStream& operator<<(QDataStream&, const QMargins&)[m[K’
[4.774s]    94 | Q_CORE_EXPORT QDataStream &[01;36m[Koperator[m[K<<(QDataStream &, const QMargins &);
[4.774s]       |                            [01;36m[K^~~~~~~~[m[K
[4.774s] [01m[K/usr/include/x86_64-linux-gnu/qt5/QtCore/qmargins.h:94:39:[m[K [01;36m[Knote: [m[K  no known conversion for argument 1 from ‘[01m[Kstd::basic_ostream<char>[m[K’ to ‘[01m[KQDataStream&[m[K’
[4.775s]    94 | Q_CORE_EXPORT QDataStream &operator<<([01;36m[KQDataStream &[m[K, const QMargins &);
[4.775s]       |                                       [01;36m[K^~~~~~~~~~~~~[m[K
[4.775s] [01m[K/usr/include/x86_64-linux-gnu/qt5/QtCore/qmargins.h:278:22:[m[K [01;36m[Knote: [m[Kcandidate: ‘[01m[KQDebug operator<<(QDebug, const QMargins&)[m[K’
[4.775s]   278 | Q_CORE_EXPORT QDebug [01;36m[Koperator[m[K<<(QDebug, const QMargins &);
[4.775s]       |                      [01;36m[K^~~~~~~~[m[K
[4.775s] [01m[K/usr/include/x86_64-linux-gnu/qt5/QtCore/qmargins.h:278:33:[m[K [01;36m[Knote: [m[K  no known conversion for argument 1 from ‘[01m[Kstd::basic_ostream<char>[m[K’ to ‘[01m[KQDebug[m[K’
[4.775s]   278 | Q_CORE_EXPORT QDebug operator<<([01;36m[KQDebug[m[K, const QMargins &);
[4.775s]       |                                 [01;36m[K^~~~~~[m[K
[4.775s] [01m[K/usr/include/x86_64-linux-gnu/qt5/QtCore/qmargins.h:327:28:[m[K [01;36m[Knote: [m[Kcandidate: ‘[01m[KQDataStream& operator<<(QDataStream&, const QMarginsF&)[m[K’
[4.776s]   327 | Q_CORE_EXPORT QDataStream &[01;36m[Koperator[m[K<<(QDataStream &, const QMarginsF &);
[4.776s]       |                            [01;36m[K^~~~~~~~[m[K
[4.776s] [01m[K/usr/include/x86_64-linux-gnu/qt5/QtCore/qmargins.h:327:39:[m[K [01;36m[Knote: [m[K  no known conversion for argument 1 from ‘[01m[Kstd::basic_ostream<char>[m[K’ to ‘[01m[KQDataStream&[m[K’
[4.776s]   327 | Q_CORE_EXPORT QDataStream &operator<<([01;36m[KQDataStream &[m[K, const QMarginsF &);
[4.776s]       |                                       [01;36m[K^~~~~~~~~~~~~[m[K
[4.776s] [01m[K/usr/include/x86_64-linux-gnu/qt5/QtCore/qmargins.h:487:22:[m[K [01;36m[Knote: [m[Kcandidate: ‘[01m[KQDebug operator<<(QDebug, const QMarginsF&)[m[K’
[4.776s]   487 | Q_CORE_EXPORT QDebug [01;36m[Koperator[m[K<<(QDebug, const QMarginsF &);
[4.776s]       |                      [01;36m[K^~~~~~~~[m[K
[4.777s] [01m[K/usr/include/x86_64-linux-gnu/qt5/QtCore/qmargins.h:487:33:[m[K [01;36m[Knote: [m[K  no known conversion for argument 1 from ‘[01m[Kstd::basic_ostream<char>[m[K’ to ‘[01m[KQDebug[m[K’
[4.777s]   487 | Q_CORE_EXPORT QDebug operator<<([01;36m[KQDebug[m[K, const QMarginsF &);
[4.777s]       |                                 [01;36m[K^~~~~~[m[K
[4.777s] In file included from [01m[K/usr/include/x86_64-linux-gnu/qt5/QtWidgets/qapplication.h:47[m[K,
[4.777s]                  from [01m[K/usr/include/x86_64-linux-gnu/qt5/QtWidgets/QApplication:1[m[K,
[4.777s]                  from [01m[K/home/shenhang/ros_study/chapter3/topic_practice_workspace/src/status_display/src/sys_status_display.cpp:1[m[K:
[4.777s] [01m[K/usr/include/x86_64-linux-gnu/qt5/QtCore/qsize.h:114:28:[m[K [01;36m[Knote: [m[Kcandidate: ‘[01m[KQDataStream& operator<<(QDataStream&, const QSize&)[m[K’
[4.777s]   114 | Q_CORE_EXPORT QDataStream &[01;36m[Koperator[m[K<<(QDataStream &, const QSize &);
[4.777s]       |                            [01;36m[K^~~~~~~~[m[K
[4.777s] [01m[K/usr/include/x86_64-linux-gnu/qt5/QtCore/qsize.h:114:39:[m[K [01;36m[Knote: [m[K  no known conversion for argument 1 from ‘[01m[Kstd::basic_ostream<char>[m[K’ to ‘[01m[KQDataStream&[m[K’
[4.778s]   114 | Q_CORE_EXPORT QDataStream &operator<<([01;36m[KQDataStream &[m[K, const QSize &);
[4.778s]       |                                       [01;36m[K^~~~~~~~~~~~~[m[K
[4.778s] [01m[K/usr/include/x86_64-linux-gnu/qt5/QtCore/qsize.h:217:22:[m[K [01;36m[Knote: [m[Kcandidate: ‘[01m[KQDebug operator<<(QDebug, const QSize&)[m[K’
[4.778s]   217 | Q_CORE_EXPORT QDebug [01;36m[Koperator[m[K<<(QDebug, const QSize &);
[4.778s]       |                      [01;36m[K^~~~~~~~[m[K
[4.778s] [01m[K/usr/include/x86_64-linux-gnu/qt5/QtCore/qsize.h:217:33:[m[K [01;36m[Knote: [m[K  no known conversion for argument 1 from ‘[01m[Kstd::basic_ostream<char>[m[K’ to ‘[01m[KQDebug[m[K’
[4.778s]   217 | Q_CORE_EXPORT QDebug operator<<([01;36m[KQDebug[m[K, const QSize &);
[4.778s]       |                                 [01;36m[K^~~~~~[m[K
[4.779s] [01m[K/usr/include/x86_64-linux-gnu/qt5/QtCore/qsize.h:287:28:[m[K [01;36m[Knote: [m[Kcandidate: ‘[01m[KQDataStream& operator<<(QDataStream&, const QSizeF&)[m[K’
[4.779s]   287 | Q_CORE_EXPORT QDataStream &[01;36m[Koperator[m[K<<(QDataStream &, const QSizeF &);
[4.779s]       |                            [01;36m[K^~~~~~~~[m[K
[4.779s] [01m[K/usr/include/x86_64-linux-gnu/qt5/QtCore/qsize.h:287:39:[m[K [01;36m[Knote: [m[K  no known conversion for argument 1 from ‘[01m[Kstd::basic_ostream<char>[m[K’ to ‘[01m[KQDataStream&[m[K’
[4.779s]   287 | Q_CORE_EXPORT QDataStream &operator<<([01;36m[KQDataStream &[m[K, const QSizeF &);
[4.779s]       |                                       [01;36m[K^~~~~~~~~~~~~[m[K
[4.779s] [01m[K/usr/include/x86_64-linux-gnu/qt5/QtCore/qsize.h:397:22:[m[K [01;36m[Knote: [m[Kcandidate: ‘[01m[KQDebug operator<<(QDebug, const QSizeF&)[m[K’
[4.779s]   397 | Q_CORE_EXPORT QDebug [01;36m[Koperator[m[K<<(QDebug, const QSizeF &);
[4.779s]       |                      [01;36m[K^~~~~~~~[m[K
[4.780s] [01m[K/usr/include/x86_64-linux-gnu/qt5/QtCore/qsize.h:397:33:[m[K [01;36m[Knote: [m[K  no known conversion for argument 1 from ‘[01m[Kstd::basic_ostream<char>[m[K’ to ‘[01m[KQDebug[m[K’
[4.780s]   397 | Q_CORE_EXPORT QDebug operator<<([01;36m[KQDebug[m[K, const QSizeF &);
[4.780s]       |                                 [01;36m[K^~~~~~[m[K
[4.780s] In file included from [01m[K/usr/include/x86_64-linux-gnu/qt5/QtWidgets/qapplication.h:48[m[K,
[4.780s]                  from [01m[K/usr/include/x86_64-linux-gnu/qt5/QtWidgets/QApplication:1[m[K,
[4.780s]                  from [01m[K/home/shenhang/ros_study/chapter3/topic_practice_workspace/src/status_display/src/sys_status_display.cpp:1[m[K:
[4.780s] [01m[K/usr/include/x86_64-linux-gnu/qt5/QtGui/qcursor.h:136:27:[m[K [01;36m[Knote: [m[Kcandidate: ‘[01m[KQDataStream& operator<<(QDataStream&, const QCursor&)[m[K’
[4.780s]   136 | Q_GUI_EXPORT QDataStream &[01;36m[Koperator[m[K<<(QDataStream &outS, const QCursor &cursor);
[4.780s]       |                           [01;36m[K^~~~~~~~[m[K
[4.780s] [01m[K/usr/include/x86_64-linux-gnu/qt5/QtGui/qcursor.h:136:51:[m[K [01;36m[Knote: [m[K  no known conversion for argument 1 from ‘[01m[Kstd::basic_ostream<char>[m[K’ to ‘[01m[KQDataStream&[m[K’
[4.780s]   136 | Q_GUI_EXPORT QDataStream &operator<<([01;36m[KQDataStream &outS[m[K, const QCursor &cursor);
[4.781s]       |                                      [01;36m[K~~~~~~~~~~~~~^~~~[m[K
[4.781s] [01m[K/usr/include/x86_64-linux-gnu/qt5/QtGui/qcursor.h:141:21:[m[K [01;36m[Knote: [m[Kcandidate: ‘[01m[KQDebug operator<<(QDebug, const QCursor&)[m[K’
[4.781s]   141 | Q_GUI_EXPORT QDebug [01;36m[Koperator[m[K<<(QDebug, const QCursor &);
[4.781s]       |                     [01;36m[K^~~~~~~~[m[K
[4.781s] [01m[K/usr/include/x86_64-linux-gnu/qt5/QtGui/qcursor.h:141:32:[m[K [01;36m[Knote: [m[K  no known conversion for argument 1 from ‘[01m[Kstd::basic_ostream<char>[m[K’ to ‘[01m[KQDebug[m[K’
[4.781s]   141 | Q_GUI_EXPORT QDebug operator<<([01;36m[KQDebug[m[K, const QCursor &);
[4.781s]       |                                [01;36m[K^~~~~~[m[K
[4.781s] In file included from [01m[K/usr/include/x86_64-linux-gnu/qt5/QtCore/qlocale.h:43[m[K,
[4.781s]                  from [01m[K/usr/include/x86_64-linux-gnu/qt5/QtGui/qguiapplication.h:47[m[K,
[4.781s]                  from [01m[K/usr/include/x86_64-linux-gnu/qt5/QtWidgets/qapplication.h:52[m[K,
[4.781s]                  from [01m[K/usr/include/x86_64-linux-gnu/qt5/QtWidgets/QApplication:1[m[K,
[4.782s]                  from [01m[K/home/shenhang/ros_study/chapter3/topic_practice_workspace/src/status_display/src/sys_status_display.cpp:1[m[K:
[4.782s] [01m[K/usr/include/x86_64-linux-gnu/qt5/QtCore/qvariant.h:584:28:[m[K [01;36m[Knote: [m[Kcandidate: ‘[01m[KQDataStream& operator<<(QDataStream&, const QVariant&)[m[K’
[4.782s]   584 | Q_CORE_EXPORT QDataStream& [01;36m[Koperator[m[K<< (QDataStream& s, const QVariant& p);
[4.782s]       |                            [01;36m[K^~~~~~~~[m[K
[4.782s] [01m[K/usr/include/x86_64-linux-gnu/qt5/QtCore/qvariant.h:584:53:[m[K [01;36m[Knote: [m[K  no known conversion for argument 1 from ‘[01m[Kstd::basic_ostream<char>[m[K’ to ‘[01m[KQDataStream&[m[K’
[4.782s]   584 | Q_CORE_EXPORT QDataStream& operator<< ([01;36m[KQDataStream& s[m[K, const QVariant& p);
[4.782s]       |                                        [01;36m[K~~~~~~~~~~~~~^[m[K
[4.782s] [01m[K/usr/include/x86_64-linux-gnu/qt5/QtCore/qvariant.h:586:28:[m[K [01;36m[Knote: [m[Kcandidate: ‘[01m[KQDataStream& operator<<(QDataStream&, QVariant::Type)[m[K’
[4.782s]   586 | Q_CORE_EXPORT QDataStream& [01;36m[Koperator[m[K<< (QDataStream& s, const QVariant::Type p);
[4.782s]       |                            [01;36m[K^~~~~~~~[m[K
[4.782s] [01m[K/usr/include/x86_64-linux-gnu/qt5/QtCore/qvariant.h:586:53:[m[K [01;36m[Knote: [m[K  no known conversion for argument 1 from ‘[01m[Kstd::basic_ostream<char>[m[K’ to ‘[01m[KQDataStream&[m[K’
[4.783s]   586 | Q_CORE_EXPORT QDataStream& operator<< ([01;36m[KQDataStream& s[m[K, const QVariant::Type p);
[4.783s]       |                                        [01;36m[K~~~~~~~~~~~~~^[m[K
[4.783s] In file included from [01m[K/usr/include/x86_64-linux-gnu/qt5/QtCore/qlocale.h:43[m[K,
[4.783s]                  from [01m[K/usr/include/x86_64-linux-gnu/qt5/QtGui/qguiapplication.h:47[m[K,
[4.783s]                  from [01m[K/usr/include/x86_64-linux-gnu/qt5/QtWidgets/qapplication.h:52[m[K,
[4.783s]                  from [01m[K/usr/include/x86_64-linux-gnu/qt5/QtWidgets/QApplication:1[m[K,
[4.783s]                  from [01m[K/home/shenhang/ros_study/chapter3/topic_practice_workspace/src/status_display/src/sys_status_display.cpp:1[m[K:
[4.783s] [01m[K/usr/include/x86_64-linux-gnu/qt5/QtCore/qvariant.h:902:22:[m[K [01;36m[Knote: [m[Kcandidate: ‘[01m[KQDebug operator<<(QDebug, const QVariant&)[m[K’
[4.783s]   902 | Q_CORE_EXPORT QDebug [01;36m[Koperator[m[K<<(QDebug, const QVariant &);
[4.783s]       |                      [01;36m[K^~~~~~~~[m[K
[4.784s] In file included from [01m[K/usr/include/x86_64-linux-gnu/qt5/QtCore/qlocale.h:43[m[K,
[4.784s]                  from [01m[K/usr/include/x86_64-linux-gnu/qt5/QtGui/qguiapplication.h:47[m[K,
[4.784s]                  from [01m[K/usr/include/x86_64-linux-gnu/qt5/QtWidgets/qapplication.h:52[m[K,
[4.784s]                  from [01m[K/usr/include/x86_64-linux-gnu/qt5/QtWidgets/QApplication:1[m[K,
[4.784s]                  from [01m[K/home/shenhang/ros_study/chapter3/topic_practice_workspace/src/status_display/src/sys_status_display.cpp:1[m[K:
[4.784s] [01m[K/usr/include/x86_64-linux-gnu/qt5/QtCore/qvariant.h:480:44:[m[K [01;36m[Knote: [m[K  no known conversion for argument 1 from ‘[01m[Kstd::basic_ostream<char>[m[K’ to ‘[01m[KQDebug[m[K’
[4.784s]   480 |     friend Q_CORE_EXPORT QDebug operator<<([01;36m[KQDebug[m[K, const QVariant &);
[4.784s]       |                                            [01;36m[K^~~~~~[m[K
[4.784s] In file included from [01m[K/usr/include/x86_64-linux-gnu/qt5/QtCore/qlocale.h:43[m[K,
[4.784s]                  from [01m[K/usr/include/x86_64-linux-gnu/qt5/QtGui/qguiapplication.h:47[m[K,
[4.785s]                  from [01m[K/usr/include/x86_64-linux-gnu/qt5/QtWidgets/qapplication.h:52[m[K,
[4.785s]                  from [01m[K/usr/include/x86_64-linux-gnu/qt5/QtWidgets/QApplication:1[m[K,
[4.785s]                  from [01m[K/home/shenhang/ros_study/chapter3/topic_practice_workspace/src/status_display/src/sys_status_display.cpp:1[m[K:
[4.785s] [01m[K/usr/include/x86_64-linux-gnu/qt5/QtCore/qvariant.h:903:22:[m[K [01;36m[Knote: [m[Kcandidate: ‘[01m[KQDebug operator<<(QDebug, QVariant::Type)[m[K’
[4.785s]   903 | Q_CORE_EXPORT QDebug [01;36m[Koperator[m[K<<(QDebug, const QVariant::Type);
[4.785s]       |                      [01;36m[K^~~~~~~~[m[K
[4.785s] [01m[K/usr/include/x86_64-linux-gnu/qt5/QtCore/qvariant.h:903:33:[m[K [01;36m[Knote: [m[K  no known conversion for argument 1 from ‘[01m[Kstd::basic_ostream<char>[m[K’ to ‘[01m[KQDebug[m[K’
[4.785s]   903 | Q_CORE_EXPORT QDebug operator<<([01;36m[KQDebug[m[K, const QVariant::Type);
[4.785s]       |                                 [01;36m[K^~~~~~[m[K
[4.785s] In file included from [01m[K/usr/include/x86_64-linux-gnu/qt5/QtGui/qguiapplication.h:47[m[K,
[4.786s]                  from [01m[K/usr/include/x86_64-linux-gnu/qt5/QtWidgets/qapplication.h:52[m[K,
[4.786s]                  from [01m[K/usr/include/x86_64-linux-gnu/qt5/QtWidgets/QApplication:1[m[K,
[4.786s]                  from [01m[K/home/shenhang/ros_study/chapter3/topic_practice_workspace/src/status_display/src/sys_status_display.cpp:1[m[K:
[4.786s] [01m[K/usr/include/x86_64-linux-gnu/qt5/QtCore/qlocale.h:1222:28:[m[K [01;36m[Knote: [m[Kcandidate: ‘[01m[KQDataStream& operator<<(QDataStream&, const QLocale&)[m[K’
[4.786s]  1222 | Q_CORE_EXPORT QDataStream &[01;36m[Koperator[m[K<<(QDataStream &, const QLocale &);
[4.786s]       |                            [01;36m[K^~~~~~~~[m[K
[4.786s] [01m[K/usr/include/x86_64-linux-gnu/qt5/QtCore/qlocale.h:1222:39:[m[K [01;36m[Knote: [m[K  no known conversion for argument 1 from ‘[01m[Kstd::basic_ostream<char>[m[K’ to ‘[01m[KQDataStream&[m[K’
[4.786s]  1222 | Q_CORE_EXPORT QDataStream &operator<<([01;36m[KQDataStream &[m[K, const QLocale &);
[4.786s]       |                                       [01;36m[K^~~~~~~~~~~~~[m[K
[4.786s] [01m[K/usr/include/x86_64-linux-gnu/qt5/QtCore/qlocale.h:1227:22:[m[K [01;36m[Knote: [m[Kcandidate: ‘[01m[KQDebug operator<<(QDebug, const QLocale&)[m[K’
[4.786s]  1227 | Q_CORE_EXPORT QDebug [01;36m[Koperator[m[K<<(QDebug, const QLocale &);
[4.787s]       |                      [01;36m[K^~~~~~~~[m[K
[4.787s] [01m[K/usr/include/x86_64-linux-gnu/qt5/QtCore/qlocale.h:1227:33:[m[K [01;36m[Knote: [m[K  no known conversion for argument 1 from ‘[01m[Kstd::basic_ostream<char>[m[K’ to ‘[01m[KQDebug[m[K’
[4.787s]  1227 | Q_CORE_EXPORT QDebug operator<<([01;36m[KQDebug[m[K, const QLocale &);
[4.787s]       |                                 [01;36m[K^~~~~~[m[K
[4.787s] In file included from [01m[K/usr/include/x86_64-linux-gnu/qt5/QtGui/qpaintdevice.h:45[m[K,
[4.787s]                  from [01m[K/usr/include/x86_64-linux-gnu/qt5/QtWidgets/qwidget.h:47[m[K,
[4.787s]                  from [01m[K/usr/include/x86_64-linux-gnu/qt5/QtWidgets/qframe.h:44[m[K,
[4.787s]                  from [01m[K/usr/include/x86_64-linux-gnu/qt5/QtWidgets/qlabel.h:44[m[K,
[4.787s]                  from [01m[K/usr/include/x86_64-linux-gnu/qt5/QtWidgets/QLabel:1[m[K,
[4.787s]                  from [01m[K/home/shenhang/ros_study/chapter3/topic_practice_workspace/src/status_display/src/sys_status_display.cpp:2[m[K:
[4.787s] [01m[K/usr/include/x86_64-linux-gnu/qt5/QtCore/qrect.h:176:28:[m[K [01;36m[Knote: [m[Kcandidate: ‘[01m[KQDataStream& operator<<(QDataStream&, const QRect&)[m[K’
[4.788s]   176 | Q_CORE_EXPORT QDataStream &[01;36m[Koperator[m[K<<(QDataStream &, const QRect &);
[4.788s]       |                            [01;36m[K^~~~~~~~[m[K
[4.788s] [01m[K/usr/include/x86_64-linux-gnu/qt5/QtCore/qrect.h:176:39:[m[K [01;36m[Knote: [m[K  no known conversion for argument 1 from ‘[01m[Kstd::basic_ostream<char>[m[K’ to ‘[01m[KQDataStream&[m[K’
[4.788s]   176 | Q_CORE_EXPORT QDataStream &operator<<([01;36m[KQDataStream &[m[K, const QRect &);
[4.788s]       |                                       [01;36m[K^~~~~~~~~~~~~[m[K
[4.788s] [01m[K/usr/include/x86_64-linux-gnu/qt5/QtCore/qrect.h:507:22:[m[K [01;36m[Knote: [m[Kcandidate: ‘[01m[KQDebug operator<<(QDebug, const QRect&)[m[K’
[4.788s]   507 | Q_CORE_EXPORT QDebug [01;36m[Koperator[m[K<<(QDebug, const QRect &);
[4.788s]       |                      [01;36m[K^~~~~~~~[m[K
[4.788s] [01m[K/usr/include/x86_64-linux-gnu/qt5/QtCore/qrect.h:507:33:[m[K [01;36m[Knote: [m[K  no known conversion for argument 1 from ‘[01m[Kstd::basic_ostream<char>[m[K’ to ‘[01m[KQDebug[m[K’
[4.788s]   507 | Q_CORE_EXPORT QDebug operator<<([01;36m[KQDebug[m[K, const QRect &);
[4.788s]       |                                 [01;36m[K^~~~~~[m[K
[4.789s] [01m[K/usr/include/x86_64-linux-gnu/qt5/QtCore/qrect.h:636:28:[m[K [01;36m[Knote: [m[Kcandidate: ‘[01m[KQDataStream& operator<<(QDataStream&, const QRectF&)[m[K’
[4.789s]   636 | Q_CORE_EXPORT QDataStream &[01;36m[Koperator[m[K<<(QDataStream &, const QRectF &);
[4.789s]       |                            [01;36m[K^~~~~~~~[m[K
[4.789s] [01m[K/usr/include/x86_64-linux-gnu/qt5/QtCore/qrect.h:636:39:[m[K [01;36m[Knote: [m[K  no known conversion for argument 1 from ‘[01m[Kstd::basic_ostream<char>[m[K’ to ‘[01m[KQDataStream&[m[K’
[4.789s]   636 | Q_CORE_EXPORT QDataStream &operator<<([01;36m[KQDataStream &[m[K, const QRectF &);
[4.789s]       |                                       [01;36m[K^~~~~~~~~~~~~[m[K
[4.789s] [01m[K/usr/include/x86_64-linux-gnu/qt5/QtCore/qrect.h:920:22:[m[K [01;36m[Knote: [m[Kcandidate: ‘[01m[KQDebug operator<<(QDebug, const QRectF&)[m[K’
[4.789s]   920 | Q_CORE_EXPORT QDebug [01;36m[Koperator[m[K<<(QDebug, const QRectF &);
[4.789s]       |                      [01;36m[K^~~~~~~~[m[K
[4.789s] [01m[K/usr/include/x86_64-linux-gnu/qt5/QtCore/qrect.h:920:33:[m[K [01;36m[Knote: [m[K  no known conversion for argument 1 from ‘[01m[Kstd::basic_ostream<char>[m[K’ to ‘[01m[KQDebug[m[K’
[4.789s]   920 | Q_CORE_EXPORT QDebug operator<<([01;36m[KQDebug[m[K, const QRectF &);
[4.790s]       |                                 [01;36m[K^~~~~~[m[K
[4.790s] In file included from [01m[K/usr/include/x86_64-linux-gnu/qt5/QtGui/qpalette.h:45[m[K,
[4.790s]                  from [01m[K/usr/include/x86_64-linux-gnu/qt5/QtWidgets/qwidget.h:48[m[K,
[4.790s]                  from [01m[K/usr/include/x86_64-linux-gnu/qt5/QtWidgets/qframe.h:44[m[K,
[4.790s]                  from [01m[K/usr/include/x86_64-linux-gnu/qt5/QtWidgets/qlabel.h:44[m[K,
[4.790s]                  from [01m[K/usr/include/x86_64-linux-gnu/qt5/QtWidgets/QLabel:1[m[K,
[4.790s]                  from [01m[K/home/shenhang/ros_study/chapter3/topic_practice_workspace/src/status_display/src/sys_status_display.cpp:2[m[K:
[4.790s] [01m[K/usr/include/x86_64-linux-gnu/qt5/QtGui/qcolor.h:57:21:[m[K [01;36m[Knote: [m[Kcandidate: ‘[01m[KQDebug operator<<(QDebug, const QColor&)[m[K’
[4.790s]    57 | Q_GUI_EXPORT QDebug [01;36m[Koperator[m[K<<(QDebug, const QColor &);
[4.790s]       |                     [01;36m[K^~~~~~~~[m[K
[4.790s] [01m[K/usr/include/x86_64-linux-gnu/qt5/QtGui/qcolor.h:57:32:[m[K [01;36m[Knote: [m[K  no known conversion for argument 1 from ‘[01m[Kstd::basic_ostream<char>[m[K’ to ‘[01m[KQDebug[m[K’
[4.790s]    57 | Q_GUI_EXPORT QDebug operator<<([01;36m[KQDebug[m[K, const QColor &);
[4.791s]       |                                [01;36m[K^~~~~~[m[K
[4.791s] [01m[K/usr/include/x86_64-linux-gnu/qt5/QtGui/qcolor.h:309:38:[m[K [01;36m[Knote: [m[Kcandidate: ‘[01m[KQDataStream& operator<<(QDataStream&, const QColor&)[m[K’
[4.791s]   309 |     friend Q_GUI_EXPORT QDataStream &[01;36m[Koperator[m[K<<(QDataStream &, const QColor &);
[4.791s]       |                                      [01;36m[K^~~~~~~~[m[K
[4.791s] [01m[K/usr/include/x86_64-linux-gnu/qt5/QtGui/qcolor.h:60:38:[m[K [01;36m[Knote: [m[K  no known conversion for argument 1 from ‘[01m[Kstd::basic_ostream<char>[m[K’ to ‘[01m[KQDataStream&[m[K’
[4.791s]    60 | Q_GUI_EXPORT QDataStream &operator<<([01;36m[KQDataStream &[m[K, const QColor &);
[4.791s]       |                                      [01;36m[K^~~~~~~~~~~~~[m[K
[4.791s] In file included from [01m[K/usr/include/x86_64-linux-gnu/qt5/QtGui/qmatrix.h:44[m[K,
[4.791s]                  from [01m[K/usr/include/x86_64-linux-gnu/qt5/QtGui/qbrush.h:49[m[K,
[4.791s]                  from [01m[K/usr/include/x86_64-linux-gnu/qt5/QtGui/qpalette.h:46[m[K,
[4.792s]                  from [01m[K/usr/include/x86_64-linux-gnu/qt5/QtWidgets/qwidget.h:48[m[K,
[4.792s]                  from [01m[K/usr/include/x86_64-linux-gnu/qt5/QtWidgets/qframe.h:44[m[K,
[4.792s]                  from [01m[K/usr/include/x86_64-linux-gnu/qt5/QtWidgets/qlabel.h:44[m[K,
[4.792s]                  from [01m[K/usr/include/x86_64-linux-gnu/qt5/QtWidgets/QLabel:1[m[K,
[4.792s]                  from [01m[K/home/shenhang/ros_study/chapter3/topic_practice_workspace/src/status_display/src/sys_status_display.cpp:2[m[K:
[4.792s] [01m[K/usr/include/x86_64-linux-gnu/qt5/QtGui/qpolygon.h:105:21:[m[K [01;36m[Knote: [m[Kcandidate: ‘[01m[KQDebug operator<<(QDebug, const QPolygon&)[m[K’
[4.792s]   105 | Q_GUI_EXPORT QDebug [01;36m[Koperator[m[K<<(QDebug, const QPolygon &);
[4.792s]       |                     [01;36m[K^~~~~~~~[m[K
[4.792s] [01m[K/usr/include/x86_64-linux-gnu/qt5/QtGui/qpolygon.h:105:32:[m[K [01;36m[Knote: [m[K  no known conversion for argument 1 from ‘[01m[Kstd::basic_ostream<char>[m[K’ to ‘[01m[KQDebug[m[K’
[4.792s]   105 | Q_GUI_EXPORT QDebug operator<<([01;36m[KQDebug[m[K, const QPolygon &);
[4.792s]       |                                [01;36m[K^~~~~~[m[K
[4.792s] [01m[K/usr/include/x86_64-linux-gnu/qt5/QtGui/qpolygon.h:112:27:[m[K [01;36m[Knote: [m[Kcandidate: ‘[01m[KQDataStream& operator<<(QDataStream&, const QPolygon&)[m[K’
[4.793s]   112 | Q_GUI_EXPORT QDataStream &[01;36m[Koperator[m[K<<(QDataStream &stream, const QPolygon &polygon);
[4.793s]       |                           [01;36m[K^~~~~~~~[m[K
[4.793s] [01m[K/usr/include/x86_64-linux-gnu/qt5/QtGui/qpolygon.h:112:51:[m[K [01;36m[Knote: [m[K  no known conversion for argument 1 from ‘[01m[Kstd::basic_ostream<char>[m[K’ to ‘[01m[KQDataStream&[m[K’
[4.793s]   112 | Q_GUI_EXPORT QDataStream &operator<<([01;36m[KQDataStream &stream[m[K, const QPolygon &polygon);
[4.793s]       |                                      [01;36m[K~~~~~~~~~~~~~^~~~~~[m[K
[4.793s] [01m[K/usr/include/x86_64-linux-gnu/qt5/QtGui/qpolygon.h:180:21:[m[K [01;36m[Knote: [m[Kcandidate: ‘[01m[KQDebug operator<<(QDebug, const QPolygonF&)[m[K’
[4.793s]   180 | Q_GUI_EXPORT QDebug [01;36m[Koperator[m[K<<(QDebug, const QPolygonF &);
[4.793s]       |                     [01;36m[K^~~~~~~~[m[K
[4.793s] [01m[K/usr/include/x86_64-linux-gnu/qt5/QtGui/qpolygon.h:180:32:[m[K [01;36m[Knote: [m[K  no known conversion for argument 1 from ‘[01m[Kstd::basic_ostream<char>[m[K’ to ‘[01m[KQDebug[m[K’
[4.793s]   180 | Q_GUI_EXPORT QDebug operator<<([01;36m[KQDebug[m[K, const QPolygonF &);
[4.793s]       |                                [01;36m[K^~~~~~[m[K
[4.794s] [01m[K/usr/include/x86_64-linux-gnu/qt5/QtGui/qpolygon.h:187:27:[m[K [01;36m[Knote: [m[Kcandidate: ‘[01m[KQDataStream& operator<<(QDataStream&, const QPolygonF&)[m[K’
[4.794s]   187 | Q_GUI_EXPORT QDataStream &[01;36m[Koperator[m[K<<(QDataStream &stream, const QPolygonF &array);
[4.794s]       |                           [01;36m[K^~~~~~~~[m[K
[4.794s] [01m[K/usr/include/x86_64-linux-gnu/qt5/QtGui/qpolygon.h:187:51:[m[K [01;36m[Knote: [m[K  no known conversion for argument 1 from ‘[01m[Kstd::basic_ostream<char>[m[K’ to ‘[01m[KQDataStream&[m[K’
[4.794s]   187 | Q_GUI_EXPORT QDataStream &operator<<([01;36m[KQDataStream &stream[m[K, const QPolygonF &array);
[4.794s]       |                                      [01;36m[K~~~~~~~~~~~~~^~~~~~[m[K
[4.794s] In file included from [01m[K/usr/include/x86_64-linux-gnu/qt5/QtCore/qdatastream.h:44[m[K,
[4.794s]                  from [01m[K/usr/include/x86_64-linux-gnu/qt5/QtGui/qregion.h:49[m[K,
[4.794s]                  from [01m[K/usr/include/x86_64-linux-gnu/qt5/QtGui/qmatrix.h:45[m[K,
[4.794s]                  from [01m[K/usr/include/x86_64-linux-gnu/qt5/QtGui/qbrush.h:49[m[K,
[4.795s]                  from [01m[K/usr/include/x86_64-linux-gnu/qt5/QtGui/qpalette.h:46[m[K,
[4.795s]                  from [01m[K/usr/include/x86_64-linux-gnu/qt5/QtWidgets/qwidget.h:48[m[K,
[4.795s]                  from [01m[K/usr/include/x86_64-linux-gnu/qt5/QtWidgets/qframe.h:44[m[K,
[4.795s]                  from [01m[K/usr/include/x86_64-linux-gnu/qt5/QtWidgets/qlabel.h:44[m[K,
[4.795s]                  from [01m[K/usr/include/x86_64-linux-gnu/qt5/QtWidgets/QLabel:1[m[K,
[4.795s]                  from [01m[K/home/shenhang/ros_study/chapter3/topic_practice_workspace/src/status_display/src/sys_status_display.cpp:2[m[K:
[4.795s] [01m[K/usr/include/x86_64-linux-gnu/qt5/QtCore/qiodevice.h:189:22:[m[K [01;36m[Knote: [m[Kcandidate: ‘[01m[KQDebug operator<<(QDebug, QIODevice::OpenMode)[m[K’
[4.795s]   189 | Q_CORE_EXPORT QDebug [01;36m[Koperator[m[K<<(QDebug debug, QIODevice::OpenMode modes);
[4.795s]       |                      [01;36m[K^~~~~~~~[m[K
[4.795s] [01m[K/usr/include/x86_64-linux-gnu/qt5/QtCore/qiodevice.h:189:40:[m[K [01;36m[Knote: [m[K  no known conversion for argument 1 from ‘[01m[Kstd::basic_ostream<char>[m[K’ to ‘[01m[KQDebug[m[K’
[4.795s]   189 | Q_CORE_EXPORT QDebug operator<<([01;36m[KQDebug debug[m[K, QIODevice::OpenMode modes);
[4.796s]       |                                 [01;36m[K~~~~~~~^~~~~[m[K
[4.796s] In file included from [01m[K/usr/include/x86_64-linux-gnu/qt5/QtGui/qmatrix.h:45[m[K,
[4.796s]                  from [01m[K/usr/include/x86_64-linux-gnu/qt5/QtGui/qbrush.h:49[m[K,
[4.796s]                  from [01m[K/usr/include/x86_64-linux-gnu/qt5/QtGui/qpalette.h:46[m[K,
[4.796s]                  from [01m[K/usr/include/x86_64-linux-gnu/qt5/QtWidgets/qwidget.h:48[m[K,
[4.796s]                  from [01m[K/usr/include/x86_64-linux-gnu/qt5/QtWidgets/qframe.h:44[m[K,
[4.796s]                  from [01m[K/usr/include/x86_64-linux-gnu/qt5/QtWidgets/qlabel.h:44[m[K,
[4.796s]                  from [01m[K/usr/include/x86_64-linux-gnu/qt5/QtWidgets/QLabel:1[m[K,
[4.796s]                  from [01m[K/home/shenhang/ros_study/chapter3/topic_practice_workspace/src/status_display/src/sys_status_display.cpp:2[m[K:
[4.796s] [01m[K/usr/include/x86_64-linux-gnu/qt5/QtGui/qregion.h:189:27:[m[K [01;36m[Knote: [m[Kcandidate: ‘[01m[KQDataStream& operator<<(QDataStream&, const QRegion&)[m[K’
[4.796s]   189 | Q_GUI_EXPORT QDataStream &[01;36m[Koperator[m[K<<(QDataStream &, const QRegion &);
[4.797s]       |                           [01;36m[K^~~~~~~~[m[K
[4.797s] [01m[K/usr/include/x86_64-linux-gnu/qt5/QtGui/qregion.h:160:49:[m[K [01;36m[Knote: [m[K  no known conversion for argument 1 from ‘[01m[Kstd::basic_ostream<char>[m[K’ to ‘[01m[KQDataStream&[m[K’
[4.797s]   160 |     friend Q_GUI_EXPORT QDataStream &operator<<([01;36m[KQDataStream &[m[K, const QRegion &);
[4.797s]       |                                                 [01;36m[K^~~~~~~~~~~~~[m[K
[4.797s] [01m[K/usr/include/x86_64-linux-gnu/qt5/QtGui/qregion.h:194:21:[m[K [01;36m[Knote: [m[Kcandidate: ‘[01m[KQDebug operator<<(QDebug, const QRegion&)[m[K’
[4.797s]   194 | Q_GUI_EXPORT QDebug [01;36m[Koperator[m[K<<(QDebug, const QRegion &);
[4.797s]       |                     [01;36m[K^~~~~~~~[m[K
[4.797s] [01m[K/usr/include/x86_64-linux-gnu/qt5/QtGui/qregion.h:194:32:[m[K [01;36m[Knote: [m[K  no known conversion for argument 1 from ‘[01m[Kstd::basic_ostream<char>[m[K’ to ‘[01m[KQDebug[m[K’
[4.797s]   194 | Q_GUI_EXPORT QDebug operator<<([01;36m[KQDebug[m[K, const QRegion &);
[4.797s]       |                                [01;36m[K^~~~~~[m[K
[4.798s] In file included from [01m[K/usr/include/x86_64-linux-gnu/qt5/QtGui/qmatrix.h:47[m[K,
[4.798s]                  from [01m[K/usr/include/x86_64-linux-gnu/qt5/QtGui/qbrush.h:49[m[K,
[4.798s]                  from [01m[K/usr/include/x86_64-linux-gnu/qt5/QtGui/qpalette.h:46[m[K,
[4.798s]                  from [01m[K/usr/include/x86_64-linux-gnu/qt5/QtWidgets/qwidget.h:48[m[K,
[4.798s]                  from [01m[K/usr/include/x86_64-linux-gnu/qt5/QtWidgets/qframe.h:44[m[K,
[4.798s]                  from [01m[K/usr/include/x86_64-linux-gnu/qt5/QtWidgets/qlabel.h:44[m[K,
[4.798s]                  from [01m[K/usr/include/x86_64-linux-gnu/qt5/QtWidgets/QLabel:1[m[K,
[4.798s]                  from [01m[K/home/shenhang/ros_study/chapter3/topic_practice_workspace/src/status_display/src/sys_status_display.cpp:2[m[K:
[4.799s] [01m[K/usr/include/x86_64-linux-gnu/qt5/QtCore/qline.h:203:22:[m[K [01;36m[Knote: [m[Kcandidate: ‘[01m[KQDebug operator<<(QDebug, const QLine&)[m[K’
[4.799s]   203 | Q_CORE_EXPORT QDebug [01;36m[Koperator[m[K<<(QDebug d, const QLine &p);
[4.799s]       |                      [01;36m[K^~~~~~~~[m[K
[4.799s] [01m[K/usr/include/x86_64-linux-gnu/qt5/QtCore/qline.h:203:40:[m[K [01;36m[Knote: [m[K  no known conversion for argument 1 from ‘[01m[Kstd::basic_ostream<char>[m[K’ to ‘[01m[KQDebug[m[K’
[4.799s]   203 | Q_CORE_EXPORT QDebug operator<<([01;36m[KQDebug d[m[K, const QLine &p);
[4.799s]       |                                 [01;36m[K~~~~~~~^[m[K
[4.799s] [01m[K/usr/include/x86_64-linux-gnu/qt5/QtCore/qline.h:207:28:[m[K [01;36m[Knote: [m[Kcandidate: ‘[01m[KQDataStream& operator<<(QDataStream&, const QLine&)[m[K’
[4.799s]   207 | Q_CORE_EXPORT QDataStream &[01;36m[Koperator[m[K<<(QDataStream &, const QLine &);
[4.799s]       |                            [01;36m[K^~~~~~~~[m[K
[4.799s] [01m[K/usr/include/x86_64-linux-gnu/qt5/QtCore/qline.h:207:39:[m[K [01;36m[Knote: [m[K  no known conversion for argument 1 from ‘[01m[Kstd::basic_ostream<char>[m[K’ to ‘[01m[KQDataStream&[m[K’
[4.800s]   207 | Q_CORE_EXPORT QDataStream &operator<<([01;36m[KQDataStream &[m[K, const QLine &);
[4.800s]       |                                       [01;36m[K^~~~~~~~~~~~~[m[K
[4.800s] [01m[K/usr/include/x86_64-linux-gnu/qt5/QtCore/qline.h:430:22:[m[K [01;36m[Knote: [m[Kcandidate: ‘[01m[KQDebug operator<<(QDebug, const QLineF&)[m[K’
[4.800s]   430 | Q_CORE_EXPORT QDebug [01;36m[Koperator[m[K<<(QDebug d, const QLineF &p);
[4.800s]       |                      [01;36m[K^~~~~~~~[m[K
[4.800s] [01m[K/usr/include/x86_64-linux-gnu/qt5/QtCore/qline.h:430:40:[m[K [01;36m[Knote: [m[K  no known conversion for argument 1 from ‘[01m[Kstd::basic_ostream<char>[m[K’ to ‘[01m[KQDebug[m[K’
[4.800s]   430 | Q_CORE_EXPORT QDebug operator<<([01;36m[KQDebug d[m[K, const QLineF &p);
[4.800s]       |                                 [01;36m[K~~~~~~~^[m[K
[4.800s] [01m[K/usr/include/x86_64-linux-gnu/qt5/QtCore/qline.h:434:28:[m[K [01;36m[Knote: [m[Kcandidate: ‘[01m[KQDataStream& operator<<(QDataStream&, const QLineF&)[m[K’
[4.800s]   434 | Q_CORE_EXPORT QDataStream &[01;36m[Koperator[m[K<<(QDataStream &, const QLineF &);
[4.800s]       |                            [01;36m[K^~~~~~~~[m[K
[4.801s] [01m[K/usr/include/x86_64-linux-gnu/qt5/QtCore/qline.h:434:39:[m[K [01;36m[Knote: [m[K  no known conversion for argument 1 from ‘[01m[Kstd::basic_ostream<char>[m[K’ to ‘[01m[KQDataStream&[m[K’
[4.801s]   434 | Q_CORE_EXPORT QDataStream &operator<<([01;36m[KQDataStream &[m[K, const QLineF &);
[4.801s]       |                                       [01;36m[K^~~~~~~~~~~~~[m[K
[4.801s] In file included from [01m[K/usr/include/x86_64-linux-gnu/qt5/QtGui/qbrush.h:49[m[K,
[4.801s]                  from [01m[K/usr/include/x86_64-linux-gnu/qt5/QtGui/qpalette.h:46[m[K,
[4.802s]                  from [01m[K/usr/include/x86_64-linux-gnu/qt5/QtWidgets/qwidget.h:48[m[K,
[4.803s]                  from [01m[K/usr/include/x86_64-linux-gnu/qt5/QtWidgets/qframe.h:44[m[K,
[4.803s]                  from [01m[K/usr/include/x86_64-linux-gnu/qt5/QtWidgets/qlabel.h:44[m[K,
[4.803s]                  from [01m[K/usr/include/x86_64-linux-gnu/qt5/QtWidgets/QLabel:1[m[K,
[4.803s]                  from [01m[K/home/shenhang/ros_study/chapter3/topic_practice_workspace/src/status_display/src/sys_status_display.cpp:2[m[K:
[4.803s] [01m[K/usr/include/x86_64-linux-gnu/qt5/QtGui/qmatrix.h:184:27:[m[K [01;36m[Knote: [m[Kcandidate: ‘[01m[KQDataStream& operator<<(QDataStream&, const QMatrix&)[m[K’
[4.803s]   184 | Q_GUI_EXPORT QDataStream &[01;36m[Koperator[m[K<<(QDataStream &, const QMatrix &);
[4.803s]       |                           [01;36m[K^~~~~~~~[m[K
[4.804s] [01m[K/usr/include/x86_64-linux-gnu/qt5/QtGui/qmatrix.h:184:38:[m[K [01;36m[Knote: [m[K  no known conversion for argument 1 from ‘[01m[Kstd::basic_ostream<char>[m[K’ to ‘[01m[KQDataStream&[m[K’
[4.804s]   184 | Q_GUI_EXPORT QDataStream &operator<<([01;36m[KQDataStream &[m[K, const QMatrix &);
[4.804s]       |                                      [01;36m[K^~~~~~~~~~~~~[m[K
[4.804s] [01m[K/usr/include/x86_64-linux-gnu/qt5/QtGui/qmatrix.h:189:21:[m[K [01;36m[Knote: [m[Kcandidate: ‘[01m[KQDebug operator<<(QDebug, const QMatrix&)[m[K’
[4.804s]   189 | Q_GUI_EXPORT QDebug [01;36m[Koperator[m[K<<(QDebug, const QMatrix &);
[4.804s]       |                     [01;36m[K^~~~~~~~[m[K
[4.804s] [01m[K/usr/include/x86_64-linux-gnu/qt5/QtGui/qmatrix.h:189:32:[m[K [01;36m[Knote: [m[K  no known conversion for argument 1 from ‘[01m[Kstd::basic_ostream<char>[m[K’ to ‘[01m[KQDebug[m[K’
[4.804s]   189 | Q_GUI_EXPORT QDebug operator<<([01;36m[KQDebug[m[K, const QMatrix &);
[4.805s]       |                                [01;36m[K^~~~~~[m[K
[4.805s] In file included from [01m[K/usr/include/x86_64-linux-gnu/qt5/QtGui/qbrush.h:50[m[K,
[4.805s]                  from [01m[K/usr/include/x86_64-linux-gnu/qt5/QtGui/qpalette.h:46[m[K,
[4.805s]                  from [01m[K/usr/include/x86_64-linux-gnu/qt5/QtWidgets/qwidget.h:48[m[K,
[4.805s]                  from [01m[K/usr/include/x86_64-linux-gnu/qt5/QtWidgets/qframe.h:44[m[K,
[4.805s]                  from [01m[K/usr/include/x86_64-linux-gnu/qt5/QtWidgets/qlabel.h:44[m[K,
[4.805s]                  from [01m[K/usr/include/x86_64-linux-gnu/qt5/QtWidgets/QLabel:1[m[K,
[4.806s]                  from [01m[K/home/shenhang/ros_study/chapter3/topic_practice_workspace/src/status_display/src/sys_status_display.cpp:2[m[K:
[4.806s] [01m[K/usr/include/x86_64-linux-gnu/qt5/QtGui/qtransform.h:386:27:[m[K [01;36m[Knote: [m[Kcandidate: ‘[01m[KQDataStream& operator<<(QDataStream&, const QTransform&)[m[K’
[4.806s]   386 | Q_GUI_EXPORT QDataStream &[01;36m[Koperator[m[K<<(QDataStream &, const QTransform &);
[4.806s]       |                           [01;36m[K^~~~~~~~[m[K
[4.806s] [01m[K/usr/include/x86_64-linux-gnu/qt5/QtGui/qtransform.h:386:38:[m[K [01;36m[Knote: [m[K  no known conversion for argument 1 from ‘[01m[Kstd::basic_ostream<char>[m[K’ to ‘[01m[KQDataStream&[m[K’
[4.806s]   386 | Q_GUI_EXPORT QDataStream &operator<<([01;36m[KQDataStream &[m[K, const QTransform &);
[4.806s]       |                                      [01;36m[K^~~~~~~~~~~~~[m[K
[4.806s] [01m[K/usr/include/x86_64-linux-gnu/qt5/QtGui/qtransform.h:391:21:[m[K [01;36m[Knote: [m[Kcandidate: ‘[01m[KQDebug operator<<(QDebug, const QTransform&)[m[K’
[4.807s]   391 | Q_GUI_EXPORT QDebug [01;36m[Koperator[m[K<<(QDebug, const QTransform &);
[4.807s]       |                     [01;36m[K^~~~~~~~[m[K
[4.807s] [01m[K/usr/include/x86_64-linux-gnu/qt5/QtGui/qtransform.h:391:32:[m[K [01;36m[Knote: [m[K  no known conversion for argument 1 from ‘[01m[Kstd::basic_ostream<char>[m[K’ to ‘[01m[KQDebug[m[K’
[4.807s]   391 | Q_GUI_EXPORT QDebug operator<<([01;36m[KQDebug[m[K, const QTransform &);
[4.807s]       |                                [01;36m[K^~~~~~[m[K
[4.807s] In file included from [01m[K/usr/include/x86_64-linux-gnu/qt5/QtGui/qbrush.h:51[m[K,
[4.807s]                  from [01m[K/usr/include/x86_64-linux-gnu/qt5/QtGui/qpalette.h:46[m[K,
[4.807s]                  from [01m[K/usr/include/x86_64-linux-gnu/qt5/QtWidgets/qwidget.h:48[m[K,
[4.808s]                  from [01m[K/usr/include/x86_64-linux-gnu/qt5/QtWidgets/qframe.h:44[m[K,
[4.808s]                  from [01m[K/usr/include/x86_64-linux-gnu/qt5/QtWidgets/qlabel.h:44[m[K,
[4.809s]                  from [01m[K/usr/include/x86_64-linux-gnu/qt5/QtWidgets/QLabel:1[m[K,
[4.809s]                  from [01m[K/home/shenhang/ros_study/chapter3/topic_practice_workspace/src/status_display/src/sys_status_display.cpp:2[m[K:
[4.809s] [01m[K/usr/include/x86_64-linux-gnu/qt5/QtGui/qimage.h:502:27:[m[K [01;36m[Knote: [m[Kcandidate: ‘[01m[KQDataStream& operator<<(QDataStream&, const QImage&)[m[K’
[4.809s]   502 | Q_GUI_EXPORT QDataStream &[01;36m[Koperator[m[K<<(QDataStream &, const QImage &);
[4.809s]       |                           [01;36m[K^~~~~~~~[m[K
[4.810s] [01m[K/usr/include/x86_64-linux-gnu/qt5/QtGui/qimage.h:502:38:[m[K [01;36m[Knote: [m[K  no known conversion for argument 1 from ‘[01m[Kstd::basic_ostream<char>[m[K’ to ‘[01m[KQDataStream&[m[K’
[4.810s]   502 | Q_GUI_EXPORT QDataStream &operator<<([01;36m[KQDataStream &[m[K, const QImage &);
[4.810s]       |                                      [01;36m[K^~~~~~~~~~~~~[m[K
[4.810s] [01m[K/usr/include/x86_64-linux-gnu/qt5/QtGui/qimage.h:507:21:[m[K [01;36m[Knote: [m[Kcandidate: ‘[01m[KQDebug operator<<(QDebug, const QImage&)[m[K’
[4.810s]   507 | Q_GUI_EXPORT QDebug [01;36m[Koperator[m[K<<(QDebug, const QImage &);
[4.810s]       |                     [01;36m[K^~~~~~~~[m[K
[4.810s] [01m[K/usr/include/x86_64-linux-gnu/qt5/QtGui/qimage.h:507:32:[m[K [01;36m[Knote: [m[K  no known conversion for argument 1 from ‘[01m[Kstd::basic_ostream<char>[m[K’ to ‘[01m[KQDebug[m[K’
[4.810s]   507 | Q_GUI_EXPORT QDebug operator<<([01;36m[KQDebug[m[K, const QImage &);
[4.811s]       |                                [01;36m[K^~~~~~[m[K
[4.811s] In file included from [01m[K/usr/include/x86_64-linux-gnu/qt5/QtGui/qbrush.h:52[m[K,
[4.811s]                  from [01m[K/usr/include/x86_64-linux-gnu/qt5/QtGui/qpalette.h:46[m[K,
[4.811s]                  from [01m[K/usr/include/x86_64-linux-gnu/qt5/QtWidgets/qwidget.h:48[m[K,
[4.811s]                  from [01m[K/usr/include/x86_64-linux-gnu/qt5/QtWidgets/qframe.h:44[m[K,
[4.811s]                  from [01m[K/usr/include/x86_64-linux-gnu/qt5/QtWidgets/qlabel.h:44[m[K,
[4.811s]                  from [01m[K/usr/include/x86_64-linux-gnu/qt5/QtWidgets/QLabel:1[m[K,
[4.811s]                  from [01m[K/home/shenhang/ros_study/chapter3/topic_practice_workspace/src/status_display/src/sys_status_display.cpp:2[m[K:
[4.812s] [01m[K/usr/include/x86_64-linux-gnu/qt5/QtGui/qpixmap.h:254:27:[m[K [01;36m[Knote: [m[Kcandidate: ‘[01m[KQDataStream& operator<<(QDataStream&, const QPixmap&)[m[K’
[4.812s]   254 | Q_GUI_EXPORT QDataStream &[01;36m[Koperator[m[K<<(QDataStream &, const QPixmap &);
[4.812s]       |                           [01;36m[K^~~~~~~~[m[K
[4.812s] [01m[K/usr/include/x86_64-linux-gnu/qt5/QtGui/qpixmap.h:254:38:[m[K [01;36m[Knote: [m[K  no known conversion for argument 1 from ‘[01m[Kstd::basic_ostream<char>[m[K’ to ‘[01m[KQDataStream&[m[K’
[4.812s]   254 | Q_GUI_EXPORT QDataStream &operator<<([01;36m[KQDataStream &[m[K, const QPixmap &);
[4.812s]       |                                      [01;36m[K^~~~~~~~~~~~~[m[K
[4.812s] [01m[K/usr/include/x86_64-linux-gnu/qt5/QtGui/qpixmap.h:259:21:[m[K [01;36m[Knote: [m[Kcandidate: ‘[01m[KQDebug operator<<(QDebug, const QPixmap&)[m[K’
[4.812s]   259 | Q_GUI_EXPORT QDebug [01;36m[Koperator[m[K<<(QDebug, const QPixmap &);
[4.812s]       |                     [01;36m[K^~~~~~~~[m[K
[4.812s] [01m[K/usr/include/x86_64-linux-gnu/qt5/QtGui/qpixmap.h:259:32:[m[K [01;36m[Knote: [m[K  no known conversion for argument 1 from ‘[01m[Kstd::basic_ostream<char>[m[K’ to ‘[01m[KQDebug[m[K’
[4.813s]   259 | Q_GUI_EXPORT QDebug operator<<([01;36m[KQDebug[m[K, const QPixmap &);
[4.813s]       |                                [01;36m[K^~~~~~[m[K
[4.813s] In file included from [01m[K/usr/include/x86_64-linux-gnu/qt5/QtGui/qpalette.h:46[m[K,
[4.813s]                  from [01m[K/usr/include/x86_64-linux-gnu/qt5/QtWidgets/qwidget.h:48[m[K,
[4.813s]                  from [01m[K/usr/include/x86_64-linux-gnu/qt5/QtWidgets/qframe.h:44[m[K,
[4.813s]                  from [01m[K/usr/include/x86_64-linux-gnu/qt5/QtWidgets/qlabel.h:44[m[K,
[4.813s]                  from [01m[K/usr/include/x86_64-linux-gnu/qt5/QtWidgets/QLabel:1[m[K,
[4.813s]                  from [01m[K/home/shenhang/ros_study/chapter3/topic_practice_workspace/src/status_display/src/sys_status_display.cpp:2[m[K:
[4.813s] [01m[K/usr/include/x86_64-linux-gnu/qt5/QtGui/qbrush.h:144:27:[m[K [01;36m[Knote: [m[Kcandidate: ‘[01m[KQDataStream& operator<<(QDataStream&, const QBrush&)[m[K’
[4.813s]   144 | Q_GUI_EXPORT QDataStream &[01;36m[Koperator[m[K<<(QDataStream &, const QBrush &);
[4.814s]       |                           [01;36m[K^~~~~~~~[m[K
[4.814s] [01m[K/usr/include/x86_64-linux-gnu/qt5/QtGui/qbrush.h:144:38:[m[K [01;36m[Knote: [m[K  no known conversion for argument 1 from ‘[01m[Kstd::basic_ostream<char>[m[K’ to ‘[01m[KQDataStream&[m[K’
[4.814s]   144 | Q_GUI_EXPORT QDataStream &operator<<([01;36m[KQDataStream &[m[K, const QBrush &);
[4.814s]       |                                      [01;36m[K^~~~~~~~~~~~~[m[K
[4.814s] [01m[K/usr/include/x86_64-linux-gnu/qt5/QtGui/qbrush.h:149:21:[m[K [01;36m[Knote: [m[Kcandidate: ‘[01m[KQDebug operator<<(QDebug, const QBrush&)[m[K’
[4.814s]   149 | Q_GUI_EXPORT QDebug [01;36m[Koperator[m[K<<(QDebug, const QBrush &);
[4.814s]       |                     [01;36m[K^~~~~~~~[m[K
[4.815s] [01m[K/usr/include/x86_64-linux-gnu/qt5/QtGui/qbrush.h:149:32:[m[K [01;36m[Knote: [m[K  no known conversion for argument 1 from ‘[01m[Kstd::basic_ostream<char>[m[K’ to ‘[01m[KQDebug[m[K’
[4.815s]   149 | Q_GUI_EXPORT QDebug operator<<([01;36m[KQDebug[m[K, const QBrush &);
[4.815s]       |                                [01;36m[K^~~~~~[m[K
[4.815s] In file included from [01m[K/usr/include/x86_64-linux-gnu/qt5/QtWidgets/qwidget.h:48[m[K,
[4.815s]                  from [01m[K/usr/include/x86_64-linux-gnu/qt5/QtWidgets/qframe.h:44[m[K,
[4.815s]                  from [01m[K/usr/include/x86_64-linux-gnu/qt5/QtWidgets/qlabel.h:44[m[K,
[4.815s]                  from [01m[K/usr/include/x86_64-linux-gnu/qt5/QtWidgets/QLabel:1[m[K,
[4.815s]                  from [01m[K/home/shenhang/ros_study/chapter3/topic_practice_workspace/src/status_display/src/sys_status_display.cpp:2[m[K:
[4.815s] [01m[K/usr/include/x86_64-linux-gnu/qt5/QtGui/qpalette.h:212:27:[m[K [01;36m[Knote: [m[Kcandidate: ‘[01m[KQDataStream& operator<<(QDataStream&, const QPalette&)[m[K’
[4.816s]   212 | Q_GUI_EXPORT QDataStream &[01;36m[Koperator[m[K<<(QDataStream &ds, const QPalette &p);
[4.816s]       |                           [01;36m[K^~~~~~~~[m[K
[4.816s] [01m[K/usr/include/x86_64-linux-gnu/qt5/QtGui/qpalette.h:195:62:[m[K [01;36m[Knote: [m[K  no known conversion for argument 1 from ‘[01m[Kstd::basic_ostream<char>[m[K’ to ‘[01m[KQDataStream&[m[K’
[4.816s]   195 |     friend Q_GUI_EXPORT QDataStream &operator<<([01;36m[KQDataStream &s[m[K, const QPalette &p);
[4.816s]       |                                                 [01;36m[K~~~~~~~~~~~~~^[m[K
[4.816s] [01m[K/usr/include/x86_64-linux-gnu/qt5/QtGui/qpalette.h:217:21:[m[K [01;36m[Knote: [m[Kcandidate: ‘[01m[KQDebug operator<<(QDebug, const QPalette&)[m[K’
[4.816s]   217 | Q_GUI_EXPORT QDebug [01;36m[Koperator[m[K<<(QDebug, const QPalette &);
[4.816s]       |                     [01;36m[K^~~~~~~~[m[K
[4.816s] [01m[K/usr/include/x86_64-linux-gnu/qt5/QtGui/qpalette.h:217:32:[m[K [01;36m[Knote: [m[K  no known conversion for argument 1 from ‘[01m[Kstd::basic_ostream<char>[m[K’ to ‘[01m[KQDebug[m[K’
[4.816s]   217 | Q_GUI_EXPORT QDebug operator<<([01;36m[KQDebug[m[K, const QPalette &);
[4.817s]       |                                [01;36m[K^~~~~~[m[K
[4.817s] In file included from [01m[K/usr/include/x86_64-linux-gnu/qt5/QtWidgets/qwidget.h:49[m[K,
[4.817s]                  from [01m[K/usr/include/x86_64-linux-gnu/qt5/QtWidgets/qframe.h:44[m[K,
[4.817s]                  from [01m[K/usr/include/x86_64-linux-gnu/qt5/QtWidgets/qlabel.h:44[m[K,
[4.817s]                  from [01m[K/usr/include/x86_64-linux-gnu/qt5/QtWidgets/QLabel:1[m[K,
[4.817s]                  from [01m[K/home/shenhang/ros_study/chapter3/topic_practice_workspace/src/status_display/src/sys_status_display.cpp:2[m[K:
[4.817s] [01m[K/usr/include/x86_64-linux-gnu/qt5/QtGui/qfont.h:374:27:[m[K [01;36m[Knote: [m[Kcandidate: ‘[01m[KQDataStream& operator<<(QDataStream&, const QFont&)[m[K’
[4.817s]   374 | Q_GUI_EXPORT QDataStream &[01;36m[Koperator[m[K<<(QDataStream &, const QFont &);
[4.817s]       |                           [01;36m[K^~~~~~~~[m[K
[4.818s] [01m[K/usr/include/x86_64-linux-gnu/qt5/QtGui/qfont.h:336:49:[m[K [01;36m[Knote: [m[K  no known conversion for argument 1 from ‘[01m[Kstd::basic_ostream<char>[m[K’ to ‘[01m[KQDataStream&[m[K’
[4.818s]   336 |     friend Q_GUI_EXPORT QDataStream &operator<<([01;36m[KQDataStream &[m[K, const QFont &);
[4.818s]       |                                                 [01;36m[K^~~~~~~~~~~~~[m[K
[4.818s] [01m[K/usr/include/x86_64-linux-gnu/qt5/QtGui/qfont.h:379:21:[m[K [01;36m[Knote: [m[Kcandidate: ‘[01m[KQDebug operator<<(QDebug, const QFont&)[m[K’
[4.818s]   379 | Q_GUI_EXPORT QDebug [01;36m[Koperator[m[K<<(QDebug, const QFont &);
[4.818s]       |                     [01;36m[K^~~~~~~~[m[K
[4.818s] [01m[K/usr/include/x86_64-linux-gnu/qt5/QtGui/qfont.h:341:43:[m[K [01;36m[Knote: [m[K  no known conversion for argument 1 from ‘[01m[Kstd::basic_ostream<char>[m[K’ to ‘[01m[KQDebug[m[K’
[4.818s]   341 |     friend Q_GUI_EXPORT QDebug operator<<([01;36m[KQDebug[m[K, const QFont &);
[4.818s]       |                                           [01;36m[K^~~~~~[m[K
[4.819s] In file included from [01m[K/usr/include/x86_64-linux-gnu/qt5/QtWidgets/qwidget.h:52[m[K,
[4.819s]                  from [01m[K/usr/include/x86_64-linux-gnu/qt5/QtWidgets/qframe.h:44[m[K,
[4.819s]                  from [01m[K/usr/include/x86_64-linux-gnu/qt5/QtWidgets/qlabel.h:44[m[K,
[4.819s]                  from [01m[K/usr/include/x86_64-linux-gnu/qt5/QtWidgets/QLabel:1[m[K,
[4.819s]                  from [01m[K/home/shenhang/ros_study/chapter3/topic_practice_workspace/src/status_display/src/sys_status_display.cpp:2[m[K:
[4.819s] [01m[K/usr/include/x86_64-linux-gnu/qt5/QtWidgets/qsizepolicy.h:237:31:[m[K [01;36m[Knote: [m[Kcandidate: ‘[01m[KQDataStream& operator<<(QDataStream&, const QSizePolicy&)[m[K’
[4.819s]   237 | Q_WIDGETS_EXPORT QDataStream &[01;36m[Koperator[m[K<<(QDataStream &, const QSizePolicy &);
[4.819s]       |                               [01;36m[K^~~~~~~~[m[K
[4.819s] [01m[K/usr/include/x86_64-linux-gnu/qt5/QtWidgets/qsizepolicy.h:173:53:[m[K [01;36m[Knote: [m[K  no known conversion for argument 1 from ‘[01m[Kstd::basic_ostream<char>[m[K’ to ‘[01m[KQDataStream&[m[K’
[4.819s]   173 |     friend Q_WIDGETS_EXPORT QDataStream &operator<<([01;36m[KQDataStream &[m[K, const QSizePolicy &);
[4.820s]       |                                                     [01;36m[K^~~~~~~~~~~~~[m[K
[4.820s] [01m[K/usr/include/x86_64-linux-gnu/qt5/QtWidgets/qsizepolicy.h:242:25:[m[K [01;36m[Knote: [m[Kcandidate: ‘[01m[KQDebug operator<<(QDebug, const QSizePolicy&)[m[K’
[4.820s]   242 | Q_WIDGETS_EXPORT QDebug [01;36m[Koperator[m[K<<(QDebug dbg, const QSizePolicy &);
[4.820s]       |                         [01;36m[K^~~~~~~~[m[K
[4.820s] [01m[K/usr/include/x86_64-linux-gnu/qt5/QtWidgets/qsizepolicy.h:242:43:[m[K [01;36m[Knote: [m[K  no known conversion for argument 1 from ‘[01m[Kstd::basic_ostream<char>[m[K’ to ‘[01m[KQDebug[m[K’
[4.820s]   242 | Q_WIDGETS_EXPORT QDebug operator<<([01;36m[KQDebug dbg[m[K, const QSizePolicy &);
[4.820s]       |                                    [01;36m[K~~~~~~~^~~[m[K
[4.820s] In file included from [01m[K/usr/include/x86_64-linux-gnu/qt5/QtWidgets/qwidget.h:56[m[K,
[4.821s]                  from [01m[K/usr/include/x86_64-linux-gnu/qt5/QtWidgets/qframe.h:44[m[K,
[4.821s]                  from [01m[K/usr/include/x86_64-linux-gnu/qt5/QtWidgets/qlabel.h:44[m[K,
[4.821s]                  from [01m[K/usr/include/x86_64-linux-gnu/qt5/QtWidgets/QLabel:1[m[K,
[4.821s]                  from [01m[K/home/shenhang/ros_study/chapter3/topic_practice_workspace/src/status_display/src/sys_status_display.cpp:2[m[K:
[4.821s] [01m[K/usr/include/x86_64-linux-gnu/qt5/QtGui/qkeysequence.h:213:38:[m[K [01;36m[Knote: [m[Kcandidate: ‘[01m[KQDataStream& operator<<(QDataStream&, const QKeySequence&)[m[K’
[4.821s]   213 |     friend Q_GUI_EXPORT QDataStream &[01;36m[Koperator[m[K<<(QDataStream &in, const QKeySequence &ks);
[4.821s]       |                                      [01;36m[K^~~~~~~~[m[K
[4.821s] [01m[K/usr/include/x86_64-linux-gnu/qt5/QtGui/qkeysequence.h:58:51:[m[K [01;36m[Knote: [m[K  no known conversion for argument 1 from ‘[01m[Kstd::basic_ostream<char>[m[K’ to ‘[01m[KQDataStream&[m[K’
[4.822s]    58 | Q_GUI_EXPORT QDataStream &operator<<([01;36m[KQDataStream &in[m[K, const QKeySequence &ks);
[4.822s]       |                                      [01;36m[K~~~~~~~~~~~~~^~[m[K
[4.822s] [01m[K/usr/include/x86_64-linux-gnu/qt5/QtGui/qkeysequence.h:227:21:[m[K [01;36m[Knote: [m[Kcandidate: ‘[01m[KQDebug operator<<(QDebug, const QKeySequence&)[m[K’
[4.822s]   227 | Q_GUI_EXPORT QDebug [01;36m[Koperator[m[K<<(QDebug, const QKeySequence &);
[4.822s]       |                     [01;36m[K^~~~~~~~[m[K
[4.822s] [01m[K/usr/include/x86_64-linux-gnu/qt5/QtGui/qkeysequence.h:227:32:[m[K [01;36m[Knote: [m[K  no known conversion for argument 1 from ‘[01m[Kstd::basic_ostream<char>[m[K’ to ‘[01m[KQDebug[m[K’
[4.822s]   227 | Q_GUI_EXPORT QDebug operator<<([01;36m[KQDebug[m[K, const QKeySequence &);
[4.823s]       |                                [01;36m[K^~~~~~[m[K
[4.823s] In file included from [01m[K/usr/include/x86_64-linux-gnu/qt5/QtWidgets/qframe.h:44[m[K,
[4.823s]                  from [01m[K/usr/include/x86_64-linux-gnu/qt5/QtWidgets/qlabel.h:44[m[K,
[4.823s]                  from [01m[K/usr/include/x86_64-linux-gnu/qt5/QtWidgets/QLabel:1[m[K,
[4.823s]                  from [01m[K/home/shenhang/ros_study/chapter3/topic_practice_workspace/src/status_display/src/sys_status_display.cpp:2[m[K:
[4.823s] [01m[K/usr/include/x86_64-linux-gnu/qt5/QtWidgets/qwidget.h:891:25:[m[K [01;36m[Knote: [m[Kcandidate: ‘[01m[KQDebug operator<<(QDebug, const QWidget*)[m[K’
[4.823s]   891 | Q_WIDGETS_EXPORT QDebug [01;36m[Koperator[m[K<<(QDebug, const QWidget *);
[4.823s]       |                         [01;36m[K^~~~~~~~[m[K
[4.823s] [01m[K/usr/include/x86_64-linux-gnu/qt5/QtWidgets/qwidget.h:891:36:[m[K [01;36m[Knote: [m[K  no known conversion for argument 1 from ‘[01m[Kstd::basic_ostream<char>[m[K’ to ‘[01m[KQDebug[m[K’
[4.824s]   891 | Q_WIDGETS_EXPORT QDebug operator<<([01;36m[KQDebug[m[K, const QWidget *);
[4.824s]       |                                    [01;36m[K^~~~~~[m[K
[4.824s] [01m[K/home/shenhang/ros_study/chapter3/topic_practice_workspace/src/status_display/src/sys_status_display.cpp:28:5:[m[K [01;35m[Kwarning: [m[Kno return statement in function returning non-void [[01;35m[K]8;;https://gcc.gnu.org/onlinedocs/gcc/Warning-Options.html#index-Wreturn-type-Wreturn-type]8;;[m[K]
[4.824s]    28 |     [01;35m[K}[m[K
[4.824s]       |     [01;35m[K^[m[K
[4.831s] [01m[K/home/shenhang/ros_study/chapter3/topic_practice_workspace/src/status_display/src/sys_status_display.cpp:[m[K In lambda function:
[4.832s] [01m[K/home/shenhang/ros_study/chapter3/topic_practice_workspace/src/status_display/src/sys_status_display.cpp:35:99:[m[K [01;31m[Kerror: [m[K‘[01m[Kmsg[m[K’ was not declared in this scope
[4.832s]    35 |                                                               { label_->setText(get_qstr_from_msg([01;31m[Kmsg[m[K)); });//订阅sys_status话题
[4.832s]       |                                                                                                   [01;31m[K^~~[m[K
[4.832s] [01m[K/home/shenhang/ros_study/chapter3/topic_practice_workspace/src/status_display/src/sys_status_display.cpp:35:99:[m[K [01;36m[Knote: [m[Ksuggested alternatives:
[4.832s] In file included from [01m[K/opt/ros/humble/include/builtin_interfaces/builtin_interfaces/msg/duration.hpp:7[m[K,
[4.832s]                  from [01m[K/opt/ros/humble/include/rclcpp/rclcpp/duration.hpp:20[m[K,
[4.832s]                  from [01m[K/opt/ros/humble/include/rclcpp/rclcpp/qos.hpp:20[m[K,
[4.833s]                  from [01m[K/opt/ros/humble/include/rclcpp/rclcpp/node_interfaces/node_graph_interface.hpp:32[m[K,
[4.833s]                  from [01m[K/opt/ros/humble/include/rclcpp/rclcpp/client.hpp:42[m[K,
[4.833s]                  from [01m[K/opt/ros/humble/include/rclcpp/rclcpp/callback_group.hpp:24[m[K,
[4.833s]                  from [01m[K/opt/ros/humble/include/rclcpp/rclcpp/any_executable.hpp:20[m[K,
[4.833s]                  from [01m[K/opt/ros/humble/include/rclcpp/rclcpp/memory_strategy.hpp:25[m[K,
[4.833s]                  from [01m[K/opt/ros/humble/include/rclcpp/rclcpp/memory_strategies.hpp:18[m[K,
[4.834s]                  from [01m[K/opt/ros/humble/include/rclcpp/rclcpp/executor_options.hpp:20[m[K,
[4.834s]                  from [01m[K/opt/ros/humble/include/rclcpp/rclcpp/executor.hpp:37[m[K,
[4.834s]                  from [01m[K/opt/ros/humble/include/rclcpp/rclcpp/executors/multi_threaded_executor.hpp:25[m[K,
[4.834s]                  from [01m[K/opt/ros/humble/include/rclcpp/rclcpp/executors.hpp:21[m[K,
[4.834s]                  from [01m[K/opt/ros/humble/include/rclcpp/rclcpp/rclcpp.hpp:155[m[K,
[4.834s]                  from [01m[K/home/shenhang/ros_study/chapter3/topic_practice_workspace/src/status_display/src/sys_status_display.cpp:4[m[K:
[4.835s] [01m[K/opt/ros/humble/include/builtin_interfaces/builtin_interfaces/msg/detail/duration__struct.hpp:27:11:[m[K [01;36m[Knote: [m[K  ‘[01m[Kbuiltin_interfaces::msg[m[K’
[4.835s]    27 | namespace [01;36m[Kmsg[m[K
[4.835s]       |           [01;36m[K^~~[m[K
[4.835s] In file included from [01m[K/opt/ros/humble/include/rcl_interfaces/rcl_interfaces/msg/set_parameters_result.hpp:7[m[K,
[4.835s]                  from [01m[K/opt/ros/humble/include/rclcpp/rclcpp/qos_overriding_options.hpp:28[m[K,
[4.835s]                  from [01m[K/opt/ros/humble/include/rclcpp/rclcpp/subscription_options.hpp:30[m[K,
[4.835s]                  from [01m[K/opt/ros/humble/include/rclcpp/rclcpp/subscription.hpp:45[m[K,
[4.835s]                  from [01m[K/opt/ros/humble/include/rclcpp/rclcpp/any_executable.hpp:25[m[K,
[4.836s]                  from [01m[K/opt/ros/humble/include/rclcpp/rclcpp/memory_strategy.hpp:25[m[K,
[4.836s]                  from [01m[K/opt/ros/humble/include/rclcpp/rclcpp/memory_strategies.hpp:18[m[K,
[4.836s]                  from [01m[K/opt/ros/humble/include/rclcpp/rclcpp/executor_options.hpp:20[m[K,
[4.836s]                  from [01m[K/opt/ros/humble/include/rclcpp/rclcpp/executor.hpp:37[m[K,
[4.836s]                  from [01m[K/opt/ros/humble/include/rclcpp/rclcpp/executors/multi_threaded_executor.hpp:25[m[K,
[4.837s]                  from [01m[K/opt/ros/humble/include/rclcpp/rclcpp/executors.hpp:21[m[K,
[4.837s]                  from [01m[K/opt/ros/humble/include/rclcpp/rclcpp/rclcpp.hpp:155[m[K,
[4.837s]                  from [01m[K/home/shenhang/ros_study/chapter3/topic_practice_workspace/src/status_display/src/sys_status_display.cpp:4[m[K:
[4.837s] [01m[K/opt/ros/humble/include/rcl_interfaces/rcl_interfaces/msg/detail/set_parameters_result__struct.hpp:27:11:[m[K [01;36m[Knote: [m[K  ‘[01m[Krcl_interfaces::msg[m[K’
[4.837s]    27 | namespace [01;36m[Kmsg[m[K
[4.837s]       |           [01;36m[K^~~[m[K
[4.837s] In file included from [01m[K/opt/ros/humble/include/statistics_msgs/statistics_msgs/msg/detail/metrics_message__struct.hpp:23[m[K,
[4.838s]                  from [01m[K/opt/ros/humble/include/statistics_msgs/statistics_msgs/msg/metrics_message.hpp:7[m[K,
[4.838s]                  from [01m[K/opt/ros/humble/include/libstatistics_collector/libstatistics_collector/collector/generate_statistics_message.hpp:21[m[K,
[4.838s]                  from [01m[K/opt/ros/humble/include/rclcpp/rclcpp/topic_statistics/subscription_topic_statistics.hpp:23[m[K,
[4.838s]                  from [01m[K/opt/ros/humble/include/rclcpp/rclcpp/subscription.hpp:50[m[K,
[4.838s]                  from [01m[K/opt/ros/humble/include/rclcpp/rclcpp/any_executable.hpp:25[m[K,
[4.838s]                  from [01m[K/opt/ros/humble/include/rclcpp/rclcpp/memory_strategy.hpp:25[m[K,
[4.838s]                  from [01m[K/opt/ros/humble/include/rclcpp/rclcpp/memory_strategies.hpp:18[m[K,
[4.838s]                  from [01m[K/opt/ros/humble/include/rclcpp/rclcpp/executor_options.hpp:20[m[K,
[4.839s]                  from [01m[K/opt/ros/humble/include/rclcpp/rclcpp/executor.hpp:37[m[K,
[4.839s]                  from [01m[K/opt/ros/humble/include/rclcpp/rclcpp/executors/multi_threaded_executor.hpp:25[m[K,
[4.839s]                  from [01m[K/opt/ros/humble/include/rclcpp/rclcpp/executors.hpp:21[m[K,
[4.839s]                  from [01m[K/opt/ros/humble/include/rclcpp/rclcpp/rclcpp.hpp:155[m[K,
[4.839s]                  from [01m[K/home/shenhang/ros_study/chapter3/topic_practice_workspace/src/status_display/src/sys_status_display.cpp:4[m[K:
[4.839s] [01m[K/opt/ros/humble/include/statistics_msgs/statistics_msgs/msg/detail/statistic_data_point__struct.hpp:27:11:[m[K [01;36m[Knote: [m[K  ‘[01m[Kstatistics_msgs::msg[m[K’
[4.839s]    27 | namespace [01;36m[Kmsg[m[K
[4.840s]       |           [01;36m[K^~~[m[K
[4.840s] In file included from [01m[K/home/shenhang/ros_study/chapter3/topic_practice_workspace/install/status_interfaces/include/status_interfaces/status_interfaces/msg/system_status.hpp:7[m[K,
[4.840s]                  from [01m[K/home/shenhang/ros_study/chapter3/topic_practice_workspace/src/status_display/src/sys_status_display.cpp:5[m[K:
[4.840s] [01m[K/home/shenhang/ros_study/chapter3/topic_practice_workspace/install/status_interfaces/include/status_interfaces/status_interfaces/msg/detail/system_status__struct.hpp:31:11:[m[K [01;36m[Knote: [m[K  ‘[01m[Kstatus_interfaces::msg[m[K’
[4.840s]    31 | namespace [01;36m[Kmsg[m[K
[4.840s]       |           [01;36m[K^~~[m[K
[4.840s] [01m[K/home/shenhang/ros_study/chapter3/topic_practice_workspace/src/status_display/src/sys_status_display.cpp:[m[K In constructor ‘[01m[KSysStatusDisplay::SysStatusDisplay(const string&)[m[K’:
[4.841s] [01m[K/home/shenhang/ros_study/chapter3/topic_practice_workspace/src/status_display/src/sys_status_display.cpp:36:84:[m[K [01;31m[Kerror: [m[Kcannot convert ‘[01m[Kshared_ptr<[01;32m[Kstd::shared_ptr<status_interfaces::msg::SystemStatus_<std::allocator<void> > >[m[K>[m[K’ to ‘[01m[Kshared_ptr<[01;32m[Kstatus_interfaces::msg::SystemStatus_<std::allocator<void> >[m[K>[m[K’
[4.841s]    36 |         label_->setText(get_qstr_from_msg([01;31m[Kstd::make_shared<SystemStatus::SharedPtr>()[m[K));
[4.841s]       |                                           [01;31m[K~~~~~~~~~~~~~~~~~~~~~~~~~~~~~~~~~~~~~~~~~^~[m[K
[4.841s]       |                                                                                    [01;31m[K|[m[K
[4.841s]       |                                                                                    [01;31m[Kshared_ptr<std::shared_ptr<status_interfaces::msg::SystemStatus_<std::allocator<void> > >>[m[K
[4.841s] [01m[K/home/shenhang/ros_study/chapter3/topic_practice_workspace/src/status_display/src/sys_status_display.cpp:15:61:[m[K [01;36m[Knote: [m[K  initializing argument 1 of ‘[01m[KQString SysStatusDisplay::get_qstr_from_msg(status_interfaces::msg::SystemStatus_<std::allocator<void> >::SharedPtr)[m[K’
[4.841s]    15 |     QString get_qstr_from_msg([01;36m[Kconst SystemStatus::SharedPtr msg[m[K)
[4.842s]       |                               [01;36m[K~~~~~~~~~~~~~~~~~~~~~~~~~~~~~~^~~[m[K
[8.433s] gmake[2]: *** [CMakeFiles/sys_status_display_exe.dir/build.make:76：CMakeFiles/sys_status_display_exe.dir/src/sys_status_display.cpp.o] 错误 1
[8.434s] gmake[1]: *** [CMakeFiles/Makefile2:165：CMakeFiles/sys_status_display_exe.dir/all] 错误 2
[8.434s] gmake: *** [Makefile:146：all] 错误 2
[8.437s] Invoked command in '/home/shenhang/ros_study/chapter3/topic_practice_workspace/build/status_display' returned '2': CMAKE_PREFIX_PATH=/home/shenhang/ros_study/chapter3/topic_practice_workspace/install/status_interfaces:/home/shenhang/ros_study/chapter3/topic_practice_workspace/install/status_display:/home/shenhang/ros_study/chapter3/topic_practice_workspace/install/status_publisher:/opt/ros/humble /usr/bin/cmake --build /home/shenhang/ros_study/chapter3/topic_practice_workspace/build/status_display -- -j6 -l6
