[0.023s] Invoking command in '/home/shenhang/ros_study/chapter3/topic_practice_workspace/build/status_display': CMAKE_PREFIX_PATH=/home/shenhang/ros_study/chapter3/topic_practice_workspace/install/status_interfaces:/home/shenhang/ros_study/chapter3/topic_practice_workspace/install/status_display:/home/shenhang/ros_study/chapter3/topic_practice_workspace/install/status_publisher:/opt/ros/humble /usr/bin/cmake --build /home/shenhang/ros_study/chapter3/topic_practice_workspace/build/status_display -- -j6 -l6
[0.088s] -- Found ament_cmake: 1.3.12 (/opt/ros/humble/share/ament_cmake/cmake)
[0.380s] -- Found rclcpp: 16.0.16 (/opt/ros/humble/share/rclcpp/cmake)
[0.481s] -- Found rosidl_generator_c: 3.1.7 (/opt/ros/humble/share/rosidl_generator_c/cmake)
[0.487s] -- Found rosidl_adapter: 3.1.7 (/opt/ros/humble/share/rosidl_adapter/cmake)
[0.500s] -- Found rosidl_generator_cpp: 3.1.7 (/opt/ros/humble/share/rosidl_generator_cpp/cmake)
[0.531s] -- Using all available rosidl_typesupport_c: rosidl_typesupport_fastrtps_c;rosidl_typesupport_introspection_c
[0.558s] -- Using all available rosidl_typesupport_cpp: rosidl_typesupport_fastrtps_cpp;rosidl_typesupport_introspection_cpp
[0.643s] -- Found rmw_implementation_cmake: 6.1.2 (/opt/ros/humble/share/rmw_implementation_cmake/cmake)
[0.646s] -- Found rmw_fastrtps_cpp: 6.2.9 (/opt/ros/humble/share/rmw_fastrtps_cpp/cmake)
[0.801s] -- Using RMW implementation 'rmw_fastrtps_cpp' as default
[0.948s] -- Found status_interfaces: 0.0.0 (/home/shenhang/ros_study/chapter3/topic_practice_workspace/install/status_interfaces/share/status_interfaces/cmake)
[1.018s] -- Found ament_lint_auto: 0.12.14 (/opt/ros/humble/share/ament_lint_auto/cmake)
[1.147s] -- Added test 'cppcheck' to perform static code analysis on C / C++ code
[1.147s] -- Configured cppcheck include dirs: 
[1.148s] -- Configured cppcheck exclude dirs and/or files: 
[1.150s] -- Added test 'lint_cmake' to check CMake code style
[1.150s] -- Added test 'uncrustify' to check C / C++ code style
[1.151s] -- Configured uncrustify additional arguments: 
[1.151s] -- Added test 'xmllint' to check XML markup files
[1.153s] -- Configuring done
[1.178s] -- Generating done
[1.187s] -- Build files have been written to: /home/shenhang/ros_study/chapter3/topic_practice_workspace/build/status_display
[1.226s] [35m[1mConsolidate compiler generated dependencies of target hello_qt_exe[0m
[1.244s] [ 25%] [32mBuilding CXX object CMakeFiles/sys_status_display_exe.dir/src/sys_status_display.cpp.o[0m
[1.253s] [ 75%] Built target hello_qt_exe
[5.575s] [01m[K/home/shenhang/ros_study/chapter3/topic_practice_workspace/src/status_display/src/sys_status_display.cpp:[m[K In member function ‘[01m[KQString SysStatusDisplay::get_qstr_from_msg(status_interfaces::msg::SystemStatus_<std::allocator<void> >::SharedPtr)[m[K’:
[5.575s] [01m[K/home/shenhang/ros_study/chapter3/topic_practice_workspace/src/status_display/src/sys_status_display.cpp:19:34:[m[K [01;31m[Kerror: [m[Kno match for ‘[01m[Koperator<<[m[K’ (operand types are ‘[01m[Kstd::basic_ostream<char>[m[K’ and ‘[01m[Kstatus_interfaces::msg::SystemStatus_<std::allocator<void> >::_stamp_type[m[K’ {aka ‘[01m[Kbuiltin_interfaces::msg::Time_<std::allocator<void> >[m[K’})
[5.575s]    18 |         [32m[Kshow_str << "==================系统状态显示======================\n"[m[K
[5.575s]       |         [32m[K~~~~~~~~~~~~~~~~~~~~~~~~~~~~~~~~~~~~~~~~~~~~~~~~~~~~~~~~~~~~~~~~~~~~[m[K
[5.575s]    19 | [32m[K                 << "数据时间: "[m[K [01;31m[K<<[m[K [34m[Kmsg->stamp[m[K << " s\n"
[5.575s]       |                  [32m[K~~~~~~~~~~~~~~~[m[K [01;31m[K^~[m[K [34m[K~~~~~~~~~~[m[K
[5.576s]       |                  [32m[K|[m[K                       [34m[K|[m[K
[5.576s]       |                  [32m[K|[m[K                       [34m[Kstatus_interfaces::msg::SystemStatus_<std::allocator<void> >::_stamp_type {aka builtin_interfaces::msg::Time_<std::allocator<void> >}[m[K
[5.576s]       |                  [32m[Kstd::basic_ostream<char>[m[K
[5.576s] In file included from [01m[K/usr/include/c++/11/iostream:39[m[K,
[5.577s]                  from [01m[K/opt/ros/humble/include/rclcpp/rclcpp/executor.hpp:22[m[K,
[5.577s]                  from [01m[K/opt/ros/humble/include/rclcpp/rclcpp/executors/multi_threaded_executor.hpp:25[m[K,
[5.577s]                  from [01m[K/opt/ros/humble/include/rclcpp/rclcpp/executors.hpp:21[m[K,
[5.577s]                  from [01m[K/opt/ros/humble/include/rclcpp/rclcpp/rclcpp.hpp:155[m[K,
[5.577s]                  from [01m[K/home/shenhang/ros_study/chapter3/topic_practice_workspace/src/status_display/src/sys_status_display.cpp:4[m[K:
[5.578s] [01m[K/usr/include/c++/11/ostream:108:7:[m[K [01;36m[Knote: [m[Kcandidate: ‘[01m[Kstd::basic_ostream<_CharT, _Traits>::__ostream_type& std::basic_ostream<_CharT, _Traits>::operator<<(std::basic_ostream<_CharT, _Traits>::__ostream_type& (*)(std::basic_ostream<_CharT, _Traits>::__ostream_type&)) [with _CharT = char; _Traits = std::char_traits<char>; std::basic_ostream<_CharT, _Traits>::__ostream_type = std::basic_ostream<char>][m[K’
[5.578s]   108 |       [01;36m[Koperator[m[K<<(__ostream_type& (*__pf)(__ostream_type&))
[5.578s]       |       [01;36m[K^~~~~~~~[m[K
[5.578s] [01m[K/usr/include/c++/11/ostream:108:36:[m[K [01;36m[Knote: [m[K  no known conversion for argument 1 from ‘[01m[Kstatus_interfaces::msg::SystemStatus_<std::allocator<void> >::_stamp_type[m[K’ {aka ‘[01m[Kbuiltin_interfaces::msg::Time_<std::allocator<void> >[m[K’} to ‘[01m[Kstd::basic_ostream<char>::__ostream_type& (*)(std::basic_ostream<char>::__ostream_type&)[m[K’ {aka ‘[01m[Kstd::basic_ostream<char>& (*)(std::basic_ostream<char>&)[m[K’}
[5.578s]   108 |       operator<<([01;36m[K__ostream_type& (*__pf)(__ostream_type&)[m[K)
[5.578s]       |                  [01;36m[K~~~~~~~~~~~~~~~~~~^~~~~~~~~~~~~~~~~~~~~~[m[K
[5.578s] [01m[K/usr/include/c++/11/ostream:117:7:[m[K [01;36m[Knote: [m[Kcandidate: ‘[01m[Kstd::basic_ostream<_CharT, _Traits>::__ostream_type& std::basic_ostream<_CharT, _Traits>::operator<<(std::basic_ostream<_CharT, _Traits>::__ios_type& (*)(std::basic_ostream<_CharT, _Traits>::__ios_type&)) [with _CharT = char; _Traits = std::char_traits<char>; std::basic_ostream<_CharT, _Traits>::__ostream_type = std::basic_ostream<char>; std::basic_ostream<_CharT, _Traits>::__ios_type = std::basic_ios<char>][m[K’
[5.578s]   117 |       [01;36m[Koperator[m[K<<(__ios_type& (*__pf)(__ios_type&))
[5.578s]       |       [01;36m[K^~~~~~~~[m[K
[5.579s] [01m[K/usr/include/c++/11/ostream:117:32:[m[K [01;36m[Knote: [m[K  no known conversion for argument 1 from ‘[01m[Kstatus_interfaces::msg::SystemStatus_<std::allocator<void> >::_stamp_type[m[K’ {aka ‘[01m[Kbuiltin_interfaces::msg::Time_<std::allocator<void> >[m[K’} to ‘[01m[Kstd::basic_ostream<char>::__ios_type& (*)(std::basic_ostream<char>::__ios_type&)[m[K’ {aka ‘[01m[Kstd::basic_ios<char>& (*)(std::basic_ios<char>&)[m[K’}
[5.579s]   117 |       operator<<([01;36m[K__ios_type& (*__pf)(__ios_type&)[m[K)
[5.579s]       |                  [01;36m[K~~~~~~~~~~~~~~^~~~~~~~~~~~~~~~~~[m[K
[5.579s] [01m[K/usr/include/c++/11/ostream:127:7:[m[K [01;36m[Knote: [m[Kcandidate: ‘[01m[Kstd::basic_ostream<_CharT, _Traits>::__ostream_type& std::basic_ostream<_CharT, _Traits>::operator<<(std::ios_base& (*)(std::ios_base&)) [with _CharT = char; _Traits = std::char_traits<char>; std::basic_ostream<_CharT, _Traits>::__ostream_type = std::basic_ostream<char>][m[K’
[5.579s]   127 |       [01;36m[Koperator[m[K<<(ios_base& (*__pf) (ios_base&))
[5.579s]       |       [01;36m[K^~~~~~~~[m[K
[5.579s] [01m[K/usr/include/c++/11/ostream:127:30:[m[K [01;36m[Knote: [m[K  no known conversion for argument 1 from ‘[01m[Kstatus_interfaces::msg::SystemStatus_<std::allocator<void> >::_stamp_type[m[K’ {aka ‘[01m[Kbuiltin_interfaces::msg::Time_<std::allocator<void> >[m[K’} to ‘[01m[Kstd::ios_base& (*)(std::ios_base&)[m[K’
[5.579s]   127 |       operator<<([01;36m[Kios_base& (*__pf) (ios_base&)[m[K)
[5.579s]       |                  [01;36m[K~~~~~~~~~~~~^~~~~~~~~~~~~~~~~[m[K
[5.580s] [01m[K/usr/include/c++/11/ostream:166:7:[m[K [01;36m[Knote: [m[Kcandidate: ‘[01m[Kstd::basic_ostream<_CharT, _Traits>::__ostream_type& std::basic_ostream<_CharT, _Traits>::operator<<(long int) [with _CharT = char; _Traits = std::char_traits<char>; std::basic_ostream<_CharT, _Traits>::__ostream_type = std::basic_ostream<char>][m[K’
[5.580s]   166 |       [01;36m[Koperator[m[K<<(long __n)
[5.580s]       |       [01;36m[K^~~~~~~~[m[K
[5.580s] [01m[K/usr/include/c++/11/ostream:166:23:[m[K [01;36m[Knote: [m[K  no known conversion for argument 1 from ‘[01m[Kstatus_interfaces::msg::SystemStatus_<std::allocator<void> >::_stamp_type[m[K’ {aka ‘[01m[Kbuiltin_interfaces::msg::Time_<std::allocator<void> >[m[K’} to ‘[01m[Klong int[m[K’
[5.580s]   166 |       operator<<([01;36m[Klong __n[m[K)
[5.582s]       |                  [01;36m[K~~~~~^~~[m[K
[5.582s] [01m[K/usr/include/c++/11/ostream:170:7:[m[K [01;36m[Knote: [m[Kcandidate: ‘[01m[Kstd::basic_ostream<_CharT, _Traits>::__ostream_type& std::basic_ostream<_CharT, _Traits>::operator<<(long unsigned int) [with _CharT = char; _Traits = std::char_traits<char>; std::basic_ostream<_CharT, _Traits>::__ostream_type = std::basic_ostream<char>][m[K’
[5.583s]   170 |       [01;36m[Koperator[m[K<<(unsigned long __n)
[5.583s]       |       [01;36m[K^~~~~~~~[m[K
[5.583s] [01m[K/usr/include/c++/11/ostream:170:32:[m[K [01;36m[Knote: [m[K  no known conversion for argument 1 from ‘[01m[Kstatus_interfaces::msg::SystemStatus_<std::allocator<void> >::_stamp_type[m[K’ {aka ‘[01m[Kbuiltin_interfaces::msg::Time_<std::allocator<void> >[m[K’} to ‘[01m[Klong unsigned int[m[K’
[5.583s]   170 |       operator<<([01;36m[Kunsigned long __n[m[K)
[5.583s]       |                  [01;36m[K~~~~~~~~~~~~~~^~~[m[K
[5.584s] [01m[K/usr/include/c++/11/ostream:174:7:[m[K [01;36m[Knote: [m[Kcandidate: ‘[01m[Kstd::basic_ostream<_CharT, _Traits>::__ostream_type& std::basic_ostream<_CharT, _Traits>::operator<<(bool) [with _CharT = char; _Traits = std::char_traits<char>; std::basic_ostream<_CharT, _Traits>::__ostream_type = std::basic_ostream<char>][m[K’
[5.584s]   174 |       [01;36m[Koperator[m[K<<(bool __n)
[5.585s]       |       [01;36m[K^~~~~~~~[m[K
[5.585s] [01m[K/usr/include/c++/11/ostream:174:23:[m[K [01;36m[Knote: [m[K  no known conversion for argument 1 from ‘[01m[Kstatus_interfaces::msg::SystemStatus_<std::allocator<void> >::_stamp_type[m[K’ {aka ‘[01m[Kbuiltin_interfaces::msg::Time_<std::allocator<void> >[m[K’} to ‘[01m[Kbool[m[K’
[5.585s]   174 |       operator<<([01;36m[Kbool __n[m[K)
[5.585s]       |                  [01;36m[K~~~~~^~~[m[K
[5.585s] In file included from [01m[K/usr/include/c++/11/ostream:829[m[K,
[5.585s]                  from [01m[K/usr/include/c++/11/iostream:39[m[K,
[5.585s]                  from [01m[K/opt/ros/humble/include/rclcpp/rclcpp/executor.hpp:22[m[K,
[5.585s]                  from [01m[K/opt/ros/humble/include/rclcpp/rclcpp/executors/multi_threaded_executor.hpp:25[m[K,
[5.585s]                  from [01m[K/opt/ros/humble/include/rclcpp/rclcpp/executors.hpp:21[m[K,
[5.586s]                  from [01m[K/opt/ros/humble/include/rclcpp/rclcpp/rclcpp.hpp:155[m[K,
[5.586s]                  from [01m[K/home/shenhang/ros_study/chapter3/topic_practice_workspace/src/status_display/src/sys_status_display.cpp:4[m[K:
[5.587s] [01m[K/usr/include/c++/11/bits/ostream.tcc:91:5:[m[K [01;36m[Knote: [m[Kcandidate: ‘[01m[Kstd::basic_ostream<_CharT, _Traits>& std::basic_ostream<_CharT, _Traits>::operator<<(short int) [with _CharT = char; _Traits = std::char_traits<char>][m[K’
[5.587s]    91 |     [01;36m[Kbasic_ostream<_CharT, _Traits>[m[K::
[5.587s]       |     [01;36m[K^~~~~~~~~~~~~~~~~~~~~~~~~~~~~~[m[K
[5.587s] [01m[K/usr/include/c++/11/bits/ostream.tcc:92:22:[m[K [01;36m[Knote: [m[K  no known conversion for argument 1 from ‘[01m[Kstatus_interfaces::msg::SystemStatus_<std::allocator<void> >::_stamp_type[m[K’ {aka ‘[01m[Kbuiltin_interfaces::msg::Time_<std::allocator<void> >[m[K’} to ‘[01m[Kshort int[m[K’
[5.587s]    92 |     operator<<([01;36m[Kshort __n[m[K)
[5.587s]       |                [01;36m[K~~~~~~^~~[m[K
[5.587s] In file included from [01m[K/usr/include/c++/11/iostream:39[m[K,
[5.587s]                  from [01m[K/opt/ros/humble/include/rclcpp/rclcpp/executor.hpp:22[m[K,
[5.588s]                  from [01m[K/opt/ros/humble/include/rclcpp/rclcpp/executors/multi_threaded_executor.hpp:25[m[K,
[5.588s]                  from [01m[K/opt/ros/humble/include/rclcpp/rclcpp/executors.hpp:21[m[K,
[5.588s]                  from [01m[K/opt/ros/humble/include/rclcpp/rclcpp/rclcpp.hpp:155[m[K,
[5.588s]                  from [01m[K/home/shenhang/ros_study/chapter3/topic_practice_workspace/src/status_display/src/sys_status_display.cpp:4[m[K:
[5.588s] [01m[K/usr/include/c++/11/ostream:181:7:[m[K [01;36m[Knote: [m[Kcandidate: ‘[01m[Kstd::basic_ostream<_CharT, _Traits>::__ostream_type& std::basic_ostream<_CharT, _Traits>::operator<<(short unsigned int) [with _CharT = char; _Traits = std::char_traits<char>; std::basic_ostream<_CharT, _Traits>::__ostream_type = std::basic_ostream<char>][m[K’
[5.588s]   181 |       [01;36m[Koperator[m[K<<(unsigned short __n)
[5.588s]       |       [01;36m[K^~~~~~~~[m[K
[5.589s] [01m[K/usr/include/c++/11/ostream:181:33:[m[K [01;36m[Knote: [m[K  no known conversion for argument 1 from ‘[01m[Kstatus_interfaces::msg::SystemStatus_<std::allocator<void> >::_stamp_type[m[K’ {aka ‘[01m[Kbuiltin_interfaces::msg::Time_<std::allocator<void> >[m[K’} to ‘[01m[Kshort unsigned int[m[K’
[5.589s]   181 |       operator<<([01;36m[Kunsigned short __n[m[K)
[5.589s]       |                  [01;36m[K~~~~~~~~~~~~~~~^~~[m[K
[5.589s] In file included from [01m[K/usr/include/c++/11/ostream:829[m[K,
[5.589s]                  from [01m[K/usr/include/c++/11/iostream:39[m[K,
[5.589s]                  from [01m[K/opt/ros/humble/include/rclcpp/rclcpp/executor.hpp:22[m[K,
[5.590s]                  from [01m[K/opt/ros/humble/include/rclcpp/rclcpp/executors/multi_threaded_executor.hpp:25[m[K,
[5.590s]                  from [01m[K/opt/ros/humble/include/rclcpp/rclcpp/executors.hpp:21[m[K,
[5.590s]                  from [01m[K/opt/ros/humble/include/rclcpp/rclcpp/rclcpp.hpp:155[m[K,
[5.590s]                  from [01m[K/home/shenhang/ros_study/chapter3/topic_practice_workspace/src/status_display/src/sys_status_display.cpp:4[m[K:
[5.590s] [01m[K/usr/include/c++/11/bits/ostream.tcc:105:5:[m[K [01;36m[Knote: [m[Kcandidate: ‘[01m[Kstd::basic_ostream<_CharT, _Traits>& std::basic_ostream<_CharT, _Traits>::operator<<(int) [with _CharT = char; _Traits = std::char_traits<char>][m[K’
[5.590s]   105 |     [01;36m[Kbasic_ostream<_CharT, _Traits>[m[K::
[5.590s]       |     [01;36m[K^~~~~~~~~~~~~~~~~~~~~~~~~~~~~~[m[K
[5.590s] [01m[K/usr/include/c++/11/bits/ostream.tcc:106:20:[m[K [01;36m[Knote: [m[K  no known conversion for argument 1 from ‘[01m[Kstatus_interfaces::msg::SystemStatus_<std::allocator<void> >::_stamp_type[m[K’ {aka ‘[01m[Kbuiltin_interfaces::msg::Time_<std::allocator<void> >[m[K’} to ‘[01m[Kint[m[K’
[5.590s]   106 |     operator<<([01;36m[Kint __n[m[K)
[5.590s]       |                [01;36m[K~~~~^~~[m[K
[5.591s] In file included from [01m[K/usr/include/c++/11/iostream:39[m[K,
[5.591s]                  from [01m[K/opt/ros/humble/include/rclcpp/rclcpp/executor.hpp:22[m[K,
[5.591s]                  from [01m[K/opt/ros/humble/include/rclcpp/rclcpp/executors/multi_threaded_executor.hpp:25[m[K,
[5.591s]                  from [01m[K/opt/ros/humble/include/rclcpp/rclcpp/executors.hpp:21[m[K,
[5.591s]                  from [01m[K/opt/ros/humble/include/rclcpp/rclcpp/rclcpp.hpp:155[m[K,
[5.591s]                  from [01m[K/home/shenhang/ros_study/chapter3/topic_practice_workspace/src/status_display/src/sys_status_display.cpp:4[m[K:
[5.591s] [01m[K/usr/include/c++/11/ostream:192:7:[m[K [01;36m[Knote: [m[Kcandidate: ‘[01m[Kstd::basic_ostream<_CharT, _Traits>::__ostream_type& std::basic_ostream<_CharT, _Traits>::operator<<(unsigned int) [with _CharT = char; _Traits = std::char_traits<char>; std::basic_ostream<_CharT, _Traits>::__ostream_type = std::basic_ostream<char>][m[K’
[5.592s]   192 |       [01;36m[Koperator[m[K<<(unsigned int __n)
[5.592s]       |       [01;36m[K^~~~~~~~[m[K
[5.592s] [01m[K/usr/include/c++/11/ostream:192:31:[m[K [01;36m[Knote: [m[K  no known conversion for argument 1 from ‘[01m[Kstatus_interfaces::msg::SystemStatus_<std::allocator<void> >::_stamp_type[m[K’ {aka ‘[01m[Kbuiltin_interfaces::msg::Time_<std::allocator<void> >[m[K’} to ‘[01m[Kunsigned int[m[K’
[5.592s]   192 |       operator<<([01;36m[Kunsigned int __n[m[K)
[5.592s]       |                  [01;36m[K~~~~~~~~~~~~~^~~[m[K
[5.592s] [01m[K/usr/include/c++/11/ostream:201:7:[m[K [01;36m[Knote: [m[Kcandidate: ‘[01m[Kstd::basic_ostream<_CharT, _Traits>::__ostream_type& std::basic_ostream<_CharT, _Traits>::operator<<(long long int) [with _CharT = char; _Traits = std::char_traits<char>; std::basic_ostream<_CharT, _Traits>::__ostream_type = std::basic_ostream<char>][m[K’
[5.592s]   201 |       [01;36m[Koperator[m[K<<(long long __n)
[5.592s]       |       [01;36m[K^~~~~~~~[m[K
[5.592s] [01m[K/usr/include/c++/11/ostream:201:28:[m[K [01;36m[Knote: [m[K  no known conversion for argument 1 from ‘[01m[Kstatus_interfaces::msg::SystemStatus_<std::allocator<void> >::_stamp_type[m[K’ {aka ‘[01m[Kbuiltin_interfaces::msg::Time_<std::allocator<void> >[m[K’} to ‘[01m[Klong long int[m[K’
[5.592s]   201 |       operator<<([01;36m[Klong long __n[m[K)
[5.592s]       |                  [01;36m[K~~~~~~~~~~^~~[m[K
[5.593s] [01m[K/usr/include/c++/11/ostream:205:7:[m[K [01;36m[Knote: [m[Kcandidate: ‘[01m[Kstd::basic_ostream<_CharT, _Traits>::__ostream_type& std::basic_ostream<_CharT, _Traits>::operator<<(long long unsigned int) [with _CharT = char; _Traits = std::char_traits<char>; std::basic_ostream<_CharT, _Traits>::__ostream_type = std::basic_ostream<char>][m[K’
[5.593s]   205 |       [01;36m[Koperator[m[K<<(unsigned long long __n)
[5.593s]       |       [01;36m[K^~~~~~~~[m[K
[5.593s] [01m[K/usr/include/c++/11/ostream:205:37:[m[K [01;36m[Knote: [m[K  no known conversion for argument 1 from ‘[01m[Kstatus_interfaces::msg::SystemStatus_<std::allocator<void> >::_stamp_type[m[K’ {aka ‘[01m[Kbuiltin_interfaces::msg::Time_<std::allocator<void> >[m[K’} to ‘[01m[Klong long unsigned int[m[K’
[5.593s]   205 |       operator<<([01;36m[Kunsigned long long __n[m[K)
[5.593s]       |                  [01;36m[K~~~~~~~~~~~~~~~~~~~^~~[m[K
[5.593s] [01m[K/usr/include/c++/11/ostream:220:7:[m[K [01;36m[Knote: [m[Kcandidate: ‘[01m[Kstd::basic_ostream<_CharT, _Traits>::__ostream_type& std::basic_ostream<_CharT, _Traits>::operator<<(double) [with _CharT = char; _Traits = std::char_traits<char>; std::basic_ostream<_CharT, _Traits>::__ostream_type = std::basic_ostream<char>][m[K’
[5.593s]   220 |       [01;36m[Koperator[m[K<<(double __f)
[5.593s]       |       [01;36m[K^~~~~~~~[m[K
[5.594s] [01m[K/usr/include/c++/11/ostream:220:25:[m[K [01;36m[Knote: [m[K  no known conversion for argument 1 from ‘[01m[Kstatus_interfaces::msg::SystemStatus_<std::allocator<void> >::_stamp_type[m[K’ {aka ‘[01m[Kbuiltin_interfaces::msg::Time_<std::allocator<void> >[m[K’} to ‘[01m[Kdouble[m[K’
[5.594s]   220 |       operator<<([01;36m[Kdouble __f[m[K)
[5.594s]       |                  [01;36m[K~~~~~~~^~~[m[K
[5.594s] [01m[K/usr/include/c++/11/ostream:224:7:[m[K [01;36m[Knote: [m[Kcandidate: ‘[01m[Kstd::basic_ostream<_CharT, _Traits>::__ostream_type& std::basic_ostream<_CharT, _Traits>::operator<<(float) [with _CharT = char; _Traits = std::char_traits<char>; std::basic_ostream<_CharT, _Traits>::__ostream_type = std::basic_ostream<char>][m[K’
[5.594s]   224 |       [01;36m[Koperator[m[K<<(float __f)
[5.594s]       |       [01;36m[K^~~~~~~~[m[K
[5.594s] [01m[K/usr/include/c++/11/ostream:224:24:[m[K [01;36m[Knote: [m[K  no known conversion for argument 1 from ‘[01m[Kstatus_interfaces::msg::SystemStatus_<std::allocator<void> >::_stamp_type[m[K’ {aka ‘[01m[Kbuiltin_interfaces::msg::Time_<std::allocator<void> >[m[K’} to ‘[01m[Kfloat[m[K’
[5.594s]   224 |       operator<<([01;36m[Kfloat __f[m[K)
[5.594s]       |                  [01;36m[K~~~~~~^~~[m[K
[5.594s] [01m[K/usr/include/c++/11/ostream:232:7:[m[K [01;36m[Knote: [m[Kcandidate: ‘[01m[Kstd::basic_ostream<_CharT, _Traits>::__ostream_type& std::basic_ostream<_CharT, _Traits>::operator<<(long double) [with _CharT = char; _Traits = std::char_traits<char>; std::basic_ostream<_CharT, _Traits>::__ostream_type = std::basic_ostream<char>][m[K’
[5.594s]   232 |       [01;36m[Koperator[m[K<<(long double __f)
[5.595s]       |       [01;36m[K^~~~~~~~[m[K
[5.595s] [01m[K/usr/include/c++/11/ostream:232:30:[m[K [01;36m[Knote: [m[K  no known conversion for argument 1 from ‘[01m[Kstatus_interfaces::msg::SystemStatus_<std::allocator<void> >::_stamp_type[m[K’ {aka ‘[01m[Kbuiltin_interfaces::msg::Time_<std::allocator<void> >[m[K’} to ‘[01m[Klong double[m[K’
[5.595s]   232 |       operator<<([01;36m[Klong double __f[m[K)
[5.595s]       |                  [01;36m[K~~~~~~~~~~~~^~~[m[K
[5.595s] [01m[K/usr/include/c++/11/ostream:245:7:[m[K [01;36m[Knote: [m[Kcandidate: ‘[01m[Kstd::basic_ostream<_CharT, _Traits>::__ostream_type& std::basic_ostream<_CharT, _Traits>::operator<<(const void*) [with _CharT = char; _Traits = std::char_traits<char>; std::basic_ostream<_CharT, _Traits>::__ostream_type = std::basic_ostream<char>][m[K’
[5.595s]   245 |       [01;36m[Koperator[m[K<<(const void* __p)
[5.595s]       |       [01;36m[K^~~~~~~~[m[K
[5.595s] [01m[K/usr/include/c++/11/ostream:245:30:[m[K [01;36m[Knote: [m[K  no known conversion for argument 1 from ‘[01m[Kstatus_interfaces::msg::SystemStatus_<std::allocator<void> >::_stamp_type[m[K’ {aka ‘[01m[Kbuiltin_interfaces::msg::Time_<std::allocator<void> >[m[K’} to ‘[01m[Kconst void*[m[K’
[5.595s]   245 |       operator<<([01;36m[Kconst void* __p[m[K)
[5.595s]       |                  [01;36m[K~~~~~~~~~~~~^~~[m[K
[5.596s] [01m[K/usr/include/c++/11/ostream:250:7:[m[K [01;36m[Knote: [m[Kcandidate: ‘[01m[Kstd::basic_ostream<_CharT, _Traits>::__ostream_type& std::basic_ostream<_CharT, _Traits>::operator<<(std::nullptr_t) [with _CharT = char; _Traits = std::char_traits<char>; std::basic_ostream<_CharT, _Traits>::__ostream_type = std::basic_ostream<char>; std::nullptr_t = std::nullptr_t][m[K’
[5.596s]   250 |       [01;36m[Koperator[m[K<<(nullptr_t)
[5.596s]       |       [01;36m[K^~~~~~~~[m[K
[5.596s] [01m[K/usr/include/c++/11/ostream:250:18:[m[K [01;36m[Knote: [m[K  no known conversion for argument 1 from ‘[01m[Kstatus_interfaces::msg::SystemStatus_<std::allocator<void> >::_stamp_type[m[K’ {aka ‘[01m[Kbuiltin_interfaces::msg::Time_<std::allocator<void> >[m[K’} to ‘[01m[Kstd::nullptr_t[m[K’
[5.596s]   250 |       operator<<([01;36m[Knullptr_t[m[K)
[5.596s]       |                  [01;36m[K^~~~~~~~~[m[K
[5.597s] In file included from [01m[K/usr/include/c++/11/ostream:829[m[K,
[5.597s]                  from [01m[K/usr/include/c++/11/iostream:39[m[K,
[5.597s]                  from [01m[K/opt/ros/humble/include/rclcpp/rclcpp/executor.hpp:22[m[K,
[5.597s]                  from [01m[K/opt/ros/humble/include/rclcpp/rclcpp/executors/multi_threaded_executor.hpp:25[m[K,
[5.597s]                  from [01m[K/opt/ros/humble/include/rclcpp/rclcpp/executors.hpp:21[m[K,
[5.597s]                  from [01m[K/opt/ros/humble/include/rclcpp/rclcpp/rclcpp.hpp:155[m[K,
[5.597s]                  from [01m[K/home/shenhang/ros_study/chapter3/topic_practice_workspace/src/status_display/src/sys_status_display.cpp:4[m[K:
[5.597s] [01m[K/usr/include/c++/11/bits/ostream.tcc:119:5:[m[K [01;36m[Knote: [m[Kcandidate: ‘[01m[Kstd::basic_ostream<_CharT, _Traits>& std::basic_ostream<_CharT, _Traits>::operator<<(std::basic_ostream<_CharT, _Traits>::__streambuf_type*) [with _CharT = char; _Traits = std::char_traits<char>; std::basic_ostream<_CharT, _Traits>::__streambuf_type = std::basic_streambuf<char>][m[K’
[5.598s]   119 |     [01;36m[Kbasic_ostream<_CharT, _Traits>[m[K::
[5.598s]       |     [01;36m[K^~~~~~~~~~~~~~~~~~~~~~~~~~~~~~[m[K
[5.598s] [01m[K/usr/include/c++/11/bits/ostream.tcc:120:34:[m[K [01;36m[Knote: [m[K  no known conversion for argument 1 from ‘[01m[Kstatus_interfaces::msg::SystemStatus_<std::allocator<void> >::_stamp_type[m[K’ {aka ‘[01m[Kbuiltin_interfaces::msg::Time_<std::allocator<void> >[m[K’} to ‘[01m[Kstd::basic_ostream<char>::__streambuf_type*[m[K’ {aka ‘[01m[Kstd::basic_streambuf<char>*[m[K’}
[5.598s]   120 |     operator<<([01;36m[K__streambuf_type* __sbin[m[K)
[5.598s]       |                [01;36m[K~~~~~~~~~~~~~~~~~~^~~~~~[m[K
[5.598s] In file included from [01m[K/usr/include/x86_64-linux-gnu/qt5/QtGui/qregion.h:49[m[K,
[5.598s]                  from [01m[K/usr/include/x86_64-linux-gnu/qt5/QtGui/qmatrix.h:45[m[K,
[5.599s]                  from [01m[K/usr/include/x86_64-linux-gnu/qt5/QtGui/qbrush.h:49[m[K,
[5.599s]                  from [01m[K/usr/include/x86_64-linux-gnu/qt5/QtGui/qpalette.h:46[m[K,
[5.599s]                  from [01m[K/usr/include/x86_64-linux-gnu/qt5/QtWidgets/qwidget.h:48[m[K,
[5.599s]                  from [01m[K/usr/include/x86_64-linux-gnu/qt5/QtWidgets/qframe.h:44[m[K,
[5.599s]                  from [01m[K/usr/include/x86_64-linux-gnu/qt5/QtWidgets/qlabel.h:44[m[K,
[5.600s]                  from [01m[K/usr/include/x86_64-linux-gnu/qt5/QtWidgets/QLabel:1[m[K,
[5.600s]                  from [01m[K/home/shenhang/ros_study/chapter3/topic_practice_workspace/src/status_display/src/sys_status_display.cpp:2[m[K:
[5.600s] [01m[K/usr/include/x86_64-linux-gnu/qt5/QtCore/qdatastream.h:405:21:[m[K [01;36m[Knote: [m[Kcandidate: ‘[01m[Ktemplate<class E> QDataStream& operator<<(QDataStream&, QFlags<T>)[m[K’
[5.600s]   405 | inline QDataStream &[01;36m[Koperator[m[K<<(QDataStream &s, QFlags<Enum> e)
[5.600s]       |                     [01;36m[K^~~~~~~~[m[K
[5.600s] [01m[K/usr/include/x86_64-linux-gnu/qt5/QtCore/qdatastream.h:405:21:[m[K [01;36m[Knote: [m[K  template argument deduction/substitution failed:
[5.600s] [01m[K/home/shenhang/ros_study/chapter3/topic_practice_workspace/src/status_display/src/sys_status_display.cpp:19:42:[m[K [01;36m[Knote: [m[K  ‘[01m[Kbuiltin_interfaces::msg::Time_<std::allocator<void> >[m[K’ is not derived from ‘[01m[KQFlags<T>[m[K’
[5.600s]    19 |                  << "数据时间: " << msg->[01;36m[Kstamp[m[K << " s\n"
[5.600s]       |                                          [01;36m[K^~~~~[m[K
[5.600s] In file included from [01m[K/usr/include/x86_64-linux-gnu/qt5/QtGui/qregion.h:49[m[K,
[5.600s]                  from [01m[K/usr/include/x86_64-linux-gnu/qt5/QtGui/qmatrix.h:45[m[K,
[5.601s]                  from [01m[K/usr/include/x86_64-linux-gnu/qt5/QtGui/qbrush.h:49[m[K,
[5.601s]                  from [01m[K/usr/include/x86_64-linux-gnu/qt5/QtGui/qpalette.h:46[m[K,
[5.601s]                  from [01m[K/usr/include/x86_64-linux-gnu/qt5/QtWidgets/qwidget.h:48[m[K,
[5.601s]                  from [01m[K/usr/include/x86_64-linux-gnu/qt5/QtWidgets/qframe.h:44[m[K,
[5.601s]                  from [01m[K/usr/include/x86_64-linux-gnu/qt5/QtWidgets/qlabel.h:44[m[K,
[5.601s]                  from [01m[K/usr/include/x86_64-linux-gnu/qt5/QtWidgets/QLabel:1[m[K,
[5.601s]                  from [01m[K/home/shenhang/ros_study/chapter3/topic_practice_workspace/src/status_display/src/sys_status_display.cpp:2[m[K:
[5.601s] [01m[K/usr/include/x86_64-linux-gnu/qt5/QtCore/qdatastream.h:414:1:[m[K [01;36m[Knote: [m[Kcandidate: ‘[01m[Ktemplate<class T> typename std::enable_if<std::is_enum<_Tp>::value, QDataStream&>::type& operator<<(QDataStream&, const T&)[m[K’
[5.601s]   414 | [01;36m[Koperator[m[K<<(QDataStream &s, const T &t)
[5.601s]       | [01;36m[K^~~~~~~~[m[K
[5.602s] [01m[K/usr/include/x86_64-linux-gnu/qt5/QtCore/qdatastream.h:414:1:[m[K [01;36m[Knote: [m[K  template argument deduction/substitution failed:
[5.602s] [01m[K/home/shenhang/ros_study/chapter3/topic_practice_workspace/src/status_display/src/sys_status_display.cpp:19:18:[m[K [01;36m[Knote: [m[K  cannot convert ‘[01m[Kstd::operator<< <std::char_traits<char> >((* & std::operator<< <std::char_traits<char> >(show_str.std::__cxx11::basic_stringstream<char>::<anonymous>.std::basic_iostream<char>::<anonymous>, ((const char*)"==================\37777777747\37777777663\37777777673\37777777747\37777777673\37777777637\37777777747\37777777612\37777777666\37777777746\37777777600\37777777601\37777777746\37777777630\37777777676\37777777747\37777777644\37777777672======================\012"))), ((const char*)"\37777777746\37777777625\37777777660\37777777746\37777777615\37777777656\37777777746\37777777627\37777777666\37777777751\37777777627\37777777664: "))[m[K’ (type ‘[01m[Kstd::basic_ostream<char>[m[K’) to type ‘[01m[KQDataStream&[m[K’
[5.602s]    18 |         [01;36m[Kshow_str << "==================系统状态显示======================\n"[m[K
[5.602s]       |         [01;36m[K~~~~~~~~~~~~~~~~~~~~~~~~~~~~~~~~~~~~~~~~~~~~~~~~~~~~~~~~~~~~~~~~~~~~[m[K
[5.602s]    19 | [01;36m[K                 << "数据时间: "[m[K << msg->stamp << " s\n"
[5.602s]       |                  [01;36m[K^~~~~~~~~~~~~~~[m[K
[5.602s] In file included from [01m[K/usr/include/x86_64-linux-gnu/qt5/QtGui/qregion.h:49[m[K,
[5.602s]                  from [01m[K/usr/include/x86_64-linux-gnu/qt5/QtGui/qmatrix.h:45[m[K,
[5.602s]                  from [01m[K/usr/include/x86_64-linux-gnu/qt5/QtGui/qbrush.h:49[m[K,
[5.602s]                  from [01m[K/usr/include/x86_64-linux-gnu/qt5/QtGui/qpalette.h:46[m[K,
[5.603s]                  from [01m[K/usr/include/x86_64-linux-gnu/qt5/QtWidgets/qwidget.h:48[m[K,
[5.603s]                  from [01m[K/usr/include/x86_64-linux-gnu/qt5/QtWidgets/qframe.h:44[m[K,
[5.603s]                  from [01m[K/usr/include/x86_64-linux-gnu/qt5/QtWidgets/qlabel.h:44[m[K,
[5.603s]                  from [01m[K/usr/include/x86_64-linux-gnu/qt5/QtWidgets/QLabel:1[m[K,
[5.603s]                  from [01m[K/home/shenhang/ros_study/chapter3/topic_practice_workspace/src/status_display/src/sys_status_display.cpp:2[m[K:
[5.603s] [01m[K/usr/include/x86_64-linux-gnu/qt5/QtCore/qdatastream.h:429:21:[m[K [01;36m[Knote: [m[Kcandidate: ‘[01m[Ktemplate<class T> QDataStream& operator<<(QDataStream&, const QList<T>&)[m[K’
[5.603s]   429 | inline QDataStream &[01;36m[Koperator[m[K<<(QDataStream &s, const QList<T> &l)
[5.603s]       |                     [01;36m[K^~~~~~~~[m[K
[5.603s] [01m[K/usr/include/x86_64-linux-gnu/qt5/QtCore/qdatastream.h:429:21:[m[K [01;36m[Knote: [m[K  template argument deduction/substitution failed:
[5.604s] [01m[K/home/shenhang/ros_study/chapter3/topic_practice_workspace/src/status_display/src/sys_status_display.cpp:19:42:[m[K [01;36m[Knote: [m[K  ‘[01m[Kstatus_interfaces::msg::SystemStatus_<std::allocator<void> >::_stamp_type[m[K’ {aka ‘[01m[Kbuiltin_interfaces::msg::Time_<std::allocator<void> >[m[K’} is not derived from ‘[01m[Kconst QList<T>[m[K’
[5.604s]    19 |                  << "数据时间: " << msg->[01;36m[Kstamp[m[K << " s\n"
[5.604s]       |                                          [01;36m[K^~~~~[m[K
[5.604s] In file included from [01m[K/usr/include/x86_64-linux-gnu/qt5/QtGui/qregion.h:49[m[K,
[5.604s]                  from [01m[K/usr/include/x86_64-linux-gnu/qt5/QtGui/qmatrix.h:45[m[K,
[5.604s]                  from [01m[K/usr/include/x86_64-linux-gnu/qt5/QtGui/qbrush.h:49[m[K,
[5.604s]                  from [01m[K/usr/include/x86_64-linux-gnu/qt5/QtGui/qpalette.h:46[m[K,
[5.604s]                  from [01m[K/usr/include/x86_64-linux-gnu/qt5/QtWidgets/qwidget.h:48[m[K,
[5.605s]                  from [01m[K/usr/include/x86_64-linux-gnu/qt5/QtWidgets/qframe.h:44[m[K,
[5.605s]                  from [01m[K/usr/include/x86_64-linux-gnu/qt5/QtWidgets/qlabel.h:44[m[K,
[5.605s]                  from [01m[K/usr/include/x86_64-linux-gnu/qt5/QtWidgets/QLabel:1[m[K,
[5.605s]                  from [01m[K/home/shenhang/ros_study/chapter3/topic_practice_workspace/src/status_display/src/sys_status_display.cpp:2[m[K:
[5.605s] [01m[K/usr/include/x86_64-linux-gnu/qt5/QtCore/qdatastream.h:441:21:[m[K [01;36m[Knote: [m[Kcandidate: ‘[01m[Ktemplate<class T> QDataStream& operator<<(QDataStream&, const QVector<T>&)[m[K’
[5.605s]   441 | inline QDataStream &[01;36m[Koperator[m[K<<(QDataStream &s, const QVector<T> &v)
[5.605s]       |                     [01;36m[K^~~~~~~~[m[K
[5.605s] [01m[K/usr/include/x86_64-linux-gnu/qt5/QtCore/qdatastream.h:441:21:[m[K [01;36m[Knote: [m[K  template argument deduction/substitution failed:
[5.605s] [01m[K/home/shenhang/ros_study/chapter3/topic_practice_workspace/src/status_display/src/sys_status_display.cpp:19:42:[m[K [01;36m[Knote: [m[K  ‘[01m[Kstatus_interfaces::msg::SystemStatus_<std::allocator<void> >::_stamp_type[m[K’ {aka ‘[01m[Kbuiltin_interfaces::msg::Time_<std::allocator<void> >[m[K’} is not derived from ‘[01m[Kconst QVector<T>[m[K’
[5.606s]    19 |                  << "数据时间: " << msg->[01;36m[Kstamp[m[K << " s\n"
[5.606s]       |                                          [01;36m[K^~~~~[m[K
[5.606s] In file included from [01m[K/usr/include/x86_64-linux-gnu/qt5/QtGui/qregion.h:49[m[K,
[5.606s]                  from [01m[K/usr/include/x86_64-linux-gnu/qt5/QtGui/qmatrix.h:45[m[K,
[5.606s]                  from [01m[K/usr/include/x86_64-linux-gnu/qt5/QtGui/qbrush.h:49[m[K,
[5.606s]                  from [01m[K/usr/include/x86_64-linux-gnu/qt5/QtGui/qpalette.h:46[m[K,
[5.606s]                  from [01m[K/usr/include/x86_64-linux-gnu/qt5/QtWidgets/qwidget.h:48[m[K,
[5.606s]                  from [01m[K/usr/include/x86_64-linux-gnu/qt5/QtWidgets/qframe.h:44[m[K,
[5.606s]                  from [01m[K/usr/include/x86_64-linux-gnu/qt5/QtWidgets/qlabel.h:44[m[K,
[5.606s]                  from [01m[K/usr/include/x86_64-linux-gnu/qt5/QtWidgets/QLabel:1[m[K,
[5.606s]                  from [01m[K/home/shenhang/ros_study/chapter3/topic_practice_workspace/src/status_display/src/sys_status_display.cpp:2[m[K:
[5.607s] [01m[K/usr/include/x86_64-linux-gnu/qt5/QtCore/qdatastream.h:453:21:[m[K [01;36m[Knote: [m[Kcandidate: ‘[01m[Ktemplate<class T> QDataStream& operator<<(QDataStream&, const QSet<T>&)[m[K’
[5.607s]   453 | inline QDataStream &[01;36m[Koperator[m[K<<(QDataStream &s, const QSet<T> &set)
[5.607s]       |                     [01;36m[K^~~~~~~~[m[K
[5.607s] [01m[K/usr/include/x86_64-linux-gnu/qt5/QtCore/qdatastream.h:453:21:[m[K [01;36m[Knote: [m[K  template argument deduction/substitution failed:
[5.607s] [01m[K/home/shenhang/ros_study/chapter3/topic_practice_workspace/src/status_display/src/sys_status_display.cpp:19:42:[m[K [01;36m[Knote: [m[K  ‘[01m[Kstatus_interfaces::msg::SystemStatus_<std::allocator<void> >::_stamp_type[m[K’ {aka ‘[01m[Kbuiltin_interfaces::msg::Time_<std::allocator<void> >[m[K’} is not derived from ‘[01m[Kconst QSet<T>[m[K’
[5.607s]    19 |                  << "数据时间: " << msg->[01;36m[Kstamp[m[K << " s\n"
[5.607s]       |                                          [01;36m[K^~~~~[m[K
[5.608s] In file included from [01m[K/usr/include/x86_64-linux-gnu/qt5/QtGui/qregion.h:49[m[K,
[5.608s]                  from [01m[K/usr/include/x86_64-linux-gnu/qt5/QtGui/qmatrix.h:45[m[K,
[5.608s]                  from [01m[K/usr/include/x86_64-linux-gnu/qt5/QtGui/qbrush.h:49[m[K,
[5.608s]                  from [01m[K/usr/include/x86_64-linux-gnu/qt5/QtGui/qpalette.h:46[m[K,
[5.608s]                  from [01m[K/usr/include/x86_64-linux-gnu/qt5/QtWidgets/qwidget.h:48[m[K,
[5.608s]                  from [01m[K/usr/include/x86_64-linux-gnu/qt5/QtWidgets/qframe.h:44[m[K,
[5.608s]                  from [01m[K/usr/include/x86_64-linux-gnu/qt5/QtWidgets/qlabel.h:44[m[K,
[5.608s]                  from [01m[K/usr/include/x86_64-linux-gnu/qt5/QtWidgets/QLabel:1[m[K,
[5.608s]                  from [01m[K/home/shenhang/ros_study/chapter3/topic_practice_workspace/src/status_display/src/sys_status_display.cpp:2[m[K:
[5.608s] [01m[K/usr/include/x86_64-linux-gnu/qt5/QtCore/qdatastream.h:465:21:[m[K [01;36m[Knote: [m[Kcandidate: ‘[01m[Ktemplate<class Key, class T> QDataStream& operator<<(QDataStream&, const QHash<K, V>&)[m[K’
[5.608s]   465 | inline QDataStream &[01;36m[Koperator[m[K<<(QDataStream &s, const QHash<Key, T> &hash)
[5.609s]       |                     [01;36m[K^~~~~~~~[m[K
[5.609s] [01m[K/usr/include/x86_64-linux-gnu/qt5/QtCore/qdatastream.h:465:21:[m[K [01;36m[Knote: [m[K  template argument deduction/substitution failed:
[5.609s] [01m[K/home/shenhang/ros_study/chapter3/topic_practice_workspace/src/status_display/src/sys_status_display.cpp:19:42:[m[K [01;36m[Knote: [m[K  ‘[01m[Kstatus_interfaces::msg::SystemStatus_<std::allocator<void> >::_stamp_type[m[K’ {aka ‘[01m[Kbuiltin_interfaces::msg::Time_<std::allocator<void> >[m[K’} is not derived from ‘[01m[Kconst QHash<K, V>[m[K’
[5.609s]    19 |                  << "数据时间: " << msg->[01;36m[Kstamp[m[K << " s\n"
[5.609s]       |                                          [01;36m[K^~~~~[m[K
[5.609s] In file included from [01m[K/usr/include/x86_64-linux-gnu/qt5/QtGui/qregion.h:49[m[K,
[5.609s]                  from [01m[K/usr/include/x86_64-linux-gnu/qt5/QtGui/qmatrix.h:45[m[K,
[5.609s]                  from [01m[K/usr/include/x86_64-linux-gnu/qt5/QtGui/qbrush.h:49[m[K,
[5.609s]                  from [01m[K/usr/include/x86_64-linux-gnu/qt5/QtGui/qpalette.h:46[m[K,
[5.609s]                  from [01m[K/usr/include/x86_64-linux-gnu/qt5/QtWidgets/qwidget.h:48[m[K,
[5.610s]                  from [01m[K/usr/include/x86_64-linux-gnu/qt5/QtWidgets/qframe.h:44[m[K,
[5.610s]                  from [01m[K/usr/include/x86_64-linux-gnu/qt5/QtWidgets/qlabel.h:44[m[K,
[5.610s]                  from [01m[K/usr/include/x86_64-linux-gnu/qt5/QtWidgets/QLabel:1[m[K,
[5.610s]                  from [01m[K/home/shenhang/ros_study/chapter3/topic_practice_workspace/src/status_display/src/sys_status_display.cpp:2[m[K:
[5.610s] [01m[K/usr/include/x86_64-linux-gnu/qt5/QtCore/qdatastream.h:477:21:[m[K [01;36m[Knote: [m[Kcandidate: ‘[01m[Ktemplate<class Key, class T> QDataStream& operator<<(QDataStream&, const QMap<K, V>&)[m[K’
[5.610s]   477 | inline QDataStream &[01;36m[Koperator[m[K<<(QDataStream &s, const QMap<Key, T> &map)
[5.610s]       |                     [01;36m[K^~~~~~~~[m[K
[5.610s] [01m[K/usr/include/x86_64-linux-gnu/qt5/QtCore/qdatastream.h:477:21:[m[K [01;36m[Knote: [m[K  template argument deduction/substitution failed:
[5.610s] [01m[K/home/shenhang/ros_study/chapter3/topic_practice_workspace/src/status_display/src/sys_status_display.cpp:19:42:[m[K [01;36m[Knote: [m[K  ‘[01m[Kstatus_interfaces::msg::SystemStatus_<std::allocator<void> >::_stamp_type[m[K’ {aka ‘[01m[Kbuiltin_interfaces::msg::Time_<std::allocator<void> >[m[K’} is not derived from ‘[01m[Kconst QMap<K, V>[m[K’
[5.610s]    19 |                  << "数据时间: " << msg->[01;36m[Kstamp[m[K << " s\n"
[5.610s]       |                                          [01;36m[K^~~~~[m[K
[5.611s] In file included from [01m[K/usr/include/x86_64-linux-gnu/qt5/QtGui/qregion.h:49[m[K,
[5.611s]                  from [01m[K/usr/include/x86_64-linux-gnu/qt5/QtGui/qmatrix.h:45[m[K,
[5.611s]                  from [01m[K/usr/include/x86_64-linux-gnu/qt5/QtGui/qbrush.h:49[m[K,
[5.611s]                  from [01m[K/usr/include/x86_64-linux-gnu/qt5/QtGui/qpalette.h:46[m[K,
[5.611s]                  from [01m[K/usr/include/x86_64-linux-gnu/qt5/QtWidgets/qwidget.h:48[m[K,
[5.611s]                  from [01m[K/usr/include/x86_64-linux-gnu/qt5/QtWidgets/qframe.h:44[m[K,
[5.611s]                  from [01m[K/usr/include/x86_64-linux-gnu/qt5/QtWidgets/qlabel.h:44[m[K,
[5.611s]                  from [01m[K/usr/include/x86_64-linux-gnu/qt5/QtWidgets/QLabel:1[m[K,
[5.611s]                  from [01m[K/home/shenhang/ros_study/chapter3/topic_practice_workspace/src/status_display/src/sys_status_display.cpp:2[m[K:
[5.612s] [01m[K/usr/include/x86_64-linux-gnu/qt5/QtCore/qdatastream.h:491:21:[m[K [01;36m[Knote: [m[Kcandidate: ‘[01m[Ktemplate<class T1, class T2> QDataStream& operator<<(QDataStream&, const QPair<T1, T2>&)[m[K’
[5.612s]   491 | inline QDataStream& [01;36m[Koperator[m[K<<(QDataStream& s, const QPair<T1, T2>& p)
[5.612s]       |                     [01;36m[K^~~~~~~~[m[K
[5.612s] [01m[K/usr/include/x86_64-linux-gnu/qt5/QtCore/qdatastream.h:491:21:[m[K [01;36m[Knote: [m[K  template argument deduction/substitution failed:
[5.612s] [01m[K/home/shenhang/ros_study/chapter3/topic_practice_workspace/src/status_display/src/sys_status_display.cpp:19:42:[m[K [01;36m[Knote: [m[K  ‘[01m[Kstatus_interfaces::msg::SystemStatus_<std::allocator<void> >::_stamp_type[m[K’ {aka ‘[01m[Kbuiltin_interfaces::msg::Time_<std::allocator<void> >[m[K’} is not derived from ‘[01m[Kconst QPair<T1, T2>[m[K’
[5.612s]    19 |                  << "数据时间: " << msg->[01;36m[Kstamp[m[K << " s\n"
[5.612s]       |                                          [01;36m[K^~~~~[m[K
[5.612s] In file included from [01m[K/usr/include/x86_64-linux-gnu/qt5/QtCore/qglobal.h:46[m[K,
[5.612s]                  from [01m[K/usr/include/x86_64-linux-gnu/qt5/QtGui/qtguiglobal.h:43[m[K,
[5.612s]                  from [01m[K/usr/include/x86_64-linux-gnu/qt5/QtWidgets/qtwidgetsglobal.h:43[m[K,
[5.613s]                  from [01m[K/usr/include/x86_64-linux-gnu/qt5/QtWidgets/qapplication.h:43[m[K,
[5.613s]                  from [01m[K/usr/include/x86_64-linux-gnu/qt5/QtWidgets/QApplication:1[m[K,
[5.613s]                  from [01m[K/home/shenhang/ros_study/chapter3/topic_practice_workspace/src/status_display/src/sys_status_display.cpp:1[m[K:
[5.613s] [01m[K/usr/include/c++/11/cstddef:126:5:[m[K [01;36m[Knote: [m[Kcandidate: ‘[01m[Ktemplate<class _IntegerType> constexpr std::__byte_op_t<_IntegerType> std::operator<<(std::byte, _IntegerType)[m[K’
[5.613s]   126 |     [01;36m[Koperator[m[K<<(byte __b, _IntegerType __shift) noexcept
[5.613s]       |     [01;36m[K^~~~~~~~[m[K
[5.613s] [01m[K/usr/include/c++/11/cstddef:126:5:[m[K [01;36m[Knote: [m[K  template argument deduction/substitution failed:
[5.614s] [01m[K/home/shenhang/ros_study/chapter3/topic_practice_workspace/src/status_display/src/sys_status_display.cpp:19:18:[m[K [01;36m[Knote: [m[K  cannot convert ‘[01m[Kstd::operator<< <std::char_traits<char> >((* & std::operator<< <std::char_traits<char> >(show_str.std::__cxx11::basic_stringstream<char>::<anonymous>.std::basic_iostream<char>::<anonymous>, ((const char*)"==================\37777777747\37777777663\37777777673\37777777747\37777777673\37777777637\37777777747\37777777612\37777777666\37777777746\37777777600\37777777601\37777777746\37777777630\37777777676\37777777747\37777777644\37777777672======================\012"))), ((const char*)"\37777777746\37777777625\37777777660\37777777746\37777777615\37777777656\37777777746\37777777627\37777777666\37777777751\37777777627\37777777664: "))[m[K’ (type ‘[01m[Kstd::basic_ostream<char>[m[K’) to type ‘[01m[Kstd::byte[m[K’
[5.614s]    18 |         [01;36m[Kshow_str << "==================系统状态显示======================\n"[m[K
[5.614s]       |         [01;36m[K~~~~~~~~~~~~~~~~~~~~~~~~~~~~~~~~~~~~~~~~~~~~~~~~~~~~~~~~~~~~~~~~~~~~[m[K
[5.614s]    19 | [01;36m[K                 << "数据时间: "[m[K << msg->stamp << " s\n"
[5.614s]       |                  [01;36m[K^~~~~~~~~~~~~~~[m[K
[5.614s] In file included from [01m[K/usr/include/c++/11/bits/basic_string.h:48[m[K,
[5.614s]                  from [01m[K/usr/include/c++/11/string:55[m[K,
[5.614s]                  from [01m[K/usr/include/x86_64-linux-gnu/qt5/QtCore/qbytearray.h:52[m[K,
[5.614s]                  from [01m[K/usr/include/x86_64-linux-gnu/qt5/QtCore/qstring.h:50[m[K,
[5.614s]                  from [01m[K/usr/include/x86_64-linux-gnu/qt5/QtCore/qcoreapplication.h:44[m[K,
[5.615s]                  from [01m[K/usr/include/x86_64-linux-gnu/qt5/QtWidgets/qapplication.h:44[m[K,
[5.615s]                  from [01m[K/usr/include/x86_64-linux-gnu/qt5/QtWidgets/QApplication:1[m[K,
[5.615s]                  from [01m[K/home/shenhang/ros_study/chapter3/topic_practice_workspace/src/status_display/src/sys_status_display.cpp:1[m[K:
[5.615s] [01m[K/usr/include/c++/11/string_view:667:5:[m[K [01;36m[Knote: [m[Kcandidate: ‘[01m[Ktemplate<class _CharT, class _Traits> std::basic_ostream<_CharT, _Traits>& std::operator<<(std::basic_ostream<_CharT, _Traits>&, std::basic_string_view<_CharT, _Traits>)[m[K’
[5.615s]   667 |     [01;36m[Koperator[m[K<<(basic_ostream<_CharT, _Traits>& __os,
[5.616s]       |     [01;36m[K^~~~~~~~[m[K
[5.616s] [01m[K/usr/include/c++/11/string_view:667:5:[m[K [01;36m[Knote: [m[K  template argument deduction/substitution failed:
[5.616s] [01m[K/home/shenhang/ros_study/chapter3/topic_practice_workspace/src/status_display/src/sys_status_display.cpp:19:42:[m[K [01;36m[Knote: [m[K  ‘[01m[Kbuiltin_interfaces::msg::Time_<std::allocator<void> >[m[K’ is not derived from ‘[01m[Kstd::basic_string_view<_CharT, _Traits>[m[K’
[5.616s]    19 |                  << "数据时间: " << msg->[01;36m[Kstamp[m[K << " s\n"
[5.616s]       |                                          [01;36m[K^~~~~[m[K
[5.616s] In file included from [01m[K/usr/include/c++/11/string:55[m[K,
[5.616s]                  from [01m[K/usr/include/x86_64-linux-gnu/qt5/QtCore/qbytearray.h:52[m[K,
[5.616s]                  from [01m[K/usr/include/x86_64-linux-gnu/qt5/QtCore/qstring.h:50[m[K,
[5.617s]                  from [01m[K/usr/include/x86_64-linux-gnu/qt5/QtCore/qcoreapplication.h:44[m[K,
[5.617s]                  from [01m[K/usr/include/x86_64-linux-gnu/qt5/QtWidgets/qapplication.h:44[m[K,
[5.617s]                  from [01m[K/usr/include/x86_64-linux-gnu/qt5/QtWidgets/QApplication:1[m[K,
[5.617s]                  from [01m[K/home/shenhang/ros_study/chapter3/topic_practice_workspace/src/status_display/src/sys_status_display.cpp:1[m[K:
[5.617s] [01m[K/usr/include/c++/11/bits/basic_string.h:6531:5:[m[K [01;36m[Knote: [m[Kcandidate: ‘[01m[Ktemplate<class _CharT, class _Traits, class _Alloc> std::basic_ostream<_CharT, _Traits>& std::operator<<(std::basic_ostream<_CharT, _Traits>&, const std::__cxx11::basic_string<_CharT, _Traits, _Allocator>&)[m[K’
[5.617s]  6531 |     [01;36m[Koperator[m[K<<(basic_ostream<_CharT, _Traits>& __os,
[5.617s]       |     [01;36m[K^~~~~~~~[m[K
[5.617s] [01m[K/usr/include/c++/11/bits/basic_string.h:6531:5:[m[K [01;36m[Knote: [m[K  template argument deduction/substitution failed:
[5.617s] [01m[K/home/shenhang/ros_study/chapter3/topic_practice_workspace/src/status_display/src/sys_status_display.cpp:19:42:[m[K [01;36m[Knote: [m[K  ‘[01m[Kstatus_interfaces::msg::SystemStatus_<std::allocator<void> >::_stamp_type[m[K’ {aka ‘[01m[Kbuiltin_interfaces::msg::Time_<std::allocator<void> >[m[K’} is not derived from ‘[01m[Kconst std::__cxx11::basic_string<_CharT, _Traits, _Allocator>[m[K’
[5.617s]    19 |                  << "数据时间: " << msg->[01;36m[Kstamp[m[K << " s\n"
[5.618s]       |                                          [01;36m[K^~~~~[m[K
[5.618s] In file included from [01m[K/usr/include/c++/11/bits/ios_base.h:46[m[K,
[5.620s]                  from [01m[K/usr/include/c++/11/streambuf:41[m[K,
[5.621s]                  from [01m[K/usr/include/c++/11/bits/streambuf_iterator.h:35[m[K,
[5.621s]                  from [01m[K/usr/include/c++/11/iterator:66[m[K,
[5.621s]                  from [01m[K/usr/include/x86_64-linux-gnu/qt5/QtCore/qbytearray.h:53[m[K,
[5.621s]                  from [01m[K/usr/include/x86_64-linux-gnu/qt5/QtCore/qstring.h:50[m[K,
[5.621s]                  from [01m[K/usr/include/x86_64-linux-gnu/qt5/QtCore/qcoreapplication.h:44[m[K,
[5.621s]                  from [01m[K/usr/include/x86_64-linux-gnu/qt5/QtWidgets/qapplication.h:44[m[K,
[5.622s]                  from [01m[K/usr/include/x86_64-linux-gnu/qt5/QtWidgets/QApplication:1[m[K,
[5.622s]                  from [01m[K/home/shenhang/ros_study/chapter3/topic_practice_workspace/src/status_display/src/sys_status_display.cpp:1[m[K:
[5.622s] [01m[K/usr/include/c++/11/system_error:279:5:[m[K [01;36m[Knote: [m[Kcandidate: ‘[01m[Ktemplate<class _CharT, class _Traits> std::basic_ostream<_CharT, _Traits>& std::operator<<(std::basic_ostream<_CharT, _Traits>&, const std::error_code&)[m[K’
[5.622s]   279 |     [01;36m[Koperator[m[K<<(basic_ostream<_CharT, _Traits>& __os, const error_code& __e)
[5.623s]       |     [01;36m[K^~~~~~~~[m[K
[5.623s] [01m[K/usr/include/c++/11/system_error:279:5:[m[K [01;36m[Knote: [m[K  template argument deduction/substitution failed:
[5.623s] [01m[K/home/shenhang/ros_study/chapter3/topic_practice_workspace/src/status_display/src/sys_status_display.cpp:19:42:[m[K [01;36m[Knote: [m[K  cannot convert ‘[01m[K((const std::__shared_ptr_access<status_interfaces::msg::SystemStatus_<std::allocator<void> >, __gnu_cxx::_S_atomic, false, false>*)(& msg))->std::__shared_ptr_access<status_interfaces::msg::SystemStatus_<std::allocator<void> >, __gnu_cxx::_S_atomic, false, false>::operator->()->status_interfaces::msg::SystemStatus_<std::allocator<void> >::stamp[m[K’ (type ‘[01m[Kstatus_interfaces::msg::SystemStatus_<std::allocator<void> >::_stamp_type[m[K’ {aka ‘[01m[Kbuiltin_interfaces::msg::Time_<std::allocator<void> >[m[K’}) to type ‘[01m[Kconst std::error_code&[m[K’
[5.623s]    19 |                  << "数据时间: " << [01;36m[Kmsg->stamp[m[K << " s\n"
[5.623s]       |                                     [01;36m[K~~~~~^~~~~[m[K
[5.623s] In file included from [01m[K/usr/include/c++/11/memory:77[m[K,
[5.623s]                  from [01m[K/usr/include/x86_64-linux-gnu/qt5/QtCore/qsharedpointer_impl.h:71[m[K,
[5.623s]                  from [01m[K/usr/include/x86_64-linux-gnu/qt5/QtCore/qsharedpointer.h:48[m[K,
[5.623s]                  from [01m[K/usr/include/x86_64-linux-gnu/qt5/QtGui/qpixmap.h:48[m[K,
[5.623s]                  from [01m[K/usr/include/x86_64-linux-gnu/qt5/QtGui/qbrush.h:52[m[K,
[5.623s]                  from [01m[K/usr/include/x86_64-linux-gnu/qt5/QtGui/qpalette.h:46[m[K,
[5.624s]                  from [01m[K/usr/include/x86_64-linux-gnu/qt5/QtWidgets/qwidget.h:48[m[K,
[5.624s]                  from [01m[K/usr/include/x86_64-linux-gnu/qt5/QtWidgets/qframe.h:44[m[K,
[5.624s]                  from [01m[K/usr/include/x86_64-linux-gnu/qt5/QtWidgets/qlabel.h:44[m[K,
[5.624s]                  from [01m[K/usr/include/x86_64-linux-gnu/qt5/QtWidgets/QLabel:1[m[K,
[5.624s]                  from [01m[K/home/shenhang/ros_study/chapter3/topic_practice_workspace/src/status_display/src/sys_status_display.cpp:2[m[K:
[5.624s] [01m[K/usr/include/c++/11/bits/shared_ptr.h:70:5:[m[K [01;36m[Knote: [m[Kcandidate: ‘[01m[Ktemplate<class _Ch, class _Tr, class _Tp, __gnu_cxx::_Lock_policy _Lp> std::basic_ostream<_CharT, _Traits>& std::operator<<(std::basic_ostream<_CharT, _Traits>&, const std::__shared_ptr<_Tp, _Lp>&)[m[K’
[5.626s]    70 |     [01;36m[Koperator[m[K<<(std::basic_ostream<_Ch, _Tr>& __os,
[5.626s]       |     [01;36m[K^~~~~~~~[m[K
[5.626s] [01m[K/usr/include/c++/11/bits/shared_ptr.h:70:5:[m[K [01;36m[Knote: [m[K  template argument deduction/substitution failed:
[5.627s] [01m[K/home/shenhang/ros_study/chapter3/topic_practice_workspace/src/status_display/src/sys_status_display.cpp:19:42:[m[K [01;36m[Knote: [m[K  ‘[01m[Kstatus_interfaces::msg::SystemStatus_<std::allocator<void> >::_stamp_type[m[K’ {aka ‘[01m[Kbuiltin_interfaces::msg::Time_<std::allocator<void> >[m[K’} is not derived from ‘[01m[Kconst std::__shared_ptr<_Tp, _Lp>[m[K’
[5.627s]    19 |                  << "数据时间: " << msg->[01;36m[Kstamp[m[K << " s\n"
[5.627s]       |                                          [01;36m[K^~~~~[m[K
[5.627s] In file included from [01m[K/opt/ros/humble/include/rclcpp/rclcpp/executors/multi_threaded_executor.hpp:22[m[K,
[5.627s]                  from [01m[K/opt/ros/humble/include/rclcpp/rclcpp/executors.hpp:21[m[K,
[5.627s]                  from [01m[K/opt/ros/humble/include/rclcpp/rclcpp/rclcpp.hpp:155[m[K,
[5.627s]                  from [01m[K/home/shenhang/ros_study/chapter3/topic_practice_workspace/src/status_display/src/sys_status_display.cpp:4[m[K:
[5.627s] [01m[K/usr/include/c++/11/thread:92:5:[m[K [01;36m[Knote: [m[Kcandidate: ‘[01m[Ktemplate<class _CharT, class _Traits> std::basic_ostream<_CharT, _Traits>& std::operator<<(std::basic_ostream<_CharT, _Traits>&, std::thread::id)[m[K’
[5.627s]    92 |     [01;36m[Koperator[m[K<<(basic_ostream<_CharT, _Traits>& __out, thread::id __id)
[5.627s]       |     [01;36m[K^~~~~~~~[m[K
[5.628s] [01m[K/usr/include/c++/11/thread:92:5:[m[K [01;36m[Knote: [m[K  template argument deduction/substitution failed:
[5.628s] [01m[K/home/shenhang/ros_study/chapter3/topic_practice_workspace/src/status_display/src/sys_status_display.cpp:19:42:[m[K [01;36m[Knote: [m[K  cannot convert ‘[01m[K((const std::__shared_ptr_access<status_interfaces::msg::SystemStatus_<std::allocator<void> >, __gnu_cxx::_S_atomic, false, false>*)(& msg))->std::__shared_ptr_access<status_interfaces::msg::SystemStatus_<std::allocator<void> >, __gnu_cxx::_S_atomic, false, false>::operator->()->status_interfaces::msg::SystemStatus_<std::allocator<void> >::stamp[m[K’ (type ‘[01m[Kstatus_interfaces::msg::SystemStatus_<std::allocator<void> >::_stamp_type[m[K’ {aka ‘[01m[Kbuiltin_interfaces::msg::Time_<std::allocator<void> >[m[K’}) to type ‘[01m[Kstd::thread::id[m[K’
[5.628s]    19 |                  << "数据时间: " << [01;36m[Kmsg->stamp[m[K << " s\n"
[5.628s]       |                                     [01;36m[K~~~~~^~~~~[m[K
[5.628s] In file included from [01m[K/usr/include/c++/11/iostream:39[m[K,
[5.628s]                  from [01m[K/opt/ros/humble/include/rclcpp/rclcpp/executor.hpp:22[m[K,
[5.628s]                  from [01m[K/opt/ros/humble/include/rclcpp/rclcpp/executors/multi_threaded_executor.hpp:25[m[K,
[5.629s]                  from [01m[K/opt/ros/humble/include/rclcpp/rclcpp/executors.hpp:21[m[K,
[5.629s]                  from [01m[K/opt/ros/humble/include/rclcpp/rclcpp/rclcpp.hpp:155[m[K,
[5.631s]                  from [01m[K/home/shenhang/ros_study/chapter3/topic_practice_workspace/src/status_display/src/sys_status_display.cpp:4[m[K:
[5.631s] [01m[K/usr/include/c++/11/ostream:513:5:[m[K [01;36m[Knote: [m[Kcandidate: ‘[01m[Ktemplate<class _CharT, class _Traits> std::basic_ostream<_CharT, _Traits>& std::operator<<(std::basic_ostream<_CharT, _Traits>&, _CharT)[m[K’
[5.631s]   513 |     [01;36m[Koperator[m[K<<(basic_ostream<_CharT, _Traits>& __out, _CharT __c)
[5.632s]       |     [01;36m[K^~~~~~~~[m[K
[5.632s] [01m[K/usr/include/c++/11/ostream:513:5:[m[K [01;36m[Knote: [m[K  template argument deduction/substitution failed:
[5.632s] [01m[K/home/shenhang/ros_study/chapter3/topic_practice_workspace/src/status_display/src/sys_status_display.cpp:19:42:[m[K [01;36m[Knote: [m[K  deduced conflicting types for parameter ‘[01m[K_CharT[m[K’ (‘[01m[Kchar[m[K’ and ‘[01m[Kbuiltin_interfaces::msg::Time_<std::allocator<void> >[m[K’)
[5.632s]    19 |                  << "数据时间: " << msg->[01;36m[Kstamp[m[K << " s\n"
[5.632s]       |                                          [01;36m[K^~~~~[m[K
[5.632s] In file included from [01m[K/usr/include/c++/11/iostream:39[m[K,
[5.632s]                  from [01m[K/opt/ros/humble/include/rclcpp/rclcpp/executor.hpp:22[m[K,
[5.633s]                  from [01m[K/opt/ros/humble/include/rclcpp/rclcpp/executors/multi_threaded_executor.hpp:25[m[K,
[5.633s]                  from [01m[K/opt/ros/humble/include/rclcpp/rclcpp/executors.hpp:21[m[K,
[5.635s]                  from [01m[K/opt/ros/humble/include/rclcpp/rclcpp/rclcpp.hpp:155[m[K,
[5.635s]                  from [01m[K/home/shenhang/ros_study/chapter3/topic_practice_workspace/src/status_display/src/sys_status_display.cpp:4[m[K:
[5.635s] [01m[K/usr/include/c++/11/ostream:518:5:[m[K [01;36m[Knote: [m[Kcandidate: ‘[01m[Ktemplate<class _CharT, class _Traits> std::basic_ostream<_CharT, _Traits>& std::operator<<(std::basic_ostream<_CharT, _Traits>&, char)[m[K’
[5.636s]   518 |     [01;36m[Koperator[m[K<<(basic_ostream<_CharT, _Traits>& __out, char __c)
[5.636s]       |     [01;36m[K^~~~~~~~[m[K
[5.636s] [01m[K/usr/include/c++/11/ostream:518:5:[m[K [01;36m[Knote: [m[K  template argument deduction/substitution failed:
[5.636s] [01m[K/home/shenhang/ros_study/chapter3/topic_practice_workspace/src/status_display/src/sys_status_display.cpp:19:42:[m[K [01;36m[Knote: [m[K  cannot convert ‘[01m[K((const std::__shared_ptr_access<status_interfaces::msg::SystemStatus_<std::allocator<void> >, __gnu_cxx::_S_atomic, false, false>*)(& msg))->std::__shared_ptr_access<status_interfaces::msg::SystemStatus_<std::allocator<void> >, __gnu_cxx::_S_atomic, false, false>::operator->()->status_interfaces::msg::SystemStatus_<std::allocator<void> >::stamp[m[K’ (type ‘[01m[Kstatus_interfaces::msg::SystemStatus_<std::allocator<void> >::_stamp_type[m[K’ {aka ‘[01m[Kbuiltin_interfaces::msg::Time_<std::allocator<void> >[m[K’}) to type ‘[01m[Kchar[m[K’
[5.636s]    19 |                  << "数据时间: " << [01;36m[Kmsg->stamp[m[K << " s\n"
[5.636s]       |                                     [01;36m[K~~~~~^~~~~[m[K
[5.636s] In file included from [01m[K/usr/include/c++/11/iostream:39[m[K,
[5.636s]                  from [01m[K/opt/ros/humble/include/rclcpp/rclcpp/executor.hpp:22[m[K,
[5.637s]                  from [01m[K/opt/ros/humble/include/rclcpp/rclcpp/executors/multi_threaded_executor.hpp:25[m[K,
[5.637s]                  from [01m[K/opt/ros/humble/include/rclcpp/rclcpp/executors.hpp:21[m[K,
[5.637s]                  from [01m[K/opt/ros/humble/include/rclcpp/rclcpp/rclcpp.hpp:155[m[K,
[5.637s]                  from [01m[K/home/shenhang/ros_study/chapter3/topic_practice_workspace/src/status_display/src/sys_status_display.cpp:4[m[K:
[5.637s] [01m[K/usr/include/c++/11/ostream:524:5:[m[K [01;36m[Knote: [m[Kcandidate: ‘[01m[Ktemplate<class _Traits> std::basic_ostream<char, _Traits>& std::operator<<(std::basic_ostream<char, _Traits>&, char)[m[K’
[5.637s]   524 |     [01;36m[Koperator[m[K<<(basic_ostream<char, _Traits>& __out, char __c)
[5.637s]       |     [01;36m[K^~~~~~~~[m[K
[5.637s] [01m[K/usr/include/c++/11/ostream:524:5:[m[K [01;36m[Knote: [m[K  template argument deduction/substitution failed:
[5.637s] [01m[K/home/shenhang/ros_study/chapter3/topic_practice_workspace/src/status_display/src/sys_status_display.cpp:19:42:[m[K [01;36m[Knote: [m[K  cannot convert ‘[01m[K((const std::__shared_ptr_access<status_interfaces::msg::SystemStatus_<std::allocator<void> >, __gnu_cxx::_S_atomic, false, false>*)(& msg))->std::__shared_ptr_access<status_interfaces::msg::SystemStatus_<std::allocator<void> >, __gnu_cxx::_S_atomic, false, false>::operator->()->status_interfaces::msg::SystemStatus_<std::allocator<void> >::stamp[m[K’ (type ‘[01m[Kstatus_interfaces::msg::SystemStatus_<std::allocator<void> >::_stamp_type[m[K’ {aka ‘[01m[Kbuiltin_interfaces::msg::Time_<std::allocator<void> >[m[K’}) to type ‘[01m[Kchar[m[K’
[5.637s]    19 |                  << "数据时间: " << [01;36m[Kmsg->stamp[m[K << " s\n"
[5.638s]       |                                     [01;36m[K~~~~~^~~~~[m[K
[5.638s] In file included from [01m[K/usr/include/c++/11/iostream:39[m[K,
[5.638s]                  from [01m[K/opt/ros/humble/include/rclcpp/rclcpp/executor.hpp:22[m[K,
[5.638s]                  from [01m[K/opt/ros/humble/include/rclcpp/rclcpp/executors/multi_threaded_executor.hpp:25[m[K,
[5.638s]                  from [01m[K/opt/ros/humble/include/rclcpp/rclcpp/executors.hpp:21[m[K,
[5.638s]                  from [01m[K/opt/ros/humble/include/rclcpp/rclcpp/rclcpp.hpp:155[m[K,
[5.638s]                  from [01m[K/home/shenhang/ros_study/chapter3/topic_practice_workspace/src/status_display/src/sys_status_display.cpp:4[m[K:
[5.638s] [01m[K/usr/include/c++/11/ostream:530:5:[m[K [01;36m[Knote: [m[Kcandidate: ‘[01m[Ktemplate<class _Traits> std::basic_ostream<char, _Traits>& std::operator<<(std::basic_ostream<char, _Traits>&, signed char)[m[K’
[5.639s]   530 |     [01;36m[Koperator[m[K<<(basic_ostream<char, _Traits>& __out, signed char __c)
[5.639s]       |     [01;36m[K^~~~~~~~[m[K
[5.639s] [01m[K/usr/include/c++/11/ostream:530:5:[m[K [01;36m[Knote: [m[K  template argument deduction/substitution failed:
[5.639s] [01m[K/home/shenhang/ros_study/chapter3/topic_practice_workspace/src/status_display/src/sys_status_display.cpp:19:42:[m[K [01;36m[Knote: [m[K  cannot convert ‘[01m[K((const std::__shared_ptr_access<status_interfaces::msg::SystemStatus_<std::allocator<void> >, __gnu_cxx::_S_atomic, false, false>*)(& msg))->std::__shared_ptr_access<status_interfaces::msg::SystemStatus_<std::allocator<void> >, __gnu_cxx::_S_atomic, false, false>::operator->()->status_interfaces::msg::SystemStatus_<std::allocator<void> >::stamp[m[K’ (type ‘[01m[Kstatus_interfaces::msg::SystemStatus_<std::allocator<void> >::_stamp_type[m[K’ {aka ‘[01m[Kbuiltin_interfaces::msg::Time_<std::allocator<void> >[m[K’}) to type ‘[01m[Ksigned char[m[K’
[5.639s]    19 |                  << "数据时间: " << [01;36m[Kmsg->stamp[m[K << " s\n"
[5.639s]       |                                     [01;36m[K~~~~~^~~~~[m[K
[5.639s] In file included from [01m[K/usr/include/c++/11/iostream:39[m[K,
[5.640s]                  from [01m[K/opt/ros/humble/include/rclcpp/rclcpp/executor.hpp:22[m[K,
[5.640s]                  from [01m[K/opt/ros/humble/include/rclcpp/rclcpp/executors/multi_threaded_executor.hpp:25[m[K,
[5.640s]                  from [01m[K/opt/ros/humble/include/rclcpp/rclcpp/executors.hpp:21[m[K,
[5.640s]                  from [01m[K/opt/ros/humble/include/rclcpp/rclcpp/rclcpp.hpp:155[m[K,
[5.640s]                  from [01m[K/home/shenhang/ros_study/chapter3/topic_practice_workspace/src/status_display/src/sys_status_display.cpp:4[m[K:
[5.640s] [01m[K/usr/include/c++/11/ostream:535:5:[m[K [01;36m[Knote: [m[Kcandidate: ‘[01m[Ktemplate<class _Traits> std::basic_ostream<char, _Traits>& std::operator<<(std::basic_ostream<char, _Traits>&, unsigned char)[m[K’
[5.640s]   535 |     [01;36m[Koperator[m[K<<(basic_ostream<char, _Traits>& __out, unsigned char __c)
[5.641s]       |     [01;36m[K^~~~~~~~[m[K
[5.641s] [01m[K/usr/include/c++/11/ostream:535:5:[m[K [01;36m[Knote: [m[K  template argument deduction/substitution failed:
[5.641s] [01m[K/home/shenhang/ros_study/chapter3/topic_practice_workspace/src/status_display/src/sys_status_display.cpp:19:42:[m[K [01;36m[Knote: [m[K  cannot convert ‘[01m[K((const std::__shared_ptr_access<status_interfaces::msg::SystemStatus_<std::allocator<void> >, __gnu_cxx::_S_atomic, false, false>*)(& msg))->std::__shared_ptr_access<status_interfaces::msg::SystemStatus_<std::allocator<void> >, __gnu_cxx::_S_atomic, false, false>::operator->()->status_interfaces::msg::SystemStatus_<std::allocator<void> >::stamp[m[K’ (type ‘[01m[Kstatus_interfaces::msg::SystemStatus_<std::allocator<void> >::_stamp_type[m[K’ {aka ‘[01m[Kbuiltin_interfaces::msg::Time_<std::allocator<void> >[m[K’}) to type ‘[01m[Kunsigned char[m[K’
[5.641s]    19 |                  << "数据时间: " << [01;36m[Kmsg->stamp[m[K << " s\n"
[5.641s]       |                                     [01;36m[K~~~~~^~~~~[m[K
[5.641s] In file included from [01m[K/usr/include/c++/11/iostream:39[m[K,
[5.641s]                  from [01m[K/opt/ros/humble/include/rclcpp/rclcpp/executor.hpp:22[m[K,
[5.641s]                  from [01m[K/opt/ros/humble/include/rclcpp/rclcpp/executors/multi_threaded_executor.hpp:25[m[K,
[5.641s]                  from [01m[K/opt/ros/humble/include/rclcpp/rclcpp/executors.hpp:21[m[K,
[5.642s]                  from [01m[K/opt/ros/humble/include/rclcpp/rclcpp/rclcpp.hpp:155[m[K,
[5.642s]                  from [01m[K/home/shenhang/ros_study/chapter3/topic_practice_workspace/src/status_display/src/sys_status_display.cpp:4[m[K:
[5.642s] [01m[K/usr/include/c++/11/ostream:594:5:[m[K [01;36m[Knote: [m[Kcandidate: ‘[01m[Ktemplate<class _CharT, class _Traits> std::basic_ostream<_CharT, _Traits>& std::operator<<(std::basic_ostream<_CharT, _Traits>&, const _CharT*)[m[K’
[5.642s]   594 |     [01;36m[Koperator[m[K<<(basic_ostream<_CharT, _Traits>& __out, const _CharT* __s)
[5.642s]       |     [01;36m[K^~~~~~~~[m[K
[5.642s] [01m[K/usr/include/c++/11/ostream:594:5:[m[K [01;36m[Knote: [m[K  template argument deduction/substitution failed:
[5.642s] [01m[K/home/shenhang/ros_study/chapter3/topic_practice_workspace/src/status_display/src/sys_status_display.cpp:19:42:[m[K [01;36m[Knote: [m[K  mismatched types ‘[01m[Kconst _CharT*[m[K’ and ‘[01m[Kbuiltin_interfaces::msg::Time_<std::allocator<void> >[m[K’
[5.643s]    19 |                  << "数据时间: " << msg->[01;36m[Kstamp[m[K << " s\n"
[5.643s]       |                                          [01;36m[K^~~~~[m[K
[5.643s] In file included from [01m[K/usr/include/c++/11/ostream:829[m[K,
[5.643s]                  from [01m[K/usr/include/c++/11/iostream:39[m[K,
[5.643s]                  from [01m[K/opt/ros/humble/include/rclcpp/rclcpp/executor.hpp:22[m[K,
[5.643s]                  from [01m[K/opt/ros/humble/include/rclcpp/rclcpp/executors/multi_threaded_executor.hpp:25[m[K,
[5.643s]                  from [01m[K/opt/ros/humble/include/rclcpp/rclcpp/executors.hpp:21[m[K,
[5.643s]                  from [01m[K/opt/ros/humble/include/rclcpp/rclcpp/rclcpp.hpp:155[m[K,
[5.644s]                  from [01m[K/home/shenhang/ros_study/chapter3/topic_practice_workspace/src/status_display/src/sys_status_display.cpp:4[m[K:
[5.644s] [01m[K/usr/include/c++/11/bits/ostream.tcc:321:5:[m[K [01;36m[Knote: [m[Kcandidate: ‘[01m[Ktemplate<class _CharT, class _Traits> std::basic_ostream<_CharT, _Traits>& std::operator<<(std::basic_ostream<_CharT, _Traits>&, const char*)[m[K’
[5.644s]   321 |     [01;36m[Koperator[m[K<<(basic_ostream<_CharT, _Traits>& __out, const char* __s)
[5.644s]       |     [01;36m[K^~~~~~~~[m[K
[5.644s] [01m[K/usr/include/c++/11/bits/ostream.tcc:321:5:[m[K [01;36m[Knote: [m[K  template argument deduction/substitution failed:
[5.644s] [01m[K/home/shenhang/ros_study/chapter3/topic_practice_workspace/src/status_display/src/sys_status_display.cpp:19:42:[m[K [01;36m[Knote: [m[K  cannot convert ‘[01m[K((const std::__shared_ptr_access<status_interfaces::msg::SystemStatus_<std::allocator<void> >, __gnu_cxx::_S_atomic, false, false>*)(& msg))->std::__shared_ptr_access<status_interfaces::msg::SystemStatus_<std::allocator<void> >, __gnu_cxx::_S_atomic, false, false>::operator->()->status_interfaces::msg::SystemStatus_<std::allocator<void> >::stamp[m[K’ (type ‘[01m[Kstatus_interfaces::msg::SystemStatus_<std::allocator<void> >::_stamp_type[m[K’ {aka ‘[01m[Kbuiltin_interfaces::msg::Time_<std::allocator<void> >[m[K’}) to type ‘[01m[Kconst char*[m[K’
[5.645s]    19 |                  << "数据时间: " << [01;36m[Kmsg->stamp[m[K << " s\n"
[5.645s]       |                                     [01;36m[K~~~~~^~~~~[m[K
[5.645s] In file included from [01m[K/usr/include/c++/11/iostream:39[m[K,
[5.645s]                  from [01m[K/opt/ros/humble/include/rclcpp/rclcpp/executor.hpp:22[m[K,
[5.645s]                  from [01m[K/opt/ros/humble/include/rclcpp/rclcpp/executors/multi_threaded_executor.hpp:25[m[K,
[5.645s]                  from [01m[K/opt/ros/humble/include/rclcpp/rclcpp/executors.hpp:21[m[K,
[5.646s]                  from [01m[K/opt/ros/humble/include/rclcpp/rclcpp/rclcpp.hpp:155[m[K,
[5.646s]                  from [01m[K/home/shenhang/ros_study/chapter3/topic_practice_workspace/src/status_display/src/sys_status_display.cpp:4[m[K:
[5.646s] [01m[K/usr/include/c++/11/ostream:611:5:[m[K [01;36m[Knote: [m[Kcandidate: ‘[01m[Ktemplate<class _Traits> std::basic_ostream<char, _Traits>& std::operator<<(std::basic_ostream<char, _Traits>&, const char*)[m[K’
[5.646s]   611 |     [01;36m[Koperator[m[K<<(basic_ostream<char, _Traits>& __out, const char* __s)
[5.646s]       |     [01;36m[K^~~~~~~~[m[K
[5.646s] [01m[K/usr/include/c++/11/ostream:611:5:[m[K [01;36m[Knote: [m[K  template argument deduction/substitution failed:
[5.647s] [01m[K/home/shenhang/ros_study/chapter3/topic_practice_workspace/src/status_display/src/sys_status_display.cpp:19:42:[m[K [01;36m[Knote: [m[K  cannot convert ‘[01m[K((const std::__shared_ptr_access<status_interfaces::msg::SystemStatus_<std::allocator<void> >, __gnu_cxx::_S_atomic, false, false>*)(& msg))->std::__shared_ptr_access<status_interfaces::msg::SystemStatus_<std::allocator<void> >, __gnu_cxx::_S_atomic, false, false>::operator->()->status_interfaces::msg::SystemStatus_<std::allocator<void> >::stamp[m[K’ (type ‘[01m[Kstatus_interfaces::msg::SystemStatus_<std::allocator<void> >::_stamp_type[m[K’ {aka ‘[01m[Kbuiltin_interfaces::msg::Time_<std::allocator<void> >[m[K’}) to type ‘[01m[Kconst char*[m[K’
[5.647s]    19 |                  << "数据时间: " << [01;36m[Kmsg->stamp[m[K << " s\n"
[5.647s]       |                                     [01;36m[K~~~~~^~~~~[m[K
[5.647s] In file included from [01m[K/usr/include/c++/11/iostream:39[m[K,
[5.647s]                  from [01m[K/opt/ros/humble/include/rclcpp/rclcpp/executor.hpp:22[m[K,
[5.647s]                  from [01m[K/opt/ros/humble/include/rclcpp/rclcpp/executors/multi_threaded_executor.hpp:25[m[K,
[5.647s]                  from [01m[K/opt/ros/humble/include/rclcpp/rclcpp/executors.hpp:21[m[K,
[5.648s]                  from [01m[K/opt/ros/humble/include/rclcpp/rclcpp/rclcpp.hpp:155[m[K,
[5.648s]                  from [01m[K/home/shenhang/ros_study/chapter3/topic_practice_workspace/src/status_display/src/sys_status_display.cpp:4[m[K:
[5.648s] [01m[K/usr/include/c++/11/ostream:624:5:[m[K [01;36m[Knote: [m[Kcandidate: ‘[01m[Ktemplate<class _Traits> std::basic_ostream<char, _Traits>& std::operator<<(std::basic_ostream<char, _Traits>&, const signed char*)[m[K’
[5.648s]   624 |     [01;36m[Koperator[m[K<<(basic_ostream<char, _Traits>& __out, const signed char* __s)
[5.649s]       |     [01;36m[K^~~~~~~~[m[K
[5.650s] [01m[K/usr/include/c++/11/ostream:624:5:[m[K [01;36m[Knote: [m[K  template argument deduction/substitution failed:
[5.650s] [01m[K/home/shenhang/ros_study/chapter3/topic_practice_workspace/src/status_display/src/sys_status_display.cpp:19:42:[m[K [01;36m[Knote: [m[K  cannot convert ‘[01m[K((const std::__shared_ptr_access<status_interfaces::msg::SystemStatus_<std::allocator<void> >, __gnu_cxx::_S_atomic, false, false>*)(& msg))->std::__shared_ptr_access<status_interfaces::msg::SystemStatus_<std::allocator<void> >, __gnu_cxx::_S_atomic, false, false>::operator->()->status_interfaces::msg::SystemStatus_<std::allocator<void> >::stamp[m[K’ (type ‘[01m[Kstatus_interfaces::msg::SystemStatus_<std::allocator<void> >::_stamp_type[m[K’ {aka ‘[01m[Kbuiltin_interfaces::msg::Time_<std::allocator<void> >[m[K’}) to type ‘[01m[Kconst signed char*[m[K’
[5.650s]    19 |                  << "数据时间: " << [01;36m[Kmsg->stamp[m[K << " s\n"
[5.650s]       |                                     [01;36m[K~~~~~^~~~~[m[K
[5.650s] In file included from [01m[K/usr/include/c++/11/iostream:39[m[K,
[5.650s]                  from [01m[K/opt/ros/humble/include/rclcpp/rclcpp/executor.hpp:22[m[K,
[5.650s]                  from [01m[K/opt/ros/humble/include/rclcpp/rclcpp/executors/multi_threaded_executor.hpp:25[m[K,
[5.651s]                  from [01m[K/opt/ros/humble/include/rclcpp/rclcpp/executors.hpp:21[m[K,
[5.651s]                  from [01m[K/opt/ros/humble/include/rclcpp/rclcpp/rclcpp.hpp:155[m[K,
[5.651s]                  from [01m[K/home/shenhang/ros_study/chapter3/topic_practice_workspace/src/status_display/src/sys_status_display.cpp:4[m[K:
[5.651s] [01m[K/usr/include/c++/11/ostream:629:5:[m[K [01;36m[Knote: [m[Kcandidate: ‘[01m[Ktemplate<class _Traits> std::basic_ostream<char, _Traits>& std::operator<<(std::basic_ostream<char, _Traits>&, const unsigned char*)[m[K’
[5.651s]   629 |     [01;36m[Koperator[m[K<<(basic_ostream<char, _Traits>& __out, const unsigned char* __s)
[5.651s]       |     [01;36m[K^~~~~~~~[m[K
[5.652s] [01m[K/usr/include/c++/11/ostream:629:5:[m[K [01;36m[Knote: [m[K  template argument deduction/substitution failed:
[5.652s] [01m[K/home/shenhang/ros_study/chapter3/topic_practice_workspace/src/status_display/src/sys_status_display.cpp:19:42:[m[K [01;36m[Knote: [m[K  cannot convert ‘[01m[K((const std::__shared_ptr_access<status_interfaces::msg::SystemStatus_<std::allocator<void> >, __gnu_cxx::_S_atomic, false, false>*)(& msg))->std::__shared_ptr_access<status_interfaces::msg::SystemStatus_<std::allocator<void> >, __gnu_cxx::_S_atomic, false, false>::operator->()->status_interfaces::msg::SystemStatus_<std::allocator<void> >::stamp[m[K’ (type ‘[01m[Kstatus_interfaces::msg::SystemStatus_<std::allocator<void> >::_stamp_type[m[K’ {aka ‘[01m[Kbuiltin_interfaces::msg::Time_<std::allocator<void> >[m[K’}) to type ‘[01m[Kconst unsigned char*[m[K’
[5.652s]    19 |                  << "数据时间: " << [01;36m[Kmsg->stamp[m[K << " s\n"
[5.652s]       |                                     [01;36m[K~~~~~^~~~~[m[K
[5.652s] In file included from [01m[K/usr/include/c++/11/iostream:39[m[K,
[5.652s]                  from [01m[K/opt/ros/humble/include/rclcpp/rclcpp/executor.hpp:22[m[K,
[5.653s]                  from [01m[K/opt/ros/humble/include/rclcpp/rclcpp/executors/multi_threaded_executor.hpp:25[m[K,
[5.653s]                  from [01m[K/opt/ros/humble/include/rclcpp/rclcpp/executors.hpp:21[m[K,
[5.653s]                  from [01m[K/opt/ros/humble/include/rclcpp/rclcpp/rclcpp.hpp:155[m[K,
[5.653s]                  from [01m[K/home/shenhang/ros_study/chapter3/topic_practice_workspace/src/status_display/src/sys_status_display.cpp:4[m[K:
[5.653s] [01m[K/usr/include/c++/11/ostream:750:5:[m[K [01;36m[Knote: [m[Kcandidate: ‘[01m[Ktemplate<class _Ostream, class _Tp> _Ostream&& std::operator<<(_Ostream&&, const _Tp&)[m[K’
[5.654s]   750 |     [01;36m[Koperator[m[K<<(_Ostream&& __os, const _Tp& __x)
[5.654s]       |     [01;36m[K^~~~~~~~[m[K
[5.654s] [01m[K/usr/include/c++/11/ostream:750:5:[m[K [01;36m[Knote: [m[K  template argument deduction/substitution failed:
[5.654s] /usr/include/c++/11/ostream: In substitution of ‘[01m[Ktemplate<class _Ostream, class _Tp> _Ostream&& std::operator<<(_Ostream&&, const _Tp&) [with _Ostream = std::basic_ostream<char>&; _Tp = builtin_interfaces::msg::Time_<std::allocator<void> >][m[K’:
[5.654s] [01m[K/home/shenhang/ros_study/chapter3/topic_practice_workspace/src/status_display/src/sys_status_display.cpp:19:46:[m[K   required from here
[5.654s] [01m[K/usr/include/c++/11/ostream:750:5:[m[K [01;31m[Kerror: [m[Kno type named ‘[01m[Ktype[m[K’ in ‘[01m[Kstruct std::enable_if<false, void>[m[K’
[5.654s] In file included from [01m[K/opt/ros/humble/include/rosidl_runtime_cpp/rosidl_runtime_cpp/traits.hpp:19[m[K,
[5.654s]                  from [01m[K/opt/ros/humble/include/builtin_interfaces/builtin_interfaces/msg/detail/duration__traits.hpp:15[m[K,
[5.655s]                  from [01m[K/opt/ros/humble/include/builtin_interfaces/builtin_interfaces/msg/duration.hpp:9[m[K,
[5.655s]                  from [01m[K/opt/ros/humble/include/rclcpp/rclcpp/duration.hpp:20[m[K,
[5.655s]                  from [01m[K/opt/ros/humble/include/rclcpp/rclcpp/qos.hpp:20[m[K,
[5.655s]                  from [01m[K/opt/ros/humble/include/rclcpp/rclcpp/node_interfaces/node_graph_interface.hpp:32[m[K,
[5.655s]                  from [01m[K/opt/ros/humble/include/rclcpp/rclcpp/client.hpp:42[m[K,
[5.655s]                  from [01m[K/opt/ros/humble/include/rclcpp/rclcpp/callback_group.hpp:24[m[K,
[5.655s]                  from [01m[K/opt/ros/humble/include/rclcpp/rclcpp/any_executable.hpp:20[m[K,
[5.655s]                  from [01m[K/opt/ros/humble/include/rclcpp/rclcpp/memory_strategy.hpp:25[m[K,
[5.656s]                  from [01m[K/opt/ros/humble/include/rclcpp/rclcpp/memory_strategies.hpp:18[m[K,
[5.656s]                  from [01m[K/opt/ros/humble/include/rclcpp/rclcpp/executor_options.hpp:20[m[K,
[5.656s]                  from [01m[K/opt/ros/humble/include/rclcpp/rclcpp/executor.hpp:37[m[K,
[5.656s]                  from [01m[K/opt/ros/humble/include/rclcpp/rclcpp/executors/multi_threaded_executor.hpp:25[m[K,
[5.656s]                  from [01m[K/opt/ros/humble/include/rclcpp/rclcpp/executors.hpp:21[m[K,
[5.656s]                  from [01m[K/opt/ros/humble/include/rclcpp/rclcpp/rclcpp.hpp:155[m[K,
[5.656s]                  from [01m[K/home/shenhang/ros_study/chapter3/topic_practice_workspace/src/status_display/src/sys_status_display.cpp:4[m[K:
[5.656s] [01m[K/usr/include/c++/11/iomanip:79:5:[m[K [01;36m[Knote: [m[Kcandidate: ‘[01m[Ktemplate<class _CharT, class _Traits> std::basic_ostream<_CharT, _Traits>& std::operator<<(std::basic_ostream<_CharT, _Traits>&, std::_Resetiosflags)[m[K’
[5.657s]    79 |     [01;36m[Koperator[m[K<<(basic_ostream<_CharT, _Traits>& __os, _Resetiosflags __f)
[5.657s]       |     [01;36m[K^~~~~~~~[m[K
[5.657s] [01m[K/usr/include/c++/11/iomanip:79:5:[m[K [01;36m[Knote: [m[K  template argument deduction/substitution failed:
[5.657s] [01m[K/home/shenhang/ros_study/chapter3/topic_practice_workspace/src/status_display/src/sys_status_display.cpp:19:42:[m[K [01;36m[Knote: [m[K  cannot convert ‘[01m[K((const std::__shared_ptr_access<status_interfaces::msg::SystemStatus_<std::allocator<void> >, __gnu_cxx::_S_atomic, false, false>*)(& msg))->std::__shared_ptr_access<status_interfaces::msg::SystemStatus_<std::allocator<void> >, __gnu_cxx::_S_atomic, false, false>::operator->()->status_interfaces::msg::SystemStatus_<std::allocator<void> >::stamp[m[K’ (type ‘[01m[Kstatus_interfaces::msg::SystemStatus_<std::allocator<void> >::_stamp_type[m[K’ {aka ‘[01m[Kbuiltin_interfaces::msg::Time_<std::allocator<void> >[m[K’}) to type ‘[01m[Kstd::_Resetiosflags[m[K’
[5.657s]    19 |                  << "数据时间: " << [01;36m[Kmsg->stamp[m[K << " s\n"
[5.657s]       |                                     [01;36m[K~~~~~^~~~~[m[K
[5.657s] In file included from [01m[K/opt/ros/humble/include/rosidl_runtime_cpp/rosidl_runtime_cpp/traits.hpp:19[m[K,
[5.657s]                  from [01m[K/opt/ros/humble/include/builtin_interfaces/builtin_interfaces/msg/detail/duration__traits.hpp:15[m[K,
[5.658s]                  from [01m[K/opt/ros/humble/include/builtin_interfaces/builtin_interfaces/msg/duration.hpp:9[m[K,
[5.658s]                  from [01m[K/opt/ros/humble/include/rclcpp/rclcpp/duration.hpp:20[m[K,
[5.658s]                  from [01m[K/opt/ros/humble/include/rclcpp/rclcpp/qos.hpp:20[m[K,
[5.658s]                  from [01m[K/opt/ros/humble/include/rclcpp/rclcpp/node_interfaces/node_graph_interface.hpp:32[m[K,
[5.658s]                  from [01m[K/opt/ros/humble/include/rclcpp/rclcpp/client.hpp:42[m[K,
[5.658s]                  from [01m[K/opt/ros/humble/include/rclcpp/rclcpp/callback_group.hpp:24[m[K,
[5.658s]                  from [01m[K/opt/ros/humble/include/rclcpp/rclcpp/any_executable.hpp:20[m[K,
[5.659s]                  from [01m[K/opt/ros/humble/include/rclcpp/rclcpp/memory_strategy.hpp:25[m[K,
[5.659s]                  from [01m[K/opt/ros/humble/include/rclcpp/rclcpp/memory_strategies.hpp:18[m[K,
[5.659s]                  from [01m[K/opt/ros/humble/include/rclcpp/rclcpp/executor_options.hpp:20[m[K,
[5.659s]                  from [01m[K/opt/ros/humble/include/rclcpp/rclcpp/executor.hpp:37[m[K,
[5.659s]                  from [01m[K/opt/ros/humble/include/rclcpp/rclcpp/executors/multi_threaded_executor.hpp:25[m[K,
[5.659s]                  from [01m[K/opt/ros/humble/include/rclcpp/rclcpp/executors.hpp:21[m[K,
[5.659s]                  from [01m[K/opt/ros/humble/include/rclcpp/rclcpp/rclcpp.hpp:155[m[K,
[5.659s]                  from [01m[K/home/shenhang/ros_study/chapter3/topic_practice_workspace/src/status_display/src/sys_status_display.cpp:4[m[K:
[5.660s] [01m[K/usr/include/c++/11/iomanip:109:5:[m[K [01;36m[Knote: [m[Kcandidate: ‘[01m[Ktemplate<class _CharT, class _Traits> std::basic_ostream<_CharT, _Traits>& std::operator<<(std::basic_ostream<_CharT, _Traits>&, std::_Setiosflags)[m[K’
[5.660s]   109 |     [01;36m[Koperator[m[K<<(basic_ostream<_CharT, _Traits>& __os, _Setiosflags __f)
[5.660s]       |     [01;36m[K^~~~~~~~[m[K
[5.660s] [01m[K/usr/include/c++/11/iomanip:109:5:[m[K [01;36m[Knote: [m[K  template argument deduction/substitution failed:
[5.660s] [01m[K/home/shenhang/ros_study/chapter3/topic_practice_workspace/src/status_display/src/sys_status_display.cpp:19:42:[m[K [01;36m[Knote: [m[K  cannot convert ‘[01m[K((const std::__shared_ptr_access<status_interfaces::msg::SystemStatus_<std::allocator<void> >, __gnu_cxx::_S_atomic, false, false>*)(& msg))->std::__shared_ptr_access<status_interfaces::msg::SystemStatus_<std::allocator<void> >, __gnu_cxx::_S_atomic, false, false>::operator->()->status_interfaces::msg::SystemStatus_<std::allocator<void> >::stamp[m[K’ (type ‘[01m[Kstatus_interfaces::msg::SystemStatus_<std::allocator<void> >::_stamp_type[m[K’ {aka ‘[01m[Kbuiltin_interfaces::msg::Time_<std::allocator<void> >[m[K’}) to type ‘[01m[Kstd::_Setiosflags[m[K’
[5.660s]    19 |                  << "数据时间: " << [01;36m[Kmsg->stamp[m[K << " s\n"
[5.660s]       |                                     [01;36m[K~~~~~^~~~~[m[K
[5.660s] In file included from [01m[K/opt/ros/humble/include/rosidl_runtime_cpp/rosidl_runtime_cpp/traits.hpp:19[m[K,
[5.661s]                  from [01m[K/opt/ros/humble/include/builtin_interfaces/builtin_interfaces/msg/detail/duration__traits.hpp:15[m[K,
[5.661s]                  from [01m[K/opt/ros/humble/include/builtin_interfaces/builtin_interfaces/msg/duration.hpp:9[m[K,
[5.661s]                  from [01m[K/opt/ros/humble/include/rclcpp/rclcpp/duration.hpp:20[m[K,
[5.661s]                  from [01m[K/opt/ros/humble/include/rclcpp/rclcpp/qos.hpp:20[m[K,
[5.661s]                  from [01m[K/opt/ros/humble/include/rclcpp/rclcpp/node_interfaces/node_graph_interface.hpp:32[m[K,
[5.661s]                  from [01m[K/opt/ros/humble/include/rclcpp/rclcpp/client.hpp:42[m[K,
[5.661s]                  from [01m[K/opt/ros/humble/include/rclcpp/rclcpp/callback_group.hpp:24[m[K,
[5.661s]                  from [01m[K/opt/ros/humble/include/rclcpp/rclcpp/any_executable.hpp:20[m[K,
[5.662s]                  from [01m[K/opt/ros/humble/include/rclcpp/rclcpp/memory_strategy.hpp:25[m[K,
[5.662s]                  from [01m[K/opt/ros/humble/include/rclcpp/rclcpp/memory_strategies.hpp:18[m[K,
[5.662s]                  from [01m[K/opt/ros/humble/include/rclcpp/rclcpp/executor_options.hpp:20[m[K,
[5.662s]                  from [01m[K/opt/ros/humble/include/rclcpp/rclcpp/executor.hpp:37[m[K,
[5.662s]                  from [01m[K/opt/ros/humble/include/rclcpp/rclcpp/executors/multi_threaded_executor.hpp:25[m[K,
[5.662s]                  from [01m[K/opt/ros/humble/include/rclcpp/rclcpp/executors.hpp:21[m[K,
[5.662s]                  from [01m[K/opt/ros/humble/include/rclcpp/rclcpp/rclcpp.hpp:155[m[K,
[5.662s]                  from [01m[K/home/shenhang/ros_study/chapter3/topic_practice_workspace/src/status_display/src/sys_status_display.cpp:4[m[K:
[5.663s] [01m[K/usr/include/c++/11/iomanip:143:5:[m[K [01;36m[Knote: [m[Kcandidate: ‘[01m[Ktemplate<class _CharT, class _Traits> std::basic_ostream<_CharT, _Traits>& std::operator<<(std::basic_ostream<_CharT, _Traits>&, std::_Setbase)[m[K’
[5.663s]   143 |     [01;36m[Koperator[m[K<<(basic_ostream<_CharT, _Traits>& __os, _Setbase __f)
[5.663s]       |     [01;36m[K^~~~~~~~[m[K
[5.663s] [01m[K/usr/include/c++/11/iomanip:143:5:[m[K [01;36m[Knote: [m[K  template argument deduction/substitution failed:
[5.663s] [01m[K/home/shenhang/ros_study/chapter3/topic_practice_workspace/src/status_display/src/sys_status_display.cpp:19:42:[m[K [01;36m[Knote: [m[K  cannot convert ‘[01m[K((const std::__shared_ptr_access<status_interfaces::msg::SystemStatus_<std::allocator<void> >, __gnu_cxx::_S_atomic, false, false>*)(& msg))->std::__shared_ptr_access<status_interfaces::msg::SystemStatus_<std::allocator<void> >, __gnu_cxx::_S_atomic, false, false>::operator->()->status_interfaces::msg::SystemStatus_<std::allocator<void> >::stamp[m[K’ (type ‘[01m[Kstatus_interfaces::msg::SystemStatus_<std::allocator<void> >::_stamp_type[m[K’ {aka ‘[01m[Kbuiltin_interfaces::msg::Time_<std::allocator<void> >[m[K’}) to type ‘[01m[Kstd::_Setbase[m[K’
[5.664s]    19 |                  << "数据时间: " << [01;36m[Kmsg->stamp[m[K << " s\n"
[5.664s]       |                                     [01;36m[K~~~~~^~~~~[m[K
[5.664s] In file included from [01m[K/opt/ros/humble/include/rosidl_runtime_cpp/rosidl_runtime_cpp/traits.hpp:19[m[K,
[5.664s]                  from [01m[K/opt/ros/humble/include/builtin_interfaces/builtin_interfaces/msg/detail/duration__traits.hpp:15[m[K,
[5.664s]                  from [01m[K/opt/ros/humble/include/builtin_interfaces/builtin_interfaces/msg/duration.hpp:9[m[K,
[5.664s]                  from [01m[K/opt/ros/humble/include/rclcpp/rclcpp/duration.hpp:20[m[K,
[5.664s]                  from [01m[K/opt/ros/humble/include/rclcpp/rclcpp/qos.hpp:20[m[K,
[5.665s]                  from [01m[K/opt/ros/humble/include/rclcpp/rclcpp/node_interfaces/node_graph_interface.hpp:32[m[K,
[5.665s]                  from [01m[K/opt/ros/humble/include/rclcpp/rclcpp/client.hpp:42[m[K,
[5.665s]                  from [01m[K/opt/ros/humble/include/rclcpp/rclcpp/callback_group.hpp:24[m[K,
[5.665s]                  from [01m[K/opt/ros/humble/include/rclcpp/rclcpp/any_executable.hpp:20[m[K,
[5.665s]                  from [01m[K/opt/ros/humble/include/rclcpp/rclcpp/memory_strategy.hpp:25[m[K,
[5.665s]                  from [01m[K/opt/ros/humble/include/rclcpp/rclcpp/memory_strategies.hpp:18[m[K,
[5.665s]                  from [01m[K/opt/ros/humble/include/rclcpp/rclcpp/executor_options.hpp:20[m[K,
[5.665s]                  from [01m[K/opt/ros/humble/include/rclcpp/rclcpp/executor.hpp:37[m[K,
[5.665s]                  from [01m[K/opt/ros/humble/include/rclcpp/rclcpp/executors/multi_threaded_executor.hpp:25[m[K,
[5.666s]                  from [01m[K/opt/ros/humble/include/rclcpp/rclcpp/executors.hpp:21[m[K,
[5.666s]                  from [01m[K/opt/ros/humble/include/rclcpp/rclcpp/rclcpp.hpp:155[m[K,
[5.666s]                  from [01m[K/home/shenhang/ros_study/chapter3/topic_practice_workspace/src/status_display/src/sys_status_display.cpp:4[m[K:
[5.666s] [01m[K/usr/include/c++/11/iomanip:178:5:[m[K [01;36m[Knote: [m[Kcandidate: ‘[01m[Ktemplate<class _CharT, class _Traits> std::basic_ostream<_CharT, _Traits>& std::operator<<(std::basic_ostream<_CharT, _Traits>&, std::_Setfill<_CharT>)[m[K’
[5.666s]   178 |     [01;36m[Koperator[m[K<<(basic_ostream<_CharT, _Traits>& __os, _Setfill<_CharT> __f)
[5.666s]       |     [01;36m[K^~~~~~~~[m[K
[5.666s] [01m[K/usr/include/c++/11/iomanip:178:5:[m[K [01;36m[Knote: [m[K  template argument deduction/substitution failed:
[5.666s] [01m[K/home/shenhang/ros_study/chapter3/topic_practice_workspace/src/status_display/src/sys_status_display.cpp:19:42:[m[K [01;36m[Knote: [m[K  ‘[01m[Kbuiltin_interfaces::msg::Time_<std::allocator<void> >[m[K’ is not derived from ‘[01m[Kstd::_Setfill<_CharT>[m[K’
[5.666s]    19 |                  << "数据时间: " << msg->[01;36m[Kstamp[m[K << " s\n"
[5.666s]       |                                          [01;36m[K^~~~~[m[K
[5.666s] In file included from [01m[K/opt/ros/humble/include/rosidl_runtime_cpp/rosidl_runtime_cpp/traits.hpp:19[m[K,
[5.667s]                  from [01m[K/opt/ros/humble/include/builtin_interfaces/builtin_interfaces/msg/detail/duration__traits.hpp:15[m[K,
[5.667s]                  from [01m[K/opt/ros/humble/include/builtin_interfaces/builtin_interfaces/msg/duration.hpp:9[m[K,
[5.667s]                  from [01m[K/opt/ros/humble/include/rclcpp/rclcpp/duration.hpp:20[m[K,
[5.667s]                  from [01m[K/opt/ros/humble/include/rclcpp/rclcpp/qos.hpp:20[m[K,
[5.667s]                  from [01m[K/opt/ros/humble/include/rclcpp/rclcpp/node_interfaces/node_graph_interface.hpp:32[m[K,
[5.667s]                  from [01m[K/opt/ros/humble/include/rclcpp/rclcpp/client.hpp:42[m[K,
[5.667s]                  from [01m[K/opt/ros/humble/include/rclcpp/rclcpp/callback_group.hpp:24[m[K,
[5.667s]                  from [01m[K/opt/ros/humble/include/rclcpp/rclcpp/any_executable.hpp:20[m[K,
[5.667s]                  from [01m[K/opt/ros/humble/include/rclcpp/rclcpp/memory_strategy.hpp:25[m[K,
[5.667s]                  from [01m[K/opt/ros/humble/include/rclcpp/rclcpp/memory_strategies.hpp:18[m[K,
[5.667s]                  from [01m[K/opt/ros/humble/include/rclcpp/rclcpp/executor_options.hpp:20[m[K,
[5.668s]                  from [01m[K/opt/ros/humble/include/rclcpp/rclcpp/executor.hpp:37[m[K,
[5.668s]                  from [01m[K/opt/ros/humble/include/rclcpp/rclcpp/executors/multi_threaded_executor.hpp:25[m[K,
[5.668s]                  from [01m[K/opt/ros/humble/include/rclcpp/rclcpp/executors.hpp:21[m[K,
[5.668s]                  from [01m[K/opt/ros/humble/include/rclcpp/rclcpp/rclcpp.hpp:155[m[K,
[5.668s]                  from [01m[K/home/shenhang/ros_study/chapter3/topic_practice_workspace/src/status_display/src/sys_status_display.cpp:4[m[K:
[5.668s] [01m[K/usr/include/c++/11/iomanip:208:5:[m[K [01;36m[Knote: [m[Kcandidate: ‘[01m[Ktemplate<class _CharT, class _Traits> std::basic_ostream<_CharT, _Traits>& std::operator<<(std::basic_ostream<_CharT, _Traits>&, std::_Setprecision)[m[K’
[5.668s]   208 |     [01;36m[Koperator[m[K<<(basic_ostream<_CharT, _Traits>& __os, _Setprecision __f)
[5.668s]       |     [01;36m[K^~~~~~~~[m[K
[5.668s] [01m[K/usr/include/c++/11/iomanip:208:5:[m[K [01;36m[Knote: [m[K  template argument deduction/substitution failed:
[5.668s] [01m[K/home/shenhang/ros_study/chapter3/topic_practice_workspace/src/status_display/src/sys_status_display.cpp:19:42:[m[K [01;36m[Knote: [m[K  cannot convert ‘[01m[K((const std::__shared_ptr_access<status_interfaces::msg::SystemStatus_<std::allocator<void> >, __gnu_cxx::_S_atomic, false, false>*)(& msg))->std::__shared_ptr_access<status_interfaces::msg::SystemStatus_<std::allocator<void> >, __gnu_cxx::_S_atomic, false, false>::operator->()->status_interfaces::msg::SystemStatus_<std::allocator<void> >::stamp[m[K’ (type ‘[01m[Kstatus_interfaces::msg::SystemStatus_<std::allocator<void> >::_stamp_type[m[K’ {aka ‘[01m[Kbuiltin_interfaces::msg::Time_<std::allocator<void> >[m[K’}) to type ‘[01m[Kstd::_Setprecision[m[K’
[5.669s]    19 |                  << "数据时间: " << [01;36m[Kmsg->stamp[m[K << " s\n"
[5.669s]       |                                     [01;36m[K~~~~~^~~~~[m[K
[5.669s] In file included from [01m[K/opt/ros/humble/include/rosidl_runtime_cpp/rosidl_runtime_cpp/traits.hpp:19[m[K,
[5.669s]                  from [01m[K/opt/ros/humble/include/builtin_interfaces/builtin_interfaces/msg/detail/duration__traits.hpp:15[m[K,
[5.669s]                  from [01m[K/opt/ros/humble/include/builtin_interfaces/builtin_interfaces/msg/duration.hpp:9[m[K,
[5.669s]                  from [01m[K/opt/ros/humble/include/rclcpp/rclcpp/duration.hpp:20[m[K,
[5.669s]                  from [01m[K/opt/ros/humble/include/rclcpp/rclcpp/qos.hpp:20[m[K,
[5.669s]                  from [01m[K/opt/ros/humble/include/rclcpp/rclcpp/node_interfaces/node_graph_interface.hpp:32[m[K,
[5.669s]                  from [01m[K/opt/ros/humble/include/rclcpp/rclcpp/client.hpp:42[m[K,
[5.670s]                  from [01m[K/opt/ros/humble/include/rclcpp/rclcpp/callback_group.hpp:24[m[K,
[5.670s]                  from [01m[K/opt/ros/humble/include/rclcpp/rclcpp/any_executable.hpp:20[m[K,
[5.670s]                  from [01m[K/opt/ros/humble/include/rclcpp/rclcpp/memory_strategy.hpp:25[m[K,
[5.670s]                  from [01m[K/opt/ros/humble/include/rclcpp/rclcpp/memory_strategies.hpp:18[m[K,
[5.670s]                  from [01m[K/opt/ros/humble/include/rclcpp/rclcpp/executor_options.hpp:20[m[K,
[5.670s]                  from [01m[K/opt/ros/humble/include/rclcpp/rclcpp/executor.hpp:37[m[K,
[5.670s]                  from [01m[K/opt/ros/humble/include/rclcpp/rclcpp/executors/multi_threaded_executor.hpp:25[m[K,
[5.671s]                  from [01m[K/opt/ros/humble/include/rclcpp/rclcpp/executors.hpp:21[m[K,
[5.671s]                  from [01m[K/opt/ros/humble/include/rclcpp/rclcpp/rclcpp.hpp:155[m[K,
[5.671s]                  from [01m[K/home/shenhang/ros_study/chapter3/topic_practice_workspace/src/status_display/src/sys_status_display.cpp:4[m[K:
[5.671s] [01m[K/usr/include/c++/11/iomanip:238:5:[m[K [01;36m[Knote: [m[Kcandidate: ‘[01m[Ktemplate<class _CharT, class _Traits> std::basic_ostream<_CharT, _Traits>& std::operator<<(std::basic_ostream<_CharT, _Traits>&, std::_Setw)[m[K’
[5.671s]   238 |     [01;36m[Koperator[m[K<<(basic_ostream<_CharT, _Traits>& __os, _Setw __f)
[5.671s]       |     [01;36m[K^~~~~~~~[m[K
[5.671s] [01m[K/usr/include/c++/11/iomanip:238:5:[m[K [01;36m[Knote: [m[K  template argument deduction/substitution failed:
[5.671s] [01m[K/home/shenhang/ros_study/chapter3/topic_practice_workspace/src/status_display/src/sys_status_display.cpp:19:42:[m[K [01;36m[Knote: [m[K  cannot convert ‘[01m[K((const std::__shared_ptr_access<status_interfaces::msg::SystemStatus_<std::allocator<void> >, __gnu_cxx::_S_atomic, false, false>*)(& msg))->std::__shared_ptr_access<status_interfaces::msg::SystemStatus_<std::allocator<void> >, __gnu_cxx::_S_atomic, false, false>::operator->()->status_interfaces::msg::SystemStatus_<std::allocator<void> >::stamp[m[K’ (type ‘[01m[Kstatus_interfaces::msg::SystemStatus_<std::allocator<void> >::_stamp_type[m[K’ {aka ‘[01m[Kbuiltin_interfaces::msg::Time_<std::allocator<void> >[m[K’}) to type ‘[01m[Kstd::_Setw[m[K’
[5.672s]    19 |                  << "数据时间: " << [01;36m[Kmsg->stamp[m[K << " s\n"
[5.672s]       |                                     [01;36m[K~~~~~^~~~~[m[K
[5.672s] In file included from [01m[K/opt/ros/humble/include/rosidl_runtime_cpp/rosidl_runtime_cpp/traits.hpp:19[m[K,
[5.672s]                  from [01m[K/opt/ros/humble/include/builtin_interfaces/builtin_interfaces/msg/detail/duration__traits.hpp:15[m[K,
[5.672s]                  from [01m[K/opt/ros/humble/include/builtin_interfaces/builtin_interfaces/msg/duration.hpp:9[m[K,
[5.672s]                  from [01m[K/opt/ros/humble/include/rclcpp/rclcpp/duration.hpp:20[m[K,
[5.672s]                  from [01m[K/opt/ros/humble/include/rclcpp/rclcpp/qos.hpp:20[m[K,
[5.672s]                  from [01m[K/opt/ros/humble/include/rclcpp/rclcpp/node_interfaces/node_graph_interface.hpp:32[m[K,
[5.672s]                  from [01m[K/opt/ros/humble/include/rclcpp/rclcpp/client.hpp:42[m[K,
[5.672s]                  from [01m[K/opt/ros/humble/include/rclcpp/rclcpp/callback_group.hpp:24[m[K,
[5.672s]                  from [01m[K/opt/ros/humble/include/rclcpp/rclcpp/any_executable.hpp:20[m[K,
[5.673s]                  from [01m[K/opt/ros/humble/include/rclcpp/rclcpp/memory_strategy.hpp:25[m[K,
[5.673s]                  from [01m[K/opt/ros/humble/include/rclcpp/rclcpp/memory_strategies.hpp:18[m[K,
[5.673s]                  from [01m[K/opt/ros/humble/include/rclcpp/rclcpp/executor_options.hpp:20[m[K,
[5.673s]                  from [01m[K/opt/ros/humble/include/rclcpp/rclcpp/executor.hpp:37[m[K,
[5.673s]                  from [01m[K/opt/ros/humble/include/rclcpp/rclcpp/executors/multi_threaded_executor.hpp:25[m[K,
[5.673s]                  from [01m[K/opt/ros/humble/include/rclcpp/rclcpp/executors.hpp:21[m[K,
[5.673s]                  from [01m[K/opt/ros/humble/include/rclcpp/rclcpp/rclcpp.hpp:155[m[K,
[5.673s]                  from [01m[K/home/shenhang/ros_study/chapter3/topic_practice_workspace/src/status_display/src/sys_status_display.cpp:4[m[K:
[5.674s] [01m[K/usr/include/c++/11/iomanip:311:5:[m[K [01;36m[Knote: [m[Kcandidate: ‘[01m[Ktemplate<class _CharT, class _Traits, class _MoneyT> std::basic_ostream<_CharT, _Traits>& std::operator<<(std::basic_ostream<_CharT, _Traits>&, std::_Put_money<_MoneyT>)[m[K’
[5.674s]   311 |     [01;36m[Koperator[m[K<<(basic_ostream<_CharT, _Traits>& __os, _Put_money<_MoneyT> __f)
[5.674s]       |     [01;36m[K^~~~~~~~[m[K
[5.674s] [01m[K/usr/include/c++/11/iomanip:311:5:[m[K [01;36m[Knote: [m[K  template argument deduction/substitution failed:
[5.674s] [01m[K/home/shenhang/ros_study/chapter3/topic_practice_workspace/src/status_display/src/sys_status_display.cpp:19:42:[m[K [01;36m[Knote: [m[K  ‘[01m[Kbuiltin_interfaces::msg::Time_<std::allocator<void> >[m[K’ is not derived from ‘[01m[Kstd::_Put_money<_MoneyT>[m[K’
[5.674s]    19 |                  << "数据时间: " << msg->[01;36m[Kstamp[m[K << " s\n"
[5.675s]       |                                          [01;36m[K^~~~~[m[K
[5.675s] In file included from [01m[K/opt/ros/humble/include/rosidl_runtime_cpp/rosidl_runtime_cpp/traits.hpp:19[m[K,
[5.675s]                  from [01m[K/opt/ros/humble/include/builtin_interfaces/builtin_interfaces/msg/detail/duration__traits.hpp:15[m[K,
[5.675s]                  from [01m[K/opt/ros/humble/include/builtin_interfaces/builtin_interfaces/msg/duration.hpp:9[m[K,
[5.675s]                  from [01m[K/opt/ros/humble/include/rclcpp/rclcpp/duration.hpp:20[m[K,
[5.675s]                  from [01m[K/opt/ros/humble/include/rclcpp/rclcpp/qos.hpp:20[m[K,
[5.676s]                  from [01m[K/opt/ros/humble/include/rclcpp/rclcpp/node_interfaces/node_graph_interface.hpp:32[m[K,
[5.676s]                  from [01m[K/opt/ros/humble/include/rclcpp/rclcpp/client.hpp:42[m[K,
[5.676s]                  from [01m[K/opt/ros/humble/include/rclcpp/rclcpp/callback_group.hpp:24[m[K,
[5.676s]                  from [01m[K/opt/ros/humble/include/rclcpp/rclcpp/any_executable.hpp:20[m[K,
[5.676s]                  from [01m[K/opt/ros/humble/include/rclcpp/rclcpp/memory_strategy.hpp:25[m[K,
[5.676s]                  from [01m[K/opt/ros/humble/include/rclcpp/rclcpp/memory_strategies.hpp:18[m[K,
[5.676s]                  from [01m[K/opt/ros/humble/include/rclcpp/rclcpp/executor_options.hpp:20[m[K,
[5.677s]                  from [01m[K/opt/ros/humble/include/rclcpp/rclcpp/executor.hpp:37[m[K,
[5.677s]                  from [01m[K/opt/ros/humble/include/rclcpp/rclcpp/executors/multi_threaded_executor.hpp:25[m[K,
[5.677s]                  from [01m[K/opt/ros/humble/include/rclcpp/rclcpp/executors.hpp:21[m[K,
[5.678s]                  from [01m[K/opt/ros/humble/include/rclcpp/rclcpp/rclcpp.hpp:155[m[K,
[5.678s]                  from [01m[K/home/shenhang/ros_study/chapter3/topic_practice_workspace/src/status_display/src/sys_status_display.cpp:4[m[K:
[5.678s] [01m[K/usr/include/c++/11/iomanip:363:5:[m[K [01;36m[Knote: [m[Kcandidate: ‘[01m[Ktemplate<class _CharT, class _Traits> std::basic_ostream<_CharT, _Traits>& std::operator<<(std::basic_ostream<_CharT, _Traits>&, std::_Put_time<_CharT>)[m[K’
[5.678s]   363 |     [01;36m[Koperator[m[K<<(basic_ostream<_CharT, _Traits>& __os, _Put_time<_CharT> __f)
[5.678s]       |     [01;36m[K^~~~~~~~[m[K
[5.678s] [01m[K/usr/include/c++/11/iomanip:363:5:[m[K [01;36m[Knote: [m[K  template argument deduction/substitution failed:
[5.678s] [01m[K/home/shenhang/ros_study/chapter3/topic_practice_workspace/src/status_display/src/sys_status_display.cpp:19:42:[m[K [01;36m[Knote: [m[K  ‘[01m[Kbuiltin_interfaces::msg::Time_<std::allocator<void> >[m[K’ is not derived from ‘[01m[Kstd::_Put_time<_CharT>[m[K’
[5.678s]    19 |                  << "数据时间: " << msg->[01;36m[Kstamp[m[K << " s\n"
[5.678s]       |                                          [01;36m[K^~~~~[m[K
[5.679s] In file included from [01m[K/usr/include/x86_64-linux-gnu/qt5/QtCore/qstring.h:49[m[K,
[5.679s]                  from [01m[K/usr/include/x86_64-linux-gnu/qt5/QtCore/qcoreapplication.h:44[m[K,
[5.679s]                  from [01m[K/usr/include/x86_64-linux-gnu/qt5/QtWidgets/qapplication.h:44[m[K,
[5.679s]                  from [01m[K/usr/include/x86_64-linux-gnu/qt5/QtWidgets/QApplication:1[m[K,
[5.679s]                  from [01m[K/home/shenhang/ros_study/chapter3/topic_practice_workspace/src/status_display/src/sys_status_display.cpp:1[m[K:
[5.679s] [01m[K/usr/include/x86_64-linux-gnu/qt5/QtCore/qchar.h:662:28:[m[K [01;36m[Knote: [m[Kcandidate: ‘[01m[KQDataStream& operator<<(QDataStream&, QChar)[m[K’
[5.679s]   662 | Q_CORE_EXPORT QDataStream &[01;36m[Koperator[m[K<<(QDataStream &, QChar);
[5.679s]       |                            [01;36m[K^~~~~~~~[m[K
[5.680s] [01m[K/usr/include/x86_64-linux-gnu/qt5/QtCore/qchar.h:662:39:[m[K [01;36m[Knote: [m[K  no known conversion for argument 1 from ‘[01m[Kstd::basic_ostream<char>[m[K’ to ‘[01m[KQDataStream&[m[K’
[5.680s]   662 | Q_CORE_EXPORT QDataStream &operator<<([01;36m[KQDataStream &[m[K, QChar);
[5.680s]       |                                       [01;36m[K^~~~~~~~~~~~~[m[K
[5.680s] In file included from [01m[K/usr/include/x86_64-linux-gnu/qt5/QtCore/qstring.h:50[m[K,
[5.680s]                  from [01m[K/usr/include/x86_64-linux-gnu/qt5/QtCore/qcoreapplication.h:44[m[K,
[5.680s]                  from [01m[K/usr/include/x86_64-linux-gnu/qt5/QtWidgets/qapplication.h:44[m[K,
[5.681s]                  from [01m[K/usr/include/x86_64-linux-gnu/qt5/QtWidgets/QApplication:1[m[K,
[5.681s]                  from [01m[K/home/shenhang/ros_study/chapter3/topic_practice_workspace/src/status_display/src/sys_status_display.cpp:1[m[K:
[5.681s] [01m[K/usr/include/x86_64-linux-gnu/qt5/QtCore/qbytearray.h:759:28:[m[K [01;36m[Knote: [m[Kcandidate: ‘[01m[KQDataStream& operator<<(QDataStream&, const QByteArray&)[m[K’
[5.681s]   759 | Q_CORE_EXPORT QDataStream &[01;36m[Koperator[m[K<<(QDataStream &, const QByteArray &);
[5.684s]       |                            [01;36m[K^~~~~~~~[m[K
[5.685s] [01m[K/usr/include/x86_64-linux-gnu/qt5/QtCore/qbytearray.h:759:39:[m[K [01;36m[Knote: [m[K  no known conversion for argument 1 from ‘[01m[Kstd::basic_ostream<char>[m[K’ to ‘[01m[KQDataStream&[m[K’
[5.685s]   759 | Q_CORE_EXPORT QDataStream &operator<<([01;36m[KQDataStream &[m[K, const QByteArray &);
[5.685s]       |                                       [01;36m[K^~~~~~~~~~~~~[m[K
[5.685s] In file included from [01m[K/usr/include/x86_64-linux-gnu/qt5/QtCore/qcoreapplication.h:44[m[K,
[5.685s]                  from [01m[K/usr/include/x86_64-linux-gnu/qt5/QtWidgets/qapplication.h:44[m[K,
[5.685s]                  from [01m[K/usr/include/x86_64-linux-gnu/qt5/QtWidgets/QApplication:1[m[K,
[5.685s]                  from [01m[K/home/shenhang/ros_study/chapter3/topic_practice_workspace/src/status_display/src/sys_status_display.cpp:1[m[K:
[5.686s] [01m[K/usr/include/x86_64-linux-gnu/qt5/QtCore/qstring.h:1594:28:[m[K [01;36m[Knote: [m[Kcandidate: ‘[01m[KQDataStream& operator<<(QDataStream&, const QString&)[m[K’
[5.686s]  1594 | Q_CORE_EXPORT QDataStream &[01;36m[Koperator[m[K<<(QDataStream &, const QString &);
[5.686s]       |                            [01;36m[K^~~~~~~~[m[K
[5.686s] [01m[K/usr/include/x86_64-linux-gnu/qt5/QtCore/qstring.h:1594:39:[m[K [01;36m[Knote: [m[K  no known conversion for argument 1 from ‘[01m[Kstd::basic_ostream<char>[m[K’ to ‘[01m[KQDataStream&[m[K’
[5.686s]  1594 | Q_CORE_EXPORT QDataStream &operator<<([01;36m[KQDataStream &[m[K, const QString &);
[5.686s]       |                                       [01;36m[K^~~~~~~~~~~~~[m[K
[5.686s] In file included from [01m[K/usr/include/x86_64-linux-gnu/qt5/QtCore/qstringlist.h:48[m[K,
[5.687s]                  from [01m[K/usr/include/x86_64-linux-gnu/qt5/QtCore/qlist.h:1196[m[K,
[5.687s]                  from [01m[K/usr/include/x86_64-linux-gnu/qt5/QtCore/qobject.h:49[m[K,
[5.687s]                  from [01m[K/usr/include/x86_64-linux-gnu/qt5/QtCore/qcoreapplication.h:46[m[K,
[5.687s]                  from [01m[K/usr/include/x86_64-linux-gnu/qt5/QtWidgets/qapplication.h:44[m[K,
[5.687s]                  from [01m[K/usr/include/x86_64-linux-gnu/qt5/QtWidgets/QApplication:1[m[K,
[5.687s]                  from [01m[K/home/shenhang/ros_study/chapter3/topic_practice_workspace/src/status_display/src/sys_status_display.cpp:1[m[K:
[5.688s] [01m[K/usr/include/x86_64-linux-gnu/qt5/QtCore/qregexp.h:122:28:[m[K [01;36m[Knote: [m[Kcandidate: ‘[01m[KQDataStream& operator<<(QDataStream&, const QRegExp&)[m[K’
[5.688s]   122 | Q_CORE_EXPORT QDataStream &[01;36m[Koperator[m[K<<(QDataStream &out, const QRegExp &regExp);
[5.688s]       |                            [01;36m[K^~~~~~~~[m[K
[5.688s] [01m[K/usr/include/x86_64-linux-gnu/qt5/QtCore/qregexp.h:122:52:[m[K [01;36m[Knote: [m[K  no known conversion for argument 1 from ‘[01m[Kstd::basic_ostream<char>[m[K’ to ‘[01m[KQDataStream&[m[K’
[5.688s]   122 | Q_CORE_EXPORT QDataStream &operator<<([01;36m[KQDataStream &out[m[K, const QRegExp &regExp);
[5.688s]       |                                       [01;36m[K~~~~~~~~~~~~~^~~[m[K
[5.688s] [01m[K/usr/include/x86_64-linux-gnu/qt5/QtCore/qregexp.h:127:22:[m[K [01;36m[Knote: [m[Kcandidate: ‘[01m[KQDebug operator<<(QDebug, const QRegExp&)[m[K’
[5.689s]   127 | Q_CORE_EXPORT QDebug [01;36m[Koperator[m[K<<(QDebug, const QRegExp &);
[5.689s]       |                      [01;36m[K^~~~~~~~[m[K
[5.689s] [01m[K/usr/include/x86_64-linux-gnu/qt5/QtCore/qregexp.h:127:33:[m[K [01;36m[Knote: [m[K  no known conversion for argument 1 from ‘[01m[Kstd::basic_ostream<char>[m[K’ to ‘[01m[KQDebug[m[K’
[5.689s]   127 | Q_CORE_EXPORT QDebug operator<<([01;36m[KQDebug[m[K, const QRegExp &);
[5.689s]       |                                 [01;36m[K^~~~~~[m[K
[5.689s] In file included from [01m[K/usr/include/x86_64-linux-gnu/qt5/QtCore/qcoreapplication.h:46[m[K,
[5.689s]                  from [01m[K/usr/include/x86_64-linux-gnu/qt5/QtWidgets/qapplication.h:44[m[K,
[5.689s]                  from [01m[K/usr/include/x86_64-linux-gnu/qt5/QtWidgets/QApplication:1[m[K,
[5.690s]                  from [01m[K/home/shenhang/ros_study/chapter3/topic_practice_workspace/src/status_display/src/sys_status_display.cpp:1[m[K:
[5.690s] [01m[K/usr/include/x86_64-linux-gnu/qt5/QtCore/qobject.h:554:22:[m[K [01;36m[Knote: [m[Kcandidate: ‘[01m[KQDebug operator<<(QDebug, const QObject*)[m[K’
[5.690s]   554 | Q_CORE_EXPORT QDebug [01;36m[Koperator[m[K<<(QDebug, const QObject *);
[5.690s]       |                      [01;36m[K^~~~~~~~[m[K
[5.690s] [01m[K/usr/include/x86_64-linux-gnu/qt5/QtCore/qobject.h:554:33:[m[K [01;36m[Knote: [m[K  no known conversion for argument 1 from ‘[01m[Kstd::basic_ostream<char>[m[K’ to ‘[01m[KQDebug[m[K’
[5.690s]   554 | Q_CORE_EXPORT QDebug operator<<([01;36m[KQDebug[m[K, const QObject *);
[5.690s]       |                                 [01;36m[K^~~~~~[m[K
[5.690s] In file included from [01m[K/usr/include/x86_64-linux-gnu/qt5/QtWidgets/qapplication.h:46[m[K,
[5.690s]                  from [01m[K/usr/include/x86_64-linux-gnu/qt5/QtWidgets/QApplication:1[m[K,
[5.690s]                  from [01m[K/home/shenhang/ros_study/chapter3/topic_practice_workspace/src/status_display/src/sys_status_display.cpp:1[m[K:
[5.691s] [01m[K/usr/include/x86_64-linux-gnu/qt5/QtCore/qpoint.h:114:28:[m[K [01;36m[Knote: [m[Kcandidate: ‘[01m[KQDataStream& operator<<(QDataStream&, const QPoint&)[m[K’
[5.691s]   114 | Q_CORE_EXPORT QDataStream &[01;36m[Koperator[m[K<<(QDataStream &, const QPoint &);
[5.691s]       |                            [01;36m[K^~~~~~~~[m[K
[5.691s] [01m[K/usr/include/x86_64-linux-gnu/qt5/QtCore/qpoint.h:114:39:[m[K [01;36m[Knote: [m[K  no known conversion for argument 1 from ‘[01m[Kstd::basic_ostream<char>[m[K’ to ‘[01m[KQDataStream&[m[K’
[5.691s]   114 | Q_CORE_EXPORT QDataStream &operator<<([01;36m[KQDataStream &[m[K, const QPoint &);
[5.691s]       |                                       [01;36m[K^~~~~~~~~~~~~[m[K
[5.691s] [01m[K/usr/include/x86_64-linux-gnu/qt5/QtCore/qpoint.h:214:22:[m[K [01;36m[Knote: [m[Kcandidate: ‘[01m[KQDebug operator<<(QDebug, const QPoint&)[m[K’
[5.691s]   214 | Q_CORE_EXPORT QDebug [01;36m[Koperator[m[K<<(QDebug, const QPoint &);
[5.691s]       |                      [01;36m[K^~~~~~~~[m[K
[5.692s] [01m[K/usr/include/x86_64-linux-gnu/qt5/QtCore/qpoint.h:214:33:[m[K [01;36m[Knote: [m[K  no known conversion for argument 1 from ‘[01m[Kstd::basic_ostream<char>[m[K’ to ‘[01m[KQDebug[m[K’
[5.692s]   214 | Q_CORE_EXPORT QDebug operator<<([01;36m[KQDebug[m[K, const QPoint &);
[5.692s]       |                                 [01;36m[K^~~~~~[m[K
[5.692s] [01m[K/usr/include/x86_64-linux-gnu/qt5/QtCore/qpoint.h:281:28:[m[K [01;36m[Knote: [m[Kcandidate: ‘[01m[KQDataStream& operator<<(QDataStream&, const QPointF&)[m[K’
[5.692s]   281 | Q_CORE_EXPORT QDataStream &[01;36m[Koperator[m[K<<(QDataStream &, const QPointF &);
[5.693s]       |                            [01;36m[K^~~~~~~~[m[K
[5.693s] [01m[K/usr/include/x86_64-linux-gnu/qt5/QtCore/qpoint.h:281:39:[m[K [01;36m[Knote: [m[K  no known conversion for argument 1 from ‘[01m[Kstd::basic_ostream<char>[m[K’ to ‘[01m[KQDataStream&[m[K’
[5.693s]   281 | Q_CORE_EXPORT QDataStream &operator<<([01;36m[KQDataStream &[m[K, const QPointF &);
[5.693s]       |                                       [01;36m[K^~~~~~~~~~~~~[m[K
[5.693s] [01m[K/usr/include/x86_64-linux-gnu/qt5/QtCore/qpoint.h:418:22:[m[K [01;36m[Knote: [m[Kcandidate: ‘[01m[KQDebug operator<<(QDebug, const QPointF&)[m[K’
[5.693s]   418 | Q_CORE_EXPORT QDebug [01;36m[Koperator[m[K<<(QDebug d, const QPointF &p);
[5.694s]       |                      [01;36m[K^~~~~~~~[m[K
[5.694s] [01m[K/usr/include/x86_64-linux-gnu/qt5/QtCore/qpoint.h:418:40:[m[K [01;36m[Knote: [m[K  no known conversion for argument 1 from ‘[01m[Kstd::basic_ostream<char>[m[K’ to ‘[01m[KQDebug[m[K’
[5.694s]   418 | Q_CORE_EXPORT QDebug operator<<([01;36m[KQDebug d[m[K, const QPointF &p);
[5.694s]       |                                 [01;36m[K~~~~~~~^[m[K
[5.694s] In file included from [01m[K/usr/include/x86_64-linux-gnu/qt5/QtCore/qsize.h:44[m[K,
[5.698s]                  from [01m[K/usr/include/x86_64-linux-gnu/qt5/QtWidgets/qapplication.h:47[m[K,
[5.698s]                  from [01m[K/usr/include/x86_64-linux-gnu/qt5/QtWidgets/QApplication:1[m[K,
[5.698s]                  from [01m[K/home/shenhang/ros_study/chapter3/topic_practice_workspace/src/status_display/src/sys_status_display.cpp:1[m[K:
[5.698s] [01m[K/usr/include/x86_64-linux-gnu/qt5/QtCore/qmargins.h:94:28:[m[K [01;36m[Knote: [m[Kcandidate: ‘[01m[KQDataStream& operator<<(QDataStream&, const QMargins&)[m[K’
[5.698s]    94 | Q_CORE_EXPORT QDataStream &[01;36m[Koperator[m[K<<(QDataStream &, const QMargins &);
[5.698s]       |                            [01;36m[K^~~~~~~~[m[K
[5.699s] [01m[K/usr/include/x86_64-linux-gnu/qt5/QtCore/qmargins.h:94:39:[m[K [01;36m[Knote: [m[K  no known conversion for argument 1 from ‘[01m[Kstd::basic_ostream<char>[m[K’ to ‘[01m[KQDataStream&[m[K’
[5.699s]    94 | Q_CORE_EXPORT QDataStream &operator<<([01;36m[KQDataStream &[m[K, const QMargins &);
[5.699s]       |                                       [01;36m[K^~~~~~~~~~~~~[m[K
[5.699s] [01m[K/usr/include/x86_64-linux-gnu/qt5/QtCore/qmargins.h:278:22:[m[K [01;36m[Knote: [m[Kcandidate: ‘[01m[KQDebug operator<<(QDebug, const QMargins&)[m[K’
[5.699s]   278 | Q_CORE_EXPORT QDebug [01;36m[Koperator[m[K<<(QDebug, const QMargins &);
[5.699s]       |                      [01;36m[K^~~~~~~~[m[K
[5.699s] [01m[K/usr/include/x86_64-linux-gnu/qt5/QtCore/qmargins.h:278:33:[m[K [01;36m[Knote: [m[K  no known conversion for argument 1 from ‘[01m[Kstd::basic_ostream<char>[m[K’ to ‘[01m[KQDebug[m[K’
[5.699s]   278 | Q_CORE_EXPORT QDebug operator<<([01;36m[KQDebug[m[K, const QMargins &);
[5.699s]       |                                 [01;36m[K^~~~~~[m[K
[5.700s] [01m[K/usr/include/x86_64-linux-gnu/qt5/QtCore/qmargins.h:327:28:[m[K [01;36m[Knote: [m[Kcandidate: ‘[01m[KQDataStream& operator<<(QDataStream&, const QMarginsF&)[m[K’
[5.700s]   327 | Q_CORE_EXPORT QDataStream &[01;36m[Koperator[m[K<<(QDataStream &, const QMarginsF &);
[5.700s]       |                            [01;36m[K^~~~~~~~[m[K
[5.700s] [01m[K/usr/include/x86_64-linux-gnu/qt5/QtCore/qmargins.h:327:39:[m[K [01;36m[Knote: [m[K  no known conversion for argument 1 from ‘[01m[Kstd::basic_ostream<char>[m[K’ to ‘[01m[KQDataStream&[m[K’
[5.700s]   327 | Q_CORE_EXPORT QDataStream &operator<<([01;36m[KQDataStream &[m[K, const QMarginsF &);
[5.700s]       |                                       [01;36m[K^~~~~~~~~~~~~[m[K
[5.700s] [01m[K/usr/include/x86_64-linux-gnu/qt5/QtCore/qmargins.h:487:22:[m[K [01;36m[Knote: [m[Kcandidate: ‘[01m[KQDebug operator<<(QDebug, const QMarginsF&)[m[K’
[5.700s]   487 | Q_CORE_EXPORT QDebug [01;36m[Koperator[m[K<<(QDebug, const QMarginsF &);
[5.700s]       |                      [01;36m[K^~~~~~~~[m[K
[5.700s] [01m[K/usr/include/x86_64-linux-gnu/qt5/QtCore/qmargins.h:487:33:[m[K [01;36m[Knote: [m[K  no known conversion for argument 1 from ‘[01m[Kstd::basic_ostream<char>[m[K’ to ‘[01m[KQDebug[m[K’
[5.701s]   487 | Q_CORE_EXPORT QDebug operator<<([01;36m[KQDebug[m[K, const QMarginsF &);
[5.701s]       |                                 [01;36m[K^~~~~~[m[K
[5.701s] In file included from [01m[K/usr/include/x86_64-linux-gnu/qt5/QtWidgets/qapplication.h:47[m[K,
[5.701s]                  from [01m[K/usr/include/x86_64-linux-gnu/qt5/QtWidgets/QApplication:1[m[K,
[5.701s]                  from [01m[K/home/shenhang/ros_study/chapter3/topic_practice_workspace/src/status_display/src/sys_status_display.cpp:1[m[K:
[5.701s] [01m[K/usr/include/x86_64-linux-gnu/qt5/QtCore/qsize.h:114:28:[m[K [01;36m[Knote: [m[Kcandidate: ‘[01m[KQDataStream& operator<<(QDataStream&, const QSize&)[m[K’
[5.701s]   114 | Q_CORE_EXPORT QDataStream &[01;36m[Koperator[m[K<<(QDataStream &, const QSize &);
[5.701s]       |                            [01;36m[K^~~~~~~~[m[K
[5.701s] [01m[K/usr/include/x86_64-linux-gnu/qt5/QtCore/qsize.h:114:39:[m[K [01;36m[Knote: [m[K  no known conversion for argument 1 from ‘[01m[Kstd::basic_ostream<char>[m[K’ to ‘[01m[KQDataStream&[m[K’
[5.701s]   114 | Q_CORE_EXPORT QDataStream &operator<<([01;36m[KQDataStream &[m[K, const QSize &);
[5.701s]       |                                       [01;36m[K^~~~~~~~~~~~~[m[K
[5.702s] [01m[K/usr/include/x86_64-linux-gnu/qt5/QtCore/qsize.h:217:22:[m[K [01;36m[Knote: [m[Kcandidate: ‘[01m[KQDebug operator<<(QDebug, const QSize&)[m[K’
[5.702s]   217 | Q_CORE_EXPORT QDebug [01;36m[Koperator[m[K<<(QDebug, const QSize &);
[5.702s]       |                      [01;36m[K^~~~~~~~[m[K
[5.702s] [01m[K/usr/include/x86_64-linux-gnu/qt5/QtCore/qsize.h:217:33:[m[K [01;36m[Knote: [m[K  no known conversion for argument 1 from ‘[01m[Kstd::basic_ostream<char>[m[K’ to ‘[01m[KQDebug[m[K’
[5.702s]   217 | Q_CORE_EXPORT QDebug operator<<([01;36m[KQDebug[m[K, const QSize &);
[5.702s]       |                                 [01;36m[K^~~~~~[m[K
[5.702s] [01m[K/usr/include/x86_64-linux-gnu/qt5/QtCore/qsize.h:287:28:[m[K [01;36m[Knote: [m[Kcandidate: ‘[01m[KQDataStream& operator<<(QDataStream&, const QSizeF&)[m[K’
[5.702s]   287 | Q_CORE_EXPORT QDataStream &[01;36m[Koperator[m[K<<(QDataStream &, const QSizeF &);
[5.702s]       |                            [01;36m[K^~~~~~~~[m[K
[5.702s] [01m[K/usr/include/x86_64-linux-gnu/qt5/QtCore/qsize.h:287:39:[m[K [01;36m[Knote: [m[K  no known conversion for argument 1 from ‘[01m[Kstd::basic_ostream<char>[m[K’ to ‘[01m[KQDataStream&[m[K’
[5.703s]   287 | Q_CORE_EXPORT QDataStream &operator<<([01;36m[KQDataStream &[m[K, const QSizeF &);
[5.703s]       |                                       [01;36m[K^~~~~~~~~~~~~[m[K
[5.703s] [01m[K/usr/include/x86_64-linux-gnu/qt5/QtCore/qsize.h:397:22:[m[K [01;36m[Knote: [m[Kcandidate: ‘[01m[KQDebug operator<<(QDebug, const QSizeF&)[m[K’
[5.703s]   397 | Q_CORE_EXPORT QDebug [01;36m[Koperator[m[K<<(QDebug, const QSizeF &);
[5.703s]       |                      [01;36m[K^~~~~~~~[m[K
[5.703s] [01m[K/usr/include/x86_64-linux-gnu/qt5/QtCore/qsize.h:397:33:[m[K [01;36m[Knote: [m[K  no known conversion for argument 1 from ‘[01m[Kstd::basic_ostream<char>[m[K’ to ‘[01m[KQDebug[m[K’
[5.703s]   397 | Q_CORE_EXPORT QDebug operator<<([01;36m[KQDebug[m[K, const QSizeF &);
[5.703s]       |                                 [01;36m[K^~~~~~[m[K
[5.703s] In file included from [01m[K/usr/include/x86_64-linux-gnu/qt5/QtWidgets/qapplication.h:48[m[K,
[5.703s]                  from [01m[K/usr/include/x86_64-linux-gnu/qt5/QtWidgets/QApplication:1[m[K,
[5.703s]                  from [01m[K/home/shenhang/ros_study/chapter3/topic_practice_workspace/src/status_display/src/sys_status_display.cpp:1[m[K:
[5.704s] [01m[K/usr/include/x86_64-linux-gnu/qt5/QtGui/qcursor.h:136:27:[m[K [01;36m[Knote: [m[Kcandidate: ‘[01m[KQDataStream& operator<<(QDataStream&, const QCursor&)[m[K’
[5.704s]   136 | Q_GUI_EXPORT QDataStream &[01;36m[Koperator[m[K<<(QDataStream &outS, const QCursor &cursor);
[5.704s]       |                           [01;36m[K^~~~~~~~[m[K
[5.704s] [01m[K/usr/include/x86_64-linux-gnu/qt5/QtGui/qcursor.h:136:51:[m[K [01;36m[Knote: [m[K  no known conversion for argument 1 from ‘[01m[Kstd::basic_ostream<char>[m[K’ to ‘[01m[KQDataStream&[m[K’
[5.704s]   136 | Q_GUI_EXPORT QDataStream &operator<<([01;36m[KQDataStream &outS[m[K, const QCursor &cursor);
[5.704s]       |                                      [01;36m[K~~~~~~~~~~~~~^~~~[m[K
[5.704s] [01m[K/usr/include/x86_64-linux-gnu/qt5/QtGui/qcursor.h:141:21:[m[K [01;36m[Knote: [m[Kcandidate: ‘[01m[KQDebug operator<<(QDebug, const QCursor&)[m[K’
[5.704s]   141 | Q_GUI_EXPORT QDebug [01;36m[Koperator[m[K<<(QDebug, const QCursor &);
[5.704s]       |                     [01;36m[K^~~~~~~~[m[K
[5.705s] [01m[K/usr/include/x86_64-linux-gnu/qt5/QtGui/qcursor.h:141:32:[m[K [01;36m[Knote: [m[K  no known conversion for argument 1 from ‘[01m[Kstd::basic_ostream<char>[m[K’ to ‘[01m[KQDebug[m[K’
[5.705s]   141 | Q_GUI_EXPORT QDebug operator<<([01;36m[KQDebug[m[K, const QCursor &);
[5.705s]       |                                [01;36m[K^~~~~~[m[K
[5.705s] In file included from [01m[K/usr/include/x86_64-linux-gnu/qt5/QtCore/qlocale.h:43[m[K,
[5.705s]                  from [01m[K/usr/include/x86_64-linux-gnu/qt5/QtGui/qguiapplication.h:47[m[K,
[5.705s]                  from [01m[K/usr/include/x86_64-linux-gnu/qt5/QtWidgets/qapplication.h:52[m[K,
[5.705s]                  from [01m[K/usr/include/x86_64-linux-gnu/qt5/QtWidgets/QApplication:1[m[K,
[5.705s]                  from [01m[K/home/shenhang/ros_study/chapter3/topic_practice_workspace/src/status_display/src/sys_status_display.cpp:1[m[K:
[5.705s] [01m[K/usr/include/x86_64-linux-gnu/qt5/QtCore/qvariant.h:584:28:[m[K [01;36m[Knote: [m[Kcandidate: ‘[01m[KQDataStream& operator<<(QDataStream&, const QVariant&)[m[K’
[5.706s]   584 | Q_CORE_EXPORT QDataStream& [01;36m[Koperator[m[K<< (QDataStream& s, const QVariant& p);
[5.706s]       |                            [01;36m[K^~~~~~~~[m[K
[5.706s] [01m[K/usr/include/x86_64-linux-gnu/qt5/QtCore/qvariant.h:584:53:[m[K [01;36m[Knote: [m[K  no known conversion for argument 1 from ‘[01m[Kstd::basic_ostream<char>[m[K’ to ‘[01m[KQDataStream&[m[K’
[5.706s]   584 | Q_CORE_EXPORT QDataStream& operator<< ([01;36m[KQDataStream& s[m[K, const QVariant& p);
[5.706s]       |                                        [01;36m[K~~~~~~~~~~~~~^[m[K
[5.706s] [01m[K/usr/include/x86_64-linux-gnu/qt5/QtCore/qvariant.h:586:28:[m[K [01;36m[Knote: [m[Kcandidate: ‘[01m[KQDataStream& operator<<(QDataStream&, QVariant::Type)[m[K’
[5.706s]   586 | Q_CORE_EXPORT QDataStream& [01;36m[Koperator[m[K<< (QDataStream& s, const QVariant::Type p);
[5.706s]       |                            [01;36m[K^~~~~~~~[m[K
[5.706s] [01m[K/usr/include/x86_64-linux-gnu/qt5/QtCore/qvariant.h:586:53:[m[K [01;36m[Knote: [m[K  no known conversion for argument 1 from ‘[01m[Kstd::basic_ostream<char>[m[K’ to ‘[01m[KQDataStream&[m[K’
[5.706s]   586 | Q_CORE_EXPORT QDataStream& operator<< ([01;36m[KQDataStream& s[m[K, const QVariant::Type p);
[5.706s]       |                                        [01;36m[K~~~~~~~~~~~~~^[m[K
[5.707s] In file included from [01m[K/usr/include/x86_64-linux-gnu/qt5/QtCore/qlocale.h:43[m[K,
[5.707s]                  from [01m[K/usr/include/x86_64-linux-gnu/qt5/QtGui/qguiapplication.h:47[m[K,
[5.707s]                  from [01m[K/usr/include/x86_64-linux-gnu/qt5/QtWidgets/qapplication.h:52[m[K,
[5.707s]                  from [01m[K/usr/include/x86_64-linux-gnu/qt5/QtWidgets/QApplication:1[m[K,
[5.707s]                  from [01m[K/home/shenhang/ros_study/chapter3/topic_practice_workspace/src/status_display/src/sys_status_display.cpp:1[m[K:
[5.707s] [01m[K/usr/include/x86_64-linux-gnu/qt5/QtCore/qvariant.h:902:22:[m[K [01;36m[Knote: [m[Kcandidate: ‘[01m[KQDebug operator<<(QDebug, const QVariant&)[m[K’
[5.707s]   902 | Q_CORE_EXPORT QDebug [01;36m[Koperator[m[K<<(QDebug, const QVariant &);
[5.707s]       |                      [01;36m[K^~~~~~~~[m[K
[5.707s] In file included from [01m[K/usr/include/x86_64-linux-gnu/qt5/QtCore/qlocale.h:43[m[K,
[5.707s]                  from [01m[K/usr/include/x86_64-linux-gnu/qt5/QtGui/qguiapplication.h:47[m[K,
[5.707s]                  from [01m[K/usr/include/x86_64-linux-gnu/qt5/QtWidgets/qapplication.h:52[m[K,
[5.708s]                  from [01m[K/usr/include/x86_64-linux-gnu/qt5/QtWidgets/QApplication:1[m[K,
[5.708s]                  from [01m[K/home/shenhang/ros_study/chapter3/topic_practice_workspace/src/status_display/src/sys_status_display.cpp:1[m[K:
[5.708s] [01m[K/usr/include/x86_64-linux-gnu/qt5/QtCore/qvariant.h:480:44:[m[K [01;36m[Knote: [m[K  no known conversion for argument 1 from ‘[01m[Kstd::basic_ostream<char>[m[K’ to ‘[01m[KQDebug[m[K’
[5.708s]   480 |     friend Q_CORE_EXPORT QDebug operator<<([01;36m[KQDebug[m[K, const QVariant &);
[5.708s]       |                                            [01;36m[K^~~~~~[m[K
[5.708s] In file included from [01m[K/usr/include/x86_64-linux-gnu/qt5/QtCore/qlocale.h:43[m[K,
[5.708s]                  from [01m[K/usr/include/x86_64-linux-gnu/qt5/QtGui/qguiapplication.h:47[m[K,
[5.708s]                  from [01m[K/usr/include/x86_64-linux-gnu/qt5/QtWidgets/qapplication.h:52[m[K,
[5.708s]                  from [01m[K/usr/include/x86_64-linux-gnu/qt5/QtWidgets/QApplication:1[m[K,
[5.708s]                  from [01m[K/home/shenhang/ros_study/chapter3/topic_practice_workspace/src/status_display/src/sys_status_display.cpp:1[m[K:
[5.708s] [01m[K/usr/include/x86_64-linux-gnu/qt5/QtCore/qvariant.h:903:22:[m[K [01;36m[Knote: [m[Kcandidate: ‘[01m[KQDebug operator<<(QDebug, QVariant::Type)[m[K’
[5.709s]   903 | Q_CORE_EXPORT QDebug [01;36m[Koperator[m[K<<(QDebug, const QVariant::Type);
[5.709s]       |                      [01;36m[K^~~~~~~~[m[K
[5.709s] [01m[K/usr/include/x86_64-linux-gnu/qt5/QtCore/qvariant.h:903:33:[m[K [01;36m[Knote: [m[K  no known conversion for argument 1 from ‘[01m[Kstd::basic_ostream<char>[m[K’ to ‘[01m[KQDebug[m[K’
[5.709s]   903 | Q_CORE_EXPORT QDebug operator<<([01;36m[KQDebug[m[K, const QVariant::Type);
[5.709s]       |                                 [01;36m[K^~~~~~[m[K
[5.709s] In file included from [01m[K/usr/include/x86_64-linux-gnu/qt5/QtGui/qguiapplication.h:47[m[K,
[5.709s]                  from [01m[K/usr/include/x86_64-linux-gnu/qt5/QtWidgets/qapplication.h:52[m[K,
[5.709s]                  from [01m[K/usr/include/x86_64-linux-gnu/qt5/QtWidgets/QApplication:1[m[K,
[5.709s]                  from [01m[K/home/shenhang/ros_study/chapter3/topic_practice_workspace/src/status_display/src/sys_status_display.cpp:1[m[K:
[5.709s] [01m[K/usr/include/x86_64-linux-gnu/qt5/QtCore/qlocale.h:1222:28:[m[K [01;36m[Knote: [m[Kcandidate: ‘[01m[KQDataStream& operator<<(QDataStream&, const QLocale&)[m[K’
[5.709s]  1222 | Q_CORE_EXPORT QDataStream &[01;36m[Koperator[m[K<<(QDataStream &, const QLocale &);
[5.710s]       |                            [01;36m[K^~~~~~~~[m[K
[5.710s] [01m[K/usr/include/x86_64-linux-gnu/qt5/QtCore/qlocale.h:1222:39:[m[K [01;36m[Knote: [m[K  no known conversion for argument 1 from ‘[01m[Kstd::basic_ostream<char>[m[K’ to ‘[01m[KQDataStream&[m[K’
[5.710s]  1222 | Q_CORE_EXPORT QDataStream &operator<<([01;36m[KQDataStream &[m[K, const QLocale &);
[5.710s]       |                                       [01;36m[K^~~~~~~~~~~~~[m[K
[5.710s] [01m[K/usr/include/x86_64-linux-gnu/qt5/QtCore/qlocale.h:1227:22:[m[K [01;36m[Knote: [m[Kcandidate: ‘[01m[KQDebug operator<<(QDebug, const QLocale&)[m[K’
[5.710s]  1227 | Q_CORE_EXPORT QDebug [01;36m[Koperator[m[K<<(QDebug, const QLocale &);
[5.710s]       |                      [01;36m[K^~~~~~~~[m[K
[5.710s] [01m[K/usr/include/x86_64-linux-gnu/qt5/QtCore/qlocale.h:1227:33:[m[K [01;36m[Knote: [m[K  no known conversion for argument 1 from ‘[01m[Kstd::basic_ostream<char>[m[K’ to ‘[01m[KQDebug[m[K’
[5.711s]  1227 | Q_CORE_EXPORT QDebug operator<<([01;36m[KQDebug[m[K, const QLocale &);
[5.711s]       |                                 [01;36m[K^~~~~~[m[K
[5.711s] In file included from [01m[K/usr/include/x86_64-linux-gnu/qt5/QtGui/qpaintdevice.h:45[m[K,
[5.711s]                  from [01m[K/usr/include/x86_64-linux-gnu/qt5/QtWidgets/qwidget.h:47[m[K,
[5.711s]                  from [01m[K/usr/include/x86_64-linux-gnu/qt5/QtWidgets/qframe.h:44[m[K,
[5.711s]                  from [01m[K/usr/include/x86_64-linux-gnu/qt5/QtWidgets/qlabel.h:44[m[K,
[5.711s]                  from [01m[K/usr/include/x86_64-linux-gnu/qt5/QtWidgets/QLabel:1[m[K,
[5.711s]                  from [01m[K/home/shenhang/ros_study/chapter3/topic_practice_workspace/src/status_display/src/sys_status_display.cpp:2[m[K:
[5.711s] [01m[K/usr/include/x86_64-linux-gnu/qt5/QtCore/qrect.h:176:28:[m[K [01;36m[Knote: [m[Kcandidate: ‘[01m[KQDataStream& operator<<(QDataStream&, const QRect&)[m[K’
[5.711s]   176 | Q_CORE_EXPORT QDataStream &[01;36m[Koperator[m[K<<(QDataStream &, const QRect &);
[5.711s]       |                            [01;36m[K^~~~~~~~[m[K
[5.712s] [01m[K/usr/include/x86_64-linux-gnu/qt5/QtCore/qrect.h:176:39:[m[K [01;36m[Knote: [m[K  no known conversion for argument 1 from ‘[01m[Kstd::basic_ostream<char>[m[K’ to ‘[01m[KQDataStream&[m[K’
[5.712s]   176 | Q_CORE_EXPORT QDataStream &operator<<([01;36m[KQDataStream &[m[K, const QRect &);
[5.712s]       |                                       [01;36m[K^~~~~~~~~~~~~[m[K
[5.712s] [01m[K/usr/include/x86_64-linux-gnu/qt5/QtCore/qrect.h:507:22:[m[K [01;36m[Knote: [m[Kcandidate: ‘[01m[KQDebug operator<<(QDebug, const QRect&)[m[K’
[5.712s]   507 | Q_CORE_EXPORT QDebug [01;36m[Koperator[m[K<<(QDebug, const QRect &);
[5.712s]       |                      [01;36m[K^~~~~~~~[m[K
[5.712s] [01m[K/usr/include/x86_64-linux-gnu/qt5/QtCore/qrect.h:507:33:[m[K [01;36m[Knote: [m[K  no known conversion for argument 1 from ‘[01m[Kstd::basic_ostream<char>[m[K’ to ‘[01m[KQDebug[m[K’
[5.712s]   507 | Q_CORE_EXPORT QDebug operator<<([01;36m[KQDebug[m[K, const QRect &);
[5.712s]       |                                 [01;36m[K^~~~~~[m[K
[5.713s] [01m[K/usr/include/x86_64-linux-gnu/qt5/QtCore/qrect.h:636:28:[m[K [01;36m[Knote: [m[Kcandidate: ‘[01m[KQDataStream& operator<<(QDataStream&, const QRectF&)[m[K’
[5.713s]   636 | Q_CORE_EXPORT QDataStream &[01;36m[Koperator[m[K<<(QDataStream &, const QRectF &);
[5.713s]       |                            [01;36m[K^~~~~~~~[m[K
[5.713s] [01m[K/usr/include/x86_64-linux-gnu/qt5/QtCore/qrect.h:636:39:[m[K [01;36m[Knote: [m[K  no known conversion for argument 1 from ‘[01m[Kstd::basic_ostream<char>[m[K’ to ‘[01m[KQDataStream&[m[K’
[5.713s]   636 | Q_CORE_EXPORT QDataStream &operator<<([01;36m[KQDataStream &[m[K, const QRectF &);
[5.713s]       |                                       [01;36m[K^~~~~~~~~~~~~[m[K
[5.713s] [01m[K/usr/include/x86_64-linux-gnu/qt5/QtCore/qrect.h:920:22:[m[K [01;36m[Knote: [m[Kcandidate: ‘[01m[KQDebug operator<<(QDebug, const QRectF&)[m[K’
[5.714s]   920 | Q_CORE_EXPORT QDebug [01;36m[Koperator[m[K<<(QDebug, const QRectF &);
[5.714s]       |                      [01;36m[K^~~~~~~~[m[K
[5.714s] [01m[K/usr/include/x86_64-linux-gnu/qt5/QtCore/qrect.h:920:33:[m[K [01;36m[Knote: [m[K  no known conversion for argument 1 from ‘[01m[Kstd::basic_ostream<char>[m[K’ to ‘[01m[KQDebug[m[K’
[5.714s]   920 | Q_CORE_EXPORT QDebug operator<<([01;36m[KQDebug[m[K, const QRectF &);
[5.714s]       |                                 [01;36m[K^~~~~~[m[K
[5.714s] In file included from [01m[K/usr/include/x86_64-linux-gnu/qt5/QtGui/qpalette.h:45[m[K,
[5.714s]                  from [01m[K/usr/include/x86_64-linux-gnu/qt5/QtWidgets/qwidget.h:48[m[K,
[5.714s]                  from [01m[K/usr/include/x86_64-linux-gnu/qt5/QtWidgets/qframe.h:44[m[K,
[5.715s]                  from [01m[K/usr/include/x86_64-linux-gnu/qt5/QtWidgets/qlabel.h:44[m[K,
[5.715s]                  from [01m[K/usr/include/x86_64-linux-gnu/qt5/QtWidgets/QLabel:1[m[K,
[5.715s]                  from [01m[K/home/shenhang/ros_study/chapter3/topic_practice_workspace/src/status_display/src/sys_status_display.cpp:2[m[K:
[5.715s] [01m[K/usr/include/x86_64-linux-gnu/qt5/QtGui/qcolor.h:57:21:[m[K [01;36m[Knote: [m[Kcandidate: ‘[01m[KQDebug operator<<(QDebug, const QColor&)[m[K’
[5.715s]    57 | Q_GUI_EXPORT QDebug [01;36m[Koperator[m[K<<(QDebug, const QColor &);
[5.715s]       |                     [01;36m[K^~~~~~~~[m[K
[5.715s] [01m[K/usr/include/x86_64-linux-gnu/qt5/QtGui/qcolor.h:57:32:[m[K [01;36m[Knote: [m[K  no known conversion for argument 1 from ‘[01m[Kstd::basic_ostream<char>[m[K’ to ‘[01m[KQDebug[m[K’
[5.715s]    57 | Q_GUI_EXPORT QDebug operator<<([01;36m[KQDebug[m[K, const QColor &);
[5.716s]       |                                [01;36m[K^~~~~~[m[K
[5.716s] [01m[K/usr/include/x86_64-linux-gnu/qt5/QtGui/qcolor.h:309:38:[m[K [01;36m[Knote: [m[Kcandidate: ‘[01m[KQDataStream& operator<<(QDataStream&, const QColor&)[m[K’
[5.716s]   309 |     friend Q_GUI_EXPORT QDataStream &[01;36m[Koperator[m[K<<(QDataStream &, const QColor &);
[5.716s]       |                                      [01;36m[K^~~~~~~~[m[K
[5.716s] [01m[K/usr/include/x86_64-linux-gnu/qt5/QtGui/qcolor.h:60:38:[m[K [01;36m[Knote: [m[K  no known conversion for argument 1 from ‘[01m[Kstd::basic_ostream<char>[m[K’ to ‘[01m[KQDataStream&[m[K’
[5.716s]    60 | Q_GUI_EXPORT QDataStream &operator<<([01;36m[KQDataStream &[m[K, const QColor &);
[5.716s]       |                                      [01;36m[K^~~~~~~~~~~~~[m[K
[5.717s] In file included from [01m[K/usr/include/x86_64-linux-gnu/qt5/QtGui/qmatrix.h:44[m[K,
[5.717s]                  from [01m[K/usr/include/x86_64-linux-gnu/qt5/QtGui/qbrush.h:49[m[K,
[5.717s]                  from [01m[K/usr/include/x86_64-linux-gnu/qt5/QtGui/qpalette.h:46[m[K,
[5.717s]                  from [01m[K/usr/include/x86_64-linux-gnu/qt5/QtWidgets/qwidget.h:48[m[K,
[5.717s]                  from [01m[K/usr/include/x86_64-linux-gnu/qt5/QtWidgets/qframe.h:44[m[K,
[5.717s]                  from [01m[K/usr/include/x86_64-linux-gnu/qt5/QtWidgets/qlabel.h:44[m[K,
[5.717s]                  from [01m[K/usr/include/x86_64-linux-gnu/qt5/QtWidgets/QLabel:1[m[K,
[5.717s]                  from [01m[K/home/shenhang/ros_study/chapter3/topic_practice_workspace/src/status_display/src/sys_status_display.cpp:2[m[K:
[5.718s] [01m[K/usr/include/x86_64-linux-gnu/qt5/QtGui/qpolygon.h:105:21:[m[K [01;36m[Knote: [m[Kcandidate: ‘[01m[KQDebug operator<<(QDebug, const QPolygon&)[m[K’
[5.718s]   105 | Q_GUI_EXPORT QDebug [01;36m[Koperator[m[K<<(QDebug, const QPolygon &);
[5.718s]       |                     [01;36m[K^~~~~~~~[m[K
[5.718s] [01m[K/usr/include/x86_64-linux-gnu/qt5/QtGui/qpolygon.h:105:32:[m[K [01;36m[Knote: [m[K  no known conversion for argument 1 from ‘[01m[Kstd::basic_ostream<char>[m[K’ to ‘[01m[KQDebug[m[K’
[5.718s]   105 | Q_GUI_EXPORT QDebug operator<<([01;36m[KQDebug[m[K, const QPolygon &);
[5.718s]       |                                [01;36m[K^~~~~~[m[K
[5.718s] [01m[K/usr/include/x86_64-linux-gnu/qt5/QtGui/qpolygon.h:112:27:[m[K [01;36m[Knote: [m[Kcandidate: ‘[01m[KQDataStream& operator<<(QDataStream&, const QPolygon&)[m[K’
[5.718s]   112 | Q_GUI_EXPORT QDataStream &[01;36m[Koperator[m[K<<(QDataStream &stream, const QPolygon &polygon);
[5.719s]       |                           [01;36m[K^~~~~~~~[m[K
[5.719s] [01m[K/usr/include/x86_64-linux-gnu/qt5/QtGui/qpolygon.h:112:51:[m[K [01;36m[Knote: [m[K  no known conversion for argument 1 from ‘[01m[Kstd::basic_ostream<char>[m[K’ to ‘[01m[KQDataStream&[m[K’
[5.719s]   112 | Q_GUI_EXPORT QDataStream &operator<<([01;36m[KQDataStream &stream[m[K, const QPolygon &polygon);
[5.719s]       |                                      [01;36m[K~~~~~~~~~~~~~^~~~~~[m[K
[5.719s] [01m[K/usr/include/x86_64-linux-gnu/qt5/QtGui/qpolygon.h:180:21:[m[K [01;36m[Knote: [m[Kcandidate: ‘[01m[KQDebug operator<<(QDebug, const QPolygonF&)[m[K’
[5.719s]   180 | Q_GUI_EXPORT QDebug [01;36m[Koperator[m[K<<(QDebug, const QPolygonF &);
[5.719s]       |                     [01;36m[K^~~~~~~~[m[K
[5.719s] [01m[K/usr/include/x86_64-linux-gnu/qt5/QtGui/qpolygon.h:180:32:[m[K [01;36m[Knote: [m[K  no known conversion for argument 1 from ‘[01m[Kstd::basic_ostream<char>[m[K’ to ‘[01m[KQDebug[m[K’
[5.719s]   180 | Q_GUI_EXPORT QDebug operator<<([01;36m[KQDebug[m[K, const QPolygonF &);
[5.720s]       |                                [01;36m[K^~~~~~[m[K
[5.720s] [01m[K/usr/include/x86_64-linux-gnu/qt5/QtGui/qpolygon.h:187:27:[m[K [01;36m[Knote: [m[Kcandidate: ‘[01m[KQDataStream& operator<<(QDataStream&, const QPolygonF&)[m[K’
[5.720s]   187 | Q_GUI_EXPORT QDataStream &[01;36m[Koperator[m[K<<(QDataStream &stream, const QPolygonF &array);
[5.720s]       |                           [01;36m[K^~~~~~~~[m[K
[5.720s] [01m[K/usr/include/x86_64-linux-gnu/qt5/QtGui/qpolygon.h:187:51:[m[K [01;36m[Knote: [m[K  no known conversion for argument 1 from ‘[01m[Kstd::basic_ostream<char>[m[K’ to ‘[01m[KQDataStream&[m[K’
[5.720s]   187 | Q_GUI_EXPORT QDataStream &operator<<([01;36m[KQDataStream &stream[m[K, const QPolygonF &array);
[5.720s]       |                                      [01;36m[K~~~~~~~~~~~~~^~~~~~[m[K
[5.720s] In file included from [01m[K/usr/include/x86_64-linux-gnu/qt5/QtCore/qdatastream.h:44[m[K,
[5.721s]                  from [01m[K/usr/include/x86_64-linux-gnu/qt5/QtGui/qregion.h:49[m[K,
[5.721s]                  from [01m[K/usr/include/x86_64-linux-gnu/qt5/QtGui/qmatrix.h:45[m[K,
[5.721s]                  from [01m[K/usr/include/x86_64-linux-gnu/qt5/QtGui/qbrush.h:49[m[K,
[5.721s]                  from [01m[K/usr/include/x86_64-linux-gnu/qt5/QtGui/qpalette.h:46[m[K,
[5.721s]                  from [01m[K/usr/include/x86_64-linux-gnu/qt5/QtWidgets/qwidget.h:48[m[K,
[5.721s]                  from [01m[K/usr/include/x86_64-linux-gnu/qt5/QtWidgets/qframe.h:44[m[K,
[5.721s]                  from [01m[K/usr/include/x86_64-linux-gnu/qt5/QtWidgets/qlabel.h:44[m[K,
[5.721s]                  from [01m[K/usr/include/x86_64-linux-gnu/qt5/QtWidgets/QLabel:1[m[K,
[5.722s]                  from [01m[K/home/shenhang/ros_study/chapter3/topic_practice_workspace/src/status_display/src/sys_status_display.cpp:2[m[K:
[5.722s] [01m[K/usr/include/x86_64-linux-gnu/qt5/QtCore/qiodevice.h:189:22:[m[K [01;36m[Knote: [m[Kcandidate: ‘[01m[KQDebug operator<<(QDebug, QIODevice::OpenMode)[m[K’
[5.722s]   189 | Q_CORE_EXPORT QDebug [01;36m[Koperator[m[K<<(QDebug debug, QIODevice::OpenMode modes);
[5.722s]       |                      [01;36m[K^~~~~~~~[m[K
[5.722s] [01m[K/usr/include/x86_64-linux-gnu/qt5/QtCore/qiodevice.h:189:40:[m[K [01;36m[Knote: [m[K  no known conversion for argument 1 from ‘[01m[Kstd::basic_ostream<char>[m[K’ to ‘[01m[KQDebug[m[K’
[5.722s]   189 | Q_CORE_EXPORT QDebug operator<<([01;36m[KQDebug debug[m[K, QIODevice::OpenMode modes);
[5.722s]       |                                 [01;36m[K~~~~~~~^~~~~[m[K
[5.722s] In file included from [01m[K/usr/include/x86_64-linux-gnu/qt5/QtGui/qmatrix.h:45[m[K,
[5.723s]                  from [01m[K/usr/include/x86_64-linux-gnu/qt5/QtGui/qbrush.h:49[m[K,
[5.723s]                  from [01m[K/usr/include/x86_64-linux-gnu/qt5/QtGui/qpalette.h:46[m[K,
[5.723s]                  from [01m[K/usr/include/x86_64-linux-gnu/qt5/QtWidgets/qwidget.h:48[m[K,
[5.723s]                  from [01m[K/usr/include/x86_64-linux-gnu/qt5/QtWidgets/qframe.h:44[m[K,
[5.723s]                  from [01m[K/usr/include/x86_64-linux-gnu/qt5/QtWidgets/qlabel.h:44[m[K,
[5.723s]                  from [01m[K/usr/include/x86_64-linux-gnu/qt5/QtWidgets/QLabel:1[m[K,
[5.723s]                  from [01m[K/home/shenhang/ros_study/chapter3/topic_practice_workspace/src/status_display/src/sys_status_display.cpp:2[m[K:
[5.723s] [01m[K/usr/include/x86_64-linux-gnu/qt5/QtGui/qregion.h:189:27:[m[K [01;36m[Knote: [m[Kcandidate: ‘[01m[KQDataStream& operator<<(QDataStream&, const QRegion&)[m[K’
[5.723s]   189 | Q_GUI_EXPORT QDataStream &[01;36m[Koperator[m[K<<(QDataStream &, const QRegion &);
[5.724s]       |                           [01;36m[K^~~~~~~~[m[K
[5.724s] [01m[K/usr/include/x86_64-linux-gnu/qt5/QtGui/qregion.h:160:49:[m[K [01;36m[Knote: [m[K  no known conversion for argument 1 from ‘[01m[Kstd::basic_ostream<char>[m[K’ to ‘[01m[KQDataStream&[m[K’
[5.724s]   160 |     friend Q_GUI_EXPORT QDataStream &operator<<([01;36m[KQDataStream &[m[K, const QRegion &);
[5.724s]       |                                                 [01;36m[K^~~~~~~~~~~~~[m[K
[5.724s] [01m[K/usr/include/x86_64-linux-gnu/qt5/QtGui/qregion.h:194:21:[m[K [01;36m[Knote: [m[Kcandidate: ‘[01m[KQDebug operator<<(QDebug, const QRegion&)[m[K’
[5.724s]   194 | Q_GUI_EXPORT QDebug [01;36m[Koperator[m[K<<(QDebug, const QRegion &);
[5.724s]       |                     [01;36m[K^~~~~~~~[m[K
[5.724s] [01m[K/usr/include/x86_64-linux-gnu/qt5/QtGui/qregion.h:194:32:[m[K [01;36m[Knote: [m[K  no known conversion for argument 1 from ‘[01m[Kstd::basic_ostream<char>[m[K’ to ‘[01m[KQDebug[m[K’
[5.725s]   194 | Q_GUI_EXPORT QDebug operator<<([01;36m[KQDebug[m[K, const QRegion &);
[5.725s]       |                                [01;36m[K^~~~~~[m[K
[5.725s] In file included from [01m[K/usr/include/x86_64-linux-gnu/qt5/QtGui/qmatrix.h:47[m[K,
[5.725s]                  from [01m[K/usr/include/x86_64-linux-gnu/qt5/QtGui/qbrush.h:49[m[K,
[5.725s]                  from [01m[K/usr/include/x86_64-linux-gnu/qt5/QtGui/qpalette.h:46[m[K,
[5.725s]                  from [01m[K/usr/include/x86_64-linux-gnu/qt5/QtWidgets/qwidget.h:48[m[K,
[5.725s]                  from [01m[K/usr/include/x86_64-linux-gnu/qt5/QtWidgets/qframe.h:44[m[K,
[5.725s]                  from [01m[K/usr/include/x86_64-linux-gnu/qt5/QtWidgets/qlabel.h:44[m[K,
[5.726s]                  from [01m[K/usr/include/x86_64-linux-gnu/qt5/QtWidgets/QLabel:1[m[K,
[5.726s]                  from [01m[K/home/shenhang/ros_study/chapter3/topic_practice_workspace/src/status_display/src/sys_status_display.cpp:2[m[K:
[5.726s] [01m[K/usr/include/x86_64-linux-gnu/qt5/QtCore/qline.h:203:22:[m[K [01;36m[Knote: [m[Kcandidate: ‘[01m[KQDebug operator<<(QDebug, const QLine&)[m[K’
[5.726s]   203 | Q_CORE_EXPORT QDebug [01;36m[Koperator[m[K<<(QDebug d, const QLine &p);
[5.726s]       |                      [01;36m[K^~~~~~~~[m[K
[5.726s] [01m[K/usr/include/x86_64-linux-gnu/qt5/QtCore/qline.h:203:40:[m[K [01;36m[Knote: [m[K  no known conversion for argument 1 from ‘[01m[Kstd::basic_ostream<char>[m[K’ to ‘[01m[KQDebug[m[K’
[5.726s]   203 | Q_CORE_EXPORT QDebug operator<<([01;36m[KQDebug d[m[K, const QLine &p);
[5.727s]       |                                 [01;36m[K~~~~~~~^[m[K
[5.727s] [01m[K/usr/include/x86_64-linux-gnu/qt5/QtCore/qline.h:207:28:[m[K [01;36m[Knote: [m[Kcandidate: ‘[01m[KQDataStream& operator<<(QDataStream&, const QLine&)[m[K’
[5.727s]   207 | Q_CORE_EXPORT QDataStream &[01;36m[Koperator[m[K<<(QDataStream &, const QLine &);
[5.727s]       |                            [01;36m[K^~~~~~~~[m[K
[5.727s] [01m[K/usr/include/x86_64-linux-gnu/qt5/QtCore/qline.h:207:39:[m[K [01;36m[Knote: [m[K  no known conversion for argument 1 from ‘[01m[Kstd::basic_ostream<char>[m[K’ to ‘[01m[KQDataStream&[m[K’
[5.727s]   207 | Q_CORE_EXPORT QDataStream &operator<<([01;36m[KQDataStream &[m[K, const QLine &);
[5.727s]       |                                       [01;36m[K^~~~~~~~~~~~~[m[K
[5.728s] [01m[K/usr/include/x86_64-linux-gnu/qt5/QtCore/qline.h:430:22:[m[K [01;36m[Knote: [m[Kcandidate: ‘[01m[KQDebug operator<<(QDebug, const QLineF&)[m[K’
[5.728s]   430 | Q_CORE_EXPORT QDebug [01;36m[Koperator[m[K<<(QDebug d, const QLineF &p);
[5.728s]       |                      [01;36m[K^~~~~~~~[m[K
[5.728s] [01m[K/usr/include/x86_64-linux-gnu/qt5/QtCore/qline.h:430:40:[m[K [01;36m[Knote: [m[K  no known conversion for argument 1 from ‘[01m[Kstd::basic_ostream<char>[m[K’ to ‘[01m[KQDebug[m[K’
[5.728s]   430 | Q_CORE_EXPORT QDebug operator<<([01;36m[KQDebug d[m[K, const QLineF &p);
[5.728s]       |                                 [01;36m[K~~~~~~~^[m[K
[5.728s] [01m[K/usr/include/x86_64-linux-gnu/qt5/QtCore/qline.h:434:28:[m[K [01;36m[Knote: [m[Kcandidate: ‘[01m[KQDataStream& operator<<(QDataStream&, const QLineF&)[m[K’
[5.728s]   434 | Q_CORE_EXPORT QDataStream &[01;36m[Koperator[m[K<<(QDataStream &, const QLineF &);
[5.729s]       |                            [01;36m[K^~~~~~~~[m[K
[5.729s] [01m[K/usr/include/x86_64-linux-gnu/qt5/QtCore/qline.h:434:39:[m[K [01;36m[Knote: [m[K  no known conversion for argument 1 from ‘[01m[Kstd::basic_ostream<char>[m[K’ to ‘[01m[KQDataStream&[m[K’
[5.729s]   434 | Q_CORE_EXPORT QDataStream &operator<<([01;36m[KQDataStream &[m[K, const QLineF &);
[5.729s]       |                                       [01;36m[K^~~~~~~~~~~~~[m[K
[5.729s] In file included from [01m[K/usr/include/x86_64-linux-gnu/qt5/QtGui/qbrush.h:49[m[K,
[5.729s]                  from [01m[K/usr/include/x86_64-linux-gnu/qt5/QtGui/qpalette.h:46[m[K,
[5.729s]                  from [01m[K/usr/include/x86_64-linux-gnu/qt5/QtWidgets/qwidget.h:48[m[K,
[5.729s]                  from [01m[K/usr/include/x86_64-linux-gnu/qt5/QtWidgets/qframe.h:44[m[K,
[5.730s]                  from [01m[K/usr/include/x86_64-linux-gnu/qt5/QtWidgets/qlabel.h:44[m[K,
[5.730s]                  from [01m[K/usr/include/x86_64-linux-gnu/qt5/QtWidgets/QLabel:1[m[K,
[5.730s]                  from [01m[K/home/shenhang/ros_study/chapter3/topic_practice_workspace/src/status_display/src/sys_status_display.cpp:2[m[K:
[5.730s] [01m[K/usr/include/x86_64-linux-gnu/qt5/QtGui/qmatrix.h:184:27:[m[K [01;36m[Knote: [m[Kcandidate: ‘[01m[KQDataStream& operator<<(QDataStream&, const QMatrix&)[m[K’
[5.730s]   184 | Q_GUI_EXPORT QDataStream &[01;36m[Koperator[m[K<<(QDataStream &, const QMatrix &);
[5.730s]       |                           [01;36m[K^~~~~~~~[m[K
[5.730s] [01m[K/usr/include/x86_64-linux-gnu/qt5/QtGui/qmatrix.h:184:38:[m[K [01;36m[Knote: [m[K  no known conversion for argument 1 from ‘[01m[Kstd::basic_ostream<char>[m[K’ to ‘[01m[KQDataStream&[m[K’
[5.731s]   184 | Q_GUI_EXPORT QDataStream &operator<<([01;36m[KQDataStream &[m[K, const QMatrix &);
[5.731s]       |                                      [01;36m[K^~~~~~~~~~~~~[m[K
[5.731s] [01m[K/usr/include/x86_64-linux-gnu/qt5/QtGui/qmatrix.h:189:21:[m[K [01;36m[Knote: [m[Kcandidate: ‘[01m[KQDebug operator<<(QDebug, const QMatrix&)[m[K’
[5.731s]   189 | Q_GUI_EXPORT QDebug [01;36m[Koperator[m[K<<(QDebug, const QMatrix &);
[5.731s]       |                     [01;36m[K^~~~~~~~[m[K
[5.731s] [01m[K/usr/include/x86_64-linux-gnu/qt5/QtGui/qmatrix.h:189:32:[m[K [01;36m[Knote: [m[K  no known conversion for argument 1 from ‘[01m[Kstd::basic_ostream<char>[m[K’ to ‘[01m[KQDebug[m[K’
[5.731s]   189 | Q_GUI_EXPORT QDebug operator<<([01;36m[KQDebug[m[K, const QMatrix &);
[5.731s]       |                                [01;36m[K^~~~~~[m[K
[5.732s] In file included from [01m[K/usr/include/x86_64-linux-gnu/qt5/QtGui/qbrush.h:50[m[K,
[5.732s]                  from [01m[K/usr/include/x86_64-linux-gnu/qt5/QtGui/qpalette.h:46[m[K,
[5.732s]                  from [01m[K/usr/include/x86_64-linux-gnu/qt5/QtWidgets/qwidget.h:48[m[K,
[5.732s]                  from [01m[K/usr/include/x86_64-linux-gnu/qt5/QtWidgets/qframe.h:44[m[K,
[5.732s]                  from [01m[K/usr/include/x86_64-linux-gnu/qt5/QtWidgets/qlabel.h:44[m[K,
[5.732s]                  from [01m[K/usr/include/x86_64-linux-gnu/qt5/QtWidgets/QLabel:1[m[K,
[5.733s]                  from [01m[K/home/shenhang/ros_study/chapter3/topic_practice_workspace/src/status_display/src/sys_status_display.cpp:2[m[K:
[5.733s] [01m[K/usr/include/x86_64-linux-gnu/qt5/QtGui/qtransform.h:386:27:[m[K [01;36m[Knote: [m[Kcandidate: ‘[01m[KQDataStream& operator<<(QDataStream&, const QTransform&)[m[K’
[5.733s]   386 | Q_GUI_EXPORT QDataStream &[01;36m[Koperator[m[K<<(QDataStream &, const QTransform &);
[5.733s]       |                           [01;36m[K^~~~~~~~[m[K
[5.733s] [01m[K/usr/include/x86_64-linux-gnu/qt5/QtGui/qtransform.h:386:38:[m[K [01;36m[Knote: [m[K  no known conversion for argument 1 from ‘[01m[Kstd::basic_ostream<char>[m[K’ to ‘[01m[KQDataStream&[m[K’
[5.733s]   386 | Q_GUI_EXPORT QDataStream &operator<<([01;36m[KQDataStream &[m[K, const QTransform &);
[5.733s]       |                                      [01;36m[K^~~~~~~~~~~~~[m[K
[5.734s] [01m[K/usr/include/x86_64-linux-gnu/qt5/QtGui/qtransform.h:391:21:[m[K [01;36m[Knote: [m[Kcandidate: ‘[01m[KQDebug operator<<(QDebug, const QTransform&)[m[K’
[5.734s]   391 | Q_GUI_EXPORT QDebug [01;36m[Koperator[m[K<<(QDebug, const QTransform &);
[5.734s]       |                     [01;36m[K^~~~~~~~[m[K
[5.734s] [01m[K/usr/include/x86_64-linux-gnu/qt5/QtGui/qtransform.h:391:32:[m[K [01;36m[Knote: [m[K  no known conversion for argument 1 from ‘[01m[Kstd::basic_ostream<char>[m[K’ to ‘[01m[KQDebug[m[K’
[5.734s]   391 | Q_GUI_EXPORT QDebug operator<<([01;36m[KQDebug[m[K, const QTransform &);
[5.734s]       |                                [01;36m[K^~~~~~[m[K
[5.734s] In file included from [01m[K/usr/include/x86_64-linux-gnu/qt5/QtGui/qbrush.h:51[m[K,
[5.734s]                  from [01m[K/usr/include/x86_64-linux-gnu/qt5/QtGui/qpalette.h:46[m[K,
[5.735s]                  from [01m[K/usr/include/x86_64-linux-gnu/qt5/QtWidgets/qwidget.h:48[m[K,
[5.735s]                  from [01m[K/usr/include/x86_64-linux-gnu/qt5/QtWidgets/qframe.h:44[m[K,
[5.735s]                  from [01m[K/usr/include/x86_64-linux-gnu/qt5/QtWidgets/qlabel.h:44[m[K,
[5.735s]                  from [01m[K/usr/include/x86_64-linux-gnu/qt5/QtWidgets/QLabel:1[m[K,
[5.735s]                  from [01m[K/home/shenhang/ros_study/chapter3/topic_practice_workspace/src/status_display/src/sys_status_display.cpp:2[m[K:
[5.735s] [01m[K/usr/include/x86_64-linux-gnu/qt5/QtGui/qimage.h:502:27:[m[K [01;36m[Knote: [m[Kcandidate: ‘[01m[KQDataStream& operator<<(QDataStream&, const QImage&)[m[K’
[5.735s]   502 | Q_GUI_EXPORT QDataStream &[01;36m[Koperator[m[K<<(QDataStream &, const QImage &);
[5.735s]       |                           [01;36m[K^~~~~~~~[m[K
[5.736s] [01m[K/usr/include/x86_64-linux-gnu/qt5/QtGui/qimage.h:502:38:[m[K [01;36m[Knote: [m[K  no known conversion for argument 1 from ‘[01m[Kstd::basic_ostream<char>[m[K’ to ‘[01m[KQDataStream&[m[K’
[5.736s]   502 | Q_GUI_EXPORT QDataStream &operator<<([01;36m[KQDataStream &[m[K, const QImage &);
[5.736s]       |                                      [01;36m[K^~~~~~~~~~~~~[m[K
[5.736s] [01m[K/usr/include/x86_64-linux-gnu/qt5/QtGui/qimage.h:507:21:[m[K [01;36m[Knote: [m[Kcandidate: ‘[01m[KQDebug operator<<(QDebug, const QImage&)[m[K’
[5.736s]   507 | Q_GUI_EXPORT QDebug [01;36m[Koperator[m[K<<(QDebug, const QImage &);
[5.736s]       |                     [01;36m[K^~~~~~~~[m[K
[5.736s] [01m[K/usr/include/x86_64-linux-gnu/qt5/QtGui/qimage.h:507:32:[m[K [01;36m[Knote: [m[K  no known conversion for argument 1 from ‘[01m[Kstd::basic_ostream<char>[m[K’ to ‘[01m[KQDebug[m[K’
[5.737s]   507 | Q_GUI_EXPORT QDebug operator<<([01;36m[KQDebug[m[K, const QImage &);
[5.737s]       |                                [01;36m[K^~~~~~[m[K
[5.737s] In file included from [01m[K/usr/include/x86_64-linux-gnu/qt5/QtGui/qbrush.h:52[m[K,
[5.737s]                  from [01m[K/usr/include/x86_64-linux-gnu/qt5/QtGui/qpalette.h:46[m[K,
[5.737s]                  from [01m[K/usr/include/x86_64-linux-gnu/qt5/QtWidgets/qwidget.h:48[m[K,
[5.737s]                  from [01m[K/usr/include/x86_64-linux-gnu/qt5/QtWidgets/qframe.h:44[m[K,
[5.737s]                  from [01m[K/usr/include/x86_64-linux-gnu/qt5/QtWidgets/qlabel.h:44[m[K,
[5.737s]                  from [01m[K/usr/include/x86_64-linux-gnu/qt5/QtWidgets/QLabel:1[m[K,
[5.738s]                  from [01m[K/home/shenhang/ros_study/chapter3/topic_practice_workspace/src/status_display/src/sys_status_display.cpp:2[m[K:
[5.738s] [01m[K/usr/include/x86_64-linux-gnu/qt5/QtGui/qpixmap.h:254:27:[m[K [01;36m[Knote: [m[Kcandidate: ‘[01m[KQDataStream& operator<<(QDataStream&, const QPixmap&)[m[K’
[5.738s]   254 | Q_GUI_EXPORT QDataStream &[01;36m[Koperator[m[K<<(QDataStream &, const QPixmap &);
[5.738s]       |                           [01;36m[K^~~~~~~~[m[K
[5.738s] [01m[K/usr/include/x86_64-linux-gnu/qt5/QtGui/qpixmap.h:254:38:[m[K [01;36m[Knote: [m[K  no known conversion for argument 1 from ‘[01m[Kstd::basic_ostream<char>[m[K’ to ‘[01m[KQDataStream&[m[K’
[5.738s]   254 | Q_GUI_EXPORT QDataStream &operator<<([01;36m[KQDataStream &[m[K, const QPixmap &);
[5.738s]       |                                      [01;36m[K^~~~~~~~~~~~~[m[K
[5.739s] [01m[K/usr/include/x86_64-linux-gnu/qt5/QtGui/qpixmap.h:259:21:[m[K [01;36m[Knote: [m[Kcandidate: ‘[01m[KQDebug operator<<(QDebug, const QPixmap&)[m[K’
[5.739s]   259 | Q_GUI_EXPORT QDebug [01;36m[Koperator[m[K<<(QDebug, const QPixmap &);
[5.739s]       |                     [01;36m[K^~~~~~~~[m[K
[5.739s] [01m[K/usr/include/x86_64-linux-gnu/qt5/QtGui/qpixmap.h:259:32:[m[K [01;36m[Knote: [m[K  no known conversion for argument 1 from ‘[01m[Kstd::basic_ostream<char>[m[K’ to ‘[01m[KQDebug[m[K’
[5.739s]   259 | Q_GUI_EXPORT QDebug operator<<([01;36m[KQDebug[m[K, const QPixmap &);
[5.739s]       |                                [01;36m[K^~~~~~[m[K
[5.740s] In file included from [01m[K/usr/include/x86_64-linux-gnu/qt5/QtGui/qpalette.h:46[m[K,
[5.740s]                  from [01m[K/usr/include/x86_64-linux-gnu/qt5/QtWidgets/qwidget.h:48[m[K,
[5.740s]                  from [01m[K/usr/include/x86_64-linux-gnu/qt5/QtWidgets/qframe.h:44[m[K,
[5.740s]                  from [01m[K/usr/include/x86_64-linux-gnu/qt5/QtWidgets/qlabel.h:44[m[K,
[5.740s]                  from [01m[K/usr/include/x86_64-linux-gnu/qt5/QtWidgets/QLabel:1[m[K,
[5.740s]                  from [01m[K/home/shenhang/ros_study/chapter3/topic_practice_workspace/src/status_display/src/sys_status_display.cpp:2[m[K:
[5.740s] [01m[K/usr/include/x86_64-linux-gnu/qt5/QtGui/qbrush.h:144:27:[m[K [01;36m[Knote: [m[Kcandidate: ‘[01m[KQDataStream& operator<<(QDataStream&, const QBrush&)[m[K’
[5.741s]   144 | Q_GUI_EXPORT QDataStream &[01;36m[Koperator[m[K<<(QDataStream &, const QBrush &);
[5.741s]       |                           [01;36m[K^~~~~~~~[m[K
[5.741s] [01m[K/usr/include/x86_64-linux-gnu/qt5/QtGui/qbrush.h:144:38:[m[K [01;36m[Knote: [m[K  no known conversion for argument 1 from ‘[01m[Kstd::basic_ostream<char>[m[K’ to ‘[01m[KQDataStream&[m[K’
[5.741s]   144 | Q_GUI_EXPORT QDataStream &operator<<([01;36m[KQDataStream &[m[K, const QBrush &);
[5.741s]       |                                      [01;36m[K^~~~~~~~~~~~~[m[K
[5.741s] [01m[K/usr/include/x86_64-linux-gnu/qt5/QtGui/qbrush.h:149:21:[m[K [01;36m[Knote: [m[Kcandidate: ‘[01m[KQDebug operator<<(QDebug, const QBrush&)[m[K’
[5.741s]   149 | Q_GUI_EXPORT QDebug [01;36m[Koperator[m[K<<(QDebug, const QBrush &);
[5.741s]       |                     [01;36m[K^~~~~~~~[m[K
[5.742s] [01m[K/usr/include/x86_64-linux-gnu/qt5/QtGui/qbrush.h:149:32:[m[K [01;36m[Knote: [m[K  no known conversion for argument 1 from ‘[01m[Kstd::basic_ostream<char>[m[K’ to ‘[01m[KQDebug[m[K’
[5.742s]   149 | Q_GUI_EXPORT QDebug operator<<([01;36m[KQDebug[m[K, const QBrush &);
[5.742s]       |                                [01;36m[K^~~~~~[m[K
[5.742s] In file included from [01m[K/usr/include/x86_64-linux-gnu/qt5/QtWidgets/qwidget.h:48[m[K,
[5.742s]                  from [01m[K/usr/include/x86_64-linux-gnu/qt5/QtWidgets/qframe.h:44[m[K,
[5.742s]                  from [01m[K/usr/include/x86_64-linux-gnu/qt5/QtWidgets/qlabel.h:44[m[K,
[5.742s]                  from [01m[K/usr/include/x86_64-linux-gnu/qt5/QtWidgets/QLabel:1[m[K,
[5.742s]                  from [01m[K/home/shenhang/ros_study/chapter3/topic_practice_workspace/src/status_display/src/sys_status_display.cpp:2[m[K:
[5.743s] [01m[K/usr/include/x86_64-linux-gnu/qt5/QtGui/qpalette.h:212:27:[m[K [01;36m[Knote: [m[Kcandidate: ‘[01m[KQDataStream& operator<<(QDataStream&, const QPalette&)[m[K’
[5.743s]   212 | Q_GUI_EXPORT QDataStream &[01;36m[Koperator[m[K<<(QDataStream &ds, const QPalette &p);
[5.743s]       |                           [01;36m[K^~~~~~~~[m[K
[5.743s] [01m[K/usr/include/x86_64-linux-gnu/qt5/QtGui/qpalette.h:195:62:[m[K [01;36m[Knote: [m[K  no known conversion for argument 1 from ‘[01m[Kstd::basic_ostream<char>[m[K’ to ‘[01m[KQDataStream&[m[K’
[5.743s]   195 |     friend Q_GUI_EXPORT QDataStream &operator<<([01;36m[KQDataStream &s[m[K, const QPalette &p);
[5.743s]       |                                                 [01;36m[K~~~~~~~~~~~~~^[m[K
[5.744s] [01m[K/usr/include/x86_64-linux-gnu/qt5/QtGui/qpalette.h:217:21:[m[K [01;36m[Knote: [m[Kcandidate: ‘[01m[KQDebug operator<<(QDebug, const QPalette&)[m[K’
[5.744s]   217 | Q_GUI_EXPORT QDebug [01;36m[Koperator[m[K<<(QDebug, const QPalette &);
[5.744s]       |                     [01;36m[K^~~~~~~~[m[K
[5.744s] [01m[K/usr/include/x86_64-linux-gnu/qt5/QtGui/qpalette.h:217:32:[m[K [01;36m[Knote: [m[K  no known conversion for argument 1 from ‘[01m[Kstd::basic_ostream<char>[m[K’ to ‘[01m[KQDebug[m[K’
[5.744s]   217 | Q_GUI_EXPORT QDebug operator<<([01;36m[KQDebug[m[K, const QPalette &);
[5.744s]       |                                [01;36m[K^~~~~~[m[K
[5.744s] In file included from [01m[K/usr/include/x86_64-linux-gnu/qt5/QtWidgets/qwidget.h:49[m[K,
[5.744s]                  from [01m[K/usr/include/x86_64-linux-gnu/qt5/QtWidgets/qframe.h:44[m[K,
[5.745s]                  from [01m[K/usr/include/x86_64-linux-gnu/qt5/QtWidgets/qlabel.h:44[m[K,
[5.745s]                  from [01m[K/usr/include/x86_64-linux-gnu/qt5/QtWidgets/QLabel:1[m[K,
[5.745s]                  from [01m[K/home/shenhang/ros_study/chapter3/topic_practice_workspace/src/status_display/src/sys_status_display.cpp:2[m[K:
[5.745s] [01m[K/usr/include/x86_64-linux-gnu/qt5/QtGui/qfont.h:374:27:[m[K [01;36m[Knote: [m[Kcandidate: ‘[01m[KQDataStream& operator<<(QDataStream&, const QFont&)[m[K’
[5.745s]   374 | Q_GUI_EXPORT QDataStream &[01;36m[Koperator[m[K<<(QDataStream &, const QFont &);
[5.745s]       |                           [01;36m[K^~~~~~~~[m[K
[5.745s] [01m[K/usr/include/x86_64-linux-gnu/qt5/QtGui/qfont.h:336:49:[m[K [01;36m[Knote: [m[K  no known conversion for argument 1 from ‘[01m[Kstd::basic_ostream<char>[m[K’ to ‘[01m[KQDataStream&[m[K’
[5.746s]   336 |     friend Q_GUI_EXPORT QDataStream &operator<<([01;36m[KQDataStream &[m[K, const QFont &);
[5.746s]       |                                                 [01;36m[K^~~~~~~~~~~~~[m[K
[5.746s] [01m[K/usr/include/x86_64-linux-gnu/qt5/QtGui/qfont.h:379:21:[m[K [01;36m[Knote: [m[Kcandidate: ‘[01m[KQDebug operator<<(QDebug, const QFont&)[m[K’
[5.746s]   379 | Q_GUI_EXPORT QDebug [01;36m[Koperator[m[K<<(QDebug, const QFont &);
[5.746s]       |                     [01;36m[K^~~~~~~~[m[K
[5.746s] [01m[K/usr/include/x86_64-linux-gnu/qt5/QtGui/qfont.h:341:43:[m[K [01;36m[Knote: [m[K  no known conversion for argument 1 from ‘[01m[Kstd::basic_ostream<char>[m[K’ to ‘[01m[KQDebug[m[K’
[5.746s]   341 |     friend Q_GUI_EXPORT QDebug operator<<([01;36m[KQDebug[m[K, const QFont &);
[5.746s]       |                                           [01;36m[K^~~~~~[m[K
[5.747s] In file included from [01m[K/usr/include/x86_64-linux-gnu/qt5/QtWidgets/qwidget.h:52[m[K,
[5.747s]                  from [01m[K/usr/include/x86_64-linux-gnu/qt5/QtWidgets/qframe.h:44[m[K,
[5.747s]                  from [01m[K/usr/include/x86_64-linux-gnu/qt5/QtWidgets/qlabel.h:44[m[K,
[5.747s]                  from [01m[K/usr/include/x86_64-linux-gnu/qt5/QtWidgets/QLabel:1[m[K,
[5.747s]                  from [01m[K/home/shenhang/ros_study/chapter3/topic_practice_workspace/src/status_display/src/sys_status_display.cpp:2[m[K:
[5.747s] [01m[K/usr/include/x86_64-linux-gnu/qt5/QtWidgets/qsizepolicy.h:237:31:[m[K [01;36m[Knote: [m[Kcandidate: ‘[01m[KQDataStream& operator<<(QDataStream&, const QSizePolicy&)[m[K’
[5.747s]   237 | Q_WIDGETS_EXPORT QDataStream &[01;36m[Koperator[m[K<<(QDataStream &, const QSizePolicy &);
[5.747s]       |                               [01;36m[K^~~~~~~~[m[K
[5.747s] [01m[K/usr/include/x86_64-linux-gnu/qt5/QtWidgets/qsizepolicy.h:173:53:[m[K [01;36m[Knote: [m[K  no known conversion for argument 1 from ‘[01m[Kstd::basic_ostream<char>[m[K’ to ‘[01m[KQDataStream&[m[K’
[5.747s]   173 |     friend Q_WIDGETS_EXPORT QDataStream &operator<<([01;36m[KQDataStream &[m[K, const QSizePolicy &);
[5.747s]       |                                                     [01;36m[K^~~~~~~~~~~~~[m[K
[5.748s] [01m[K/usr/include/x86_64-linux-gnu/qt5/QtWidgets/qsizepolicy.h:242:25:[m[K [01;36m[Knote: [m[Kcandidate: ‘[01m[KQDebug operator<<(QDebug, const QSizePolicy&)[m[K’
[5.748s]   242 | Q_WIDGETS_EXPORT QDebug [01;36m[Koperator[m[K<<(QDebug dbg, const QSizePolicy &);
[5.748s]       |                         [01;36m[K^~~~~~~~[m[K
[5.748s] [01m[K/usr/include/x86_64-linux-gnu/qt5/QtWidgets/qsizepolicy.h:242:43:[m[K [01;36m[Knote: [m[K  no known conversion for argument 1 from ‘[01m[Kstd::basic_ostream<char>[m[K’ to ‘[01m[KQDebug[m[K’
[5.748s]   242 | Q_WIDGETS_EXPORT QDebug operator<<([01;36m[KQDebug dbg[m[K, const QSizePolicy &);
[5.748s]       |                                    [01;36m[K~~~~~~~^~~[m[K
[5.748s] In file included from [01m[K/usr/include/x86_64-linux-gnu/qt5/QtWidgets/qwidget.h:56[m[K,
[5.748s]                  from [01m[K/usr/include/x86_64-linux-gnu/qt5/QtWidgets/qframe.h:44[m[K,
[5.748s]                  from [01m[K/usr/include/x86_64-linux-gnu/qt5/QtWidgets/qlabel.h:44[m[K,
[5.748s]                  from [01m[K/usr/include/x86_64-linux-gnu/qt5/QtWidgets/QLabel:1[m[K,
[5.749s]                  from [01m[K/home/shenhang/ros_study/chapter3/topic_practice_workspace/src/status_display/src/sys_status_display.cpp:2[m[K:
[5.749s] [01m[K/usr/include/x86_64-linux-gnu/qt5/QtGui/qkeysequence.h:213:38:[m[K [01;36m[Knote: [m[Kcandidate: ‘[01m[KQDataStream& operator<<(QDataStream&, const QKeySequence&)[m[K’
[5.749s]   213 |     friend Q_GUI_EXPORT QDataStream &[01;36m[Koperator[m[K<<(QDataStream &in, const QKeySequence &ks);
[5.749s]       |                                      [01;36m[K^~~~~~~~[m[K
[5.749s] [01m[K/usr/include/x86_64-linux-gnu/qt5/QtGui/qkeysequence.h:58:51:[m[K [01;36m[Knote: [m[K  no known conversion for argument 1 from ‘[01m[Kstd::basic_ostream<char>[m[K’ to ‘[01m[KQDataStream&[m[K’
[5.749s]    58 | Q_GUI_EXPORT QDataStream &operator<<([01;36m[KQDataStream &in[m[K, const QKeySequence &ks);
[5.749s]       |                                      [01;36m[K~~~~~~~~~~~~~^~[m[K
[5.749s] [01m[K/usr/include/x86_64-linux-gnu/qt5/QtGui/qkeysequence.h:227:21:[m[K [01;36m[Knote: [m[Kcandidate: ‘[01m[KQDebug operator<<(QDebug, const QKeySequence&)[m[K’
[5.749s]   227 | Q_GUI_EXPORT QDebug [01;36m[Koperator[m[K<<(QDebug, const QKeySequence &);
[5.749s]       |                     [01;36m[K^~~~~~~~[m[K
[5.750s] [01m[K/usr/include/x86_64-linux-gnu/qt5/QtGui/qkeysequence.h:227:32:[m[K [01;36m[Knote: [m[K  no known conversion for argument 1 from ‘[01m[Kstd::basic_ostream<char>[m[K’ to ‘[01m[KQDebug[m[K’
[5.750s]   227 | Q_GUI_EXPORT QDebug operator<<([01;36m[KQDebug[m[K, const QKeySequence &);
[5.750s]       |                                [01;36m[K^~~~~~[m[K
[5.750s] In file included from [01m[K/usr/include/x86_64-linux-gnu/qt5/QtWidgets/qframe.h:44[m[K,
[5.750s]                  from [01m[K/usr/include/x86_64-linux-gnu/qt5/QtWidgets/qlabel.h:44[m[K,
[5.750s]                  from [01m[K/usr/include/x86_64-linux-gnu/qt5/QtWidgets/QLabel:1[m[K,
[5.750s]                  from [01m[K/home/shenhang/ros_study/chapter3/topic_practice_workspace/src/status_display/src/sys_status_display.cpp:2[m[K:
[5.750s] [01m[K/usr/include/x86_64-linux-gnu/qt5/QtWidgets/qwidget.h:891:25:[m[K [01;36m[Knote: [m[Kcandidate: ‘[01m[KQDebug operator<<(QDebug, const QWidget*)[m[K’
[5.750s]   891 | Q_WIDGETS_EXPORT QDebug [01;36m[Koperator[m[K<<(QDebug, const QWidget *);
[5.750s]       |                         [01;36m[K^~~~~~~~[m[K
[5.750s] [01m[K/usr/include/x86_64-linux-gnu/qt5/QtWidgets/qwidget.h:891:36:[m[K [01;36m[Knote: [m[K  no known conversion for argument 1 from ‘[01m[Kstd::basic_ostream<char>[m[K’ to ‘[01m[KQDebug[m[K’
[5.751s]   891 | Q_WIDGETS_EXPORT QDebug operator<<([01;36m[KQDebug[m[K, const QWidget *);
[5.751s]       |                                    [01;36m[K^~~~~~[m[K
[5.751s] [01m[K/home/shenhang/ros_study/chapter3/topic_practice_workspace/src/status_display/src/sys_status_display.cpp:28:5:[m[K [01;35m[Kwarning: [m[Kno return statement in function returning non-void [[01;35m[K]8;;https://gcc.gnu.org/onlinedocs/gcc/Warning-Options.html#index-Wreturn-type-Wreturn-type]8;;[m[K]
[5.751s]    28 |     [01;35m[K}[m[K
[5.751s]       |     [01;35m[K^[m[K
[5.751s] [01m[K/home/shenhang/ros_study/chapter3/topic_practice_workspace/src/status_display/src/sys_status_display.cpp:[m[K In constructor ‘[01m[KSysStatusDisplay::SysStatusDisplay(const string&)[m[K’:
[5.751s] [01m[K/home/shenhang/ros_study/chapter3/topic_practice_workspace/src/status_display/src/sys_status_display.cpp:33:42:[m[K [01;31m[Kerror: [m[Kcannot convert ‘[01m[Kstd::shared_ptr<QLabel>[m[K’ to ‘[01m[Kstd::shared_ptr<QLabel>*[m[K’ in assignment
[5.751s]    33 |         label_ = [01;31m[Kstd::make_shared<QLabel>()[m[K;
[5.751s]       |                  [01;31m[K~~~~~~~~~~~~~~~~~~~~~~~~^~[m[K
[5.751s]       |                                          [01;31m[K|[m[K
[5.751s]       |                                          [01;31m[Kstd::shared_ptr<QLabel>[m[K
[5.752s] [01m[K/home/shenhang/ros_study/chapter3/topic_practice_workspace/src/status_display/src/sys_status_display.cpp:[m[K In lambda function:
[5.752s] [01m[K/home/shenhang/ros_study/chapter3/topic_practice_workspace/src/status_display/src/sys_status_display.cpp:35:73:[m[K [01;31m[Kerror: [m[K‘[01m[Kclass std::shared_ptr<QLabel>[m[K’ has no member named ‘[01m[KsetText[m[K’
[5.752s]    35 |                                                               { label_->[01;31m[KsetText[m[K(get_qstr_from_msg(msg)); });//订阅sys_status话题
[5.752s]       |                                                                         [01;31m[K^~~~~~~[m[K
[5.752s] [01m[K/home/shenhang/ros_study/chapter3/topic_practice_workspace/src/status_display/src/sys_status_display.cpp:35:99:[m[K [01;31m[Kerror: [m[K‘[01m[Kmsg[m[K’ was not declared in this scope
[5.752s]    35 |                                                               { label_->setText(get_qstr_from_msg([01;31m[Kmsg[m[K)); });//订阅sys_status话题
[5.752s]       |                                                                                                   [01;31m[K^~~[m[K
[5.752s] [01m[K/home/shenhang/ros_study/chapter3/topic_practice_workspace/src/status_display/src/sys_status_display.cpp:35:99:[m[K [01;36m[Knote: [m[Ksuggested alternatives:
[5.752s] In file included from [01m[K/opt/ros/humble/include/builtin_interfaces/builtin_interfaces/msg/duration.hpp:7[m[K,
[5.752s]                  from [01m[K/opt/ros/humble/include/rclcpp/rclcpp/duration.hpp:20[m[K,
[5.752s]                  from [01m[K/opt/ros/humble/include/rclcpp/rclcpp/qos.hpp:20[m[K,
[5.753s]                  from [01m[K/opt/ros/humble/include/rclcpp/rclcpp/node_interfaces/node_graph_interface.hpp:32[m[K,
[5.753s]                  from [01m[K/opt/ros/humble/include/rclcpp/rclcpp/client.hpp:42[m[K,
[5.753s]                  from [01m[K/opt/ros/humble/include/rclcpp/rclcpp/callback_group.hpp:24[m[K,
[5.753s]                  from [01m[K/opt/ros/humble/include/rclcpp/rclcpp/any_executable.hpp:20[m[K,
[5.753s]                  from [01m[K/opt/ros/humble/include/rclcpp/rclcpp/memory_strategy.hpp:25[m[K,
[5.753s]                  from [01m[K/opt/ros/humble/include/rclcpp/rclcpp/memory_strategies.hpp:18[m[K,
[5.753s]                  from [01m[K/opt/ros/humble/include/rclcpp/rclcpp/executor_options.hpp:20[m[K,
[5.753s]                  from [01m[K/opt/ros/humble/include/rclcpp/rclcpp/executor.hpp:37[m[K,
[5.753s]                  from [01m[K/opt/ros/humble/include/rclcpp/rclcpp/executors/multi_threaded_executor.hpp:25[m[K,
[5.753s]                  from [01m[K/opt/ros/humble/include/rclcpp/rclcpp/executors.hpp:21[m[K,
[5.754s]                  from [01m[K/opt/ros/humble/include/rclcpp/rclcpp/rclcpp.hpp:155[m[K,
[5.754s]                  from [01m[K/home/shenhang/ros_study/chapter3/topic_practice_workspace/src/status_display/src/sys_status_display.cpp:4[m[K:
[5.754s] [01m[K/opt/ros/humble/include/builtin_interfaces/builtin_interfaces/msg/detail/duration__struct.hpp:27:11:[m[K [01;36m[Knote: [m[K  ‘[01m[Kbuiltin_interfaces::msg[m[K’
[5.754s]    27 | namespace [01;36m[Kmsg[m[K
[5.754s]       |           [01;36m[K^~~[m[K
[5.754s] In file included from [01m[K/opt/ros/humble/include/rcl_interfaces/rcl_interfaces/msg/set_parameters_result.hpp:7[m[K,
[5.754s]                  from [01m[K/opt/ros/humble/include/rclcpp/rclcpp/qos_overriding_options.hpp:28[m[K,
[5.755s]                  from [01m[K/opt/ros/humble/include/rclcpp/rclcpp/subscription_options.hpp:30[m[K,
[5.755s]                  from [01m[K/opt/ros/humble/include/rclcpp/rclcpp/subscription.hpp:45[m[K,
[5.755s]                  from [01m[K/opt/ros/humble/include/rclcpp/rclcpp/any_executable.hpp:25[m[K,
[5.755s]                  from [01m[K/opt/ros/humble/include/rclcpp/rclcpp/memory_strategy.hpp:25[m[K,
[5.755s]                  from [01m[K/opt/ros/humble/include/rclcpp/rclcpp/memory_strategies.hpp:18[m[K,
[5.755s]                  from [01m[K/opt/ros/humble/include/rclcpp/rclcpp/executor_options.hpp:20[m[K,
[5.755s]                  from [01m[K/opt/ros/humble/include/rclcpp/rclcpp/executor.hpp:37[m[K,
[5.755s]                  from [01m[K/opt/ros/humble/include/rclcpp/rclcpp/executors/multi_threaded_executor.hpp:25[m[K,
[5.756s]                  from [01m[K/opt/ros/humble/include/rclcpp/rclcpp/executors.hpp:21[m[K,
[5.756s]                  from [01m[K/opt/ros/humble/include/rclcpp/rclcpp/rclcpp.hpp:155[m[K,
[5.756s]                  from [01m[K/home/shenhang/ros_study/chapter3/topic_practice_workspace/src/status_display/src/sys_status_display.cpp:4[m[K:
[5.756s] [01m[K/opt/ros/humble/include/rcl_interfaces/rcl_interfaces/msg/detail/set_parameters_result__struct.hpp:27:11:[m[K [01;36m[Knote: [m[K  ‘[01m[Krcl_interfaces::msg[m[K’
[5.756s]    27 | namespace [01;36m[Kmsg[m[K
[5.756s]       |           [01;36m[K^~~[m[K
[5.757s] In file included from [01m[K/opt/ros/humble/include/statistics_msgs/statistics_msgs/msg/detail/metrics_message__struct.hpp:23[m[K,
[5.757s]                  from [01m[K/opt/ros/humble/include/statistics_msgs/statistics_msgs/msg/metrics_message.hpp:7[m[K,
[5.757s]                  from [01m[K/opt/ros/humble/include/libstatistics_collector/libstatistics_collector/collector/generate_statistics_message.hpp:21[m[K,
[5.757s]                  from [01m[K/opt/ros/humble/include/rclcpp/rclcpp/topic_statistics/subscription_topic_statistics.hpp:23[m[K,
[5.757s]                  from [01m[K/opt/ros/humble/include/rclcpp/rclcpp/subscription.hpp:50[m[K,
[5.757s]                  from [01m[K/opt/ros/humble/include/rclcpp/rclcpp/any_executable.hpp:25[m[K,
[5.757s]                  from [01m[K/opt/ros/humble/include/rclcpp/rclcpp/memory_strategy.hpp:25[m[K,
[5.757s]                  from [01m[K/opt/ros/humble/include/rclcpp/rclcpp/memory_strategies.hpp:18[m[K,
[5.758s]                  from [01m[K/opt/ros/humble/include/rclcpp/rclcpp/executor_options.hpp:20[m[K,
[5.758s]                  from [01m[K/opt/ros/humble/include/rclcpp/rclcpp/executor.hpp:37[m[K,
[5.758s]                  from [01m[K/opt/ros/humble/include/rclcpp/rclcpp/executors/multi_threaded_executor.hpp:25[m[K,
[5.758s]                  from [01m[K/opt/ros/humble/include/rclcpp/rclcpp/executors.hpp:21[m[K,
[5.758s]                  from [01m[K/opt/ros/humble/include/rclcpp/rclcpp/rclcpp.hpp:155[m[K,
[5.758s]                  from [01m[K/home/shenhang/ros_study/chapter3/topic_practice_workspace/src/status_display/src/sys_status_display.cpp:4[m[K:
[5.758s] [01m[K/opt/ros/humble/include/statistics_msgs/statistics_msgs/msg/detail/statistic_data_point__struct.hpp:27:11:[m[K [01;36m[Knote: [m[K  ‘[01m[Kstatistics_msgs::msg[m[K’
[5.758s]    27 | namespace [01;36m[Kmsg[m[K
[5.758s]       |           [01;36m[K^~~[m[K
[5.758s] In file included from [01m[K/home/shenhang/ros_study/chapter3/topic_practice_workspace/install/status_interfaces/include/status_interfaces/status_interfaces/msg/system_status.hpp:7[m[K,
[5.759s]                  from [01m[K/home/shenhang/ros_study/chapter3/topic_practice_workspace/src/status_display/src/sys_status_display.cpp:5[m[K:
[5.759s] [01m[K/home/shenhang/ros_study/chapter3/topic_practice_workspace/install/status_interfaces/include/status_interfaces/status_interfaces/msg/detail/system_status__struct.hpp:31:11:[m[K [01;36m[Knote: [m[K  ‘[01m[Kstatus_interfaces::msg[m[K’
[5.759s]    31 | namespace [01;36m[Kmsg[m[K
[5.759s]       |           [01;36m[K^~~[m[K
[5.759s] [01m[K/home/shenhang/ros_study/chapter3/topic_practice_workspace/src/status_display/src/sys_status_display.cpp:[m[K In constructor ‘[01m[KSysStatusDisplay::SysStatusDisplay(const string&)[m[K’:
[5.759s] [01m[K/home/shenhang/ros_study/chapter3/topic_practice_workspace/src/status_display/src/sys_status_display.cpp:36:17:[m[K [01;31m[Kerror: [m[K‘[01m[Kclass std::shared_ptr<QLabel>[m[K’ has no member named ‘[01m[KsetText[m[K’
[5.759s]    36 |         label_->[01;31m[KsetText[m[K(get_qstr_from_msg(std::make_shared<SystemStatus::SharedPtr>()));
[5.759s]       |                 [01;31m[K^~~~~~~[m[K
[5.760s] [01m[K/home/shenhang/ros_study/chapter3/topic_practice_workspace/src/status_display/src/sys_status_display.cpp:36:84:[m[K [01;31m[Kerror: [m[Kcannot convert ‘[01m[Kshared_ptr<[01;32m[Kstd::shared_ptr<status_interfaces::msg::SystemStatus_<std::allocator<void> > >[m[K>[m[K’ to ‘[01m[Kshared_ptr<[01;32m[Kstatus_interfaces::msg::SystemStatus_<std::allocator<void> >[m[K>[m[K’
[5.760s]    36 |         label_->setText(get_qstr_from_msg([01;31m[Kstd::make_shared<SystemStatus::SharedPtr>()[m[K));
[5.760s]       |                                           [01;31m[K~~~~~~~~~~~~~~~~~~~~~~~~~~~~~~~~~~~~~~~~~^~[m[K
[5.760s]       |                                                                                    [01;31m[K|[m[K
[5.760s]       |                                                                                    [01;31m[Kshared_ptr<std::shared_ptr<status_interfaces::msg::SystemStatus_<std::allocator<void> > >>[m[K
[5.760s] [01m[K/home/shenhang/ros_study/chapter3/topic_practice_workspace/src/status_display/src/sys_status_display.cpp:15:61:[m[K [01;36m[Knote: [m[K  initializing argument 1 of ‘[01m[KQString SysStatusDisplay::get_qstr_from_msg(status_interfaces::msg::SystemStatus_<std::allocator<void> >::SharedPtr)[m[K’
[5.760s]    15 |     QString get_qstr_from_msg([01;36m[Kconst SystemStatus::SharedPtr msg[m[K)
[5.760s]       |                               [01;36m[K~~~~~~~~~~~~~~~~~~~~~~~~~~~~~~^~~[m[K
[5.761s] [01m[K/home/shenhang/ros_study/chapter3/topic_practice_workspace/src/status_display/src/sys_status_display.cpp:37:17:[m[K [01;31m[Kerror: [m[K‘[01m[Kclass std::shared_ptr<QLabel>[m[K’ has no member named ‘[01m[Kshow[m[K’
[5.761s]    37 |         label_->[01;31m[Kshow[m[K();
[5.761s]       |                 [01;31m[K^~~~[m[K
[9.106s] gmake[2]: *** [CMakeFiles/sys_status_display_exe.dir/build.make:76：CMakeFiles/sys_status_display_exe.dir/src/sys_status_display.cpp.o] 错误 1
[9.106s] gmake[1]: *** [CMakeFiles/Makefile2:165：CMakeFiles/sys_status_display_exe.dir/all] 错误 2
[9.107s] gmake: *** [Makefile:146：all] 错误 2
[9.112s] Invoked command in '/home/shenhang/ros_study/chapter3/topic_practice_workspace/build/status_display' returned '2': CMAKE_PREFIX_PATH=/home/shenhang/ros_study/chapter3/topic_practice_workspace/install/status_interfaces:/home/shenhang/ros_study/chapter3/topic_practice_workspace/install/status_display:/home/shenhang/ros_study/chapter3/topic_practice_workspace/install/status_publisher:/opt/ros/humble /usr/bin/cmake --build /home/shenhang/ros_study/chapter3/topic_practice_workspace/build/status_display -- -j6 -l6
